{"type":"FeatureCollection","features":[{"type":"Feature","properties":{"NAME":"Cyprus","ABBREVN":"Cyprus","SUBJECTO":"Cyprus","BORDERPRECISION":1,"PARTOF":"Cyprus"},"geometry":{"type":"MultiPolygon","coordinates":[[[[33.7805,35.20814],[33.77267,35.12928],[33.92467,34.95323],[33.79196,34.95737],[33.73258,34.90862],[33.68582,34.93487],[33.53851,34.94416],[33.48394,34.79579],[33.13139,34.68034],[32.95862,34.65934],[32.91455,34.63573],[32.91452,34.54126],[32.81666,34.53864],[32.78414,34.62523],[32.60339,34.61473],[32.35718,34.68034],[32.27109,34.7197],[32.27098,34.81416],[32.1985,34.86139],[32.14372,35.04254],[32.18048,35.05831],[32.23446,35.01363],[32.30099,35.01626],[32.48312,35.15294],[32.59698,35.15557],[32.74495,35.11427],[32.77952,35.15294],[32.81907,35.28175],[32.79511,35.36061],[33.07748,35.31861],[33.37371,35.30648],[33.53904,35.3317],[33.90732,35.43685],[34.21734,35.57357],[34.45821,35.64456],[34.24465,35.51184],[34.04843,35.40793],[33.7805,35.20814]]]]}},{"type":"Feature","properties":{"NAME":"Portugal","ABBREVN":"Portugal","SUBJECTO":"Portugal","BORDERPRECISION":1,"PARTOF":"Portugal"},"geometry":{"type":"MultiPolygon","coordinates":[[[[-7.4915,37.20816],[-7.60344,37.16298],[-7.83604,37.03225],[-8.03364,37.00879],[-8.28024,37.08858],[-8.54107,37.08858],[-8.66706,37.12144],[-8.99085,36.99001],[-9.01664,37.0698],[-8.84151,37.52515],[-8.85103,37.91018],[-8.93279,37.96184],[-8.82299,38.20607],[-8.8473,38.38457],[-8.78892,38.43598],[-8.85365,38.49964],[-9.23657,38.41745],[-9.28516,38.61947],[-9.06915,38.64296],[-8.94189,38.74192],[-8.96083,38.81846],[-9.04085,38.92018],[-9.17575,38.73223],[-9.36164,38.67115],[-9.5224,38.68994],[-9.54901,38.77452],[-9.45976,38.95308],[-9.39771,39.23036],[-9.41527,39.36668],[-9.29927,39.41774],[-9.11792,39.64403],[-8.91559,40.13815],[-8.96967,40.19002],[-8.69407,40.99217],[-8.85178,41.40783],[-8.85475,41.59685],[-8.92074,41.76702],[-8.80606,41.88918],[-8.40505,42.00214],[-8.15726,42.08704],[-7.91856,41.88917],[-7.09844,41.86795],[-6.85952,41.98491],[-6.7087,41.96004],[-6.58608,41.85792],[-6.51843,41.7491],[-6.1395,41.52644],[-6.11154,41.41746],[-6.24115,41.32048],[-6.79663,41.09283],[-6.83445,41.06054],[-6.85717,40.86158],[-6.82486,40.65657],[-6.88417,40.21403],[-6.85868,39.79192],[-6.87832,39.7024],[-7.0842,39.59907],[-7.30126,39.57871],[-7.431,39.52052],[-7.21144,39.29821],[-6.93338,38.96135],[-7.08942,38.7945],[-7.31734,38.49963],[-7.39388,38.29499],[-7.0281,38.23958],[-6.84478,38.10021],[-7.24251,37.8109],[-7.35144,37.64444],[-7.4915,37.20816]]]]}},{"type":"Feature","properties":{"NAME":null,"ABBREVN":null,"SUBJECTO":null,"BORDERPRECISION":1,"PARTOF":null},"geometry":{"type":"MultiPolygon","coordinates":[[[[-25,69.31903],[-24.89656,69.39209],[-24.58354,69.33987],[-24.33329,69.33282],[-23.44435,69.56848],[-22.73233,69.77407],[-22.15753,70.05611],[-22.43398,70.07852],[-23.00889,70.09273],[-23.45946,70.09188],[-23.58745,70.084],[-23.77526,70.14481],[-24.19523,70.24349],[-24.58473,70.30403],[-25,70.29593],[-25,69.31903]]],[[[-25,71.46768],[-24.913,71.43744],[-24.38637,71.18251],[-24.22702,71.05899],[-24.04017,70.77375],[-23.75374,70.58956],[-23.0842,70.46792],[-22.6157,70.4841],[-22.20321,70.4849],[-21.71385,70.38607],[-21.54713,70.44007],[-21.47082,70.53234],[-21.59176,71.21096],[-21.72596,71.40459],[-21.90443,71.49749],[-22.02971,71.43508],[-22.43088,71.34116],[-22.64851,71.74521],[-22.8178,71.86973],[-23.24718,72],[-25,72],[-25,71.46768]]]]}},{"type":"Feature","properties":{"NAME":"Sardinia","ABBREVN":"Sardinia","SUBJECTO":"Sardinia","BORDERPRECISION":1,"PARTOF":"Sardinia"},"geometry":{"type":"Polygon","coordinates":[[[8.15949,40.78468],[8.20155,40.663],[8.42819,40.46485],[8.48798,40.2088],[8.50848,39.94648],[8.46503,39.63994],[8.41249,39.44781],[8.41647,39.44938],[8.63594,39.45475],[8.7458,39.4998],[8.77533,39.52311],[8.8076,39.52311],[8.85979,39.54906],[8.92158,39.62579],[8.97171,39.63689],[9.10561,39.69239],[9.1571,39.74204],[9.18869,39.79166],[9.20654,39.86548],[9.22577,39.8992],[9.27933,39.93291],[9.33186,39.98857],[9.37134,40.01184],[9.37683,40.03918],[9.41127,40.09071],[9.40794,40.10816],[9.42163,40.12797],[9.47576,40.15179],[9.44155,40.16825],[9.41477,40.22502],[9.39468,40.23367],[9.38696,40.24704],[9.41597,40.32299],[9.4146,40.34236],[9.43314,40.368],[9.43211,40.39206],[9.45579,40.42787],[9.45271,40.4997],[9.44447,40.5091],[9.39262,40.48717],[9.30405,40.4903],[9.23538,40.51328],[9.20517,40.55033],[9.27246,40.62047],[9.29083,40.62516],[9.35554,40.68116],[9.3837,40.69209],[9.36447,40.72879],[9.3655,40.78678],[9.34765,40.80965],[9.28104,40.81407],[9.24946,40.80368],[9.21478,40.80861],[9.17702,40.8029],[9.10149,40.75714],[9.07436,40.75688],[9.0469,40.74466],[9.0263,40.76364],[9.00192,40.7665],[9.00398,40.79588],[8.99712,40.80705],[8.98201,40.80757],[8.97549,40.81563],[8.99952,40.83927],[8.96759,40.86757],[8.91918,40.85849],[8.90236,40.86706],[8.87798,40.88756],[8.87592,40.90703],[8.86325,40.91206],[8.76607,40.8628],[8.24071,40.85534],[8.15949,40.78468]]]}},{"type":"Feature","properties":{"NAME":"Teutonic Knights","ABBREVN":"TeutonicLand","SUBJECTO":"Teutonic Knights","BORDERPRECISION":1,"PARTOF":"Teutonic Knights"},"geometry":{"type":"Polygon","coordinates":[[[18.28168,53.35711],[18.58967,53.10045],[18.949,53.25444],[19.20566,53.25444],[19.56498,53.45977],[20.0783,53.6651],[20.0783,53.5111],[20.3863,53.5111],[20.42825,53.77815],[20.7094,53.75807],[20.80981,53.63757],[21.10495,53.8191],[21.46427,53.8191],[22.23425,54.12709],[22.18292,54.53775],[22.08026,54.58908],[22.13159,54.79441],[21.92626,54.9484],[22.02893,55.2564],[21.6696,55.51306],[21.31028,55.51306],[21.1418,56.1273],[21.9045,56.35004],[24.71496,56.34042],[25.3074,56.48854],[26.24543,55.89609],[27.37053,55.71934],[27.65084,56.27996],[27.51069,57.61143],[27.66329,58.95606],[26.54629,58.66272],[26.4582,59.11781],[25.31315,59.1517],[24.52042,58.7085],[23.948,59.16888],[23.41576,59.11896],[23.45698,59.00549],[23.33789,58.97239],[23.43198,58.85808],[23.36082,58.76742],[23.51187,58.58088],[23.69047,58.66548],[23.67086,58.24139],[23.90807,58.22445],[24.05835,58.11153],[24.33109,58.30793],[24.49679,58.21315],[24.4144,58.10589],[24.41564,57.94793],[24.23619,57.72816],[24.32294,57.33689],[24.3465,57.15972],[24.26631,57.03015],[24.15838,56.97549],[23.76781,56.86588],[23.41447,56.89241],[23.21545,56.98067],[23.17466,57.04849],[23.07089,57.26132],[22.88137,57.33414],[22.58542,57.50865],[22.56364,57.61556],[22.43297,57.61556],[22.2854,57.56504],[21.81025,57.47538],[21.67733,57.46366],[21.45959,57.24961],[21.33975,57.17707],[21.32438,56.85442],[21.02205,56.68388],[20.96483,56.60902],[20.91601,56.09667],[20.99596,56.02413],[21.01845,55.63401],[21.2163,55.34367],[21.20093,55.26139],[21.14303,55.25584],[21.22385,55.11145],[21.11335,55.08924],[21.19194,54.95958],[21.13734,54.84546],[20.9852,54.81164],[19.94257,54.84986],[19.86317,54.75173],[19.83325,54.5309],[19.88181,54.52538],[19.93812,54.60817],[20.0057,54.54746],[20.19423,54.57505],[20.32671,54.56401],[20.18865,54.52198],[19.73312,54.31027],[19.45682,54.21656],[19.3281,54.16145],[19.23031,54.16697],[19.23206,54.22207],[19.31761,54.27168],[19.75772,54.45917],[19.7336,54.46117],[19.255,54.27719],[18.96498,54.22758],[18.68493,54.25402],[18.28168,53.35711]]]}},{"type":"Feature","properties":{"NAME":"Navarre","ABBREVN":"Navarre","SUBJECTO":"Navarre","BORDERPRECISION":1,"PARTOF":"Navarre"},"geometry":{"type":"Polygon","coordinates":[[[-2.67463,42.42258],[-2.19918,42.24428],[-2.08032,42.06599],[-2.31804,42.06599],[-2.25861,41.82826],[-1.60487,41.76883],[-1.6643,42.12542],[-0.90735,42.8813],[-1.39727,43.03176],[-1.44755,42.98388],[-1.51513,42.99756],[-1.55767,43.04543],[-1.46565,43.15489],[-1.49138,43.20962],[-1.70239,43.19594],[-1.91458,43.30542],[-2.06564,43.33327],[-2.14292,43.33147],[-2.13975,43.13576],[-2.55577,43.07632],[-2.67463,42.42258]]]}},{"type":"Feature","properties":{"NAME":"Merinides","ABBREVN":"Merinides","SUBJECTO":"Merinides","BORDERPRECISION":1,"PARTOF":"Merinides"},"geometry":{"type":"MultiPolygon","coordinates":[[[[-5.03066,35.34444],[-4.9505,34],[-6.87765,34],[-6.75297,34.12335],[-6.51147,34.4543],[-6.30205,34.86144],[-5.92876,35.72786],[-5.80789,35.78542],[-5.565,35.86234],[-5.47936,35.80521],[-5.17179,35.42376],[-5.10963,35.37931],[-5.03066,35.34444]]]]}},{"type":"Feature","properties":{"NAME":null,"ABBREVN":null,"SUBJECTO":null,"BORDERPRECISION":1,"PARTOF":null},"geometry":{"type":"MultiPolygon","coordinates":[[[[37.5587,34],[38.03645,34.59719],[38.37216,35.14089],[40.02912,34.39105],[40.42017,34],[37.5587,34]]]]}},{"type":"Feature","properties":{"NAME":null,"ABBREVN":null,"SUBJECTO":null,"BORDERPRECISION":1,"PARTOF":null},"geometry":{"type":"MultiPolygon","coordinates":[[[[55.5674,72],[55.72066,71.64242],[56.15147,71.27099],[56.37879,71.13227],[56.72749,70.99397],[57.25066,70.8178],[57.23775,70.69104],[56.05859,70.73097],[55.6788,70.70719],[55.26625,70.56053],[54.99829,70.52167],[54.69406,70.74377],[54.52245,70.75885],[54.03161,70.71948],[53.72864,70.76506],[53.7147,70.9267],[54.32065,71.08982],[54.35348,71.19802],[54.30787,71.20566],[53.2338,71.51354],[52.55047,71.58989],[52.40185,71.51973],[52.12105,71.46489],[51.81494,71.47982],[51.53354,71.65795],[51.48213,71.84468],[51.58509,71.98525],[51.6126,72],[55.5674,72]]]]}},{"type":"Feature","properties":{"NAME":"Poland","ABBREVN":"Poland","SUBJECTO":"Poland","BORDERPRECISION":1,"PARTOF":"Poland"},"geometry":{"type":"MultiPolygon","coordinates":[[[[14.96912,50.97659],[15.03459,50.95718],[15.25535,50.97892],[15.34792,50.86429],[15.63624,50.77881],[15.92286,50.77881],[16.93863,50.36977],[16.99499,50.39061],[17.44055,50.25429],[17.45336,50.25614],[17.45923,50.26931],[17.49051,50.27405],[17.56238,50.27036],[17.58739,50.27823],[17.61024,50.26609],[17.62722,50.27005],[17.69529,50.30386],[17.68747,50.30898],[17.69101,50.32744],[17.71901,50.32029],[17.73073,50.30328],[17.7507,50.29777],[17.72593,50.27293],[17.72594,50.26235],[17.74511,50.24331],[17.7624,50.24078],[17.75896,50.20818],[17.73797,50.20211],[17.72043,50.20842],[17.7031,50.18466],[17.68023,50.18096],[17.95751,50.09613],[17.95115,50.10781],[17.97432,50.12713],[18.01492,50.13021],[18.06539,50.11348],[18.08684,50.10324],[18.10272,50.07207],[18.12255,50.06463],[18.09525,50.05989],[18.08118,50.09245],[18.0768,50.06788],[18.0756,50.08309],[18.04976,50.08094],[18.03675,50.07189],[18.47035,49.93923],[18.48905,49.91217],[18.80743,49.64793],[18.80494,49.60363],[18.92671,49.62196],[19.10824,49.59171],[19.13849,49.71273],[19.38053,49.80349],[19.56206,49.71273],[19.56206,49.5312],[19.71334,49.5312],[19.89487,49.47069],[20.01589,49.80349],[20.34869,49.74298],[20.53022,49.80349],[20.6815,49.65222],[20.89328,49.74298],[20.80252,49.83375],[20.89328,49.83375],[20.98405,49.74298],[21.13532,49.83375],[21.2866,49.77324],[21.31685,49.864],[21.76806,49.74368],[21.75021,50.78098],[21.42369,51.49933],[21.68491,51.56464],[21.75021,52.02177],[21.35838,52.28299],[21.35838,53.19726],[21.46427,53.8191],[21.10495,53.8191],[20.80981,53.63757],[20.7094,53.75807],[20.42825,53.77815],[20.3863,53.5111],[20.0783,53.5111],[20.0783,53.6651],[19.56498,53.45977],[19.20566,53.25444],[18.949,53.25444],[18.58967,53.10045],[18.28168,53.35711],[18.68493,54.25402],[18.51316,54.31578],[18.45381,54.52538],[18.3385,54.60265],[18.36292,54.66889],[18.75953,54.53641],[18.27945,54.72412],[17.65761,54.68546],[17.74676,54.43251],[17.11141,54.12996],[16.99039,54.19047],[16.68784,54.03919],[16.7055,54.01269],[16.73801,53.98635],[16.78679,53.98681],[16.81123,54.00056],[16.87303,53.97766],[16.87865,53.96192],[16.85846,53.94707],[16.77827,53.92739],[16.7694,53.91685],[16.79331,53.88098],[16.80024,53.88537],[16.79758,53.89149],[16.81792,53.89271],[16.82376,53.86842],[16.80886,53.85223],[16.80886,53.63469],[16.9038,53.52959],[16.72449,53.39457],[16.71397,53.1922],[16.28132,53.12479],[16.11018,52.95391],[16.05312,52.71645],[15.84391,52.71029],[15.81599,52.57074],[15.76017,52.57074],[15.76453,52.26547],[15.95645,52.18344],[15.1673,51.52787],[14.96912,50.97659]]],[[[16.48436,53.79992],[16.6596,53.79992],[16.69476,53.761],[16.66749,53.83191],[16.66214,53.83298],[16.66366,53.84186],[16.65885,53.85437],[16.65186,53.85575],[16.48436,53.79992]]]]}},{"type":"Feature","properties":{"NAME":"Lithuania","ABBREVN":"Lithuania","SUBJECTO":"Lithuania","BORDERPRECISION":1,"PARTOF":"Lithuania"},"geometry":{"type":"MultiPolygon","coordinates":[[[[22.23425,54.12709],[22.18292,54.53775],[22.08026,54.58908],[22.13159,54.79441],[21.92626,54.9484],[22.02893,55.2564],[21.6696,55.51306],[21.31028,55.51306],[21.1418,56.1273],[21.9045,56.35004],[24.71496,56.34042],[25.3074,56.48854],[26.24543,55.89609],[27.37053,55.71934],[27.30114,55.35233],[27.69297,54.9605],[27.69297,54.50336],[27.10522,53.91562],[27.03992,52.93604],[26.12565,52.74013],[25.79912,52.28299],[23.38284,52.3483],[22.59918,52.93604],[22.23425,54.12709]]]]}},{"type":"Feature","properties":{"NAME":"Bulgar Khanate","ABBREVN":"Bulgar Khan.","SUBJECTO":"Bulgar Khanate","BORDERPRECISION":1,"PARTOF":"Bulgar Khanate"},"geometry":{"type":"MultiPolygon","coordinates":[[[[20.99418,44.70008],[21.35838,44.77292],[22.07674,44.44639],[22.33796,44.77292],[22.66448,44.64231],[22.46857,44.38109],[22.9257,44.18518],[22.9257,43.79335],[23.51345,44.05457],[24.2318,43.79335],[24.62363,43.98926],[25.4726,43.72804],[26.45217,44.25048],[27.95419,44.25048],[28.0848,44.577],[27.82358,44.83822],[28.01861,45.31548],[28.36835,45.33088],[28.40216,45.35939],[29.06437,45.16475],[29.71076,45.25833],[29.57896,45.0575],[29.45752,44.91515],[29.08975,44.87573],[28.91824,44.76575],[28.68625,44.48805],[28.57311,44.19782],[28.52989,43.84347],[28.48054,43.59228],[28.44569,43.47636],[28.3281,43.43753],[28.18706,43.45012],[28.03464,43.3919],[27.88732,43.06353],[26.64809,42.55255],[26.58278,41.8342],[26.06034,42.09542],[24.29711,42.03011],[21.48899,42.87908],[21.68491,43.72804],[20.99418,44.70008]]]]}},{"type":"Feature","properties":{"NAME":"Novgorod","ABBREVN":"Novgorod","SUBJECTO":"Novgorod","BORDERPRECISION":1,"PARTOF":"Novgorod"},"geometry":{"type":"MultiPolygon","coordinates":[[[[28.81268,56.8835],[28.09257,56.7924],[28.01741,56.56692],[27.82271,56.72547],[27.6059,56.70689],[27.51069,57.61143],[27.70204,59.2975],[27.8936,59.34611],[28.01585,59.45415],[27.97339,59.51671],[27.89666,59.53378],[27.94169,59.6476],[28.09419,59.66468],[28.1631,59.59068],[28.26634,59.56223],[28.35098,59.60206],[28.3091,59.6644],[28.44436,59.73374],[28.66273,59.64434],[28.79593,59.67222],[28.93627,59.82455],[29.07607,59.90779],[29.41363,59.86003],[29.76545,59.73624],[29.96316,59.73662],[30.12664,59.80605],[29.95287,59.98558],[29.6873,60.131],[28.66571,62.20875],[27.23159,63.35448],[30.604,64.93805],[34.29341,65.39624],[34.33202,65.34551],[34.42566,65.10653],[34.77286,64.68222],[34.81477,64.45982],[34.88461,64.36677],[35.08176,64.28833],[35.62327,64.25357],[36.01547,64.19702],[36.23997,63.91862],[36.42062,63.8761],[36.98754,63.84148],[37.41054,63.7495],[37.59146,63.80694],[37.94492,63.85039],[38.05408,63.98632],[38.05386,64.12928],[37.87986,64.3079],[37.66813,64.34331],[37.46329,64.29996],[37.26195,64.31389],[36.99674,64.40656],[36.56851,64.76458],[36.88391,65.0677],[37.10194,65.06813],[37.60409,64.85277],[38.25292,64.70307],[39.19344,64.51104],[39.6216,64.47596],[39.99705,64.54122],[40.32217,64.46293],[40.43979,64.56356],[40.46206,64.75028],[40.36595,64.85793],[39.97939,65.15314],[39.8231,65.43561],[39.95133,65.58116],[40.68141,65.79356],[41.35425,65.95517],[41.62328,66.06517],[42.13344,66.38789],[42.21079,66.41001],[43.24143,66.2509],[43.87622,66.01097],[44.02943,66.01125],[44.05284,66.0405],[48.00282,64.95216],[51.26807,63.25423],[53.09661,61.491],[54.72923,58.8788],[54.92163,58.11297],[45.96481,57.73452],[46.04367,62.07874],[45.71714,62.20935],[41.2111,61.16447],[41.2111,60.44612],[40.94988,60.1849],[39.83969,60.11959],[37.88054,61.03386],[37.09688,61.16447],[36.31323,60.64203],[36.24792,60.11959],[38.40298,59.27063],[38.86012,58.35636],[37.74993,56.98495],[36.11731,56.72373],[34.28877,57.83392],[33.50511,57.96453],[32.52554,57.89922],[32.4167,57.27846],[31.28119,57.27846],[30.73811,56.98224],[30.9356,56.38979],[30.68874,55.89609],[29.94819,56.53791],[29.05953,56.53791],[28.81268,56.8835]]]]}},{"type":"Feature","properties":{"NAME":"Other Rus Principalities","ABBREVN":"Riazan","SUBJECTO":"Khanate of the Golden Horde","BORDERPRECISION":1,"PARTOF":"Other Rus Principalities"},"geometry":{"type":"MultiPolygon","coordinates":[[[[27.42832,47.38362],[27.17053,47.97286],[24.29711,48.75652],[21.77068,49.59171],[21.75021,50.78098],[21.42369,51.49933],[21.68491,51.56464],[21.75021,52.02177],[21.35838,52.28299],[21.35838,53.19726],[21.46427,53.8191],[22.23425,54.12709],[22.59918,52.93604],[23.38284,52.3483],[25.79912,52.28299],[26.12565,52.74013],[27.03992,52.93604],[27.10522,53.91562],[27.69297,54.50336],[27.69297,54.9605],[27.30114,55.35233],[27.37053,55.71934],[27.65084,56.27996],[27.6059,56.70689],[27.82271,56.72547],[28.01741,56.56692],[28.09257,56.7924],[28.81268,56.8835],[29.05953,56.53791],[29.94819,56.53791],[30.68874,55.89609],[30.9356,56.38979],[30.73811,56.98224],[31.28119,57.27846],[32.4167,57.27846],[32.52554,57.89922],[33.50511,57.96453],[34.28877,57.83392],[36.11731,56.72373],[37.74993,56.98495],[38.86012,58.35636],[38.40298,59.27063],[36.24792,60.11959],[36.31323,60.64203],[37.09688,61.16447],[37.88054,61.03386],[39.83969,60.11959],[40.94988,60.1849],[41.2111,60.44612],[41.2111,61.16447],[45.71714,62.20935],[46.04367,62.07874],[45.96481,57.73452],[45.58653,57.31148],[45.71714,55.28702],[45.32531,54.89519],[43.62738,54.9605],[43.10494,54.69928],[43.62738,53.91562],[43.62738,52.21769],[40.68866,50.97689],[38.79481,51.0422],[38.27237,50.91159],[38.14176,49.60549],[37.03158,49.7361],[34.6806,48.56061],[29.84803,49.27896],[29.4562,48.36469],[27.42832,47.38362]]]]}},{"type":"Feature","properties":{"NAME":"Siberians","ABBREVN":"Siberians","SUBJECTO":"Siberians","BORDERPRECISION":1,"PARTOF":"Siberians"},"geometry":{"type":"MultiPolygon","coordinates":[[[[60,59.1034],[58.29314,58.4245],[55.46522,58.13594],[54.92163,58.11297],[54.72923,58.8788],[53.09661,61.491],[51.26807,63.25423],[48.00282,64.95216],[44.05284,66.0405],[44.12211,66.26716],[44.38361,66.61202],[44.36195,66.90596],[44.21916,67.08982],[43.83811,67.16285],[43.7036,67.26593],[44.21583,67.71827],[44.26107,67.82964],[44.16875,68.09703],[43.82217,68.32732],[43.85324,68.4692],[44.01203,68.49191],[44.66781,68.38859],[45.57964,68.44254],[45.86344,68.38335],[46.16195,68.1082],[46.43937,67.90794],[46.63407,67.70051],[45.46258,67.63906],[45.09251,67.54208],[44.87121,67.31242],[44.95714,67.23136],[45.38563,67.09938],[45.71535,66.84963],[46.07678,66.76208],[46.40205,66.7186],[46.97264,66.77846],[47.57119,66.81631],[47.70619,66.89011],[47.95292,67.37729],[48.08066,67.56246],[48.63532,67.65239],[49.18563,67.83882],[49.63012,67.93619],[50.4959,68.15347],[51.13896,68.2664],[51.83081,68.40938],[52.24488,68.54456],[52.33738,68.33573],[52.46267,68.29867],[52.71973,68.35138],[52.93877,68.47118],[53.00575,68.68057],[53.17943,68.75575],[53.50243,68.81626],[53.88912,68.787],[53.80839,68.60727],[53.78208,68.33842],[53.39591,68.30043],[53.31618,68.2332],[53.31684,68.13639],[53.62574,68.04769],[54.37975,68.16071],[54.57596,68.16109],[54.64847,68.07192],[54.7523,68.04979],[54.8772,68.10955],[54.99599,68.20653],[55.1265,68.40061],[55.33539,68.4831],[55.72289,68.53611],[56.1951,68.56687],[56.54026,68.55257],[57.02423,68.44891],[57.36369,68.45702],[57.52587,68.49464],[57.9592,68.70476],[58.40929,68.83286],[58.77038,68.85601],[59.19905,68.77441],[59.34587,68.69986],[59.06196,68.49749],[59.11979,68.39309],[59.21766,68.34854],[59.50186,68.28942],[59.76235,68.29739],[59.89205,68.402],[59.92538,68.58127],[60,68.59957],[60,59.1034]]]]}},{"type":"Feature","properties":{"NAME":"Serbia","ABBREVN":"Serbia","SUBJECTO":"Serbia","BORDERPRECISION":1,"PARTOF":"Serbia"},"geometry":{"type":"Polygon","coordinates":[[[16.63981,43.38974],[16.99226,43.32272],[17.07509,43.22275],[17.54798,42.92012],[17.59568,42.8889],[18.00137,42.69446],[18.24871,42.52744],[18.52864,42.35274],[18.9099,42.21779],[19.13554,41.99954],[19.14304,41.93209],[19.33847,41.86202],[19.45789,41.79808],[19.60697,41.76154],[20.70533,42.81377],[21.48899,42.87908],[21.68491,43.72804],[20.99418,44.70008],[20.70533,44.64231],[20.31366,44.90109],[19.78508,44.93614],[18.93865,44.39285],[17.75376,44.39285],[17.45754,44.146],[16.8651,44.24474],[16.70148,43.84666],[16.71152,43.77133],[16.63981,43.38974]]]}},{"type":"Feature","properties":{"NAME":"Venice","ABBREVN":"Venice","SUBJECTO":"Venice","BORDERPRECISION":1,"PARTOF":"Venice"},"geometry":{"type":"MultiPolygon","coordinates":[[[[11.97067,45.43624],[12.17619,45.21429],[12.18037,45.27028],[12.25142,45.29028],[12.27974,45.40229],[12.48321,45.46231],[12.44816,45.39429],[12.89865,45.55837],[13.10461,45.58239],[13.15617,45.72652],[13.3677,45.69449],[13.08086,45.98045],[12.64549,45.91514],[12.14482,45.76277],[11.97067,45.43624]]],[[[13.52689,45.45431],[13.64359,45.17909],[13.67206,45.05036],[13.8951,44.75918],[13.99126,44.7831],[14.0604,44.8947],[14.18851,44.94255],[14.17461,45.01039],[13.90806,44.97911],[13.79921,45.30563],[13.95159,45.3927],[13.99513,45.45801],[13.79998,45.56637],[13.74909,45.49433],[13.52689,45.45431]]],[[[22.8699,38.83716],[23.12078,38.86677],[23.46288,38.62367],[23.63773,38.52263],[23.59972,38.45717],[23.66053,38.40357],[24.02544,38.3857],[24.31433,37.98535],[24.52719,37.96737],[24.58801,38.15293],[24.29152,38.19476],[24.2079,38.55236],[24.13187,38.65336],[23.78977,38.71863],[23.24241,39.04412],[23.01435,38.96141],[22.8699,38.83716]]],[[[23.46689,35.31791],[23.51313,35.27596],[23.56772,35.25498],[23.78559,35.26285],[24.0132,35.21041],[24.32436,35.20779],[24.69007,35.09244],[24.71564,35.03477],[24.69347,34.94047],[25.59072,35.01642],[25.74174,35.00885],[25.89868,35.04526],[26.16049,35.02428],[26.24267,35.14487],[26.23604,35.22876],[26.27351,35.31266],[26.16883,35.24711],[26.09935,35.21565],[26.06415,35.23925],[25.93549,35.21304],[25.78897,35.137],[25.7418,35.137],[25.66847,35.18682],[25.71353,35.32701],[25.67321,35.34937],[25.51164,35.29477],[25.0136,35.36248],[24.99748,35.42102],[24.76857,35.42803],[24.38828,35.37297],[24.2296,35.39132],[24.2197,35.449],[24.17774,35.46999],[24.07332,35.4962],[24.09146,35.5198],[24.13582,35.52243],[24.15268,35.56438],[24.08186,35.61158],[24.03326,35.59847],[24.039,35.56176],[23.95681,35.52767],[23.87945,35.55242],[23.74288,35.56176],[23.73368,35.62732],[23.69666,35.69812],[23.66513,35.66666],[23.67147,35.57225],[23.52944,35.56963],[23.46689,35.31791]]],[[[24.65643,37.90141],[24.9225,37.69116],[25.31782,37.40184],[25.46986,37.43807],[25.27221,37.56472],[24.76286,38.00332],[24.65643,37.90141]]]]}},{"type":"Feature","properties":{"NAME":"Corsica","ABBREVN":"Corsica","SUBJECTO":"Corsica","BORDERPRECISION":1,"PARTOF":"Corsica"},"geometry":{"type":"MultiPolygon","coordinates":[[[[8.53793,41.94778],[8.55153,41.91017],[8.55731,41.91785],[8.54194,41.94854],[8.53793,41.94778]]],[[[8.57342,42.4453],[8.59808,42.45504],[8.59683,42.47273],[8.57342,42.4453]]],[[[9.02421,41.42009],[9.03894,41.3695],[9.05794,41.36672],[9.04802,41.37319],[9.0315,41.41766],[9.02421,41.42009]]],[[[9.27556,42.80354],[9.27877,42.75324],[9.287,42.75001],[9.28721,42.78635],[9.27556,42.80354]]],[[[9.28423,42.92475],[9.29746,42.94051],[9.29488,42.95757],[9.28423,42.92475]]]]}},{"type":"Feature","properties":{"NAME":"Papal States","ABBREVN":"Papal States","SUBJECTO":"Papal States","BORDERPRECISION":1,"PARTOF":"Papal States"},"geometry":{"type":"Polygon","coordinates":[[[11.96343,42.00474],[12.39485,41.72955],[12.64152,41.5311],[12.97678,41.37138],[13.27145,41.31424],[13.49839,41.30186],[13.76051,41.2067],[13.81319,41.3183],[13.97923,41.33491],[14.02904,41.40132],[13.96263,41.46774],[13.96263,41.51755],[13.92942,41.63378],[13.87961,41.63378],[13.87961,41.66699],[13.92942,41.75001],[13.863,41.78322],[13.863,41.75001],[13.64715,41.79983],[13.64715,41.75001],[13.59733,41.79983],[13.56413,41.86624],[13.63054,41.93266],[13.63054,42.01568],[13.58073,42.04889],[13.58073,42.0987],[13.41469,42.19833],[13.4645,42.23153],[13.41469,42.36437],[13.54752,42.43079],[13.63054,42.53041],[13.71356,42.39758],[13.76338,42.46399],[13.82979,42.4806],[13.82979,42.56362],[13.92942,42.53041],[13.99583,42.61343],[14.0764,42.63378],[13.91509,42.87276],[13.79163,43.12334],[13.73156,43.37416],[13.65073,43.47351],[13.54153,43.4353],[13.33603,43.46563],[13.30513,43.54606],[13.34796,43.59917],[13.32667,43.61184],[13.25809,43.58275],[13.23904,43.59307],[13.23853,43.60401],[13.24419,43.61495],[13.26239,43.62017],[13.29723,43.61644],[13.33599,43.65204],[12.69723,43.93476],[12.30221,43.34402],[12.30221,43.2776],[12.21919,43.22779],[12.15277,43.06175],[12.16937,42.91231],[12.18598,42.91231],[12.15277,42.69645],[12.16937,42.63004],[12.05314,42.53041],[12.06975,42.29795],[12.00333,42.24814],[12.01993,42.0987],[11.96343,42.00474]]]}},{"type":"Feature","properties":{"NAME":"Sicily","ABBREVN":"Sicily","SUBJECTO":"Sicily","BORDERPRECISION":1,"PARTOF":"Sicily"},"geometry":{"type":"MultiPolygon","coordinates":[[[[12.45415,37.76601],[12.53204,37.63867],[12.63688,37.5815],[13.01157,37.52489],[13.8684,37.15695],[14.21591,37.04932],[14.62202,36.77614],[14.9424,36.73856],[15.02734,36.74512],[15.22063,37.00038],[15.30135,37.0579],[15.11625,37.28694],[15.11218,37.45903],[15.18103,37.68228],[15.42252,38.05257],[15.47289,38.11006],[15.45369,38.16742],[15.38674,38.20555],[14.76587,38.05761],[14.13447,37.97345],[13.80953,37.96642],[13.62796,38.02981],[13.32248,38.22051],[13.06595,38.06693],[12.78284,38.11738],[12.66433,38.0725],[12.51664,37.91917],[12.45415,37.76601]]],[[[13.41469,42.19833],[13.58073,42.0987],[13.58073,42.04889],[13.63054,42.01568],[13.63054,41.93266],[13.56413,41.86624],[13.59733,41.79983],[13.64715,41.75001],[13.64715,41.79983],[13.863,41.75001],[13.863,41.78322],[13.92942,41.75001],[13.87961,41.66699],[13.87961,41.63378],[13.92942,41.63378],[13.96263,41.51755],[13.96263,41.46774],[14.02904,41.40132],[13.97923,41.33491],[13.81319,41.3183],[13.76051,41.2067],[13.79701,41.19345],[13.8525,41.09096],[13.94188,40.99804],[14.05087,40.76751],[14.24,40.85294],[14.37031,40.85147],[14.49459,40.72996],[14.34977,40.64252],[14.33413,40.5936],[14.74332,40.70481],[14.95101,40.55148],[14.99232,40.37222],[14.89867,40.24146],[15.02726,40.2122],[15.43203,39.98897],[15.51592,40.06595],[15.6662,40.09186],[15.75702,39.93363],[15.82467,39.66063],[15.98955,39.42835],[16.08256,39.01247],[16.17721,38.93099],[16.21223,38.77795],[16.15221,38.70127],[15.98985,38.73476],[15.8273,38.62273],[15.93347,38.53992],[15.79087,38.2964],[15.62658,38.23308],[15.62748,38.00421],[15.71023,37.94144],[15.78524,37.90971],[16.05294,37.93117],[16.33069,38.32074],[16.572,38.45712],[16.5222,38.72502],[16.61333,38.82733],[16.7977,38.92586],[17.09469,38.91502],[17.18071,39.02221],[17.121,39.08602],[17.10742,39.28047],[17.14907,39.4218],[16.5321,39.69751],[16.53501,39.83157],[16.62385,39.96775],[16.60441,40.08991],[16.72756,40.1836],[16.84413,40.36314],[16.94871,40.48109],[17.08408,40.52511],[17.2428,40.49576],[17.20417,40.39794],[17.40165,40.29193],[17.61915,40.28784],[17.8496,40.2435],[17.96775,40.16689],[18.01707,39.94789],[18.16013,39.87313],[18.36492,39.74672],[18.52265,40.09413],[18.38361,40.30775],[18.05994,40.51353],[18.03392,40.59665],[17.31927,40.92925],[16.94596,41.09381],[16.42027,41.27872],[15.99104,41.40614],[15.87325,41.50214],[15.98915,41.63465],[16.19841,41.74567],[16.18741,41.84086],[16.01284,41.90432],[15.44861,41.85673],[14.92241,41.97177],[14.73853,42.04716],[14.71996,42.14176],[14.51931,42.2297],[14.40493,42.35311],[14.09277,42.60953],[14.0764,42.63378],[13.99583,42.61343],[13.92942,42.53041],[13.82979,42.56362],[13.82979,42.4806],[13.76338,42.46399],[13.71356,42.39758],[13.63054,42.53041],[13.54752,42.43079],[13.41469,42.36437],[13.4645,42.23153],[13.41469,42.19833]]]]}},{"type":"Feature","properties":{"NAME":"Hungary","ABBREVN":"Hungary","SUBJECTO":"Hungary","BORDERPRECISION":1,"PARTOF":"Hungary"},"geometry":{"type":"MultiPolygon","coordinates":[[[[14.35449,45.32289],[14.52459,45.26628],[14.81539,45.07787],[14.94553,44.92659],[14.90696,44.72332],[14.98911,44.54003],[15.28594,44.32892],[15.54822,44.22935],[15.14947,44.23993],[15.41232,43.93476],[15.91284,43.65225],[16.05941,43.43348],[16.36675,43.51302],[16.54851,43.46131],[16.63981,43.38974],[16.71152,43.77133],[16.70148,43.84666],[16.8651,44.24474],[17.45754,44.146],[17.75376,44.39285],[18.93865,44.39285],[19.78508,44.93614],[20.31366,44.90109],[20.70533,44.64231],[21.35838,44.77292],[22.07674,44.44639],[22.33796,44.77292],[22.66448,44.64231],[23.05631,45.03414],[26.51748,45.8178],[27.36644,46.34024],[27.62766,46.92798],[27.17053,47.97286],[24.29711,48.75652],[21.77068,49.59171],[21.77068,49.74298],[21.31685,49.864],[21.2866,49.77324],[21.13532,49.83375],[20.98405,49.74298],[20.89328,49.83375],[20.80252,49.83375],[20.89328,49.74298],[20.6815,49.65222],[20.53022,49.80349],[20.34869,49.74298],[20.01589,49.80349],[19.89487,49.47069],[19.71334,49.5312],[19.56206,49.5312],[19.56206,49.71273],[19.38053,49.80349],[19.13849,49.71273],[19.10824,49.59171],[18.92671,49.62196],[18.80494,49.60363],[18.79997,49.51522],[18.54286,49.47475],[18.54765,49.46867],[18.49034,49.43201],[18.47542,49.40841],[18.45006,49.39359],[18.40793,49.39878],[18.41557,49.36755],[18.37447,49.3286],[18.35085,49.32122],[18.25037,49.18055],[18.22319,48.99028],[18.11447,48.99028],[18.11447,48.85438],[17.86985,48.80002],[17.68062,48.85978],[17.6339,48.85496],[17.61754,48.84183],[17.60111,48.84025],[17.59242,48.82711],[17.5256,48.81236],[17.47701,48.84155],[17.45013,48.84551],[17.39487,48.81389],[17.36434,48.81369],[17.33855,48.82795],[17.30823,48.82],[17.19034,48.44668],[17.21752,48.06615],[17.46214,48.06615],[17.40778,47.82153],[16.79622,47.84327],[16.62227,47.73455],[16.55704,47.49537],[16.64402,47.29967],[16.55704,47.19095],[16.55704,47.06048],[16.44832,46.93001],[16.44832,46.7778],[16.51355,46.62559],[16.29611,46.40815],[16.53529,46.36466],[16.44832,46.10373],[16.20913,46.14722],[16.07866,45.88629],[16.20913,45.73408],[16.12215,45.58187],[15.46982,45.73408],[15.42362,45.42966],[14.88001,45.48402],[14.79847,45.86455],[14.52667,45.783],[14.35449,45.32289]]],[[[18.45334,49.46065],[18.46574,49.45485],[18.52502,49.47076],[18.52514,49.47196],[18.45334,49.46065]]]]}},{"type":"Feature","properties":{"NAME":"France","ABBREVN":"France","SUBJECTO":"France","BORDERPRECISION":1,"PARTOF":"France"},"geometry":{"type":"MultiPolygon","coordinates":[[[[-2.32574,47.20014],[-2.26375,47.18288],[-2.26,47.18145],[-2.25222,47.18705],[-2.21196,47.1942],[-2.22692,47.21905],[-2.28309,47.20151],[-2.32574,47.20014]]],[[[-1.94128,49.7093],[-1.89154,49.52635],[-1.639,49.21961],[-1.57978,49.22901],[-1.56341,49.03624],[-1.58841,48.88095],[-1.57555,48.76814],[-1.45659,48.68355],[-1.57477,48.64317],[-1.57173,48.6261],[-1.54444,48.60465],[-1.53345,48.55076],[-1.48659,48.46746],[-1.38565,48.462],[-1.29295,48.47975],[-1.2648,48.50796],[-1.25725,48.54207],[-1.1927,48.54525],[-1.16386,48.52707],[-1.07735,48.52752],[-1.05812,48.47474],[-1.06774,48.50933],[-0.93109,48.53207],[-0.87616,48.51751],[-0.85007,48.49022],[-0.76492,48.4456],[-0.68253,48.47019],[-0.59052,48.45926],[-0.46967,48.49841],[-0.3241,48.48658],[-0.28153,48.4975],[-0.26779,48.52843],[-0.26505,48.5657],[-0.24994,48.6565],[-0.30899,48.72177],[-0.35019,48.73083],[-0.42023,48.79872],[-0.37697,48.84213],[-0.35019,48.85026],[-0.14557,48.86562],[-0.02472,48.79782],[0.06592,48.7761],[0.10849,48.77701],[0.21149,48.7408],[0.28564,48.72812],[0.35843,48.72812],[0.49713,48.62383],[0.40924,48.58115],[0.41748,48.54298],[0.37353,48.4975],[0.32753,48.47247],[0.39688,48.31974],[0.48614,48.29964],[0.49988,48.26857],[0.57678,48.2384],[0.60356,48.23702],[0.62965,48.25806],[0.70724,48.22742],[0.73333,48.19035],[0.79033,48.17296],[0.85212,48.13035],[0.84182,48.10881],[0.78758,48.1001],[0.78689,48.03264],[0.84114,48.02484],[0.83153,47.92371],[0.83496,47.93797],[0.86449,47.93567],[1.05197,47.96629],[0.92892,48.05975],[0.92467,48.12574],[0.8203,48.45594],[1.06073,48.58812],[1.3888,48.65424],[1.56706,48.45594],[1.73301,48.45594],[1.68547,47.86186],[1.76812,47.86186],[1.89226,47.13737],[1.40254,47.07159],[1.31239,47.20317],[1.30842,47.26897],[1.20399,47.70396],[1.17416,47.68388],[1.13708,47.66169],[1.08215,47.68573],[1.02585,47.68758],[1.00387,47.66354],[0.96817,47.64226],[0.8789,47.64689],[0.83633,47.68851],[0.78415,47.68111],[0.73196,47.68943],[0.61111,47.68296],[0.56442,47.65614],[0.44906,47.65059],[0.35705,47.58857],[0.40649,47.55429],[0.38727,47.48287],[0.42846,47.46245],[0.41473,47.40021],[0.35293,47.38162],[0.31311,47.33324],[0.36529,47.28668],[0.31723,47.2578],[0.08102,47.21677],[0.03708,47.22143],[0.01785,47.16918],[0.1799,47.08696],[0.31036,47.04954],[0.31586,46.99899],[0.33096,46.95401],[0.40512,46.93714],[0.50537,46.96432],[0.55893,46.96151],[0.55481,47.01304],[0.59738,47.00648],[0.68664,46.96057],[0.71274,46.86583],[0.79513,46.86207],[0.79239,46.75492],[0.89676,46.6909],[0.88852,46.62115],[0.93658,46.59473],[1.02447,46.58341],[1.03134,46.54092],[1.13022,46.52675],[1.19339,46.55131],[1.28952,46.53525],[1.41037,46.55697],[1.48041,46.51541],[1.52435,46.46719],[1.71661,46.45205],[1.75781,46.4757],[1.9844,46.45016],[2.14371,46.30141],[2.2316,46.26914],[2.30163,46.31089],[2.35382,46.3052],[2.40188,46.31753],[2.48978,46.29382],[2.53784,46.24065],[2.50763,46.22925],[2.56393,46.14178],[2.59755,46.13414],[2.60112,46.15209],[2.63561,46.12549],[2.65182,46.1218],[2.6889,46.17413],[2.75379,46.18221],[2.78641,46.19409],[2.83104,46.1513],[2.81799,46.11609],[2.79053,46.08276],[2.72924,46.05325],[2.77113,46.02094],[3.01311,46.08651],[3.2674,45.88983],[3.34904,45.88983],[3.34306,46.02094],[3.66988,46.02094],[3.6756,45.88983],[3.92327,45.8243],[3.93147,45.62776],[4.01298,45.62776],[3.94229,45.36588],[4.27037,45.30044],[4.35172,45.30044],[4.35424,45.235],[4.35675,45.16959],[4.12323,44.90802],[3.96092,44.90802],[3.96617,44.77729],[3.5607,44.77729],[3.47398,44.90802],[3.23051,44.90802],[3.15816,44.71195],[2.91798,44.64661],[2.74667,44.84265],[2.58442,44.84265],[2.51599,44.58129],[2.27624,44.51598],[2.10101,44.77729],[1.44866,44.84265],[1.3784,44.64661],[1.06543,44.45068],[0.73377,44.46972],[0.43103,44.02391],[0.92225,44.12432],[0.94799,43.66784],[1.27728,43.5375],[1.30498,43.01654],[1.87324,42.8864],[1.7258,42.62621],[1.65262,42.62621],[1.75543,42.59672],[1.79169,42.57892],[1.73126,42.54554],[1.72824,42.501],[2.10289,42.61451],[2.27209,42.69006],[2.48056,42.68562],[2.48962,42.71892],[2.70112,42.73002],[2.825,42.84975],[2.94888,42.88297],[3.03927,42.86919],[3.0679,42.94456],[3.31787,43.19595],[3.47871,43.3121],[3.80747,43.46723],[4.0782,43.48709],[4.41676,43.34615],[4.64651,43.32087],[4.75059,43.35326],[4.90985,43.36644],[5.05182,43.3281],[5.43449,43.10366],[5.64655,43.03332],[5.82857,43.02082],[6.52301,43.15085],[6.92308,43.44767],[7.29762,43.6673],[7.39712,43.76409],[7.35515,43.90151],[6.92279,43.81504],[6.88573,43.90151],[6.95985,43.91386],[6.92279,43.97563],[6.99691,44.04975],[6.9722,44.0621],[6.93514,44.13622],[6.88573,44.14857],[6.83632,44.11151],[6.78691,44.19799],[6.78691,44.29681],[6.86978,44.34917],[6.8639,44.36262],[6.81427,44.37001],[6.79367,44.50336],[6.77977,44.53788],[6.78471,44.54378],[6.78292,44.54787],[6.92469,44.71502],[7.00347,44.71954],[6.9426,44.86865],[6.66532,44.95452],[6.50732,45.11571],[6.28043,45.19859],[6.24337,45.29742],[6.26807,45.32212],[6.21866,45.34683],[6.14454,45.32212],[6.08278,45.37154],[6.03336,45.33448],[6.05807,45.2233],[5.94689,45.26036],[5.93454,45.32212],[5.82336,45.39624],[5.60708,45.84658],[5.35667,45.87604],[5.35667,46.0528],[5.53343,46.00861],[5.53343,46.097],[5.26828,46.31795],[5.37998,46.47433],[5.37918,46.47464],[5.36545,46.46092],[5.32794,46.46068],[5.31652,46.44862],[5.26382,46.44921],[5.22331,46.4653],[5.19997,46.50028],[5.11139,46.4965],[4.93669,46.50948],[4.90428,46.57348],[4.84019,46.57899],[4.76007,46.53964],[4.71314,46.57741],[4.65386,46.58339],[4.59549,46.53381],[4.55772,46.57552],[4.50278,46.55428],[4.47394,46.47394],[4.38581,46.44792],[4.3778,46.41953],[4.44532,46.40216],[4.45837,46.34594],[4.41374,46.33251],[4.35994,46.27147],[4.38398,46.21764],[4.26907,46.21827],[4.24732,46.24124],[4.16034,46.23649],[4.08594,46.2505],[4.05514,46.24854],[4.01384,46.23174],[3.98408,46.18183],[3.95661,46.18421],[3.96234,46.2349],[3.92457,46.25944],[3.92571,46.29345],[3.86047,46.30453],[3.84674,46.36221],[3.76433,46.37643],[3.73687,46.43798],[3.58739,46.47047],[3.56793,46.55554],[3.59082,46.60195],[3.69589,46.64299],[3.66018,46.66781],[3.62585,46.76119],[3.53085,46.69639],[3.42647,46.69074],[3.39763,46.71742],[3.26532,46.7306],[3.18978,46.68037],[3.05244,46.73923],[3.03184,46.76668],[3.06503,46.85911],[3.04672,46.95372],[3.06961,46.99043],[3.03733,47.08824],[3.03034,47.13544],[2.9991,47.20391],[2.98194,47.26531],[2.88053,47.32849],[2.92975,47.44751],[2.84093,47.56395],[2.75894,47.60153],[2.69878,47.66024],[2.59692,47.6849],[2.5223,47.65453],[2.4566,47.7174],[2.46072,47.73388],[2.39777,47.7662],[2.5017,47.8108],[2.69718,47.76143],[2.75212,47.78835],[2.88717,47.7522],[2.93707,47.72295],[3.06045,47.73111],[3.11974,47.77528],[3.21382,47.76189],[3.27667,47.79676],[3.21349,47.79979],[3.21349,47.87722],[3.05968,47.99131],[3.06517,48.04275],[3.49913,48.07946],[3.58703,48.12348],[3.57604,48.22788],[3.52385,48.28092],[3.41948,48.29005],[3.30687,48.29371],[3.22997,48.25532],[3.10363,48.3065],[3.03222,48.29188],[2.98552,48.24983],[2.92785,48.25532],[2.87291,48.2736],[2.87017,48.31746],[2.94707,48.34302],[3.09264,48.35397],[3.13521,48.37405],[3.10637,48.41599],[3.0638,48.44151],[3.05693,48.48158],[3.06792,48.52889],[2.96767,48.5698],[2.86742,48.57071],[2.87017,48.60069],[2.83172,48.68598],[2.79876,48.7331],[2.68615,48.73854],[2.61199,48.76208],[2.60924,48.78561],[2.72735,48.81637],[2.69439,48.87782],[2.63396,48.92476],[2.6834,48.97527],[2.75206,49.02932],[2.84545,49.0023],[2.88939,49.02752],[2.94707,49.01491],[3.0075,48.96625],[3.04046,49.01671],[3.19564,49.04913],[3.22036,49.12557],[3.26156,49.13726],[3.37554,49.20549],[3.42498,49.27453],[3.29451,49.30767],[3.27254,49.38461],[3.35906,49.40517],[3.45107,49.44537],[3.58771,49.54616],[3.63784,49.57244],[3.80675,49.60226],[3.88091,49.64941],[3.94408,49.62896],[3.97841,49.60582],[4.00039,49.5426],[4.03197,49.53368],[4.05669,49.5613],[4.09514,49.6974],[4.04845,49.70095],[4.03334,49.71605],[4.06768,49.74357],[4.07042,49.78703],[4.06081,49.85083],[4.12124,49.86854],[4.36379,49.86854],[4.25522,49.88724],[3.82033,50.03945],[3.48268,49.92046],[2.90727,49.94348],[2.79352,50.04585],[2.78984,50.04171],[2.75362,50.03498],[2.76487,50.07164],[2.70728,50.12346],[2.70555,50.11221],[2.72135,50.08865],[2.69989,50.08138],[2.64255,50.09261],[2.59209,50.1263],[2.55501,50.13598],[2.53853,50.1274],[2.50969,50.13092],[2.47021,50.12256],[2.4563,50.12911],[2.41854,50.10803],[2.38609,50.10142],[2.37373,50.10891],[2.39159,50.13885],[2.45071,50.18836],[2.40091,50.19666],[2.18314,50.07787],[2.18971,50.06331],[2.21992,50.03377],[2.16705,49.99008],[2.16431,49.96006],[2.18285,49.92073],[2.1801,49.88269],[2.14439,49.88358],[2.12036,49.91321],[2.1183,49.96315],[2.14302,49.99935],[2.14233,50.05097],[2.13455,50.06044],[2.10016,50.06536],[2.08809,50.05097],[2.0826,50.01921],[2.02492,49.98964],[2.03384,49.92647],[2.01393,49.92382],[1.98509,49.94283],[1.95007,49.94636],[1.92192,49.92736],[1.87317,49.91807],[1.856,49.9278],[1.85532,49.96094],[1.91437,49.97375],[1.92604,49.99141],[1.92535,50.03862],[1.93703,50.05714],[1.88415,50.06155],[1.8718,49.99582],[1.8457,49.99229],[1.80382,50.07213],[1.77223,50.09944],[1.71936,50.10473],[1.74683,50.05626],[1.72073,50.04832],[1.72897,49.99141],[1.76605,49.98479],[1.77704,49.97551],[1.73241,49.95785],[1.72211,49.93973],[1.73103,49.91984],[1.80382,49.91144],[1.81274,49.89331],[1.84158,49.89021],[1.86012,49.87163],[1.84914,49.81229],[1.78459,49.81761],[1.7688,49.83223],[1.71112,49.84285],[1.64658,49.93708],[1.60194,49.96977],[1.54907,49.97993],[1.49277,50.02715],[1.43852,50.05229],[1.3702,50.06529],[1.36279,50.07004],[1.27452,50.0043],[0.52856,49.8258],[0.18937,49.68103],[0.11505,49.60228],[0.09037,49.51055],[0.33085,49.45496],[0.03287,49.33371],[-0.23936,49.28549],[-0.46495,49.35138],[-1.02319,49.39846],[-1.17714,49.33255],[-1.28866,49.52097],[-1.25097,49.69988],[-1.52425,49.65277],[-1.94128,49.7093]]],[[[-1.17385,46.26489],[-0.71895,46.03286],[-0.39439,46.03286],[-0.41748,46.0618],[-0.47653,46.05132],[-0.49164,46.07228],[-0.46829,46.10085],[-0.48889,46.14178],[-0.53696,46.15415],[-0.54657,46.18268],[-0.51636,46.23305],[-0.54794,46.3365],[-0.63584,46.31659],[-0.6839,46.33081],[-0.73471,46.31753],[-0.77454,46.32891],[-0.95993,46.31279],[-1.00525,46.32133],[-1.0849,46.29951],[-1.17385,46.26489]]],[[[-1.05709,47.983],[-0.94688,47.99498],[-1.03805,47.98997],[-1.05709,47.983]]],[[[-0.40991,42.78557],[-0.21614,42.7172],[-0.16563,42.64884],[0.17955,42.66252],[0.19627,42.60783],[0.34784,42.63517],[0.59192,42.62833],[0.58414,42.77189],[0.7442,42.77189],[1.30745,42.63517],[1.32046,42.60501],[1.45631,42.61895],[1.48667,42.62621],[1.48554,42.62621],[1.07469,42.82134],[0.99452,42.82134],[0.98393,43.01654],[0.81254,43.21183],[0.96608,43.34207],[0.63698,43.47235],[0.47603,43.47235],[0.40318,43.34207],[0.08153,43.34207],[0.08936,43.21183],[0.00901,43.21183],[-0.07594,43.27736],[-0.40991,42.78557]]],[[[-0.29194,46.03286],[-0.24679,46.03286],[-0.26917,46.04655],[-0.29194,46.03286]]],[[[1.07391,47.91542],[1.1618,47.86846],[1.20026,47.8233],[1.23656,47.82609],[1.09579,47.93301],[1.07391,47.91542]]],[[[1.24475,47.76947],[1.27627,47.79593],[1.24774,47.8176],[1.24475,47.76947]]],[[[1.5283,50.57773],[1.54218,50.37326],[1.60727,50.3666],[1.60744,50.38751],[1.64177,50.39407],[1.64314,50.43411],[1.68022,50.43652],[1.72554,50.41114],[1.72554,50.39276],[1.79901,50.38663],[1.81618,50.36561],[1.79558,50.35116],[1.81412,50.32749],[1.82195,50.32511],[1.81826,50.41038],[1.8045,50.41213],[1.81704,50.43876],[1.80372,50.74699],[1.60179,50.57886],[1.52858,50.57886],[1.5283,50.57773]]],[[[1.56913,45.69985],[2.30465,45.56227],[2.43151,45.70598],[2.37442,45.69947],[2.27966,45.66013],[2.1904,45.7033],[2.16843,45.75603],[2.09152,45.76369],[2.00775,45.76082],[1.99402,45.71481],[1.94595,45.72919],[1.9075,45.71098],[1.86561,45.72392],[1.88484,45.75363],[1.88553,45.79721],[1.75644,45.82306],[1.7894,45.87376],[1.6452,45.8422],[1.63785,45.8457],[1.63785,45.80104],[1.56913,45.69985]]],[[[1.63785,45.87677],[1.66443,45.90817],[1.67404,45.95211],[1.63785,45.93878],[1.63785,45.87677]]],[[[1.67573,50.86357],[1.80145,50.79945],[1.79618,50.92141],[1.67573,50.86357]]],[[[1.93222,50.20372],[1.93359,50.18349],[1.95076,50.17426],[1.98662,50.17864],[1.98662,50.2113],[1.98646,50.21119],[1.93222,50.20372]]],[[[2.39776,45.83167],[2.42798,45.77327],[2.47879,45.7771],[2.48158,45.7627],[2.53596,45.8243],[2.56404,45.96554],[2.47055,45.85654],[2.42935,45.85846],[2.39776,45.83167]]],[[[3.59952,47.89182],[3.62585,47.87395],[3.68513,47.88285],[3.68616,47.88226],[3.6859,47.88459],[3.59952,47.89182]]],[[[3.75048,47.78679],[3.85246,47.77543],[3.88268,47.78713],[3.88074,47.85086],[3.8452,47.84405],[3.75048,47.78679]]],[[[4.06833,47.90341],[4.0951,47.87257],[4.12051,47.87779],[4.11227,47.93104],[4.07592,47.90668],[4.06833,47.90341]]],[[[4.12126,47.93706],[4.20399,47.96434],[4.15831,47.96189],[4.12126,47.93706]]],[[[4.46338,47.89091],[4.47394,47.87747],[4.57763,47.87533],[4.55131,47.91539],[4.60762,47.93042],[4.61334,47.99357],[4.68179,47.99893],[4.71931,48.02162],[4.71881,48.02937],[4.60875,48.04275],[4.53734,47.96925],[4.53734,47.91405],[4.46338,47.89091]]],[[[4.68703,49.67697],[4.69802,49.63429],[4.73647,49.5987],[4.84633,49.56665],[4.8738,49.56665],[4.90126,49.6165],[4.99465,49.60582],[5.06606,49.56665],[5.00014,49.45965],[5.04409,49.41321],[5.12648,49.41321],[5.12099,49.30946],[5.1581,49.26564],[4.93834,49.23689],[4.78453,49.2333],[4.78453,49.15073],[4.89989,49.1004],[5.06469,49.06083],[5.09215,49.01401],[5.0825,48.9549],[5.14503,48.94393],[5.22503,48.98067],[5.22263,49.02211],[5.23979,49.04034],[5.21749,49.08075],[5.25352,49.08331],[5.28236,49.05587],[5.31326,49.05857],[5.3009,49.08016],[5.32082,49.10579],[5.34828,49.11523],[5.36888,49.11433],[5.37643,49.1022],[5.40047,49.09365],[5.39154,49.08061],[5.41626,49.06442],[5.4039,49.05092],[5.37643,49.05002],[5.35034,49.06847],[5.31052,49.02751],[5.35858,48.99689],[5.35446,48.98608],[5.33523,48.98337],[5.33386,48.96985],[5.39223,48.93603],[5.42244,48.93829],[5.44304,48.92701],[5.46638,48.93062],[5.44853,48.96309],[5.46364,48.98608],[5.43068,49.0068],[5.42313,49.02076],[5.43755,49.03112],[5.51239,49.02841],[5.53093,49.03787],[5.57144,49.03742],[5.58723,49.02571],[5.6044,49.02706],[5.60783,49.03607],[5.65247,49.04147],[5.67032,49.05677],[5.67858,49.05902],[5.65696,49.10768],[5.60509,49.10399],[5.57968,49.11074],[5.58037,49.13096],[5.64629,49.12152],[5.64976,49.12386],[5.62365,49.18261],[5.59753,49.19292],[5.59753,49.21625],[5.6353,49.23867],[5.64354,49.26153],[5.62157,49.28438],[5.61882,49.30185],[5.64835,49.31214],[5.65521,49.3334],[5.63736,49.34772],[5.64096,49.36796],[5.55479,49.39679],[5.56831,49.41991],[5.50539,49.40609],[5.47565,49.44157],[5.51136,49.45384],[5.51558,49.46172],[5.49385,49.47259],[5.4644,49.47133],[5.46913,49.48052],[5.45969,49.48452],[5.42823,49.48798],[5.44506,49.50099],[5.46741,49.49227],[5.48643,49.5075],[5.5254,49.51121],[5.55106,49.52492],[5.36113,49.69676],[4.84317,49.78597],[4.80788,49.73026],[4.68703,49.67697]],[[5.40047,49.22567],[5.40596,49.23822],[5.47531,49.23509],[5.4966,49.24316],[5.51582,49.23509],[5.48561,49.22298],[5.41557,49.21625],[5.40047,49.22567]],[[5.43617,49.07791],[5.4499,49.10355],[5.46913,49.11119],[5.47256,49.12557],[5.45265,49.14713],[5.46432,49.1624],[5.55633,49.18754],[5.56183,49.17856],[5.54535,49.16734],[5.55359,49.14039],[5.5014,49.12557],[5.50346,49.11388],[5.52269,49.10849],[5.51857,49.09186],[5.49522,49.08241],[5.46364,49.05497],[5.44372,49.05587],[5.43617,49.07791]]],[[[4.88891,48.83716],[4.91929,48.83049],[4.93389,48.84619],[4.93853,48.86777],[4.88891,48.83716]]],[[[4.91088,48.77566],[4.93834,48.76842],[4.98778,48.60159],[4.99319,48.6006],[4.98917,48.61589],[5.01183,48.63835],[5.00427,48.65809],[5.01903,48.68008],[5.00736,48.70342],[5.02453,48.72336],[5.01423,48.74555],[4.99432,48.74646],[4.97818,48.77475],[4.91436,48.79285],[4.91088,48.77566]]],[[[4.97321,48.04002],[4.97936,48.01991],[5.00385,47.99112],[5.0272,47.91293],[5.0613,47.87809],[5.05924,47.84031],[5.07183,47.80957],[5.11281,47.77743],[5.14188,47.70447],[5.18698,47.68998],[5.22475,47.71771],[5.38841,47.75851],[5.45708,47.79466],[5.49371,47.79619],[5.51202,47.77774],[5.67086,47.78625],[5.66482,47.73332],[5.61195,47.6922],[5.53848,47.6788],[5.42244,47.67556],[5.38639,47.65521],[5.37403,47.6138],[5.40871,47.602],[5.45402,47.63093],[5.47874,47.61403],[5.47737,47.56865],[5.4554,47.5376],[5.39085,47.51071],[5.39154,47.47823],[5.50037,47.40356],[5.48973,47.36906],[5.4966,47.33731],[5.48716,47.32637],[5.48046,47.33219],[5.47497,47.32091],[5.49831,47.31055],[5.50484,47.28971],[5.48235,47.24381],[5.48132,47.22307],[5.44939,47.20149],[5.46707,47.16754],[5.43806,47.15354],[5.44132,47.14618],[5.4221,47.13637],[5.38124,47.07889],[5.36407,47.08064],[5.32013,47.06065],[5.29764,47.03913],[5.30069,47.00589],[5.28472,47.00247],[5.25666,46.97604],[5.27039,46.9594],[5.26391,46.9301],[5.30897,46.93016],[5.31888,46.90651],[5.35193,46.88862],[5.40339,46.89164],[5.37841,46.92729],[5.35352,46.92717],[5.36674,46.9403],[5.36699,46.9519],[5.37927,46.95858],[5.36279,46.98306],[5.39377,46.99536],[5.4427,46.99606],[5.45737,46.9799],[5.43806,46.97967],[5.42622,46.95858],[5.4281,46.94774],[5.46244,46.94499],[5.4681,46.93045],[5.48879,46.9202],[5.47789,46.91744],[5.45497,46.92905],[5.44149,46.91428],[5.45033,46.90396],[5.44381,46.89768],[5.41471,46.89528],[5.40948,46.87216],[5.44501,46.84569],[5.45128,46.83771],[5.44673,46.83131],[5.43025,46.82244],[5.33957,46.82573],[5.3306,46.81768],[5.32936,46.80993],[5.34103,46.80793],[5.34794,46.79136],[5.36734,46.78795],[5.37626,46.77796],[5.38193,46.76409],[5.37472,46.74751],[5.39343,46.72362],[5.39377,46.70632],[5.42124,46.65615],[5.41626,46.65026],[5.43411,46.64201],[5.43085,46.62221],[5.4051,46.60417],[5.40579,46.57939],[5.36322,46.57857],[5.36768,46.56972],[5.35858,46.56335],[5.36837,46.55178],[5.36116,46.52993],[5.4051,46.50949],[5.41559,46.52418],[5.64572,46.45672],[5.72493,46.47999],[5.73966,46.59783],[5.62554,46.64908],[5.64644,46.84981],[5.75702,46.88667],[5.79387,46.99724],[5.66729,47.10832],[5.73687,47.23356],[5.77862,47.35881],[5.79254,47.51189],[5.91778,47.59539],[5.82037,47.73455],[5.95953,47.80413],[5.95953,47.88464],[5.95201,47.88159],[5.94172,47.86938],[5.89468,47.8733],[5.87133,47.8703],[5.86224,47.86074],[5.81451,47.87859],[5.8152,47.90392],[5.877,47.90346],[5.8873,47.94901],[5.86739,47.95498],[5.8564,47.98119],[5.84404,47.97981],[5.84129,47.9582],[5.80524,47.95384],[5.78842,47.96004],[5.78773,47.98096],[5.82653,48.03746],[5.74894,48.03654],[5.72903,48.05789],[5.69263,48.05835],[5.64663,48.07051],[5.64217,48.06225],[5.61333,48.05904],[5.60955,48.07257],[5.56011,48.1033],[5.54619,48.12024],[5.47667,48.02071],[5.33934,48.00601],[4.97321,48.04002]],[[5.42373,47.0897],[5.45832,47.09595],[5.47025,47.09035],[5.45514,47.07386],[5.42373,47.0897]],[[5.58037,47.95855],[5.58921,47.96993],[5.60183,47.96619],[5.59925,47.94119],[5.58346,47.93946],[5.58037,47.95855]],[[5.59736,47.98774],[5.60157,47.99854],[5.62388,48.00078],[5.68946,47.99406],[5.69409,47.98699],[5.68525,47.97981],[5.62981,47.99078],[5.59736,47.98774]]],[[[5.0752,48.58553],[5.08666,48.58343],[5.1459,48.58192],[5.12341,48.60113],[5.09869,48.60976],[5.09148,48.60863],[5.0853,48.59137],[5.0752,48.58553]]],[[[5.28991,48.47065],[5.31737,48.42693],[5.35033,48.45244],[5.3972,48.44985],[5.4427,48.4818],[5.43892,48.53366],[5.40184,48.54798],[5.40836,48.56048],[5.45505,48.58796],[5.476,48.61226],[5.42793,48.63631],[5.40081,48.62292],[5.39556,48.62285],[5.3723,48.57979],[5.33385,48.51798],[5.28991,48.47065]]],[[[5.42913,47.35633],[5.44098,47.34842],[5.47205,47.36947],[5.44381,47.37127],[5.42913,47.35633]]],[[[5.43273,48.22239],[5.49284,48.19301],[5.50072,48.19882],[5.49248,48.21895],[5.53814,48.24434],[5.5481,48.27611],[5.52269,48.29256],[5.51651,48.32019],[5.53196,48.34028],[5.53265,48.36515],[5.57247,48.38453],[5.59891,48.38772],[5.63393,48.37336],[5.61436,48.32978],[5.69435,48.32887],[5.68474,48.28959],[5.64697,48.25577],[5.64835,48.23359],[5.66448,48.22422],[5.67615,48.22765],[5.67787,48.24068],[5.70465,48.23542],[5.71735,48.20248],[5.75581,48.18303],[5.77263,48.19745],[5.76817,48.21049],[5.74207,48.21552],[5.74551,48.22902],[5.72422,48.25783],[5.74104,48.26537],[5.80147,48.25508],[5.82001,48.26514],[5.84267,48.26194],[5.83305,48.25188],[5.84232,48.24068],[5.89622,48.23817],[5.90618,48.22193],[5.90069,48.20797],[5.88524,48.20523],[5.87254,48.2169],[5.85331,48.20042],[5.87528,48.18806],[5.89622,48.18921],[5.90481,48.1812],[5.90103,48.16357],[5.86292,48.15326],[5.85365,48.12577],[5.88249,48.1166],[5.89004,48.12256],[5.92232,48.11981],[5.93433,48.0939],[5.97416,48.09597],[5.97965,48.07143],[5.93948,48.07303],[5.93983,48.05674],[5.92987,48.05307],[5.94369,48.0234],[5.91537,48.01622],[5.90936,48.00612],[5.92137,47.97286],[5.91725,47.94441],[5.90052,47.92744],[5.92996,47.91197],[5.95953,47.90868],[5.95953,47.98505],[6.05695,47.95721],[6.09869,48.0268],[6.25177,47.95721],[6.23786,48.29121],[5.94562,48.34687],[6.0152,48.65303],[5.84881,48.76822],[5.84747,48.75709],[5.83031,48.76468],[5.80284,48.75732],[5.80593,48.74827],[5.79151,48.74804],[5.78155,48.73966],[5.78464,48.73423],[5.75375,48.72653],[5.72491,48.73264],[5.67409,48.72064],[5.66757,48.71067],[5.62843,48.69345],[5.58311,48.68711],[5.5759,48.66965],[5.55153,48.64924],[5.56732,48.60522],[5.55325,48.57888],[5.56869,48.57615],[5.57242,48.56249],[5.57006,48.60159],[5.59752,48.62339],[5.64696,48.58706],[5.6964,48.5107],[5.66893,48.45608],[5.58654,48.41235],[5.49315,48.39411],[5.52062,48.33572],[5.43273,48.22239]],[[5.74516,48.6599],[5.75512,48.69697],[5.78628,48.71379],[5.80816,48.71249],[5.81065,48.69918],[5.81692,48.67804],[5.81074,48.65287],[5.84644,48.64607],[5.7589,48.62031],[5.76044,48.63246],[5.74516,48.6599]],[[5.81735,48.69753],[5.83709,48.70965],[5.85674,48.70036],[5.87193,48.70558],[5.86344,48.69906],[5.86687,48.69158],[5.85468,48.68756],[5.81735,48.69753]]],[[[5.81726,48.79703],[5.82773,48.78741],[5.81984,48.77429],[5.8388,48.77515],[5.83428,48.77828],[5.8649,48.80124],[5.85039,48.81071],[5.83357,48.80065],[5.83014,48.81308],[5.81898,48.80675],[5.81726,48.79703]]]]}},{"type":"Feature","properties":{"NAME":"Granada","ABBREVN":"Granada","SUBJECTO":"Granada","BORDERPRECISION":1,"PARTOF":"Granada"},"geometry":{"type":"MultiPolygon","coordinates":[[[[-2.62433,36.8113],[-2.7615,36.69014],[-2.91533,36.69014],[-2.96979,36.74115],[-4.44659,36.72202],[-4.7573,36.48611],[-5.21674,36.4096],[-5.37423,36.23748],[-5.38675,36.10998],[-5.42426,36.07174],[-5.45709,36.16736],[-5.48793,36.17372],[-5.48549,36.06537],[-5.66059,36.00801],[-5.85001,36.07174],[-6.20446,36.2821],[-6.30497,36.45422],[-6.28888,36.57218],[-6.44403,36.62318],[-6.50049,36.71883],[-6.42171,36.79216],[-6.63215,37.02175],[-5.20072,37.53295],[-3.96437,37.45568],[-2.62433,36.8113]]]]}},{"type":"Feature","properties":{"NAME":"Castile","ABBREVN":"Castile","SUBJECTO":"Castile","BORDERPRECISION":1,"PARTOF":"Castile"},"geometry":{"type":"Polygon","coordinates":[[[-9.2708,43.04869],[-9.24686,42.90078],[-9.17312,42.8559],[-8.94172,42.8242],[-8.64406,42.41975],[-8.79857,42.19453],[-8.86049,42.01453],[-8.80606,41.88918],[-8.40505,42.00214],[-8.15726,42.08704],[-7.91856,41.88917],[-7.09844,41.86795],[-6.85952,41.98491],[-6.7087,41.96004],[-6.58608,41.85792],[-6.51843,41.7491],[-6.1395,41.52644],[-6.11154,41.41746],[-6.24115,41.32048],[-6.79663,41.09283],[-6.83445,41.06054],[-6.85717,40.86158],[-6.82486,40.65657],[-6.88417,40.21403],[-6.85868,39.79192],[-6.87832,39.7024],[-7.0842,39.59907],[-7.30126,39.57871],[-7.431,39.52052],[-7.21144,39.29821],[-6.93338,38.96135],[-7.08942,38.7945],[-7.31734,38.49963],[-7.39388,38.29499],[-7.0281,38.23958],[-6.84478,38.10021],[-7.24251,37.8109],[-7.35144,37.64444],[-7.4915,37.20816],[-7.22782,37.22586],[-6.94795,37.14931],[-6.63215,37.02175],[-5.20072,37.53295],[-3.96437,37.45568],[-2.62433,36.8113],[-2.3551,36.82405],[-2.2388,36.7284],[-1.94048,36.9516],[-2.14926,37.23302],[-1.92104,37.65142],[-2.03515,37.8416],[-1.88301,37.9557],[-1.65479,37.91767],[-1.65479,38.18392],[-1.80693,38.25999],[-1.80693,38.52625],[-2.03515,38.60232],[-2.03515,39.24893],[-1.80693,39.17286],[-1.80693,39.47715],[-1.99711,39.59126],[-1.99711,39.7434],[-1.80693,39.85751],[-1.99711,39.97162],[-1.99711,40.08573],[-2.3014,40.23787],[-2.3014,40.39002],[-1.92104,40.61824],[-2.03515,41.22681],[-2.3014,41.26485],[-2.3014,41.49307],[-2.14926,41.49307],[-2.13001,41.81657],[-2.25861,41.82826],[-2.31804,42.06599],[-2.08032,42.06599],[-2.19918,42.24428],[-2.67463,42.42258],[-2.55577,43.07632],[-2.13975,43.13576],[-2.14292,43.33147],[-2.36738,43.32624],[-2.76836,43.53788],[-3.00721,43.55027],[-3.19597,43.44688],[-3.417,43.37565],[-3.84761,43.43916],[-4.80234,43.46944],[-5.2249,43.50725],[-5.53742,43.57745],[-5.82045,43.70569],[-5.97966,43.70538],[-6.46757,43.56272],[-6.80798,43.52342],[-7.1513,43.55494],[-7.63627,43.72141],[-7.97953,43.74005],[-8.22022,43.61721],[-8.2507,43.43043],[-8.31041,43.35305],[-8.84922,43.32624],[-9.01359,43.28086],[-9.19747,43.15821],[-9.2708,43.04869]]]}},{"type":"Feature","properties":{"NAME":"Mamluke Sultanate","ABBREVN":"Mamluke","SUBJECTO":"Mamluke Sultanate","BORDERPRECISION":1,"PARTOF":"Mamluke Sultanate"},"geometry":{"type":"MultiPolygon","coordinates":[[[[35.52575,34],[35.53208,34.11871],[35.71621,34.31237],[35.82101,34.34378],[35.87307,34.42229],[35.85192,34.49295],[35.75075,34.74681],[35.80885,35.0138],[35.84138,35.04263],[35.79643,35.27072],[35.60734,35.41754],[35.66396,35.4595],[35.68043,35.52767],[35.73318,35.58536],[35.69143,35.68502],[35.7395,35.69027],[35.85594,35.8345],[35.7185,36.09156],[35.66495,36.13353],[35.70863,36.21223],[35.81414,36.29849],[38.37216,35.14089],[38.03645,34.59719],[37.5587,34],[35.52575,34]]]]}},{"type":"Feature","properties":{"NAME":"Hafsid Caliphate","ABBREVN":"Hafsid Cal.","SUBJECTO":"Hafsid Caliphate","BORDERPRECISION":1,"PARTOF":"Hafsid Caliphate"},"geometry":{"type":"MultiPolygon","coordinates":[[[[-1.66942,34],[-1.66399,34.20505],[-1.73815,34.60509],[-1.82328,34.69997],[-2.07658,34.82568],[-2.19297,35.05425],[-2.03525,35.05457],[-1.73833,35.11883],[-1.4951,35.2339],[-1.32911,35.48891],[-1.14667,35.62937],[-0.91749,35.66804],[-0.42877,35.86007],[-0.28299,35.75848],[-0.09165,35.73977],[0.01531,35.80367],[0.19867,36.03331],[0.47439,36.22496],[0.78124,36.38485],[1.0576,36.46186],[1.57969,36.51389],[2.29377,36.54082],[2.52436,36.57315],[2.80987,36.7139],[3.07001,36.61886],[3.32384,36.65123],[3.58687,36.79195],[3.74122,36.83687],[4.16392,36.83135],[4.39462,36.83819],[4.63212,36.79407],[4.77719,36.74338],[5.14447,36.66768],[5.38273,36.67453],[5.73016,36.7517],[6.04739,36.84156],[6.32287,37.09065],[6.77054,36.86215],[6.92304,36.81784],[7.06324,36.88185],[7.30698,37.06078],[7.54492,37.04214],[7.71904,36.95328],[7.79204,36.83236],[7.91317,36.77525],[8.63671,36.88526],[8.86552,36.96835],[9.15028,37.17287],[9.41612,37.27538],[9.7322,37.2824],[10.02135,37.20013],[10.13273,37.10475],[10.15887,36.99647],[10.27151,36.75455],[10.3928,36.71657],[10.58058,36.79342],[10.84325,36.99149],[11.02376,37.06832],[11.0394,36.90905],[10.92006,36.65394],[10.63341,36.42401],[10.50924,36.21355],[10.51146,36.08617],[10.60261,35.88895],[10.83083,35.67928],[10.98895,35.6223],[11.12511,35.24061],[11.0828,35.14503],[10.83936,34.80115],[10.57403,34.64811],[10.11642,34.23417],[10.01948,34.08147],[10.07131,34],[-1.66942,34]]]]}},{"type":"Feature","properties":{"NAME":"Trebizond","ABBREVN":"Trebizond","SUBJECTO":"Trebizond","BORDERPRECISION":1,"PARTOF":"Trebizond"},"geometry":{"type":"MultiPolygon","coordinates":[[[[36.15827,41.35757],[35.40395,41.40064],[34.66195,41.87018],[34.66291,41.87558],[35.00187,42.04316],[35.09883,41.80586],[35.28607,41.67148],[35.41144,41.62682],[35.67786,41.62093],[35.95779,41.68565],[36.15827,41.35757]]],[[[37.25283,41.02772],[37.82184,41.00963],[38.31396,40.9209],[38.65118,40.92157],[39.13864,41.04432],[39.37018,41.064],[39.663,41.0005],[40.00671,40.95633],[40.36101,40.96344],[40.60989,41.02803],[41.29312,41.28582],[41.48396,41.43654],[40.76176,40.56877],[40.20443,40.35977],[38.81112,40.15077],[37.76614,40.29011],[37.25283,41.02772]]],[[[33.18995,41.95244],[32.80555,41.54913],[31.29716,40.93651],[31.03539,41.04878],[31.21768,41.05409],[31.40413,41.16354],[31.38567,41.28504],[31.66639,41.39481],[32.41898,41.74917],[32.68791,41.84597],[33.18995,41.95244]]]]}},{"type":"Feature","properties":{"NAME":"Ilkhanate","ABBREVN":"Ilkhanate","SUBJECTO":"Ilkhanate","BORDERPRECISION":1,"PARTOF":"Ilkhanate"},"geometry":{"type":"MultiPolygon","coordinates":[[[[45.86086,42.47415],[47.84404,42.62106],[47.96993,42.59409],[48.13178,42.40525],[48.2217,42.27937],[48.41952,42.09054],[48.50045,41.92868],[48.6623,41.90171],[48.68324,41.83591],[48.8925,41.68698],[48.99887,41.51679],[49.11588,41.43169],[49.24353,41.2934],[49.28608,41.05938],[49.3499,40.95301],[49.47755,40.836],[49.6052,40.76154],[49.6052,40.68708],[49.8073,40.5807],[50.02005,40.60198],[50.19025,40.57007],[50.3179,40.49561],[50.42427,40.41051],[50.46682,40.32541],[50.46682,40.26158],[50.30726,40.32541],[50.12643,40.34668],[50.03069,40.34668],[49.91368,40.32541],[49.84986,40.27222],[49.66902,40.24031],[49.57328,40.17649],[49.55201,40.09139],[49.54137,39.87864],[49.44564,39.65526],[49.40309,39.48506],[49.49882,39.37869],[49.48818,39.29359],[49.38181,39.3255],[49.33926,39.28295],[49.27544,39.01702],[49.22225,39.0383],[49.17971,39.14467],[49.11588,39.18722],[49.04142,39.14467],[49.02014,39.00638],[49.05206,38.93192],[48.94568,38.83619],[48.98823,38.71918],[48.82495,38.30958],[48.83151,38.30631],[48.80919,37.98857],[48.74478,37.72702],[48.83723,37.51097],[49.05953,37.39756],[49.47581,37.29161],[49.84801,37.26821],[50.03871,37.2247],[50.11132,37.09776],[50.25221,36.89479],[50.56095,36.68643],[51.41704,36.45569],[51.79552,36.43235],[51.99305,36.4589],[52.60216,36.57688],[53.13901,36.64353],[53.79965,36.67904],[53.98449,36.78191],[54.06744,36.94152],[54.0087,37.34869],[54.01511,37.34833],[53.92775,37.82422],[53.87986,38.02536],[53.93733,38.15945],[53.93733,38.5713],[53.98522,38.6575],[54.07142,38.89695],[55.64245,40.05031],[56.76866,41.37238],[60,42.3538],[60,34],[40.42017,34],[40.02912,34.39105],[35.81414,36.29849],[36.09526,36.48246],[36.10452,36.56117],[36.08243,36.62153],[35.95679,36.74749],[35.89088,36.77111],[36.78926,37.00063],[36.49442,37.36917],[39.14792,38.62221],[41.21175,40.24379],[41.48396,41.43654],[44.45403,42.03174],[45.47792,42.54861],[45.64812,42.54861],[45.80768,42.53797],[45.86086,42.47415]]]]}},{"type":"Feature","properties":{"NAME":"Georgia","ABBREVN":"Georgia","SUBJECTO":"Georgia","BORDERPRECISION":1,"PARTOF":"Georgia"},"geometry":{"type":"MultiPolygon","coordinates":[[[[41.48396,41.43654],[41.52111,41.46584],[41.66611,41.72915],[41.68047,41.79334],[41.65184,42.12064],[41.50272,42.60848],[41.40974,42.78824],[41.12255,43.01909],[43.54586,42.83471],[45.25984,42.43852],[44.45403,42.03174],[41.48396,41.43654]]]]}},{"type":"Feature","properties":{"NAME":"Khanate of the Golden Horde","ABBREVN":"Golden Horde","SUBJECTO":"Khanate of the Golden Horde","BORDERPRECISION":1,"PARTOF":"Khanate of the Golden Horde"},"geometry":{"type":"MultiPolygon","coordinates":[[[[29.62951,45.75036],[29.50043,45.52337],[29.53609,45.4522],[29.68321,45.37479],[29.71076,45.25833],[29.06437,45.16475],[28.40216,45.35939],[28.36835,45.33088],[28.01861,45.31548],[27.82358,44.83822],[28.0848,44.577],[27.95419,44.25048],[26.45217,44.25048],[25.4726,43.72804],[24.62363,43.98926],[24.2318,43.79335],[23.51345,44.05457],[22.9257,43.79335],[22.9257,44.18518],[22.46857,44.38109],[22.66448,44.64231],[23.05631,45.03414],[26.51748,45.8178],[27.36644,46.34024],[27.62766,46.92798],[27.42832,47.38362],[29.4562,48.36469],[29.84803,49.27896],[34.6806,48.56061],[37.03158,49.7361],[38.14176,49.60549],[38.27237,50.91159],[38.79481,51.0422],[40.68866,50.97689],[43.62738,52.21769],[43.62738,53.91562],[43.10494,54.69928],[43.62738,54.9605],[45.32531,54.89519],[45.71714,55.28702],[45.58653,57.31148],[45.96481,57.73452],[55.46522,58.13594],[58.29314,58.4245],[60,59.1034],[60,42.3538],[56.76866,41.37238],[55.64245,40.05031],[54.07142,38.89695],[54.03311,38.99272],[53.91817,39.05019],[53.7745,39.13639],[53.67873,39.25133],[53.65957,39.31837],[53.58295,39.31837],[53.33392,39.38542],[53.24772,39.29922],[53.20941,39.40457],[53.24772,39.45246],[53.31477,39.5674],[53.37223,39.51951],[53.54463,39.53866],[53.79366,39.49077],[53.81282,39.54824],[53.66915,39.64402],[53.55421,39.6536],[53.5159,39.77811],[53.59252,39.89305],[53.6883,39.97925],[53.50632,39.9984],[53.36265,39.96009],[53.19025,39.96009],[53.04658,39.9984],[52.98912,39.93136],[52.91249,40.04629],[52.84545,40.18038],[52.84545,40.33363],[52.82629,40.46772],[52.90292,40.5635],[52.9508,40.70716],[52.96996,40.8221],[53.05616,41.05197],[53.18067,40.84125],[53.2573,40.76463],[53.43928,40.80294],[53.61168,40.74548],[53.65957,40.81252],[53.64999,40.87957],[53.69788,40.87957],[53.76493,40.86999],[53.79366,40.72632],[53.84155,40.64012],[53.97564,40.6497],[54.10973,40.67843],[54.22467,40.72632],[54.41622,40.65928],[54.45454,40.71674],[54.38749,40.80294],[54.36833,40.89872],[54.45454,40.91788],[54.50243,40.85083],[54.60778,40.81252],[54.8185,40.87957],[54.82807,40.98492],[54.75145,41.13817],[54.5982,41.24353],[54.35876,41.3872],[54.1672,41.48297],[54.13846,41.62664],[54.11931,41.77989],[54.02353,41.85651],[54.02353,42.04807],[53.98522,42.10554],[53.73619,42.13427],[53.45843,42.09596],[53.26688,42.08638],[53.06574,42.02892],[52.97954,41.9044],[52.94123,41.77031],[52.99869,41.68411],[52.93165,41.37762],[52.96038,41.27226],[52.96996,41.13817],[52.85503,41.3872],[52.6922,41.53086],[52.71136,41.60749],[52.68262,41.69369],[52.55927,41.75784],[52.60075,41.93768],[52.57377,42.0186],[52.51982,42.07256],[52.58276,42.18945],[52.67268,42.27937],[52.73562,42.42324],[52.75361,42.55812],[52.83453,42.64804],[52.7626,42.75594],[52.58276,42.82787],[52.37595,42.8009],[52.29502,42.87283],[52.07022,42.82787],[51.9803,42.9088],[51.8814,43.05267],[51.73753,43.17855],[51.42281,43.16956],[51.42281,43.25948],[51.45878,43.38537],[51.36886,43.55621],[51.26095,43.61016],[51.17103,43.71807],[50.9912,44.07774],[50.95523,44.20363],[50.70346,44.25758],[50.38874,44.29355],[50.3258,44.36548],[50.33479,44.5633],[50.40673,44.61726],[50.54161,44.64423],[50.8743,44.62625],[51.33289,44.48238],[51.41382,44.51834],[51.57567,44.55431],[51.48575,44.62625],[51.18902,44.77012],[51.0991,44.87802],[51.21599,45.03987],[51.34188,45.05786],[51.37785,45.17475],[51.45878,45.30963],[51.51273,45.37257],[51.62962,45.35459],[51.77349,45.39056],[51.84543,45.43552],[51.99829,45.38156],[52.60974,45.39955],[53.05933,45.3366],[53.28413,45.32761],[53.05933,45.4535],[52.84352,45.50745],[52.83453,45.64233],[52.92445,45.73225],[53.05034,45.83116],[53.14925,45.95705],[53.2032,46.19083],[53.25715,46.31672],[53.18522,46.42462],[53.12228,46.49656],[53.16723,46.58647],[53.28413,46.6764],[53.23018,46.73035],[53.18522,46.86523],[53.02336,46.91918],[52.55579,46.98212],[52.46587,46.91018],[52.37595,46.87422],[52.14216,46.83825],[51.93535,46.8922],[51.79148,47.00909],[51.67458,47.03607],[51.36886,47.09002],[51.11708,47.06305],[50.82035,46.91918],[50.63152,46.91018],[50.27185,46.68539],[49.94814,46.5595],[49.72335,46.53252],[49.53451,46.54152],[49.3132,46.35269],[49.23778,46.26277],[49.05794,46.13688],[48.8871,46.08293],[48.83315,46.08293],[48.83315,45.92108],[48.77021,45.88511],[48.63533,45.97503],[48.30263,45.76821],[48.01489,45.71426],[47.87102,45.6783],[47.75412,45.71426],[47.6732,45.75023],[47.62824,45.73225],[47.60126,45.66031],[47.65521,45.54342],[47.5563,45.4535],[47.39445,45.17475],[47.25058,44.98592],[47.16965,44.86004],[47.02578,44.7881],[46.87292,44.6802],[46.80998,44.53633],[46.84595,44.44641],[46.99881,44.35649],[47.14268,44.33851],[47.2236,44.20363],[47.33151,44.18565],[47.43941,44.03278],[47.5653,43.84396],[47.53832,43.67311],[47.49336,43.58319],[47.52034,43.51126],[47.5653,43.60117],[47.61026,43.75404],[47.66421,43.85295],[47.73614,43.86194],[47.6732,43.66412],[47.57429,43.50226],[47.60126,43.32243],[47.65521,43.27747],[47.58328,43.18755],[47.5653,43.00771],[47.73614,42.89981],[47.79009,42.85485],[47.84404,42.62106],[45.86086,42.47415],[45.80768,42.53797],[45.64812,42.54861],[45.47792,42.54861],[45.25984,42.43852],[43.54586,42.83471],[41.12255,43.01909],[40.96934,43.07666],[40.55709,43.14659],[40.25162,43.26818],[38.92371,44.21186],[38.55609,44.3851],[38.277,44.42321],[38.10918,44.49377],[37.88037,44.71895],[37.77405,44.74454],[37.62175,44.67331],[37.47389,44.69236],[37.31794,44.92421],[36.95987,45.22736],[37.22775,45.31202],[37.46097,45.31248],[37.66127,45.34523],[37.7061,45.5784],[37.86788,45.79251],[37.98994,46.00666],[38.22715,46.02009],[38.45898,46.07891],[38.26491,46.31856],[37.97017,46.44128],[37.7571,46.60319],[37.8666,46.65536],[38.03186,46.66868],[38.40109,46.72135],[38.72274,46.87792],[39.28236,47.07403],[39.19409,47.24295],[39.15985,47.26889],[38.80025,47.22917],[37.85925,47.10374],[37.42214,47.07688],[37.19263,46.89442],[36.86456,46.80929],[36.35397,46.7758],[35.85056,46.66439],[35.62433,46.52106],[35.4161,46.49469],[35.21237,46.63714],[35.04637,46.35765],[34.90681,46.27302],[34.69235,46.25313],[34.49565,46.2787],[34.06422,46.26487],[33.83908,46.19305],[34.12726,46.0639],[35.00805,45.61195],[35.0319,45.53427],[34.99001,45.45002],[35.06342,45.3401],[35.31668,45.32118],[35.54622,45.37989],[35.84976,45.44523],[36.32316,45.4397],[36.52105,45.38829],[36.41513,45.27157],[36.36711,45.16148],[36.26475,45.09659],[36.0047,45.04433],[35.86545,45.03112],[35.59956,45.10174],[35.38666,45.08192],[35.06732,44.86172],[34.61416,44.84147],[34.37224,44.75718],[34.13496,44.5375],[34.01372,44.49212],[33.66016,44.52366],[33.3955,44.60049],[33.55938,44.93614],[33.51667,45.12351],[33.39787,45.25268],[33.01349,45.38137],[32.92629,45.38767],[32.64345,45.38063],[32.5753,45.36108],[32.50324,45.4451],[32.90226,45.67258],[33.19165,45.78978],[33.53946,45.87471],[33.63884,45.92677],[33.52795,46.13406],[33.33253,46.16611],[32.51644,46.12558],[32.20217,46.17036],[32.1141,46.21562],[31.92594,46.40993],[32.18879,46.59224],[31.95127,46.86463],[31.78105,46.70186],[31.53773,46.70138],[31.08723,46.63554],[30.83286,46.57659],[30.52046,46.25141],[30.06882,45.8614],[29.72975,45.76999],[29.62951,45.75036]]]]}},{"type":"Feature","properties":{"NAME":"Scotland","ABBREVN":"Scotland","SUBJECTO":"Scotland","BORDERPRECISION":1,"PARTOF":"Scotland"},"geometry":{"type":"MultiPolygon","coordinates":[[[[-3.15253,54.83806],[-3.3087,54.88473],[-3.57668,54.92448],[-3.90768,54.78967],[-4.12161,54.76244],[-4.4607,54.8624],[-4.50027,54.77511],[-4.59991,54.68776],[-4.90252,54.73412],[-5.11142,54.79407],[-5.06665,54.94847],[-4.90999,55.11034],[-4.63836,55.42791],[-4.77052,55.48842],[-4.90776,55.66387],[-4.8951,55.77211],[-4.75843,55.81971],[-4.62329,55.90796],[-4.71072,56.13131],[-4.84837,56.09716],[-5.13463,55.89343],[-5.33355,55.87952],[-5.57017,55.75052],[-5.63306,55.93986],[-5.49702,56.17727],[-5.30011,56.42866],[-5.2707,56.54415],[-5.45825,56.63214],[-5.54658,56.65235],[-5.6445,56.51628],[-5.82168,56.4005],[-6.04355,56.47477],[-5.90896,56.73326],[-5.66593,56.93784],[-5.62529,56.99921],[-5.72634,57.25801],[-5.5616,57.29926],[-5.46064,57.38815],[-5.76297,57.61978],[-5.56846,57.77739],[-5.22997,57.70964],[-5.05559,57.75102],[-5.34593,58.09274],[-4.90713,58.16896],[-5.11271,58.39492],[-4.92556,58.56696],[-4.50985,58.40293],[-4.13889,58.44482],[-3.83055,58.50719],[-3.44054,58.52855],[-3.16501,58.5222],[-3.02839,58.40575],[-3.16637,58.27511],[-3.9432,57.95842],[-4.15046,57.83482],[-4.2485,57.63633],[-4.14843,57.55453],[-3.79582,57.54153],[-3.40082,57.57645],[-3.09264,57.57703],[-2.85398,57.54332],[-2.15036,57.57198],[-1.94463,57.40166],[-2.10781,57.21033],[-2.20316,57.06481],[-2.15895,57.01432],[-2.41314,56.71725],[-2.51475,56.66734],[-2.66714,56.471],[-2.98053,56.35358],[-3.15241,56.33682],[-2.94943,56.25301],[-2.72086,56.17819],[-2.77286,56.17131],[-2.89534,56.0855],[-3.16981,56.06211],[-3.29351,55.97391],[-3.89496,55.98507],[-3.71304,55.8847],[-3.57718,55.8847],[-3.35585,55.84269],[-3.16146,55.84568],[-2.9279,55.94603],[-2.74213,55.95719],[-2.54035,55.8847],[-2.24501,55.81097],[-3.15253,54.83806]]],[[[-5.69817,55.33073],[-5.75568,55.47727],[-5.68866,55.62812],[-5.51784,55.66802],[-5.4824,55.4427],[-5.62034,55.32952],[-5.69817,55.33073]]]]}},{"type":"Feature","properties":{"NAME":"English territory","ABBREVN":"English territory","SUBJECTO":"England","BORDERPRECISION":1,"PARTOF":"England"},"geometry":{"type":"MultiPolygon","coordinates":[[[[-10.49733,52.10165],[-9.96377,52.09211],[-10.29403,51.97763],[-10.21691,51.75835],[-9.83542,51.80326],[-9.79524,51.60463],[-9.81911,51.43455],[-9.24331,51.47263],[-8.84776,51.59982],[-8.56523,51.61545],[-8.15881,51.83964],[-7.86165,51.96809],[-7.75065,52.03271],[-7.37241,52.09211],[-6.96168,52.1112],[-6.8939,52.20665],[-6.61682,52.22066],[-6.48915,52.19436],[-6.40597,52.21444],[-6.3409,52.42706],[-6.23211,52.61333],[-6.07068,52.7666],[-6.04306,52.89309],[-6.17221,53.4392],[-6.33498,53.78598],[-6.4434,53.89938],[-6.34315,53.93964],[-6.20639,53.95675],[-6.07171,53.97359],[-5.91215,54.02738],[-5.73139,54.17487],[-5.66151,54.32225],[-5.79993,54.52289],[-5.76368,54.65699],[-5.78489,54.73742],[-6.01819,55.093],[-6.11652,55.16022],[-6.27926,55.13969],[-6.45431,55.18655],[-6.6452,55.20643],[-6.99682,55.17202],[-7.22549,55.10419],[-7.49783,55.04974],[-7.65728,55.11683],[-7.75623,55.25273],[-8.11832,55.17663],[-8.34538,55.09528],[-8.47625,54.87985],[-8.50374,54.74964],[-8.76004,54.70143],[-8.82936,54.63392],[-8.21148,54.63392],[-8.30058,54.48935],[-8.68673,54.36411],[-8.59008,54.20285],[-9.08584,54.25819],[-9.32291,54.27507],[-9.47429,54.24131],[-9.89197,54.32558],[-10.15968,54.13307],[-10.17854,53.91187],[-9.91285,53.96956],[-9.69648,53.87342],[-9.87239,53.76772],[-9.8096,53.63242],[-10.15143,53.57564],[-10.02107,53.51186],[-10.15983,53.37412],[-9.88481,53.2974],[-9.80292,53.34535],[-9.6167,53.34588],[-9.44067,53.26621],[-9.29736,53.2798],[-9.15816,53.2207],[-9.00167,53.30038],[-8.92358,53.16058],[-8.997,53.12044],[-9.30935,53.11527],[-9.52576,52.90456],[-9.44156,52.83328],[-9.61569,52.63663],[-9.13429,52.6809],[-9.19263,52.55446],[-9.50399,52.54055],[-9.73572,52.48028],[-9.784,52.34071],[-9.80161,52.24108],[-9.89064,52.19443],[-10.46924,52.20665],[-10.49733,52.10165]]],[[[-5.77781,50.13412],[-5.42922,50.06785],[-5.28234,49.96382],[-4.96703,50.21225],[-4.54057,50.35795],[-4.3033,50.32354],[-4.24263,50.39146],[-4.00424,50.31406],[-3.88174,50.2004],[-3.71504,50.21934],[-3.56318,50.36143],[-3.52147,50.61743],[-3.11088,50.65736],[-2.96062,50.7218],[-2.55051,50.57001],[-2.43199,50.64589],[-2.02369,50.57001],[-2.08536,50.70282],[-1.37251,50.76627],[-1.10336,50.81671],[-0.83904,50.7218],[-0.33571,50.81671],[0.19181,50.73128],[0.67257,50.93067],[0.88835,50.89267],[0.88602,50.98189],[1.33496,51.1207],[1.36468,51.3529],[1.18937,51.40547],[1.03007,51.35885],[0.80425,51.37827],[0.25417,51.4536],[0.68622,51.56039],[1.03129,51.81272],[1.51189,52.02576],[1.65687,52.21178],[1.69169,52.31142],[1.58571,52.65004],[1.37593,52.80924],[1.01266,52.88842],[0.74184,52.9012],[0.50467,52.84751],[0.32683,52.70748],[0.0055,52.78667],[0.25087,53.04005],[0.26785,53.12666],[0.17452,53.29306],[0.08102,53.38623],[-0.20366,53.52328],[-0.31922,53.57891],[-0.23488,53.79938],[-0.2955,54.03317],[-0.6048,54.30016],[-0.8706,54.54717],[-1.19206,54.59536],[-1.38889,54.68048],[-1.55562,54.92161],[-1.69599,55.2725],[-1.66598,55.37959],[-1.71901,55.45374],[-1.942,55.55607],[-2.24501,55.81097],[-3.15253,54.83806],[-3.43041,54.64308],[-3.56923,54.41503],[-3.47927,54.2746],[-3.26147,54.14118],[-2.88594,54.16867],[-2.86532,54.02827],[-2.97954,53.82085],[-3.05674,53.51361],[-2.91448,53.26714],[-3.32954,53.23302],[-3.95672,53.20515],[-4.31754,53.09121],[-4.49188,52.99098],[-4.62135,52.83098],[-4.46832,52.8113],[-4.14755,52.8319],[-4.09387,52.74551],[-4.12361,52.37326],[-4.29466,52.20032],[-4.61908,52.09352],[-5.06146,52.00643],[-5.24876,51.86021],[-5.1786,51.78747],[-4.99896,51.7017],[-4.15933,51.67681],[-3.49912,51.45966],[-3.17275,51.46691],[-2.75015,51.64403],[-2.89466,51.39385],[-3.03315,51.32989],[-3.06604,51.17774],[-3.483,51.18111],[-3.82523,51.23478],[-4.28099,51.18724],[-4.27728,51.06367],[-4.44256,50.96866],[-4.55154,50.99716],[-4.60456,50.77875],[-4.81527,50.60417],[-5.01665,50.56052],[-5.23777,50.34629],[-5.77781,50.13412]]],[[[-1.91458,43.30542],[-1.70239,43.19594],[-1.49138,43.20962],[-1.46565,43.15489],[-1.55767,43.04543],[-1.51513,42.99756],[-1.44755,42.98388],[-1.39727,43.03176],[-0.90735,42.8813],[-0.84002,42.90865],[-0.61198,42.73088],[-0.58679,42.76506],[-0.46884,42.75139],[-0.40991,42.78557],[-0.07594,43.27736],[-0.32871,43.47235],[-0.28113,43.99384],[0.04174,43.99384],[0.03771,44.05907],[0.2839,43.99384],[0.43103,44.02391],[0.73377,44.46972],[-0.07183,44.51598],[-0.17808,44.90802],[0.22361,44.97339],[0.68311,45.43133],[0.84907,45.62149],[0.84045,45.61884],[0.82397,45.63901],[0.81573,45.67452],[0.79101,45.69755],[0.71823,45.70906],[0.6427,45.70618],[0.59326,45.69467],[0.55206,45.6726],[0.51086,45.55541],[0.41061,45.47554],[0.35843,45.41388],[0.37903,45.38591],[0.35019,45.28262],[0.29526,45.25846],[0.26367,45.26329],[0.16754,45.22074],[0.0185,45.22068],[0.00687,45.24589],[-0.04257,45.28358],[0.00549,45.32995],[0.03158,45.41581],[-0.00275,45.43701],[-0.03571,45.48228],[-0.10437,45.5179],[-0.19501,45.53233],[-0.27191,45.56503],[-0.39963,45.64285],[-0.44495,45.75507],[-0.42709,45.78093],[-0.39002,45.76752],[-0.29938,45.77806],[-0.3035,45.80391],[-0.28427,45.81253],[-0.25681,45.77806],[-0.17304,45.80104],[-0.18952,45.84602],[-0.12909,45.87854],[-0.11948,45.95497],[-0.24679,46.03286],[-0.29194,46.03286],[-0.36118,45.99124],[-0.39439,46.03286],[-0.71895,46.03286],[-1.17385,46.26489],[-1.21397,46.24928],[-1.16598,46.18368],[-1.0752,46.01462],[-1.23651,45.80004],[-1.2474,45.68815],[-0.8547,45.32145],[-0.72849,45.01864],[-0.81423,45.12184],[-0.90036,45.29391],[-1.12344,45.43162],[-1.17519,45.5005],[-1.27551,45.12873],[-1.33178,44.61383],[-1.23032,44.73041],[-1.13585,44.6001],[-1.31438,44.55896],[-1.56141,43.52443],[-1.74607,43.36016],[-1.91458,43.30542]]],[[[0.95426,45.81487],[1.56913,45.69985],[1.63785,45.80104],[1.63785,45.8457],[1.61911,45.85463],[1.63785,45.87677],[1.63785,45.93878],[1.604,45.92632],[1.55319,45.94829],[1.49414,45.92059],[1.43234,45.94733],[1.27991,45.96738],[1.15768,45.9225],[1.13159,45.86324],[1.10138,45.84794],[1.05331,45.87758],[1.01211,45.87567],[0.98602,45.83454],[0.95426,45.81487]]]]}},{"type":"Feature","properties":{"NAME":"Denmark","ABBREVN":"Denmark","SUBJECTO":"Denmark","BORDERPRECISION":1,"PARTOF":"Denmark"},"geometry":{"type":"MultiPolygon","coordinates":[[[[8.03457,55.47591],[8.21404,55.3986],[8.31897,55.48107],[8.48134,55.34924],[8.55956,55.35612],[8.64507,55.06905],[8.59599,54.76135],[8.74207,54.6078],[8.9506,54.41856],[8.85242,54.33165],[8.55395,54.27544],[8.58073,54.19369],[8.83148,54.22326],[8.82889,54.24176],[8.84005,54.26472],[8.87163,54.26412],[8.99265,54.33204],[8.98218,54.36086],[9.00126,54.37611],[9.0205,54.37873],[9.03986,54.36706],[9.0746,54.36257],[9.09202,54.3699],[9.13071,54.351],[9.1514,54.33419],[9.14281,54.32874],[9.14745,54.3196],[9.15959,54.3176],[9.16307,54.31792],[9.16521,54.31952],[9.16734,54.3183],[9.17204,54.31873],[9.16316,54.32934],[9.17582,54.33468],[9.19659,54.32874],[9.19405,54.31637],[9.21495,54.32613],[9.2244,54.32233],[9.22843,54.3402],[9.21993,54.34635],[9.26285,54.3432],[9.26268,54.33034],[9.27774,54.32353],[9.27126,54.30791],[9.25856,54.30826],[9.28405,54.29008],[9.29006,54.27485],[9.36344,54.28146],[9.36499,54.29289],[9.39353,54.28885],[9.40936,54.26121],[9.42241,54.26357],[9.44293,54.24635],[9.44258,54.23835],[9.44247,54.23833],[9.44868,54.18869],[9.67401,54.18869],[9.73943,54.27591],[9.82665,54.27591],[9.8848,54.2541],[10.14173,54.33675],[10.06493,54.43389],[9.86481,54.4114],[9.97801,54.49015],[9.98669,54.59244],[9.86444,54.72629],[9.61026,54.88004],[9.42102,54.97648],[9.51782,55.12868],[9.51656,55.22307],[9.54387,55.35126],[9.63018,55.45941],[9.70448,55.48347],[9.768,55.467],[9.811,55.437],[9.887,55.342],[9.897,55.28],[10.006,55.193],[10.099,55.188],[10.119,55.179],[10.153,55.133],[10.151,55.122],[10.135,55.117],[10.153,55.084],[10.498,55.029],[10.529,55.029],[10.616,55.061],[10.74,55.067],[10.783,55.122],[10.812,55.186],[10.835,55.294],[10.791,55.363],[10.744,55.497],[10.627,55.617],[10.611,55.617],[10.603,55.607],[10.617,55.564],[10.606,55.486],[10.469,55.437],[10.426,55.439],[10.416,55.453],[10.452,55.482],[10.485,55.532],[10.406,55.586],[10.31,55.617],[10.213,55.599],[10.149,55.574],[10,55.541],[9.905,55.506],[9.856,55.512],[9.838,55.522],[9.835,55.54],[9.824,55.547],[9.73832,55.53443],[9.69007,55.60487],[9.97575,55.62035],[10.00712,55.73039],[10.14715,55.76489],[10.22988,55.95089],[10.17516,56.07587],[10.29345,56.13707],[10.44248,56.1509],[10.49609,56.03363],[10.75067,56.09728],[10.88868,56.36875],[10.82582,56.44329],[10.31376,56.46947],[10.22968,56.60513],[10.21619,56.84985],[9.83462,56.88994],[9.37015,56.88227],[9.32206,56.71894],[9.31187,56.48112],[9.13585,56.46042],[9.0027,56.65716],[8.86858,56.61611],[8.67489,56.35775],[8.45224,56.4116],[8.30883,56.47921],[8.18343,56.43146],[8.12448,56.20748],[8.11661,56.09226],[8.31697,55.84891],[8.32003,55.76773],[8.12507,55.63583],[8.03457,55.47591]]],[[[8.18349,56.79848],[8.47093,56.59689],[8.50712,56.64727],[8.66598,56.70046],[8.77808,56.79848],[8.84702,56.98628],[8.97088,57.0003],[9.07855,57.03676],[9.14124,57.00871],[9.33376,57.02274],[9.503,56.97506],[10.25655,57.00591],[10.33329,57.17146],[10.46284,57.24166],[10.45073,57.45803],[10.40118,57.50588],[10.55806,57.74505],[10.47946,57.75913],[10.39014,57.66059],[10.28952,57.67186],[9.84926,57.58179],[9.44869,57.22761],[9.30242,57.16584],[8.6613,57.1041],[8.53404,57.14058],[8.35887,57.02274],[8.18349,56.79848]]],[[[10.991,54.787],[11.032,54.756],[11.262,54.707],[11.35,54.659],[11.456,54.619],[11.579,54.663],[11.641,54.662],[11.785,54.64],[11.844,54.669],[11.858,54.689],[11.862,54.746],[11.849,54.766],[11.709,54.875],[11.649,54.907],[11.642,54.901],[11.643,54.878],[11.564,54.822],[11.514,54.83],[11.393,54.868],[11.351,54.892],[11.336,54.916],[11.276,54.95],[11.24,54.957],[11.119,54.951],[11.058,54.935],[11.014,54.896],[11.025,54.814],[10.991,54.787]]],[[[11.10192,55.63367],[11.2301,55.33681],[11.2854,55.18857],[11.58478,55.16218],[11.76722,55.176],[11.96961,54.95419],[12.07697,54.99469],[12.30136,55.17028],[12.42972,55.24469],[12.15843,55.37909],[12.4091,55.54833],[12.46922,55.71063],[12.44405,55.96765],[12.23772,55.98757],[12.088,55.96698],[12.05262,55.70308],[11.96249,55.58126],[11.72805,55.66188],[11.56774,55.88478],[11.29626,55.67459],[11.10192,55.63367]]],[[[11.709,54.937],[11.752,54.859],[11.802,54.839],[11.899,54.719],[11.878,54.688],[11.872,54.651],[11.923,54.576],[11.945,54.567],[11.969,54.562],[11.98,54.57],[11.96,54.648],[11.97,54.699],[12.055,54.775],[12.107,54.8],[12.169,54.836],[12.104,54.89],[12.02,54.896],[11.847,54.956],[11.751,54.961],[11.709,54.937]]],[[[11.87662,57.32521],[12.00514,57.32521],[12.28862,56.87986],[12.52603,56.7804],[12.65748,56.61084],[12.78586,56.61668],[12.87158,56.51152],[12.80481,56.4012],[12.61544,56.43561],[12.65238,56.29553],[12.41441,56.24304],[12.69901,55.9051],[12.98587,55.66658],[12.85931,55.53292],[12.88756,55.45161],[12.80192,55.41677],[12.80237,55.35291],[13.30185,55.3007],[13.8233,55.42182],[14.1172,55.34711],[14.28635,55.51549],[14.12602,55.66658],[14.25893,55.89928],[14.49183,56.01804],[14.60523,55.98078],[14.65289,56.12062],[15.2208,56.08036],[15.49704,56.16724],[15.69623,56.06096],[15.77054,56.03321],[16.06315,56.39624],[15.42699,56.76574],[14.48498,56.6801],[14.17541,56.8128],[13.43245,56.52387],[13.22607,57.10173],[12.89586,56.97791],[12.73076,57.43194],[12.52438,57.39066],[12.318,57.67959],[11.87662,57.32521]]],[[[13.117,54.339],[13.156,54.306],[13.25,54.258],[13.319,54.249],[13.393,54.221],[13.429,54.238],[13.426,54.252],[13.413,54.265],[13.357,54.26],[13.359,54.275],[13.508,54.343],[13.689,54.348],[13.713,54.321],[13.711,54.297],[13.696,54.281],[13.715,54.272],[13.731,54.276],[13.744,54.331],[13.714,54.378],[13.676,54.401],[13.617,54.404],[13.584,54.442],[13.576,54.462],[13.585,54.483],[13.675,54.526],[13.677,54.565],[13.634,54.586],[13.456,54.573],[13.407,54.589],[13.391,54.607],[13.383,54.639],[13.442,54.671],[13.43,54.682],[13.263,54.667],[13.225,54.64],[13.245,54.559],[13.311,54.573],[13.375,54.61],[13.384,54.578],[13.426,54.57],[13.459,54.551],[13.503,54.55],[13.517,54.513],[13.503,54.493],[13.484,54.484],[13.447,54.489],[13.378,54.558],[13.367,54.58],[13.304,54.55],[13.147,54.546],[13.167,54.513],[13.232,54.486],[13.229,54.465],[13.165,54.434],[13.208,54.428],[13.239,54.411],[13.268,54.383],[13.223,54.369],[13.134,54.372],[13.117,54.339]]],[[[14.68,55.1],[14.747,55.065],[14.942,55.013],[15.043,54.995],[15.077,55.001],[15.103,55.021],[15.148,55.082],[15.149,55.129],[15.134,55.144],[15.065,55.162],[14.887,55.229],[14.825,55.257],[14.799,55.282],[14.77,55.306],[14.744,55.292],[14.699,55.215],[14.68,55.1]]],[[[23.948,59.16888],[24.52042,58.7085],[25.31315,59.1517],[26.4582,59.11781],[26.54629,58.66272],[27.66329,58.95606],[27.70204,59.2975],[27.26509,59.33804],[26.99902,59.31773],[26.8619,59.37175],[26.34326,59.44665],[25.72112,59.45984],[25.48999,59.42004],[25.44879,59.49396],[25.24829,59.3618],[24.75122,59.44846],[24.71381,59.35183],[24.57092,59.37433],[24.53757,59.32341],[24.34157,59.36888],[24.28195,59.28414],[24.02956,59.23542],[24.03211,59.17574],[23.948,59.16888]]]]}},{"type":"Feature","properties":{"NAME":"Holy Roman Empire","ABBREVN":"Holy Roman E","SUBJECTO":"Holy Roman Empire","BORDERPRECISION":1,"PARTOF":"Holy Roman Empire"},"geometry":{"type":"MultiPolygon","coordinates":[[[[1.79618,50.92141],[1.80145,50.79945],[1.84193,50.77881],[1.80372,50.74699],[1.81704,50.43876],[1.82236,50.45007],[1.86029,50.47799],[1.89282,50.48018],[1.90407,50.50164],[1.94801,50.51048],[1.96827,50.52352],[2.03273,50.52227],[2.042,50.53073],[2.03582,50.5816],[1.98217,50.60503],[1.9384,50.64641],[1.93797,50.66007],[1.98483,50.69803],[1.94046,50.7095],[1.91711,50.72494],[1.92535,50.73005],[2.0311,50.71168],[2.05238,50.72037],[2.05856,50.74037],[2.03075,50.75335],[1.98775,50.75617],[1.95385,50.78716],[1.99488,50.79726],[2.01539,50.79123],[2.01678,50.80607],[2.1104,50.9848],[2.12343,50.97443],[2.12173,50.97745],[2.07926,51.00883],[2.07821,51.01146],[2.03033,51.00666],[1.79618,50.92141]]],[[[1.81826,50.41038],[1.82195,50.32511],[1.89926,50.30162],[1.90689,50.30661],[1.88725,50.31396],[1.87609,50.32941],[1.85308,50.34349],[1.84373,50.34119],[1.83283,50.34979],[1.85051,50.36561],[1.8457,50.38981],[1.82819,50.40912],[1.81826,50.41038]]],[[[1.98662,50.17864],[1.99402,50.17954],[1.98715,50.13863],[2.0153,50.14479],[2.0311,50.16063],[2.06543,50.15579],[2.08534,50.12674],[2.15332,50.14391],[2.18314,50.07787],[2.40091,50.19666],[2.45071,50.18836],[2.45304,50.19031],[2.44978,50.22327],[2.43708,50.23008],[2.40555,50.22688],[2.39502,50.22525],[2.39365,50.22567],[2.26507,50.21261],[2.20259,50.21942],[2.17289,50.21503],[2.12671,50.22503],[2.08006,50.24835],[2.05994,50.22261],[2.0105,50.22832],[1.98662,50.2113],[1.98662,50.17864]]],[[[2.10016,50.06536],[2.13455,50.06044],[2.12929,50.06684],[2.10251,50.06816],[2.10016,50.06536]]],[[[2.70728,50.12346],[2.76487,50.07164],[2.77576,50.10715],[2.70779,50.12674],[2.70728,50.12346]]],[[[2.79352,50.04585],[2.90727,49.94348],[3.48268,49.92046],[3.82033,50.03945],[4.25522,49.88724],[4.36379,49.86854],[4.42885,49.86854],[4.58266,49.83666],[4.84633,49.8402],[4.85732,49.80831],[4.84317,49.78597],[5.36113,49.69676],[5.55106,49.52492],[5.55787,49.52856],[5.5944,49.5211],[5.61106,49.50598],[5.622,49.53441],[5.66127,49.55318],[5.70362,49.5392],[5.74874,49.53992],[5.75831,49.56139],[5.7431,49.57789],[5.75375,49.59291],[5.78585,49.59291],[5.82533,49.57293],[5.84953,49.57516],[5.87185,49.54916],[5.83443,49.52548],[5.8638,49.50112],[5.94145,49.50064],[5.97382,49.48913],[5.96871,49.48585],[5.97397,49.4666],[5.98807,49.46129],[5.98197,49.45107],[6.00123,49.4565],[6.04163,49.44789],[6.03716,49.42426],[6.01347,49.4179],[6.01004,49.40304],[6.02188,49.39388],[6.01175,49.36863],[5.98317,49.37712],[5.95579,49.36175],[5.96154,49.34749],[5.98695,49.34017],[6.03175,49.34481],[6.0472,49.33732],[6.03407,49.3287],[6.0351,49.31707],[6.04694,49.31567],[6.04557,49.3099],[6.10016,49.31192],[6.09638,49.28684],[6.10771,49.25817],[6.09741,49.24517],[6.11732,49.23598],[6.13638,49.24035],[6.13947,49.22231],[6.13054,49.21345],[6.11904,49.21984],[6.06789,49.2139],[6.06952,49.19881],[6.12162,49.19797],[6.12247,49.18384],[6.14376,49.18204],[6.14393,49.16543],[6.1199,49.16218],[6.1314,49.15196],[6.12471,49.14758],[6.08574,49.14769],[6.06377,49.15987],[6.0684,49.17907],[6.03682,49.17362],[6.01227,49.15454],[5.98901,49.15538],[5.99665,49.14859],[5.98433,49.14166],[5.99098,49.13568],[5.96831,49.10863],[6.00574,49.11355],[6.00952,49.10523],[5.9903,49.09163],[5.93536,49.08848],[5.94395,49.07207],[5.97862,49.07049],[5.98068,49.07836],[6.00626,49.07701],[6.00506,49.08444],[6.02016,49.07499],[6.03012,49.0534],[6.05999,49.0498],[6.07441,49.05745],[6.0878,49.04034],[6.08746,49.02729],[6.06445,48.99903],[6.06505,48.98095],[6.08134,48.96305],[6.08119,48.94545],[6.12084,48.94409],[6.12359,48.94962],[6.13209,48.93462],[6.16101,48.9291],[6.1659,48.91269],[6.12453,48.90467],[6.14445,48.88933],[6.12213,48.8812],[6.08471,48.89204],[6.06239,48.88368],[6.06548,48.87443],[6.08196,48.87465],[6.02875,48.84777],[6.02686,48.81122],[6.00763,48.8046],[6.0169,48.79923],[6.01733,48.77373],[5.99785,48.77118],[5.98025,48.7808],[5.95081,48.75347],[5.91313,48.77011],[5.90378,48.76818],[5.91116,48.75777],[5.87975,48.752],[5.86533,48.77475],[5.88696,48.78097],[5.88575,48.78764],[5.8649,48.80124],[5.83428,48.77828],[5.8388,48.77515],[5.8497,48.77565],[5.84881,48.76822],[6.0152,48.65303],[5.94562,48.34687],[6.23786,48.29121],[6.25177,47.95721],[6.09869,48.0268],[6.05695,47.95721],[5.95953,47.98505],[5.95953,47.90868],[5.97296,47.90719],[5.98446,47.89477],[5.95953,47.88464],[5.95953,47.80413],[5.82037,47.73455],[5.91778,47.59539],[5.79254,47.51189],[5.77862,47.35881],[5.73687,47.23356],[5.66729,47.10832],[5.79387,46.99724],[5.75702,46.88667],[5.64644,46.84981],[5.62554,46.64908],[5.73966,46.59783],[5.72493,46.47999],[5.64572,46.45672],[5.41559,46.52418],[5.4051,46.50949],[5.42313,46.50111],[5.39978,46.4666],[5.37998,46.47433],[5.26828,46.31795],[5.53343,46.097],[5.53343,46.00861],[5.35667,46.0528],[5.35667,45.87604],[5.60708,45.84658],[5.82336,45.39624],[5.93454,45.32212],[5.94689,45.26036],[6.05807,45.2233],[6.03336,45.33448],[6.08278,45.37154],[6.14454,45.32212],[6.21866,45.34683],[6.26807,45.32212],[6.24337,45.29742],[6.28043,45.19859],[6.50732,45.11571],[6.66532,44.95452],[6.9426,44.86865],[7.00347,44.71954],[6.92469,44.71502],[6.78292,44.54787],[6.78471,44.54378],[6.8389,44.60856],[6.85461,44.61491],[6.8583,44.62951],[6.88199,44.63055],[6.91555,44.66005],[6.94825,44.6545],[6.96283,44.67808],[6.98974,44.69038],[7.02877,44.69169],[7.0771,44.68163],[7.06535,44.71383],[7.12085,44.7259],[7.12921,44.73904],[7.14918,44.74308],[7.21664,44.71454],[7.26381,44.71548],[7.28816,44.70565],[7.31077,44.68438],[7.33646,44.68086],[7.34076,44.70589],[7.42607,44.72454],[7.45107,44.73922],[7.44777,44.75528],[7.47826,44.75819],[7.46933,44.65742],[7.50847,44.65009],[7.50023,44.62371],[7.43568,44.56161],[7.42538,44.52491],[7.38144,44.52882],[7.35741,44.50336],[7.37595,44.46662],[7.37732,44.39013],[7.43019,44.39896],[7.45422,44.33367],[7.40959,44.32139],[7.33131,44.27176],[7.27982,44.28699],[7.22282,44.28601],[7.19742,44.2752],[7.14935,44.19008],[7.12601,44.17531],[7.02988,44.22454],[6.96396,44.23831],[6.96121,44.28552],[6.91864,44.33858],[6.88019,44.36019],[6.8639,44.36262],[6.86978,44.34917],[6.78691,44.29681],[6.78691,44.19799],[6.83632,44.11151],[6.88573,44.14857],[6.93514,44.13622],[6.9722,44.0621],[6.99691,44.04975],[6.92279,43.97563],[6.95985,43.91386],[6.88573,43.90151],[6.92279,43.81504],[7.35515,43.90151],[7.39712,43.76409],[7.50915,43.83847],[7.50776,43.84184],[7.49591,43.85338],[7.49806,43.87185],[7.51009,43.88203],[7.55905,43.89718],[7.57936,43.89083],[7.58453,43.87262],[7.5854,43.87214],[7.68912,43.88705],[7.72933,43.89783],[7.72751,43.90432],[7.74261,43.90977],[7.75875,43.94253],[7.75173,43.95797],[7.67016,43.99849],[7.66162,44.02232],[7.6654,44.03108],[7.70292,44.0434],[7.71175,44.06064],[7.72761,44.05979],[7.73608,44.07623],[7.75451,44.08546],[7.73284,44.08351],[7.71458,44.10663],[7.72579,44.12618],[7.76473,44.14392],[7.81483,44.12399],[7.88154,44.11373],[7.88393,44.10588],[7.92601,44.1118],[7.94252,44.10059],[7.97128,44.11279],[8.00658,44.10232],[8.01225,44.11103],[8.00269,44.11663],[8.0126,44.12012],[7.97963,44.13846],[8.01401,44.15582],[8.04293,44.14283],[8.06731,44.14469],[8.09073,44.17314],[8.151,44.16472],[8.18756,44.18405],[8.1769,44.18863],[8.17888,44.20199],[8.17026,44.21421],[8.14819,44.20636],[8.07592,44.20412],[8.06826,44.22749],[8.07736,44.23458],[8.06316,44.25337],[8.10173,44.2811],[8.15617,44.272],[8.21177,44.32459],[8.22329,44.32285],[8.23466,44.30556],[8.23228,44.29523],[8.25461,44.2998],[8.26738,44.35246],[8.28865,44.36692],[8.31794,44.34349],[8.31648,44.32667],[8.27178,44.31815],[8.27074,44.3023],[8.24781,44.27262],[8.27215,44.27228],[8.30527,44.25671],[8.31305,44.26241],[8.33761,44.29901],[8.33897,44.31992],[8.35537,44.33206],[8.34394,44.35061],[8.37691,44.4077],[8.44443,44.43873],[8.46392,44.469],[8.46098,44.49278],[8.44841,44.49866],[8.45104,44.50332],[8.44653,44.49877],[8.41743,44.51283],[8.39915,44.50095],[8.39407,44.47909],[8.35849,44.46494],[8.35005,44.48481],[8.32399,44.48764],[8.30255,44.50326],[8.27188,44.50644],[8.26157,44.51944],[8.1134,44.49063],[8.04336,44.39749],[7.96921,44.42299],[7.91427,44.45829],[7.9129,44.55525],[7.87857,44.63935],[7.91839,44.70576],[8.00766,44.73308],[8.02826,44.79938],[7.93487,44.86998],[7.93213,44.92349],[7.98294,45.02355],[8.05847,45.07207],[8.02963,45.13071],[7.95135,45.19559],[8.0698,45.1997],[8.09383,45.24855],[8.12782,45.25652],[8.52745,45.24395],[8.55534,45.15727],[8.58008,45.15269],[8.5917,45.13134],[8.61367,45.12699],[8.60848,45.10838],[8.6459,45.07489],[8.63691,45.06652],[8.64697,45.05465],[8.63811,45.04931],[8.64131,45.04405],[8.56316,44.93272],[8.56247,44.84565],[8.57689,44.72283],[8.60318,44.64298],[8.61771,44.65084],[8.663,44.656],[8.67452,44.64011],[8.67199,44.62078],[8.68452,44.61076],[8.67285,44.5967],[8.69718,44.57973],[8.72462,44.57862],[8.73894,44.55023],[8.7487,44.55015],[8.75216,44.52552],[8.76477,44.52966],[8.77119,44.48947],[8.7857,44.48754],[8.79986,44.5023],[8.79763,44.52538],[8.82827,44.54579],[8.82151,44.54752],[8.82574,44.55883],[8.81824,44.57115],[8.80378,44.58005],[8.80675,44.59671],[8.79393,44.61786],[8.81978,44.64017],[8.78934,44.66395],[8.78061,44.68302],[8.76279,44.69122],[8.77087,44.71625],[8.78803,44.71356],[8.79313,44.72329],[8.75974,44.74563],[8.72193,44.793],[8.73067,44.80492],[8.74409,44.80693],[8.75875,44.80047],[8.76559,44.78513],[8.79769,44.78275],[8.83027,44.8042],[8.84712,44.79828],[8.84687,44.76136],[8.8251,44.73078],[8.82749,44.71648],[8.84555,44.69489],[8.87215,44.70527],[8.89834,44.69798],[8.94448,44.70831],[8.94814,44.70085],[8.98822,44.71538],[9.00363,44.70909],[9.01943,44.71625],[9.02149,44.72893],[9.00381,44.7434],[9.0076,44.74961],[9.02911,44.74972],[9.07809,44.72177],[9.12789,44.72752],[9.16556,44.69259],[9.20032,44.6864],[9.24295,44.68667],[9.23204,44.70161],[9.23637,44.71498],[9.25974,44.67988],[9.36633,44.69043],[9.40439,44.64192],[9.39614,44.60997],[9.4172,44.59633],[9.42103,44.57359],[9.40867,44.56002],[9.48029,44.56297],[9.5052,44.52934],[9.49622,44.48297],[9.46912,44.48142],[9.47134,44.46864],[9.45767,44.44248],[9.43869,44.4293],[9.44292,44.41655],[9.46395,44.42477],[9.47903,44.40926],[9.49468,44.42362],[9.54094,44.42563],[9.55845,44.43863],[9.58491,44.42932],[9.60573,44.43488],[9.63827,44.41453],[9.65538,44.41231],[9.67506,44.36407],[9.69937,44.36637],[9.71887,44.35492],[9.72946,44.32833],[9.7556,44.32081],[9.78073,44.29412],[9.74765,44.25357],[9.75937,44.23415],[9.75445,44.21967],[9.76537,44.21202],[9.76277,44.20614],[9.80225,44.20574],[9.82096,44.22474],[9.82476,44.19796],[9.85247,44.19694],[9.86608,44.18337],[9.89121,44.20781],[9.90868,44.20848],[9.9149,44.19932],[9.93269,44.19604],[9.89215,44.16733],[9.97412,44.16682],[9.98077,44.14342],[9.97465,44.13755],[9.99506,44.11896],[9.99358,44.10462],[9.98356,44.09923],[9.99339,44.09269],[10.00512,44.1106],[10.02837,44.11903],[10.05815,44.10805],[10.07091,44.09308],[10.03194,44.06396],[10.0055,44.02348],[10.13675,43.90477],[10.20521,43.81714],[10.18357,43.87085],[10.16659,43.8927],[10.22181,43.91613],[10.2788,43.96171],[10.27586,43.95664],[10.35584,43.97511],[10.34976,43.98504],[10.36388,43.99367],[10.3913,44.00084],[10.41765,43.99149],[10.46705,44.00183],[10.47287,44.01138],[10.46075,44.02235],[10.46721,44.02781],[10.44666,44.03478],[10.4277,44.02378],[10.409,44.05216],[10.43608,44.07432],[10.44729,44.07032],[10.46162,44.04607],[10.48295,44.03678],[10.49688,44.04047],[10.51074,44.06199],[10.52997,44.07408],[10.54464,44.10651],[10.5734,44.11994],[10.60352,44.11403],[10.62464,44.12056],[10.64597,44.10623],[10.66536,44.10956],[10.70661,44.09307],[10.72274,44.08197],[10.72053,44.04215],[10.73596,44.03824],[10.74497,44.00979],[10.72678,43.98405],[10.70669,43.9838],[10.68867,43.99454],[10.67505,43.98507],[10.70952,43.95514],[10.70485,43.94272],[10.66154,43.92732],[10.65842,43.91641],[10.67275,43.86975],[10.64847,43.86216],[10.65125,43.85403],[10.63588,43.83081],[10.67142,43.81545],[10.6451,43.79487],[10.62311,43.75691],[10.65501,43.80245],[10.68774,43.8052],[10.72794,43.76322],[10.77566,43.7371],[10.79348,43.71898],[10.8659,43.73041],[10.90726,43.68012],[10.91057,43.65128],[10.88937,43.62796],[10.82892,43.62273],[10.81969,43.61344],[10.83635,43.58415],[10.83523,43.53124],[10.8438,43.49911],[10.86048,43.472],[10.88537,43.45991],[10.95212,43.45223],[10.99523,43.40388],[11.00686,43.36892],[10.99813,43.34722],[10.96039,43.33305],[11.19404,43.41689],[11.05568,43.57815],[10.93159,43.65339],[10.87887,43.76502],[11.10409,43.81818],[11.16005,43.90482],[11.10392,43.93548],[11.12795,44.01924],[11.3269,43.97997],[11.41183,43.9909],[11.57272,43.88998],[11.43368,43.75659],[11.55933,43.62216],[11.61461,43.52652],[11.40931,43.43796],[11.79876,43.20327],[11.80979,43.18703],[11.80275,43.16788],[11.67864,43.00389],[11.66217,42.99345],[11.27884,42.89005],[11.1628,42.90917],[11.02444,43.22194],[10.99462,43.25317],[10.99264,43.25969],[10.98891,43.2399],[10.98097,43.23463],[10.93527,43.24048],[10.92929,43.23206],[10.93408,43.20256],[10.91229,43.1741],[10.91165,43.16256],[10.84184,43.15254],[10.80082,43.15983],[10.78053,43.1442],[10.94307,43.1283],[10.99045,43.10888],[10.99337,43.09146],[10.9786,43.07353],[10.94751,43.05686],[10.97242,42.97979],[10.96539,42.96032],[10.93929,42.95856],[10.89363,42.9715],[10.84655,42.96782],[10.87095,42.96813],[10.99937,42.85722],[10.99663,42.8323],[10.89222,42.72606],[11.10476,42.54908],[11.20138,42.50657],[11.20683,42.5071],[11.227,42.49906],[11.23442,42.49203],[11.49737,42.37635],[11.96013,42.00737],[12.01993,42.0987],[12.00333,42.24814],[12.06975,42.29795],[12.05314,42.53041],[12.16937,42.63004],[12.15277,42.69645],[12.18598,42.91231],[12.16937,42.91231],[12.15277,43.06175],[12.21919,43.22779],[12.30221,43.2776],[12.30221,43.34402],[12.69723,43.93476],[12.34508,44.30104],[12.28073,44.55012],[12.27358,44.67264],[12.47604,44.78709],[12.52309,44.88275],[12.40899,44.98901],[12.32214,45.04237],[12.31251,45.17829],[12.17619,45.21429],[11.97067,45.43624],[12.14482,45.76277],[12.64549,45.91514],[13.08086,45.98045],[13.3677,45.69449],[13.43773,45.63843],[13.56461,45.72652],[13.67318,45.71451],[13.79998,45.56637],[13.99513,45.45801],[13.95159,45.3927],[13.79921,45.30563],[13.90806,44.97911],[14.17461,45.01039],[14.23862,45.06235],[14.35449,45.32289],[14.52667,45.783],[14.79847,45.86455],[14.88001,45.48402],[15.42362,45.42966],[15.46982,45.73408],[16.12215,45.58187],[16.20913,45.73408],[16.07866,45.88629],[16.20913,46.14722],[16.44832,46.10373],[16.53529,46.36466],[16.29611,46.40815],[16.51355,46.62559],[16.44832,46.7778],[16.44832,46.93001],[16.55704,47.06048],[16.55704,47.19095],[16.64402,47.29967],[16.55704,47.49537],[16.62227,47.73455],[16.79622,47.84327],[17.40778,47.82153],[17.46214,48.06615],[17.21752,48.06615],[17.19034,48.44668],[17.30823,48.82],[17.02969,48.74702],[17.01655,48.72998],[16.99779,48.72272],[17.00469,48.71496],[16.99543,48.70442],[17.0033,48.6985],[16.99302,48.69778],[16.99809,48.69044],[16.98274,48.6901],[16.97358,48.67067],[16.97305,48.6805],[16.9672,48.66696],[16.97186,48.64628],[16.95832,48.63928],[16.96356,48.63055],[16.93242,48.60162],[16.94482,48.58776],[16.93276,48.58004],[16.94178,48.57101],[16.93272,48.55897],[16.94478,48.56042],[16.94075,48.55187],[16.94899,48.54278],[16.94315,48.53852],[16.9498,48.53619],[16.93568,48.52678],[16.94495,48.52232],[16.92886,48.51322],[16.90732,48.5149],[16.9177,48.49653],[16.89011,48.49207],[16.89624,48.48564],[16.88917,48.47609],[16.87957,48.47716],[16.85939,48.45804],[16.86392,48.45383],[16.84977,48.44885],[16.84738,48.43037],[16.86208,48.42065],[16.84974,48.41291],[16.85288,48.40154],[16.84661,48.40193],[16.85552,48.39817],[16.8505,48.38799],[16.85588,48.38395],[16.83378,48.37911],[16.84745,48.34851],[16.87202,48.34905],[16.86938,48.33986],[16.9077,48.32316],[16.90017,48.31373],[16.90553,48.31074],[16.88912,48.30693],[16.90146,48.29964],[16.89693,48.29402],[16.92334,48.27195],[16.94884,48.27524],[16.95814,48.26386],[16.94609,48.23635],[16.97536,48.18486],[16.97521,48.17194],[16.9622,48.16939],[17.00823,48.15229],[17.01688,48.14673],[17.01778,48.13301],[17.02866,48.12896],[17.0563,48.13125],[17.05087,48.1404],[17.05736,48.14178],[17.06752,48.12351],[17.06391,48.10984],[17.04151,48.10177],[17.03596,48.08428],[17.00233,48.0927],[17.02907,48.09987],[17.01988,48.10565],[17.00469,48.09872],[16.99491,48.10875],[16.97568,48.10588],[16.97182,48.09545],[17.01647,48.07469],[16.98152,48.02488],[16.97019,48.02702],[16.97207,48.03941],[16.91967,48.05086],[16.9189,48.06572],[16.89384,48.07404],[16.87297,48.07191],[16.84691,48.05425],[16.8312,48.03825],[16.83661,48.0318],[16.80252,48.02888],[16.75412,48.01213],[16.70124,48.00997],[16.69982,47.96682],[16.65948,47.96096],[16.65236,47.94935],[16.63382,47.94556],[16.63201,47.92969],[16.57382,47.88613],[16.51376,47.9427],[16.44825,47.93371],[16.41905,47.91316],[16.42445,47.91155],[16.42023,47.89508],[16.40958,47.89249],[16.41521,47.88913],[16.4089,47.88092],[16.40038,47.87594],[16.3889,47.88154],[16.3483,47.86705],[16.38808,47.84251],[16.37714,47.82736],[16.35201,47.81892],[16.34688,47.80446],[16.31562,47.78456],[16.30797,47.79251],[16.30796,47.80327],[16.31478,47.80468],[16.27676,47.80938],[16.2688,47.7911],[16.3038,47.78428],[16.29375,47.76829],[16.29547,47.72362],[16.31264,47.6885],[16.34903,47.67972],[16.36688,47.64828],[16.37031,47.62283],[16.35006,47.61727],[16.31126,47.54571],[16.33942,47.52277],[16.33341,47.50491],[16.31126,47.48879],[16.31573,47.48496],[16.29736,47.4787],[16.30577,47.4744],[16.30199,47.46744],[16.25676,47.45119],[16.22389,47.42727],[16.17179,47.42238],[16.14338,47.439],[16.13274,47.45247],[16.14098,47.46129],[16.11969,47.47893],[16.11454,47.49818],[16.11969,47.507],[16.11111,47.52392],[16.09737,47.52392],[16.09188,47.50723],[16.08124,47.507],[16.07986,47.49958],[16.06647,47.50306],[16.05686,47.48612],[16.02562,47.51488],[15.91352,47.52995],[15.90322,47.54282],[15.90477,47.5624],[15.87404,47.57305],[15.84877,47.56714],[15.84452,47.58614],[15.86203,47.61311],[15.85688,47.61993],[15.84349,47.61704],[15.82237,47.63717],[15.7798,47.64249],[15.74564,47.63162],[15.74246,47.64232],[15.72452,47.64631],[15.72882,47.6662],[15.71371,47.69682],[15.71663,47.71346],[15.6974,47.71346],[15.67955,47.69913],[15.67062,47.70999],[15.63646,47.71484],[15.60732,47.7523],[15.51424,47.74654],[15.50969,47.75271],[15.51681,47.76148],[15.5072,47.76795],[15.44961,47.77291],[15.43991,47.79067],[15.41038,47.7845],[15.4018,47.81442],[15.3406,47.82797],[15.29889,47.82053],[15.2867,47.78946],[15.21735,47.79574],[15.20001,47.75364],[15.13882,47.76171],[15.13255,47.74787],[15.08861,47.7414],[15.07118,47.7459],[15.08586,47.76108],[15.06638,47.78225],[15.03445,47.75271],[14.99737,47.74134],[14.97265,47.74377],[14.92724,47.71034],[14.8772,47.71617],[14.86038,47.74163],[14.83978,47.73367],[14.83343,47.74383],[14.81987,47.74486],[14.76631,47.72639],[14.73404,47.7515],[14.69636,47.76523],[14.64387,47.72729],[14.60332,47.72971],[14.58311,47.71877],[14.53195,47.71375],[14.51659,47.68174],[14.48607,47.68134],[14.43732,47.65267],[14.39793,47.65255],[14.39518,47.63798],[14.33853,47.61959],[14.3248,47.60663],[14.25536,47.61276],[14.22352,47.64134],[14.2321,47.65013],[14.20524,47.65255],[14.18198,47.63925],[14.0661,47.61577],[14.04636,47.62664],[14.05598,47.66758],[14.00963,47.70087],[13.98319,47.69752],[13.95229,47.70999],[13.91968,47.70514],[13.90388,47.71727],[13.86148,47.72651],[13.85033,47.71484],[13.7772,47.71461],[13.75488,47.70052],[13.74948,47.68775],[13.73343,47.68515],[13.73669,47.67383],[13.70596,47.66469],[13.6924,47.62109],[13.69978,47.59957],[13.69454,47.57931],[13.736,47.57687],[13.7554,47.5529],[13.75686,47.54502],[13.74699,47.54409],[13.7608,47.52016],[13.72149,47.50972],[13.68278,47.51651],[13.64648,47.51088],[13.60897,47.47504],[13.5856,47.47474],[13.51559,47.49621],[13.47844,47.52611],[13.47977,47.56926],[13.50563,47.58324],[13.50632,47.60315],[13.52172,47.61998],[13.51421,47.63116],[13.48977,47.63007],[13.48469,47.6411],[13.50985,47.67516],[13.53051,47.68193],[13.55006,47.7139],[13.48563,47.72212],[13.43605,47.73859],[13.44632,47.77187],[13.46519,47.78633],[13.5143,47.77204],[13.53551,47.77585],[13.53885,47.7834],[13.52914,47.79759],[13.60313,47.7324],[13.62442,47.73401],[13.63951,47.72005],[13.65978,47.72974],[13.65961,47.73782],[13.73394,47.77648],[13.72896,47.78294],[13.79196,47.8218],[13.79934,47.85141],[13.78647,47.89551],[13.8026,47.91876],[13.79642,47.93314],[13.81496,47.95429],[13.80604,47.96096],[13.80878,47.9905],[13.79248,48.00302],[13.82097,48.03],[13.822,48.03953],[13.8438,48.05232],[13.83642,48.06982],[13.85865,48.08668],[13.87856,48.08886],[13.87093,48.10147],[13.88123,48.13058],[14.011,48.19218],[14.08104,48.20729],[14.20052,48.25623],[14.25407,48.26034],[14.33553,48.29833],[14.31999,48.32202],[14.27155,48.30511],[14.22426,48.30931],[14.18755,48.33144],[14.11989,48.30901],[14.06491,48.31983],[14.02367,48.34047],[14.02994,48.37626],[13.99881,48.41542],[13.98492,48.42176],[13.95635,48.41733],[13.94198,48.40339],[13.92535,48.42132],[13.91903,48.44884],[13.90879,48.45461],[13.88695,48.44501],[13.85836,48.45026],[13.85431,48.4421],[13.87324,48.43221],[13.86065,48.42741],[13.74432,48.49287],[13.72709,48.51302],[13.71456,48.51211],[13.72021,48.5062],[13.70004,48.47884],[13.70424,48.47554],[13.69553,48.47218],[13.67661,48.48441],[13.67952,48.49067],[13.65377,48.50353],[13.63678,48.52843],[13.64313,48.539],[13.6385,48.54389],[13.65734,48.54429],[13.65414,48.54865],[13.5973,48.56957],[13.57262,48.56051],[13.51557,48.59083],[13.50459,48.5867],[13.50413,48.57243],[13.4746,48.56228],[13.47542,48.55616],[13.44996,48.56393],[13.43645,48.55264],[13.45722,48.51149],[13.44745,48.49436],[13.43473,48.49704],[13.40967,48.47645],[13.38667,48.47349],[13.38306,48.48703],[13.36178,48.48817],[13.36246,48.5307],[13.38959,48.54161],[13.40075,48.56741],[13.43782,48.56559],[13.44967,48.57576],[13.4077,48.57797],[13.3847,48.59529],[13.26668,48.60811],[13.26599,48.64403],[13.24162,48.65469],[13.23441,48.67147],[13.23784,48.68597],[13.27148,48.69436],[13.30753,48.67963],[13.34187,48.67577],[13.34839,48.68915],[13.36727,48.68824],[13.37208,48.67033],[13.38135,48.67033],[13.39027,48.68235],[13.43697,48.67691],[13.45053,48.6879],[13.45499,48.71792],[13.42461,48.75562],[13.44933,48.79035],[13.44006,48.81026],[13.44864,48.81772],[13.44692,48.83128],[13.46065,48.8315],[13.47027,48.84303],[13.44898,48.84823],[13.45345,48.85636],[13.50735,48.86268],[13.52245,48.87939],[13.52348,48.89768],[13.507,48.92318],[13.51481,48.93699],[13.50586,48.95991],[13.51154,48.96896],[13.52471,48.9693],[13.52501,48.98506],[13.35848,48.98506],[13.11297,49.25001],[12.78024,49.31629],[12.457,49.06203],[12.45506,49.04912],[12.43378,49.04552],[12.42279,49.03202],[12.43996,49.0077],[12.42725,48.98056],[12.40614,48.98179],[12.39309,48.97334],[12.39103,48.98044],[12.38245,48.97954],[12.36889,48.97109],[12.33507,48.97616],[12.32786,48.98517],[12.34486,48.99734],[12.32031,49.01423],[12.26744,49.01074],[12.26684,49.01127],[11.92364,48.93348],[11.93665,48.92205],[11.93974,48.90761],[11.95158,48.90417],[11.97063,48.90812],[11.97063,48.91833],[11.99364,48.93023],[12.0005,48.90953],[12.01046,48.90569],[12.08067,48.89971],[12.11123,48.90625],[12.14521,48.88944],[12.13783,48.87623],[12.02951,48.88481],[12.00617,48.87533],[11.96943,48.8856],[11.94077,48.88199],[11.92532,48.88899],[11.92592,48.91122],[11.89613,48.90733],[11.85468,48.91511],[11.83309,48.89852],[11.84051,48.87759],[11.86798,48.87714],[11.92635,48.8245],[11.9648,48.82947],[11.99158,48.8141],[12.01836,48.81048],[12.01904,48.79013],[12.03072,48.78741],[12.03552,48.79691],[12.05543,48.78108],[12.05337,48.77429],[12.06505,48.77158],[12.06505,48.76388],[12.00806,48.758],[11.98746,48.7331],[11.95244,48.74713],[11.93802,48.734],[11.95862,48.72404],[11.94832,48.70864],[11.92497,48.70999],[11.91399,48.71679],[11.91536,48.72494],[11.89682,48.72177],[11.87416,48.74849],[11.84875,48.73763],[11.84807,48.72359],[11.8158,48.67373],[11.79794,48.67917],[11.80481,48.68733],[11.7952,48.69323],[11.76498,48.68053],[11.76704,48.7109],[11.79176,48.71634],[11.81854,48.73627],[11.80824,48.76886],[11.78215,48.7666],[11.77116,48.7752],[11.77872,48.78515],[11.754,48.78606],[11.7437,48.77791],[11.67366,48.80325],[11.65237,48.80415],[11.64688,48.81546],[11.63177,48.81093],[11.58577,48.82495],[11.57135,48.848],[11.57547,48.85704],[11.56837,48.87764],[11.44272,48.85268],[11.27522,48.52202],[10.94311,48.45594],[10.86008,48.32381],[11.8549,48.32381],[11.93683,48.19175],[12.35032,48.12574],[12.43037,47.86186],[12.59419,47.73],[12.50811,47.40062],[12.34267,47.33479],[12.26206,47.53233],[12.01463,47.53233],[11.84801,47.26897],[11.60099,47.26897],[11.43655,47.33479],[11.43703,47.46647],[11.27214,47.46647],[11.27232,47.53233],[10.69491,47.59821],[10.61239,47.59821],[10.69478,47.73],[10.44686,47.79593],[10.52847,48.32381],[10.44557,48.32381],[10.44497,48.58812],[10.27844,48.72037],[10.27802,48.85268],[10.02781,48.98506],[10.02738,49.0772],[10.01404,49.07758],[10.01919,49.09568],[9.99979,49.09534],[9.94606,49.12287],[9.94554,49.13905],[9.97335,49.15791],[9.96031,49.15802],[9.95687,49.16925],[9.984,49.17362],[9.98863,49.18844],[10.01043,49.17778],[10.02073,49.18294],[10.01078,49.19287],[10.03069,49.20582],[10.02005,49.21154],[10.01919,49.22881],[9.99619,49.24495],[9.97541,49.23251],[9.95739,49.24024],[9.90383,49.23419],[9.87585,49.24035],[9.87499,49.25604],[9.99018,49.26086],[9.97507,49.27184],[9.95507,49.27273],[9.95284,49.28449],[9.93825,49.28684],[9.92237,49.32546],[9.94752,49.32518],[9.97833,49.3099],[10.03575,49.31964],[10.06004,49.31058],[10.05987,49.29412],[10.04047,49.29647],[10.04648,49.27083],[10.03653,49.25895],[10.05901,49.24741],[10.08528,49.2566],[10.11412,49.24125],[10.18244,49.22623],[10.19754,49.23565],[10.20372,49.22724],[10.22123,49.22612],[10.25316,49.2324],[10.30226,49.25615],[10.29453,49.26422],[10.31908,49.27945],[10.31754,49.29211],[10.33779,49.29893],[10.31736,49.31102],[10.30535,49.3042],[10.29762,49.31125],[10.30689,49.32423],[10.27119,49.3381],[10.27874,49.3457],[10.26604,49.35241],[10.25265,49.38438],[10.26466,49.3893],[10.25711,49.40271],[10.26913,49.40405],[10.27599,49.41879],[10.28904,49.41901],[10.30689,49.43331],[10.28835,49.45116],[10.24475,49.46121],[10.22106,49.47638],[10.17094,49.48374],[10.17334,49.4679],[10.09472,49.46165],[10.08854,49.44916],[10.12218,49.44648],[10.14313,49.42929],[10.116,49.42236],[10.09815,49.43844],[10.08442,49.43398],[10.06382,49.4467],[10.05489,49.43375],[10.02056,49.44313],[10.00854,49.4246],[9.98623,49.43063],[10.04013,49.41142],[10.03807,49.40159],[10.01404,49.40338],[9.99756,49.39221],[9.96941,49.39668],[9.92366,49.37326],[9.88838,49.38662],[9.88186,49.37522],[9.87053,49.37276],[9.8592,49.37701],[9.86366,49.39265],[9.89147,49.40472],[9.89456,49.41633],[9.96048,49.4275],[9.9622,49.43554],[9.94091,49.44402],[9.9337,49.43665],[9.90108,49.43822],[9.9107,49.46656],[9.93061,49.47114],[9.94881,49.46489],[9.95979,49.47247],[9.95356,49.48075],[9.91682,49.49117],[9.92409,49.50937],[9.91694,49.51822],[9.92434,49.52548],[9.92162,49.55139],[9.92715,49.55139],[9.9245,49.5614],[9.8983,49.5635],[9.91385,49.58301],[9.875,49.57789],[9.85833,49.54598],[9.81177,49.5557],[9.80186,49.56352],[9.81766,49.57777],[9.7744,49.5889],[9.73114,49.56352],[9.75174,49.54704],[9.72565,49.53724],[9.63844,49.54883],[9.56978,49.54482],[9.5581,49.56486],[9.56497,49.57599],[9.59244,49.57466],[9.60411,49.59647],[9.65835,49.62139],[9.61681,49.69007],[9.64136,49.69884],[9.64308,49.72592],[9.6611,49.7521],[9.67089,49.74423],[9.7102,49.74611],[9.72462,49.76208],[9.69749,49.7745],[9.6611,49.76009],[9.62574,49.78936],[9.61441,49.79013],[9.62334,49.79722],[9.6175,49.80498],[9.58248,49.81074],[9.57664,49.82137],[9.64394,49.8227],[9.65286,49.83001],[9.62952,49.84994],[9.57767,49.86942],[9.5351,49.86211],[9.50832,49.8838],[9.49596,49.87981],[9.50901,49.86388],[9.49734,49.86078],[9.44687,49.90304],[9.50197,49.95299],[9.59909,49.95139],[9.58111,49.99555],[9.62162,50.02208],[9.65149,50.02903],[9.64256,50.05593],[9.68342,50.05482],[9.68857,50.06122],[9.68565,50.07675],[9.67861,50.07785],[9.65836,50.0664],[9.60274,50.06904],[9.59381,50.07874],[9.5945,50.11926],[9.64119,50.12388],[9.68788,50.11419],[9.69475,50.12652],[9.72908,50.10473],[9.71672,50.09878],[9.73114,50.09261],[9.75174,50.10252],[9.75586,50.09239],[9.83482,50.09283],[9.85611,50.08623],[9.85199,50.07609],[9.86229,50.09239],[9.85542,50.10208],[9.87945,50.11001],[9.90967,50.13775],[9.90349,50.14479],[9.91104,50.15227],[9.89799,50.15887],[9.89799,50.1791],[9.88769,50.18657],[9.8259,50.15667],[9.795,50.16722],[9.795,50.18218],[9.8101,50.18921],[9.8053,50.22305],[9.77234,50.23711],[9.76891,50.26213],[9.73526,50.2731],[9.72771,50.2946],[9.74899,50.32486],[9.74659,50.34174],[9.73328,50.35593],[9.74607,50.36622],[9.76024,50.40173],[9.74831,50.42033],[9.73847,50.42556],[9.71411,50.41519],[9.70539,50.42262],[9.6915,50.41511],[9.66729,50.4212],[9.65504,50.40963],[9.65583,50.39907],[9.67738,50.38267],[9.68022,50.37282],[9.67488,50.3729],[9.63157,50.38245],[9.61402,50.39384],[9.55521,50.38184],[9.48768,50.41508],[9.48187,50.43953],[9.43183,50.44261],[9.4227,50.45328],[9.45487,50.46356],[9.46032,50.47212],[9.42925,50.47633],[9.43239,50.49129],[9.44893,50.50532],[9.44785,50.51896],[9.4663,50.55042],[9.49528,50.56417],[9.47815,50.57463],[9.48171,50.59122],[9.50039,50.61094],[9.47417,50.62692],[9.48059,50.65412],[9.46831,50.66161],[9.47808,50.66329],[9.50257,50.63777],[9.53982,50.64068],[9.55551,50.62162],[9.6072,50.60546],[9.64154,50.62791],[9.62008,50.65064],[9.64783,50.67556],[9.62471,50.68635],[9.61352,50.70578],[9.60543,50.75874],[9.61997,50.76607],[9.62838,50.7597],[9.66975,50.76544],[9.6787,50.79401],[9.69562,50.79953],[9.69981,50.81263],[9.69473,50.79975],[9.62892,50.77984],[9.60217,50.75856],[9.55977,50.76294],[9.55261,50.7838],[9.50111,50.81011],[9.51056,50.82822],[9.50661,50.83381],[9.51759,50.83934],[9.4945,50.87493],[9.5472,50.89529],[9.56098,50.91348],[9.59657,50.93025],[9.61555,50.92243],[9.69209,50.92576],[9.71191,50.90991],[9.75303,50.90872],[9.75534,50.89632],[9.74848,50.89903],[9.73028,50.88603],[9.81302,50.85704],[9.9337,50.86377],[9.98202,50.84958],[10.04447,50.87623],[10.0614,50.87639],[10.05047,50.85657],[10.05421,50.85085],[10.04099,50.84091],[10.05708,50.82098],[10.07863,50.80996],[10.07811,50.7895],[10.08584,50.7838],[10.07493,50.78277],[10.06884,50.76116],[10.0597,50.75981],[10.09721,50.7402],[10.10965,50.73952],[10.11489,50.74692],[10.14504,50.73589],[10.1761,50.7568],[10.22739,50.73655],[10.28397,50.74363],[10.30775,50.73607],[10.32517,50.74216],[10.34131,50.73407],[10.34432,50.74018],[10.33432,50.7592],[10.38079,50.77376],[10.36242,50.79384],[10.40518,50.81707],[10.41177,50.84625],[10.46774,50.8505],[10.51804,50.8241],[10.5134,50.8113],[10.47675,50.79742],[10.47452,50.79026],[10.50817,50.78781],[10.53254,50.79639],[10.53846,50.78217],[10.56275,50.78125],[10.57511,50.74145],[10.61588,50.73694],[10.66137,50.71103],[10.71055,50.69934],[10.6376,50.68053],[10.63485,50.67481],[10.66978,50.63509],[10.68729,50.63901],[10.70652,50.66731],[10.84728,50.65207],[10.86651,50.68254],[10.86548,50.70559],[10.87234,50.7119],[10.86479,50.71733],[10.88193,50.7388],[10.88048,50.7493],[10.90038,50.75743],[10.92484,50.7449],[10.93254,50.76327],[10.96327,50.76274],[10.96941,50.77159],[10.98002,50.76184],[10.97024,50.75035],[10.96212,50.68123],[10.95182,50.68602],[10.89483,50.65131],[10.89665,50.61246],[10.8783,50.59703],[10.87278,50.57618],[10.88273,50.56655],[10.87701,50.52245],[10.82209,50.49813],[10.81437,50.48718],[10.82133,50.46431],[10.8147,50.46013],[10.77413,50.45162],[10.71063,50.47239],[10.6768,50.4596],[10.64644,50.42952],[10.59837,50.40239],[10.67253,50.37547],[10.64644,50.34984],[10.59104,50.33497],[10.60095,50.33396],[10.59322,50.31664],[10.60507,50.29351],[10.59151,50.26981],[10.60369,50.2719],[10.59872,50.26312],[10.61142,50.24973],[10.59872,50.24567],[10.61245,50.22404],[10.66257,50.22799],[10.6576,50.22393],[10.68678,50.22151],[10.72351,50.20459],[10.73175,50.21294],[10.72729,50.23172],[10.73296,50.25105],[10.76866,50.24128],[10.78222,50.25193],[10.80128,50.2516],[10.82703,50.23776],[10.85179,50.25142],[10.86393,50.24476],[10.9283,50.24334],[10.93067,50.23308],[10.92146,50.21076],[10.89885,50.20977],[10.87638,50.1948],[10.87307,50.19667],[10.87745,50.17646],[10.91423,50.16766],[10.92217,50.15359],[10.90324,50.1504],[10.95088,50.15683],[10.96058,50.17442],[11.00864,50.1802],[11.00212,50.18602],[11.00697,50.20039],[10.98418,50.20838],[10.98822,50.21278],[11.03336,50.21871],[11.06418,50.20575],[11.10263,50.21064],[11.11816,50.20014],[11.10907,50.20042],[11.11095,50.19377],[11.15198,50.19855],[11.15919,50.18899],[11.17988,50.18514],[11.19824,50.20196],[11.17756,50.20003],[11.17095,50.20904],[11.21172,50.21091],[11.24725,50.22354],[11.24691,50.23765],[11.22494,50.23205],[11.20322,50.2421],[11.20271,50.25632],[11.18931,50.27072],[11.19816,50.29164],[11.25292,50.26795],[11.26219,50.27486],[11.25137,50.29877],[11.27026,50.30677],[11.25584,50.32201],[11.26528,50.3379],[11.27747,50.33626],[11.2627,50.35203],[11.28468,50.36014],[11.26425,50.39035],[11.28974,50.43231],[11.29935,50.43258],[11.30184,50.4622],[11.31712,50.46843],[11.34218,50.46002],[11.34356,50.44493],[11.37085,50.44144],[11.38252,50.45013],[11.38608,50.43657],[11.44037,50.43848],[11.45153,50.43028],[11.44363,50.42055],[11.47825,50.43292],[11.48779,50.41793],[11.47865,50.40108],[11.51899,50.39561],[11.52054,50.35466],[11.52071,50.37404],[11.56157,50.38433],[11.57255,50.40009],[11.59281,50.40272],[11.62542,50.38718],[11.68293,50.39287],[11.7022,50.40225],[11.71477,50.39725],[11.73915,50.40885],[11.76344,50.40611],[11.75408,50.41607],[11.77116,50.41136],[11.78026,50.41907],[11.79751,50.41732],[11.81786,50.40059],[11.82455,50.40425],[11.81914,50.39161],[11.8273,50.39243],[11.92041,50.42425],[11.94546,50.41628],[11.95058,50.39551],[11.9648,50.39966],[11.9824,50.38807],[11.98449,50.3647],[11.97589,50.35136],[11.99762,50.35109],[12.04776,50.32587],[12.06393,50.3331],[12.09873,50.32994],[12.08989,50.32422],[12.12616,50.30616],[12.12228,50.29303],[12.13756,50.27473],[12.09762,50.26217],[12.10193,50.25543],[12.09059,50.2524],[12.12221,50.23432],[12.12234,50.24598],[12.29033,50.24598],[12.37608,50.37908],[12.79645,50.37908],[13.22205,50.64549],[13.98528,50.84549],[14.154,50.84549],[14.15581,50.9122],[14.2402,50.9122],[14.24207,50.97892],[14.32651,50.97892],[14.32842,51.04567],[14.49738,51.04567],[14.5778,50.9122],[15.03459,50.95718],[14.96912,50.97659],[15.1673,51.52787],[15.95645,52.18344],[15.76453,52.26547],[15.76017,52.57074],[15.81599,52.57074],[15.84391,52.71029],[16.05312,52.71645],[16.11018,52.95391],[16.01149,52.85537],[16.00843,52.78807],[15.23272,52.65353],[15.31293,52.51908],[15.05415,52.45189],[14.71262,52.45189],[14.70801,52.31758],[14.62271,52.31758],[13.68804,52.45189],[13.68449,52.31758],[13.42535,52.18334],[13.21043,52.2401],[13.21793,52.23495],[13.20591,52.22507],[13.19218,52.19077],[13.19424,52.15498],[13.22239,52.11958],[13.25088,52.11157],[13.26754,52.08694],[13.32719,52.07745],[13.32308,52.05402],[13.33575,52.05847],[13.36092,52.0416],[13.35603,51.9982],[13.34298,51.98953],[13.31543,51.98932],[13.31998,51.97336],[13.34607,51.97098],[13.35043,51.95869],[13.37577,51.95659],[13.37302,51.97346],[13.45014,51.97185],[13.45439,51.92712],[13.48203,51.93268],[13.49211,51.92752],[13.49464,51.91351],[13.52142,51.90578],[13.51619,51.87877],[13.54181,51.87869],[13.55284,51.89077],[13.55155,51.90322],[13.5782,51.89652],[13.57537,51.88884],[13.54237,51.87856],[13.53906,51.86608],[13.50537,51.86579],[13.51258,51.83074],[13.45851,51.84819],[13.40796,51.81644],[13.36315,51.83026],[13.31019,51.83055],[13.30062,51.83965],[13.31358,51.8449],[13.31805,51.86308],[13.33225,51.87776],[13.33328,51.90547],[13.37268,51.91452],[13.37804,51.92987],[13.35465,51.93567],[13.35259,51.94675],[13.32298,51.93728],[13.29517,51.94495],[13.25483,51.93977],[13.25372,51.92717],[13.27054,51.91489],[13.26606,51.89468],[13.23295,51.89493],[13.23003,51.87808],[13.16505,51.88433],[13.15853,51.86067],[13.15106,51.85953],[13.14965,51.87217],[13.13201,51.88237],[13.08482,51.8737],[13.08789,51.89461],[13.08017,51.90615],[13.03171,51.90145],[13.03905,51.91791],[13.05785,51.91516],[13.06575,51.9349],[13.05339,51.94109],[13.00215,51.94448],[12.99399,51.94792],[12.99172,51.96106],[12.96846,51.96237],[12.96953,51.97536],[12.95666,51.97758],[12.93142,51.97209],[12.92911,51.96135],[12.90404,51.96236],[12.90413,51.98158],[12.93235,51.98787],[12.93162,51.99338],[12.88512,52.00549],[12.87615,52.01961],[12.90413,52.0357],[12.97623,52.02483],[12.96249,52.04278],[12.90859,52.06389],[12.9388,52.10651],[12.99305,52.09617],[12.98659,52.11626],[12.48696,52.11626],[12.40854,52.30909],[12.37301,52.30336],[12.33854,52.314],[12.34192,52.33982],[12.30821,52.34468],[12.24353,52.26577],[12.20632,52.27866],[12.13371,52.26522],[12.13577,52.25334],[12.14727,52.24914],[12.14573,52.22948],[12.15843,52.21886],[12.21817,52.22044],[12.25731,52.23285],[12.33353,52.22191],[12.34692,52.21055],[12.39841,52.19477],[12.43515,52.19561],[12.4427,52.18893],[12.43358,52.16505],[12.42219,52.15256],[12.36524,52.14435],[12.3579,52.13702],[12.29525,52.15466],[12.25722,52.13436],[12.26804,52.12479],[12.2731,52.10155],[12.21182,52.1025],[12.20478,52.08921],[12.178,52.07676],[12.1338,52.06927],[12.08093,52.07602],[12.06097,52.05851],[12.03861,52.06326],[12.03072,52.04791],[12.05217,52.04516],[12.01703,52.03869],[11.99372,52.01847],[11.99398,52.00686],[11.9642,51.99904],[11.95098,52.00494],[11.91118,52.00174],[11.90079,51.98155],[11.93019,51.97006],[11.92941,51.965],[11.89905,51.97016],[11.916,51.95715],[11.91021,51.95812],[11.88412,51.97928],[11.8909,52.00121],[11.88549,52.01528],[11.89939,52.01664],[11.88572,52.02417],[11.92918,52.02583],[11.93991,52.04283],[11.91699,52.04431],[11.90412,52.0613],[11.88601,52.06078],[11.89013,52.06811],[11.90403,52.06832],[11.91124,52.10345],[11.92806,52.10187],[11.93081,52.1141],[11.91459,52.15382],[11.93132,52.16677],[11.92738,52.19835],[11.99329,52.19877],[11.99329,52.21455],[11.95106,52.21728],[11.94488,52.23369],[11.97098,52.24672],[11.94703,52.27026],[11.91613,52.28003],[11.88807,52.26874],[11.86867,52.25828],[11.87021,52.24903],[11.84687,52.22927],[11.82541,52.22906],[11.81219,52.21634],[11.84257,52.20571],[11.85751,52.18235],[11.89296,52.17156],[11.89631,52.15603],[11.90686,52.15498],[11.91107,52.13012],[11.9018,52.11726],[11.88583,52.12432],[11.80271,52.11125],[11.79975,52.10168],[11.83219,52.10669],[11.83399,52.09847],[11.75144,52.09357],[11.76627,52.07695],[11.74896,52.07262],[11.75507,52.06423],[11.74902,52.05637],[11.73241,52.05146],[11.74087,52.04732],[11.70997,52.05183],[11.69641,52.07009],[11.69235,52.06665],[11.71342,52.04484],[11.70829,52.04193],[11.73185,52.02757],[11.75177,52.0225],[11.78885,52.03238],[11.82217,52.00622],[11.8006,51.98906],[11.74684,52.00969],[11.73726,51.9954],[11.76694,51.99183],[11.76638,51.97723],[11.69576,51.96692],[11.68005,51.95632],[11.69415,51.9502],[11.69117,51.93144],[11.71178,51.92906],[11.71426,51.94376],[11.72237,51.94628],[11.73358,51.93671],[11.79204,51.94316],[11.81425,51.93495],[11.82931,51.91926],[11.83597,51.9236],[11.85365,51.91317],[11.88283,51.91566],[11.86708,51.92413],[11.86691,51.93379],[11.88313,51.93032],[11.90038,51.93479],[11.9003,51.94567],[11.92918,51.94912],[11.96746,51.92241],[11.97441,51.90896],[12.01561,51.88709],[12.02617,51.86258],[12.05642,51.859],[12.11369,51.87162],[12.14393,51.86605],[12.1353,51.8396],[12.13719,51.81469],[12.10505,51.80885],[12.10745,51.82647],[12.05183,51.83225],[12.02696,51.81831],[12.00433,51.82299],[11.98166,51.80705],[11.97714,51.7999],[11.9866,51.79535],[11.98347,51.79091],[11.953,51.79155],[11.95943,51.79951],[11.94433,51.79067],[11.92789,51.79187],[11.9272,51.81031],[11.95085,51.80681],[11.96424,51.84527],[11.95484,51.85662],[11.95913,51.86955],[11.93261,51.88113],[11.90969,51.87188],[11.90742,51.86414],[11.92345,51.85826],[11.88189,51.83849],[11.86604,51.81055],[11.84898,51.81911],[11.86166,51.83493],[11.82927,51.85897],[11.82811,51.87225],[11.78339,51.8811],[11.77297,51.87869],[11.76464,51.8634],[11.69456,51.87135],[11.67379,51.86825],[11.69284,51.85945],[11.68666,51.85492],[11.66952,51.85544],[11.63272,51.86194],[11.60517,51.85116],[11.56453,51.85251],[11.53095,51.87419],[11.54097,51.88174],[11.51058,51.92712],[11.46458,51.93855],[11.42338,51.92881],[11.3645,51.88221],[11.33995,51.89969],[11.37342,51.93453],[11.35248,51.96088],[11.30013,51.97219],[11.29231,51.95781],[11.29369,51.98884],[11.28476,51.99767],[11.26373,51.99804],[11.27034,52.01352],[11.31686,52.0057],[11.32072,52.0263],[11.27266,52.066],[11.24039,52.06178],[11.1882,52.10524],[11.12984,52.06051],[10.98697,52.05178],[10.96476,52.0564],[10.96987,52.08682],[10.94054,52.09616],[11.03435,52.12967],[11.04274,52.13916],[11.06023,52.17243],[11.03873,52.16627],[11.01191,52.18788],[11.02555,52.20995],[11.07714,52.22367],[11.08478,52.23726],[11.06581,52.2752],[11.09447,52.28874],[11.1319,52.28685],[11.16743,52.25734],[11.17687,52.2381],[11.20708,52.22959],[11.23438,52.20424],[11.21944,52.18456],[11.2361,52.18298],[11.30304,52.2014],[11.28365,52.22906],[11.26064,52.22906],[11.25755,52.24504],[11.18614,52.27278],[11.17146,52.29441],[11.19258,52.29614],[11.19378,52.31105],[11.21532,52.30858],[11.30944,52.32878],[11.30369,52.33917],[11.31257,52.3534],[11.33414,52.35191],[11.35184,52.33841],[11.40252,52.35961],[11.39703,52.37225],[11.40364,52.37521],[11.43977,52.37217],[11.44239,52.35743],[11.46591,52.37374],[11.61856,52.3789],[11.6222,52.39734],[11.63748,52.40381],[11.67048,52.3959],[11.67383,52.38697],[11.64585,52.36858],[11.6262,52.37513],[11.62311,52.36056],[11.66993,52.35062],[11.69804,52.37073],[11.69589,52.4008],[11.72181,52.40899],[11.77159,52.40027],[11.76619,52.37937],[11.83485,52.38948],[11.84069,52.40195],[11.8642,52.41158],[11.93501,52.39496],[11.95999,52.39938],[11.99106,52.42891],[12.00205,52.46103],[11.98711,52.47348],[11.98378,52.49059],[11.14729,52.39667],[11.1479,52.38453],[11.06503,52.37701],[11.04395,52.38507],[11.0408,52.38472],[11.0416,52.38597],[11.02195,52.39349],[10.96144,52.4355],[10.93492,52.46451],[10.94333,52.49234],[10.9753,52.50141],[11.03508,52.49822],[11.05122,52.50828],[11.08745,52.45734],[11.2135,52.65353],[11.04246,52.65353],[11.04376,52.85537],[11.21667,53.0574],[11.38824,53.0574],[11.38952,53.1922],[11.21776,53.1922],[11.1329,53.32709],[11.30606,53.46207],[11.5635,53.39457],[11.73808,53.59714],[11.91039,53.59714],[12.16561,53.39457],[13.19619,53.32709],[13.5492,53.66471],[13.86103,53.72547],[13.85017,53.72929],[13.7805,53.77518],[13.73778,54.03029],[13.66761,54.08417],[13.43102,54.03025],[13.06377,54.19369],[13.02581,54.26522],[12.94314,54.34698],[12.7648,54.27033],[12.65252,54.32143],[12.31188,54.20194],[12.04107,54.09666],[11.56502,54.03538],[11.40782,53.85929],[11.20249,53.85678],[11.15138,53.93842],[10.85892,53.87719],[10.77902,53.92593],[10.75145,53.92006],[10.73364,53.90864],[10.70377,53.91132],[10.66335,53.89781],[10.63202,53.91728],[10.57056,53.90639],[10.57262,53.92216],[10.5425,53.92618],[10.55097,53.93847],[10.53522,53.955],[10.55649,53.96538],[10.57631,53.94538],[10.57966,53.92709],[10.60129,53.9238],[10.6394,53.93568],[10.64137,53.94391],[10.6285,53.94361],[10.6291,53.96856],[10.6412,53.97133],[10.6358,53.96619],[10.64721,53.95977],[10.66669,53.96442],[10.66978,53.97128],[10.65026,53.98206],[10.64421,54.00192],[10.62326,54.00898],[10.63434,54.02692],[10.66601,54.00817],[10.70197,54.0059],[10.70446,54.01301],[10.69047,54.01897],[10.69373,54.02595],[10.75759,54.03971],[10.75544,54.0542],[10.84032,54.03781],[10.84135,54.01922],[11.01589,54.09666],[11.07301,54.21963],[11.03861,54.31325],[10.64859,54.25898],[10.44597,54.29203],[10.34024,54.36232],[10.21288,54.37192],[10.14173,54.33675],[9.8848,54.2541],[9.82665,54.27591],[9.73943,54.27591],[9.67401,54.18869],[9.44868,54.18869],[9.44247,54.23833],[9.43288,54.23689],[9.44232,54.22219],[9.43003,54.20675],[9.43856,54.19892],[9.43073,54.18567],[9.44314,54.17334],[9.30465,54.12568],[9.31349,54.11879],[9.31641,54.09237],[9.30868,54.08784],[9.31503,54.07319],[9.30405,54.04286],[9.28542,54.03832],[9.3049,54.01912],[9.2928,53.99601],[9.29855,53.99382],[9.2091,53.93141],[9.20148,53.89817],[9.21427,53.89756],[9.19908,53.89023],[9.19959,53.87976],[9.02287,53.88006],[9.01733,53.90484],[8.97261,53.89668],[8.92716,53.92287],[8.90154,53.95371],[8.90056,53.98279],[8.88632,53.99333],[8.81897,53.96904],[8.8571,53.86699],[8.9596,53.83772],[8.95935,53.84929],[9.10656,53.87896],[9.24911,53.8752],[9.32156,53.84989],[9.36735,53.80919],[9.37808,53.79523],[9.35022,53.75856],[9.3849,53.72749],[9.46867,53.69417],[9.52028,53.65437],[9.55051,53.61593],[9.65012,53.56794],[9.66728,53.5502],[9.72393,53.53929],[9.74951,53.52613],[9.79208,53.48856],[9.7344,53.48376],[9.69256,53.4622],[9.66917,53.42742],[9.68192,53.41112],[9.64891,53.40621],[9.64239,53.39254],[9.62188,53.38891],[9.61673,53.36674],[9.55965,53.35619],[9.5837,53.35817],[9.56191,53.33702],[9.58763,53.30937],[9.60852,53.24233],[9.62353,53.22708],[9.72902,53.21408],[9.75148,53.19948],[9.83122,53.17502],[9.84246,53.15969],[9.89113,53.14142],[9.9258,53.09949],[9.90057,53.057],[9.86907,53.02302],[9.78607,53.0217],[9.75028,53.00445],[9.69204,52.99208],[9.68295,52.98139],[9.62133,52.95343],[9.56068,52.95934],[9.47798,52.93253],[9.41563,52.8992],[9.41322,52.87886],[9.37563,52.8529],[9.39059,52.8425],[9.37258,52.82472],[9.36576,52.82054],[9.33518,52.83377],[9.32465,52.82216],[9.29332,52.8175],[9.19281,52.81563],[9.2062,52.84405],[9.2189,52.84363],[9.22062,52.85068],[9.18217,52.85586],[9.18148,52.86395],[9.20311,52.86312],[9.21204,52.87452],[9.17496,52.88716],[9.16603,52.91284],[9.18015,52.918],[9.16188,52.91961],[9.11715,52.89921],[9.07876,52.90252],[9.06072,52.92313],[9.01364,52.92619],[8.9997,52.92195],[8.98196,52.88868],[8.96566,52.8968],[8.95581,52.8912],[8.93658,52.90895],[8.93013,52.92672],[8.97216,52.95495],[8.96437,52.97866],[8.97328,52.99134],[8.9439,52.99805],[8.94047,53.00797],[8.89143,53.01521],[8.86525,53.03541],[8.87193,53.05811],[8.84532,53.05945],[8.83262,53.06822],[8.85816,53.06992],[8.85841,53.08127],[8.83563,53.09686],[8.8402,53.10338],[8.87163,53.08601],[8.88768,53.0668],[8.88385,53.06311],[8.91725,53.05963],[8.91721,53.04769],[8.96308,53.04759],[8.96335,53.08812],[8.98696,53.0955],[8.98759,53.1051],[8.99718,53.10916],[8.9594,53.14297],[8.9504,53.15522],[8.95532,53.15731],[8.91744,53.14656],[8.92167,53.14152],[8.91149,53.13251],[8.90286,53.13815],[8.8616,53.13281],[8.85113,53.14349],[8.82357,53.12957],[8.8076,53.15109],[8.7961,53.14312],[8.77044,53.14919],[8.76391,53.12818],[8.69748,53.11896],[8.64377,53.12832],[8.62942,53.14058],[8.62646,53.14792],[8.6828,53.14041],[8.70263,53.15418],[8.69085,53.16381],[8.63092,53.16026],[8.62621,53.14853],[8.61834,53.16801],[8.53396,53.18685],[8.48537,53.22716],[8.48076,53.24683],[8.49295,53.29672],[8.4902,53.32785],[8.50144,53.35111],[8.49325,53.41879],[8.52762,53.42293],[8.53071,53.43562],[8.56642,53.47538],[8.55577,53.48723],[8.57071,53.49387],[8.57346,53.51204],[8.56689,53.5386],[8.552,53.55316],[8.47321,53.59454],[8.46703,53.63283],[8.47132,53.68462],[8.42866,53.61205],[8.5018,53.44903],[8.30565,53.52543],[8.189,53.53052],[8.26077,53.43885],[8.24193,53.35229],[8.17499,53.32174],[8.02908,53.37265],[8.09873,53.44393],[7.96854,53.63753],[7.33239,53.60443],[7.16564,53.59167],[7.03733,53.51015],[6.98071,53.31666],[7.18975,53.23014],[7.15994,53.164],[7.04328,53.164],[7.00906,53.24541],[6.86105,53.26576],[6.75072,53.38986],[6.26072,53.32174],[5.96631,53.33501],[5.38952,53.13857],[5.33212,53.01145],[5.34275,52.99631],[5.35802,52.93775],[5.32575,52.79041],[5.65344,52.74978],[5.54689,52.6787],[5.55571,52.58732],[5.61125,52.5315],[5.81714,52.52136],[5.75691,52.33372],[5.57437,52.28302],[5.47319,52.1766],[4.94983,52.27795],[5.03574,52.33372],[5.00609,52.55688],[5.10824,52.5315],[5.23463,52.62285],[5.17329,52.74342],[5.0084,52.85619],[4.71877,52.80242],[4.64101,52.7557],[4.38724,52.23037],[4.26441,52.07089],[3.87814,51.79173],[3.52032,51.57914],[3.74348,51.46045],[3.77505,51.38774],[3.76943,51.38376],[3.83835,51.36085],[3.92418,51.37864],[3.96194,51.42191],[4.02443,51.42019],[4.10683,51.37928],[4.19025,51.39235],[4.20879,51.38914],[4.21757,51.3739],[4.22675,51.35976],[4.2675,51.33576],[4.2778,51.30358],[4.319,51.28511],[4.30321,51.25805],[4.35265,51.24387],[4.44809,51.26965],[4.47143,51.20774],[4.41376,51.1492],[4.35029,51.1722],[4.32175,51.13068],[4.34097,51.10007],[4.31488,51.08455],[4.29428,51.05003],[4.24759,51.03967],[4.2215,50.98869],[4.19128,50.9982],[4.03198,50.89524],[4.01825,50.77989],[3.98254,50.77208],[3.94958,50.77902],[3.90564,50.74862],[3.84247,50.73819],[3.83011,50.74602],[3.78067,50.73559],[3.78479,50.76339],[3.77106,50.77989],[3.73535,50.76339],[3.67081,50.78944],[3.65707,50.73819],[3.62411,50.72429],[3.58978,50.73472],[3.52386,50.72689],[3.49228,50.73733],[3.46619,50.77077],[3.43323,50.74993],[3.40816,50.74428],[3.39615,50.73124],[3.36971,50.72472],[3.34465,50.69559],[3.35461,50.67144],[3.34568,50.6573],[3.35392,50.64075],[3.3934,50.62507],[3.42327,50.6549],[3.47837,50.61658],[3.42997,50.58945],[3.44215,50.58345],[3.44524,50.56536],[3.43408,50.55598],[3.47528,50.55794],[3.47322,50.49716],[3.59012,50.43783],[3.52077,50.37153],[3.49709,50.32881],[3.4703,50.3139],[3.4037,50.32267],[3.34053,50.30162],[3.33504,50.28013],[3.30894,50.26586],[3.30609,50.25345],[3.28114,50.2494],[3.26878,50.26389],[3.16235,50.25906],[3.18981,50.23359],[3.17127,50.22173],[3.14827,50.2191],[3.18191,50.19317],[3.15857,50.18965],[3.18329,50.14479],[3.1723,50.12234],[3.21007,50.08358],[3.20869,50.05449],[3.1517,50.06375],[3.10638,50.04843],[3.02896,50.06199],[3.02038,50.06948],[2.98931,50.06739],[2.99017,50.04546],[2.93215,50.04799],[2.86263,50.00454],[2.8664,50.01348],[2.85215,50.0266],[2.87292,50.04259],[2.84031,50.06441],[2.80151,50.05482],[2.79352,50.04585]],[[5.83426,51.27437],[5.84404,51.27792],[5.85829,51.3113],[5.90618,51.29381],[5.90635,51.30025],[5.92489,51.30851],[6.00866,51.27776],[6.00652,51.25499],[5.99862,51.24913],[6.00643,51.23097],[5.96798,51.22038],[5.97665,51.20186],[5.93431,51.18814],[5.9174,51.17389],[5.92322,51.17159],[5.87193,51.16842],[5.85752,51.18096],[5.87569,51.18179],[5.89335,51.21664],[5.89339,51.23994],[5.85855,51.24037],[5.84107,51.24983],[5.83426,51.27437]],[[6.08538,50.75713],[6.09552,50.77025],[6.11178,50.7708],[6.12325,50.75584],[6.11923,50.73769],[6.10815,50.7279],[6.08538,50.75713]],[[6.11732,52.8513],[6.20659,52.89068],[6.24985,52.92422],[6.29173,52.93002],[6.33774,52.90766],[6.41258,52.94491],[6.43387,52.97594],[6.36383,53.02635],[6.35765,53.06556],[6.30478,53.08165],[6.31233,53.09155],[6.36246,53.09567],[6.381,53.14965],[6.41601,53.1797],[6.48056,53.2085],[6.53206,53.2122],[6.54922,53.25125],[6.59454,53.25618],[6.62201,53.22782],[6.75934,53.14883],[6.76964,53.10062],[7.03537,52.92174],[7.05872,52.86416],[7.0873,52.84996],[7.09266,52.83821],[7.07155,52.81044],[7.05572,52.64342],[7.04179,52.63269],[7.01748,52.63759],[7.07444,52.61957],[7.1424,52.58767],[7.14558,52.54479],[7.14626,52.57246],[7.25441,52.58237],[7.40711,52.61045],[7.39071,52.64661],[7.39517,52.70094],[7.42744,52.75084],[7.51465,52.83098],[7.63893,52.91553],[7.78107,52.9842],[7.86415,53.00074],[7.9026,52.97263],[7.92114,52.92546],[7.95547,52.92588],[7.96165,52.96973],[8.00285,53.00198],[8.04199,53.00322],[8.04748,52.96849],[8.08662,52.94781],[8.08731,52.93374],[8.15705,52.92479],[8.15748,52.90471],[8.22674,52.87011],[8.25889,52.87416],[8.28369,52.85172],[8.16559,52.78449],[7.99667,52.71633],[7.95895,52.69277],[7.94691,52.67674],[7.91964,52.67706],[7.87894,52.70029],[7.87381,52.71352],[7.8178,52.71584],[7.79371,52.68722],[7.77539,52.68223],[7.68373,52.68807],[7.66011,52.69838],[7.60825,52.65754],[7.60754,52.60943],[7.62142,52.58292],[7.61479,52.57244],[7.61961,52.53714],[7.61181,52.50509],[7.61816,52.50037],[7.60894,52.47395],[7.68286,52.45784],[7.69318,52.4332],[7.69258,52.41111],[7.7136,52.40095],[7.80664,52.37141],[7.84274,52.36887],[7.89192,52.38066],[7.94277,52.35943],[7.94088,52.34905],[7.95226,52.34884],[7.94754,52.33885],[7.9659,52.32356],[7.99088,52.30944],[7.98929,52.30349],[7.93226,52.30011],[7.93196,52.28969],[7.95414,52.27034],[7.92694,52.26459],[7.92603,52.22538],[7.9014,52.20466],[7.9087,52.18967],[7.93582,52.17683],[7.97547,52.1713],[8.00697,52.17625],[8.02551,52.16382],[7.99959,52.1535],[8.00775,52.11557],[7.97161,52.1161],[7.95856,52.1055],[7.88788,52.08556],[7.84759,52.09591],[7.81995,52.091],[7.79411,52.10434],[7.73978,52.09707],[7.70648,52.11879],[7.70451,52.12969],[7.72339,52.14287],[7.7142,52.18056],[7.65387,52.20487],[7.64623,52.21791],[7.51121,52.25093],[7.48083,52.2463],[7.46864,52.23579],[7.41611,52.24189],[7.3732,52.27635],[7.31724,52.28003],[7.29853,52.26406],[7.15605,52.26637],[7.11292,52.25521],[7.10536,52.24451],[7.06579,52.24124],[7.04239,52.25614],[7.02604,52.28347],[7.0711,52.35101],[7.07215,52.37361],[7.05715,52.39944],[7.03587,52.4028],[7.00943,52.43311],[6.9918,52.46738],[6.98082,52.46702],[6.96219,52.44398],[6.94166,52.43543],[6.85254,52.44991],[6.8543,52.45971],[6.75273,52.46411],[6.69752,52.48632],[6.70533,52.52101],[6.68455,52.55289],[6.711,52.54924],[6.72758,52.56271],[6.76666,52.56353],[6.71877,52.58864],[6.72488,52.61863],[6.71006,52.62787],[6.74181,52.64532],[6.70166,52.62765],[6.70775,52.64884],[6.60072,52.67222],[6.51695,52.64681],[6.52245,52.61764],[6.38168,52.61431],[6.33293,52.66056],[6.15234,52.68845],[6.1338,52.73421],[6.21277,52.77245],[6.21483,52.7982],[6.1805,52.80359],[6.11732,52.8513]],[[6.43266,46.92868],[6.4965,46.97411],[6.50483,46.96566],[6.60879,46.98312],[6.68956,47.00859],[6.71179,47.02211],[6.71368,47.04357],[6.72303,47.04714],[6.69521,47.06251],[6.70651,47.0744],[6.70305,47.0823],[6.73924,47.09057],[6.74667,47.09936],[6.74055,47.10962],[6.8061,47.13077],[6.85464,47.16128],[6.8424,47.17207],[6.874,47.18545],[6.8804,47.20045],[6.95492,47.24265],[6.93023,47.25756],[6.93503,47.27049],[6.9243,47.27463],[6.92842,47.2808],[6.95639,47.29222],[7.00301,47.28855],[7.00979,47.29704],[7.01538,47.31691],[6.97125,47.31817],[6.96713,47.32492],[7.04561,47.32648],[7.06237,47.34403],[7.04577,47.36321],[7.01423,47.37181],[6.97556,47.36097],[6.8793,47.35624],[6.88361,47.37286],[6.91017,47.38504],[6.9132,47.4046],[6.93841,47.40609],[6.94188,47.43391],[6.99587,47.44964],[7.0058,47.45778],[7.00194,47.46851],[7.01129,47.48409],[7.03693,47.49751],[7.07485,47.48818],[7.13023,47.50292],[7.16227,47.49002],[7.20296,47.49139],[7.1869,47.48251],[7.17022,47.44298],[7.1999,47.43513],[7.23087,47.4394],[7.2494,47.42141],[7.28183,47.43478],[7.33296,47.44097],[7.37576,47.43338],[7.37599,47.41415],[7.43792,47.41287],[7.44864,47.41514],[7.4556,47.42826],[7.438,47.44626],[7.4209,47.44594],[7.43003,47.45949],[7.44302,47.46137],[7.45551,47.44939],[7.52958,47.46175],[7.53589,47.51387],[7.52346,47.51867],[7.53048,47.52976],[7.50101,47.52905],[7.50015,47.54015],[7.55466,47.56437],[7.56469,47.5573],[7.55585,47.54444],[7.58142,47.54386],[7.59443,47.51932],[7.61353,47.52114],[7.60529,47.46988],[7.62657,47.46338],[7.61352,47.43552],[7.5816,47.42948],[7.57473,47.43831],[7.57164,47.4174],[7.53044,47.41415],[7.51877,47.38766],[7.48032,47.38836],[7.47826,47.40184],[7.44358,47.40137],[7.43671,47.37883],[7.4604,47.37046],[7.52426,47.37092],[7.57164,47.32626],[7.53181,47.2946],[7.4865,47.28389],[7.47139,47.26618],[7.41646,47.25314],[7.42195,47.24195],[7.34058,47.21718],[7.34591,47.20733],[7.33938,47.1952],[7.35655,47.18388],[7.36058,47.17075],[7.38934,47.15832],[7.3859,47.14805],[7.37612,47.14093],[7.36565,47.14385],[7.37354,47.14898],[7.36959,47.15856],[7.34367,47.1526],[7.32634,47.16194],[7.29424,47.16124],[7.24147,47.12756],[7.19982,47.13392],[7.13716,47.10682],[7.14214,47.09829],[7.12772,47.08906],[7.13493,47.08386],[7.08841,47.05972],[7.03331,47.0327],[7.03468,47.01397],[7.02713,47.00601],[7.03812,46.98025],[7.00172,46.98775],[6.77925,46.85362],[6.75384,46.86958],[6.73805,46.87052],[6.74148,46.89492],[6.71883,46.90384],[6.72226,46.93432],[6.65428,46.91369],[6.62956,46.88929],[6.48382,46.84687],[6.46065,46.85509],[6.46455,46.89028],[6.43637,46.92132],[6.43266,46.92868]],[[6.50803,51.44374],[6.5245,51.45272],[6.5348,51.46984],[6.55815,51.47796],[6.5609,51.49592],[6.57394,51.5049],[6.56776,51.51729],[6.61308,51.52071],[6.62956,51.54078],[6.62544,51.55018],[6.57394,51.54975],[6.57188,51.56939],[6.55764,51.57862],[6.59836,51.59136],[6.60092,51.57179],[6.6251,51.56042],[6.67351,51.56299],[6.66561,51.52712],[6.6754,51.50922],[6.72295,51.51152],[6.71642,51.49699],[6.69411,51.49207],[6.68037,51.47946],[6.71917,51.46599],[6.7226,51.45422],[6.7099,51.44224],[6.73874,51.41463],[6.74393,51.39529],[6.71344,51.37486],[6.67426,51.36903],[6.64467,51.38335],[6.61514,51.37564],[6.61377,51.39835],[6.57806,51.40006],[6.56914,51.41591],[6.53892,51.4082],[6.53412,51.43689],[6.50871,51.43689],[6.50803,51.44374]],[[6.50837,51.36021],[6.51455,51.37028],[6.53721,51.36749],[6.57484,51.34754],[6.59412,51.32245],[6.54865,51.30864],[6.53,51.32546],[6.53137,51.33833],[6.51318,51.35099],[6.50837,51.36021]],[[6.58905,47.67487],[6.6275,47.68665],[6.66372,47.66458],[6.68587,47.66053],[6.69239,47.63254],[6.67969,47.62607],[6.68587,47.61334],[6.72054,47.60663],[6.74801,47.58417],[6.73187,47.55985],[6.75453,47.54061],[6.78715,47.53297],[6.80191,47.54687],[6.83453,47.54386],[6.89083,47.55498],[6.90971,47.54571],[6.91795,47.53088],[6.91246,47.52508],[6.95435,47.51233],[6.95349,47.48044],[6.93666,47.48345],[6.93117,47.49853],[6.91486,47.49842],[6.90783,47.48856],[6.9116,47.47649],[6.88431,47.46675],[6.84311,47.47243],[6.83796,47.48241],[6.79865,47.48519],[6.77925,47.48241],[6.77359,47.47301],[6.72758,47.48102],[6.71385,47.47127],[6.69273,47.46175],[6.66904,47.47127],[6.67849,47.48601],[6.67591,47.50723],[6.68587,47.51535],[6.65394,47.53957],[6.6687,47.55626],[6.65428,47.57027],[6.66355,47.57768],[6.65428,47.58741],[6.6687,47.59621],[6.65531,47.61658],[6.62613,47.6263],[6.61034,47.66192],[6.58905,47.67487]],[[6.61531,47.47266],[6.61755,47.48438],[6.63866,47.49076],[6.65977,47.47846],[6.6469,47.4657],[6.63016,47.46309],[6.61531,47.47266]],[[6.78715,47.41943],[6.79384,47.45427],[6.82955,47.45328],[6.83298,47.43865],[6.81212,47.41671],[6.79341,47.41008],[6.78715,47.41943]],[[6.81255,51.48245],[6.92216,51.49689],[6.97512,51.51001],[7.00235,51.53424],[7.03247,51.51443],[7.09082,51.50392],[7.11373,51.46525],[7.08054,51.45248],[7.08854,51.43074],[7.08408,51.43423],[7.09597,51.41041],[7.1186,51.39234],[7.1173,51.38078],[7.03597,51.34713],[6.99117,51.35876],[6.96696,51.34734],[6.95151,51.34863],[6.89701,51.38882],[6.92482,51.40611],[6.92619,51.42918],[6.94611,51.43989],[6.91143,51.42961],[6.88328,51.4493],[6.88465,51.46278],[6.87504,51.47262],[6.81255,51.48245]],[[7.0153,49.58157],[7.60054,49.58157],[7.50977,49.91356],[7.76117,49.91356],[7.8488,49.71431],[7.86477,49.71431],[7.86535,49.71643],[7.8695,49.71431],[7.88435,49.71431],[7.89196,49.71849],[7.90295,49.71527],[7.90212,49.71431],[8.20235,49.71431],[8.19683,49.72204],[8.21571,49.72981],[8.2909,49.74356],[8.33828,49.73713],[8.33828,49.72426],[8.26961,49.72404],[8.20882,49.71431],[8.26721,49.71431],[8.29977,49.61598],[8.37398,49.61649],[8.39012,49.62761],[8.41827,49.62761],[8.44299,49.61293],[8.48694,49.6136],[8.51629,49.62261],[8.53243,49.61861],[8.57277,49.63362],[8.56187,49.60359],[8.59092,49.60048],[8.58985,49.59227],[8.55449,49.58582],[8.51346,49.58687],[8.49502,49.57312],[8.46412,49.58959],[8.4225,49.58375],[8.41417,49.55912],[8.42334,49.54107],[8.39424,49.54994],[8.3757,49.53969],[8.37227,49.54727],[8.35304,49.55194],[8.35922,49.55796],[8.32134,49.55082],[8.35509,49.44889],[8.60568,49.44889],[8.77447,49.31629],[8.27484,49.25001],[8.11267,48.98506],[8.02941,48.98506],[7.8613,49.11665],[7.85952,49.11658],[7.85872,49.11867],[7.69093,49.25001],[7.68822,49.38258],[7.58281,49.34036],[7.584,49.33452],[7.56409,49.3108],[7.57473,49.29121],[7.56804,49.27643],[7.55628,49.2729],[7.52804,49.29893],[7.52564,49.31746],[7.35726,49.25001],[7.0153,49.58157]],[[7.51949,47.6735],[7.54883,47.68101],[7.56168,47.66529],[7.54933,47.66148],[7.54167,47.64622],[7.51949,47.6735]],[[7.5509,47.74401],[7.57356,47.77555],[7.61417,47.77489],[7.61642,47.75461],[7.63007,47.7366],[7.62799,47.72474],[7.58039,47.73465],[7.5509,47.74401]],[[7.92626,50.57606],[7.97055,50.601],[7.99084,50.59389],[7.99315,50.57539],[8.02617,50.57314],[8.04038,50.55254],[7.99592,50.52511],[7.96683,50.5355],[7.96899,50.55196],[7.95616,50.56251],[7.93297,50.56461],[7.92626,50.57606]],[[7.92664,49.8776],[7.95959,49.86986],[7.92973,49.86477],[7.92664,49.8776]],[[8.02929,49.83068],[8.04028,49.83953],[8.05813,49.83577],[8.06259,49.8165],[8.04989,49.80121],[8.03032,49.80941],[8.02929,49.83068]],[[8.15014,50.41274],[8.16368,50.42082],[8.1763,50.41784],[8.17756,50.40909],[8.16246,50.40679],[8.15014,50.41274]],[[8.15392,49.77273],[8.21743,49.77694],[8.23322,49.76253],[8.19305,49.749],[8.16627,49.75122],[8.17074,49.75831],[8.15495,49.75965],[8.15392,49.77273]],[[8.21537,49.81938],[8.22395,49.82226],[8.27064,49.80454],[8.33004,49.82957],[8.3321,49.81096],[8.38457,49.81736],[8.40002,49.80347],[8.3551,49.78348],[8.25871,49.78769],[8.21537,49.81938]],[[8.22584,49.78703],[8.24387,49.79279],[8.2587,49.78769],[8.24816,49.77794],[8.22584,49.78703]],[[8.23528,49.8289],[8.23837,49.84064],[8.27923,49.84197],[8.27854,49.83289],[8.26069,49.82337],[8.23528,49.8289]],[[8.30002,52.45286],[8.30684,52.45981],[8.36639,52.44281],[8.43074,52.44857],[8.65225,52.53147],[8.67156,52.51742],[8.68299,52.51883],[8.69147,52.51027],[8.68371,52.49987],[8.69817,52.48699],[8.71109,52.46574],[8.70336,52.44369],[8.71739,52.43155],[8.70456,52.41731],[8.71091,52.40637],[8.70572,52.39532],[8.72872,52.39836],[8.7467,52.38783],[8.78915,52.39862],[8.85344,52.38946],[8.88408,52.39629],[8.89236,52.40585],[8.93528,52.40451],[8.96205,52.42483],[8.98038,52.42812],[8.98167,52.45143],[9.01694,52.46019],[9.02458,52.4786],[9.03862,52.48006],[9.05295,52.50034],[9.09715,52.49767],[9.11286,52.48555],[9.13475,52.48312],[9.1383,52.47544],[9.12312,52.47457],[9.1256,52.46814],[9.10337,52.45706],[9.09471,52.44314],[9.11054,52.43414],[9.1123,52.4208],[9.12333,52.42265],[9.1253,52.41203],[9.12114,52.40111],[9.09986,52.3887],[9.09707,52.37115],[9.05617,52.34001],[9.03488,52.34423],[8.9984,52.32637],[8.98926,52.3137],[8.98813,52.28768],[8.96381,52.27887],[8.97858,52.2732],[8.9724,52.26543],[8.97858,52.26164],[9.07178,52.23473],[9.07492,52.23061],[9.06125,52.22319],[9.03681,52.22096],[9.0487,52.19532],[9.04574,52.18317],[9.02329,52.18296],[9.01376,52.19525],[9.00459,52.18989],[8.98933,52.19588],[8.98376,52.19277],[8.98815,52.18147],[8.92844,52.18534],[8.90002,52.16513],[8.87485,52.16597],[8.86084,52.17925],[8.86292,52.19177],[8.85357,52.20821],[8.82723,52.22044],[8.79822,52.20881],[8.79381,52.19698],[8.78365,52.19519],[8.78336,52.17851],[8.75535,52.15545],[8.74281,52.14975],[8.73528,52.15857],[8.71521,52.16177],[8.70463,52.15705],[8.70967,52.14866],[8.67373,52.14019],[8.67204,52.16997],[8.64056,52.17792],[8.65061,52.1931],[8.60061,52.1996],[8.56347,52.21711],[8.57185,52.23553],[8.55713,52.25659],[8.56775,52.2666],[8.56243,52.28852],[8.52619,52.32279],[8.50695,52.32823],[8.49973,52.34141],[8.5037,52.35337],[8.45296,52.36608],[8.43681,52.36155],[8.3939,52.38451],[8.32317,52.40074],[8.31234,52.40754],[8.32236,52.41095],[8.31639,52.41479],[8.31845,52.42961],[8.30937,52.43776],[8.3037,52.43403],[8.30002,52.45286]],[[8.34386,51.73059],[8.35128,51.74242],[8.36772,51.75065],[8.363,51.81074],[8.44231,51.84808],[8.45467,51.87416],[8.5096,51.89408],[8.50599,51.91487],[8.51187,51.92003],[8.58326,51.92046],[8.60698,51.92731],[8.6206,51.90222],[8.64161,51.88439],[8.6283,51.86239],[8.53397,51.83153],[8.51715,51.80628],[8.47252,51.79269],[8.41587,51.75934],[8.40291,51.71943],[8.35021,51.72315],[8.34386,51.73059]],[[9.24499,49.61004],[9.24946,49.62383],[9.26525,49.63184],[9.26147,49.64562],[9.29426,49.65518],[9.35065,49.63351],[9.33117,49.6096],[9.30988,49.61805],[9.29272,49.61538],[9.29787,49.58979],[9.34456,49.54771],[9.3092,49.53301],[9.27538,49.56778],[9.26353,49.57822],[9.26903,49.58367],[9.24757,49.59458],[9.25495,49.60203],[9.24499,49.61004]],[[9.24877,51.68198],[9.26894,51.70491],[9.26551,51.72038],[9.28645,51.73527],[9.25066,51.7748],[9.27169,51.78717],[9.26937,51.79811],[9.28954,51.80864],[9.28306,51.81997],[9.30405,51.84278],[9.30205,51.84969],[9.32304,51.85493],[9.36584,51.86494],[9.40623,51.85566],[9.46107,51.85971],[9.4334,51.83876],[9.44213,51.83093],[9.42803,51.81472],[9.44013,51.80361],[9.4356,51.7972],[9.44751,51.79385],[9.41524,51.77563],[9.40237,51.75935],[9.38408,51.75811],[9.37511,51.74366],[9.39367,51.72879],[9.38725,51.72232],[9.40003,51.70676],[9.39869,51.69677],[9.37582,51.68422],[9.34958,51.68655],[9.30529,51.67607],[9.2837,51.68075],[9.26293,51.67149],[9.24877,51.68198]],[[9.30413,50.55014],[9.31649,50.55712],[9.3189,50.57457],[9.36542,50.58133],[9.36713,50.56792],[9.37589,50.56628],[9.36713,50.55025],[9.34722,50.54022],[9.31083,50.54327],[9.30413,50.55014]],[[9.33409,50.30444],[9.35256,50.31892],[9.39683,50.31511],[9.43133,50.28572],[9.44893,50.28396],[9.43605,50.27223],[9.41915,50.28073],[9.37915,50.27491],[9.37606,50.27064],[9.39743,50.26241],[9.39202,50.24056],[9.38198,50.23908],[9.351,50.24259],[9.33658,50.27524],[9.33409,50.30444]],[[9.36709,50.39503],[9.39238,50.39045],[9.43804,50.4098],[9.46352,50.3979],[9.44841,50.38428],[9.46695,50.35576],[9.4173,50.34174],[9.38574,50.34569],[9.36891,50.37285],[9.36709,50.39503]],[[9.38035,49.60693],[9.40258,49.64007],[9.41975,49.6394],[9.43554,49.66407],[9.44378,49.66496],[9.48584,49.65841],[9.48429,49.6474],[9.50901,49.65074],[9.52412,49.62116],[9.53751,49.62339],[9.54781,49.60982],[9.56463,49.61116],[9.56669,49.60359],[9.53888,49.58223],[9.5335,49.56709],[9.51064,49.56631],[9.49116,49.57866],[9.46335,49.56286],[9.43863,49.56085],[9.44086,49.57254],[9.42163,49.58979],[9.40395,49.58712],[9.38035,49.60693]],[[9.52721,50.18965],[9.54369,50.20064],[9.5636,50.19624],[9.57561,50.23227],[9.58248,50.22173],[9.60411,50.22217],[9.66694,50.23974],[9.68239,50.23096],[9.68513,50.20943],[9.70024,50.20284],[9.68307,50.17602],[9.61613,50.17998],[9.52858,50.16788],[9.52721,50.18965]],[[9.53579,50.34966],[9.58149,50.34842],[9.61421,50.36042],[9.64052,50.35548],[9.63131,50.35166],[9.64415,50.34145],[9.6346,50.3387],[9.64076,50.32919],[9.60943,50.32589],[9.60171,50.31924],[9.6099,50.30058],[9.56701,50.29825],[9.57681,50.32627],[9.53579,50.34966]],[[9.68685,49.31729],[9.70093,49.32691],[9.71947,49.32445],[9.70505,49.33452],[9.71054,49.33966],[9.73801,49.3381],[9.73045,49.35152],[9.76067,49.34302],[9.75178,49.36169],[9.78012,49.38321],[9.81148,49.3788],[9.83585,49.3855],[9.84032,49.3788],[9.83036,49.37321],[9.84169,49.37276],[9.8489,49.34928],[9.8386,49.34392],[9.86435,49.32646],[9.84066,49.31416],[9.79809,49.3334],[9.75552,49.31841],[9.68685,49.31729]],[[9.75208,49.20392],[9.75414,49.21109],[9.78744,49.20616],[9.78916,49.18978],[9.78126,49.18844],[9.7617,49.1927],[9.75208,49.20392]],[[10.07442,50.87853],[10.09386,50.89296],[10.11146,50.89313],[10.13729,50.9072],[10.14261,50.89416],[10.16991,50.90244],[10.17909,50.88268],[10.19797,50.87954],[10.21085,50.89416],[10.2202,50.88771],[10.19033,50.87277],[10.18518,50.86553],[10.21008,50.86253],[10.18875,50.85256],[10.14278,50.85687],[10.11433,50.86862],[10.10021,50.86556],[10.09219,50.87407],[10.07579,50.87206],[10.07442,50.87853]],[[10.27975,50.8091],[10.2838,50.81581],[10.32354,50.81808],[10.33813,50.79454],[10.31187,50.78033],[10.29447,50.78534],[10.29265,50.80087],[10.27975,50.8091]],[[10.36788,51.55728],[10.37848,51.5624],[10.3738,51.58827],[10.42594,51.59238],[10.48748,51.57288],[10.4857,51.55653],[10.4733,51.55125],[10.48016,51.54772],[10.49276,51.55427],[10.51156,51.54845],[10.50359,51.56233],[10.5319,51.56797],[10.53361,51.59743],[10.51692,51.6102],[10.52675,51.62285],[10.54142,51.61494],[10.58349,51.61529],[10.56718,51.60963],[10.58116,51.58648],[10.56743,51.57954],[10.5707,51.56538],[10.5912,51.56987],[10.58561,51.58321],[10.62717,51.57075],[10.6459,51.55905],[10.66047,51.56065],[10.66276,51.58029],[10.63818,51.5844],[10.63182,51.60386],[10.64707,51.60894],[10.6381,51.61928],[10.68147,51.62993],[10.6759,51.63754],[10.70169,51.64095],[10.66779,51.67014],[10.66644,51.69516],[10.70558,51.69437],[10.70729,51.68192],[10.73806,51.67101],[10.76514,51.66941],[10.77973,51.68033],[10.78257,51.66122],[10.76171,51.65658],[10.76295,51.64908],[10.81183,51.63938],[10.81836,51.62457],[10.86205,51.63166],[10.89312,51.60602],[10.86368,51.57851],[10.86788,51.56208],[10.85775,51.55173],[10.86608,51.53827],[10.89672,51.53593],[10.90221,51.52445],[10.89655,51.52156],[10.90805,51.50912],[10.92153,51.50933],[10.9271,51.49683],[10.93972,51.50089],[10.95929,51.49186],[10.98285,51.4785],[10.9938,51.46204],[10.9697,51.45829],[10.85072,51.48518],[10.82239,51.49806],[10.82608,51.51414],[10.80136,51.52258],[10.77636,51.51826],[10.77948,51.51217],[10.75531,51.50466],[10.75441,51.48864],[10.78609,51.47652],[10.76961,51.4501],[10.7781,51.4409],[10.76866,51.43667],[10.77441,51.42587],[10.79638,51.42747],[10.80523,51.41591],[10.77888,51.40694],[10.7666,51.39125],[10.71733,51.40006],[10.69382,51.39556],[10.6818,51.3841],[10.71742,51.36519],[10.70068,51.33233],[10.66378,51.35656],[10.63305,51.36171],[10.64472,51.36899],[10.62292,51.3736],[10.6267,51.38228],[10.60558,51.37467],[10.60696,51.36626],[10.58507,51.36739],[10.57863,51.37907],[10.59073,51.38507],[10.57417,51.38796],[10.56473,51.38619],[10.57692,51.37371],[10.57151,51.36749],[10.56001,51.38533],[10.54722,51.37141],[10.52885,51.36583],[10.50362,51.38378],[10.50465,51.39878],[10.48817,51.42726],[10.47272,51.43539],[10.46585,51.45636],[10.42705,51.46214],[10.43392,51.47689],[10.46722,51.48566],[10.46448,51.49656],[10.47718,51.50297],[10.47958,51.51836],[10.46836,51.54403],[10.36796,51.54332],[10.36788,51.55728]],[[10.421,54.08157],[10.42663,54.09026],[10.42242,54.11577],[10.44062,54.12523],[10.43675,54.11794],[10.47898,54.10425],[10.48113,54.11582],[10.49529,54.12332],[10.53864,54.12322],[10.54095,54.13373],[10.51589,54.13991],[10.48327,54.17381],[10.49508,54.18446],[10.52834,54.18833],[10.54048,54.20653],[10.53791,54.21883],[10.54915,54.21998],[10.54031,54.22799],[10.57331,54.23554],[10.6096,54.23091],[10.60681,54.22405],[10.62007,54.22676],[10.67077,54.20673],[10.6736,54.18868],[10.65348,54.18361],[10.65125,54.17316],[10.66609,54.16299],[10.66416,54.15268],[10.68897,54.14979],[10.69734,54.12143],[10.70897,54.11655],[10.72424,54.12656],[10.75416,54.12118],[10.7557,54.10722],[10.73729,54.09512],[10.70665,54.09203],[10.69223,54.10059],[10.67747,54.09028],[10.65908,54.09832],[10.62845,54.0944],[10.59451,54.10234],[10.59832,54.07046],[10.5055,54.07279],[10.48405,54.05888],[10.45851,54.06072],[10.421,54.08157]],[[10.62932,45.4448],[10.63957,45.50154],[10.62996,45.61068],[10.84283,45.83182],[10.88451,45.81474],[10.87281,45.78776],[10.88477,45.77865],[10.84329,45.71836],[10.88161,45.71738],[10.92056,45.70083],[10.91154,45.68829],[10.93715,45.67312],[10.96203,45.68552],[10.97234,45.70191],[10.96835,45.6799],[10.99806,45.69748],[10.99296,45.70813],[11.00776,45.71033],[11.01054,45.71903],[11.01763,45.71933],[11.01674,45.70622],[11.0263,45.70463],[11.04174,45.70604],[11.05605,45.71847],[11.0944,45.69247],[11.11362,45.69674],[11.12297,45.6892],[11.13851,45.69685],[11.14589,45.71703],[11.17825,45.73636],[11.18058,45.76626],[11.17336,45.78647],[11.20432,45.78381],[11.1891,45.81305],[11.2191,45.83301],[11.21841,45.84421],[11.23352,45.86031],[11.23584,45.88015],[11.21816,45.90452],[11.22262,45.92662],[11.2361,45.93235],[11.34809,45.89243],[11.36614,45.90442],[11.35839,45.94351],[11.38183,45.94259],[11.37239,45.97473],[11.37711,45.98433],[11.44707,45.98098],[11.46204,45.99479],[11.51127,46.01234],[11.57729,46.00686],[11.58774,45.96939],[11.63003,45.96926],[11.62791,45.96053],[11.66997,45.9638],[11.68506,45.97095],[11.68473,45.98402],[11.70419,45.97721],[11.71713,45.97064],[11.71194,45.95706],[11.72396,45.95298],[11.72813,45.93883],[11.78445,45.91904],[11.77972,45.88763],[11.7997,45.88057],[11.79012,45.8681],[11.75415,45.8551],[11.74154,45.83374],[11.75933,45.80346],[11.80425,45.79584],[11.82576,45.77386],[11.82978,45.74976],[11.81352,45.72311],[11.81983,45.68684],[11.76072,45.67818],[11.71124,45.68103],[11.70992,45.66779],[11.68535,45.65827],[11.67985,45.64075],[11.64768,45.63502],[11.64275,45.59859],[11.6734,45.59262],[11.67044,45.56524],[11.65572,45.54998],[11.65794,45.53848],[11.67585,45.5409],[11.68325,45.5524],[11.7074,45.54252],[11.72259,45.54579],[11.7205,45.55953],[11.72708,45.56041],[11.75781,45.52424],[11.73869,45.51735],[11.72929,45.52145],[11.73807,45.48885],[11.74837,45.48725],[11.73835,45.48357],[11.74436,45.47119],[11.70659,45.47272],[11.71004,45.46268],[11.69942,45.45817],[11.69698,45.44022],[11.65231,45.41659],[11.61439,45.38416],[11.61147,45.37432],[11.62637,45.35752],[11.62537,45.34679],[11.61608,45.34199],[11.61993,45.33103],[11.61274,45.31647],[11.58744,45.31197],[11.58026,45.29737],[11.5843,45.2855],[11.61695,45.26712],[11.61594,45.25338],[11.6024,45.24388],[11.56136,45.26178],[11.48671,45.26544],[11.47881,45.25847],[11.45066,45.26132],[11.40604,45.25225],[11.40074,45.23006],[11.4261,45.14254],[11.41111,45.12158],[11.44521,45.09274],[11.42581,45.06634],[11.38586,45.05304],[11.35838,45.06351],[11.33249,45.08952],[11.18606,45.11206],[11.14674,45.12599],[11.138,45.1238],[11.12735,45.10291],[11.10187,45.11345],[11.09435,45.10582],[11.09745,45.09612],[11.0747,45.09776],[11.02857,45.12725],[11.04409,45.13401],[11.04716,45.1533],[11.03182,45.1496],[11.02848,45.1589],[11.01046,45.14899],[10.99279,45.15302],[10.99835,45.16282],[10.99268,45.1841],[10.99835,45.1845],[10.9836,45.20052],[10.93328,45.21409],[10.93558,45.23264],[10.84608,45.25688],[10.81691,45.29497],[10.78339,45.31566],[10.73677,45.28698],[10.72781,45.29358],[10.73073,45.31584],[10.70623,45.31624],[10.71512,45.33308],[10.71089,45.34796],[10.72288,45.35225],[10.72632,45.36309],[10.69724,45.38014],[10.71862,45.40556],[10.71008,45.42306],[10.71309,45.43868],[10.64318,45.4623],[10.64781,45.44851],[10.62932,45.4448]],[[10.77074,50.8588],[10.8037,50.88681],[10.81857,50.88972],[10.82076,50.921],[10.8599,50.91633],[10.86179,50.87954],[10.87432,50.87759],[10.86228,50.85126],[10.84519,50.83862],[10.78705,50.84298],[10.77074,50.8588]],[[10.78128,50.9855],[10.83561,51.00738],[10.88874,50.99496],[10.91526,51.0036],[10.91105,51.02091],[10.8699,51.02774],[10.86925,51.05769],[10.8308,51.0729],[10.83801,51.09506],[10.88011,51.09811],[10.88402,51.0839],[10.9102,51.08854],[10.94976,51.10083],[10.9477,51.11575],[10.95732,51.1185],[10.95097,51.12486],[10.96993,51.12378],[10.98092,51.09749],[10.96393,51.08649],[10.98768,51.03575],[11.0253,51.03082],[11.02761,51.05898],[11.02004,51.06046],[11.02306,51.06637],[11.04109,51.06513],[11.0435,51.07959],[11.08126,51.07419],[11.08538,51.06459],[11.12761,51.08207],[11.12589,51.05995],[11.14735,51.06556],[11.15868,51.05715],[11.17653,51.07031],[11.20623,51.036],[11.19524,51.02131],[11.21361,51.00609],[11.23661,51.00717],[11.2258,50.99658],[11.24073,50.98469],[11.26648,50.98545],[11.26682,50.97075],[11.22116,50.94999],[11.23215,50.94588],[11.22082,50.93052],[11.25343,50.88874],[11.24622,50.87515],[11.20829,50.88224],[11.20633,50.86473],[11.18073,50.87856],[11.17172,50.87504],[11.18823,50.87247],[11.17777,50.8669],[11.15209,50.87696],[11.12666,50.90248],[11.1134,50.89261],[11.03559,50.88024],[11.02444,50.85901],[11.00513,50.86367],[10.995,50.87369],[11.00718,50.89451],[11.05508,50.89619],[11.05538,50.90953],[10.98036,50.90433],[10.97032,50.92197],[11.02255,50.92944],[11.0259,50.93758],[11.00238,50.93853],[10.9998,50.94832],[10.95298,50.93791],[10.93869,50.94707],[10.91219,50.94115],[10.91612,50.93028],[10.90479,50.92251],[10.87638,50.92744],[10.86848,50.94183],[10.89691,50.94527],[10.89427,50.96051],[10.85535,50.96327],[10.8523,50.95232],[10.82698,50.95134],[10.83183,50.99048],[10.81368,50.9798],[10.78128,50.9855]],[[11.06143,51.15033],[11.08604,51.15084],[11.08523,51.16866],[11.11535,51.17418],[11.11535,51.18497],[11.12765,51.18037],[11.12209,51.1719],[11.15705,51.16327],[11.17413,51.12766],[11.17481,51.10568],[11.13842,51.09199],[11.09327,51.1122],[11.10194,51.11813],[11.09714,51.12754],[11.064,51.12907],[11.06143,51.15033]],[[11.22597,51.07053],[11.26596,51.07301],[11.27197,51.06093],[11.25695,51.05461],[11.26262,51.05192],[11.273,51.05181],[11.27983,51.06241],[11.31214,51.05353],[11.29575,51.03152],[11.27438,51.02553],[11.22854,51.04938],[11.22597,51.07053]],[[11.25481,51.10266],[11.25642,51.1308],[11.28678,51.12743],[11.29429,51.12594],[11.28227,51.1018],[11.25481,51.10266]],[[11.28931,50.86713],[11.32038,50.87293],[11.35283,50.89491],[11.3572,50.91088],[11.33823,50.92414],[11.38098,50.92533],[11.39471,50.90238],[11.41806,50.89778],[11.39943,50.89047],[11.37875,50.86469],[11.40947,50.85733],[11.40501,50.8331],[11.36373,50.83158],[11.35842,50.81517],[11.33506,50.81891],[11.30733,50.80449],[11.28931,50.86713]],[[11.40518,42.44677],[11.40518,42.48299],[11.59401,42.67638],[11.64259,42.69581],[11.70044,42.68572],[11.71812,42.6642],[11.71108,42.65757],[11.66679,42.65542],[11.61152,42.62183],[11.60117,42.56952],[11.58817,42.56614],[11.58553,42.5359],[11.56593,42.51612],[11.60785,42.48733],[11.60724,42.45968],[11.59854,42.44511],[11.49814,42.43405],[11.47472,42.42212],[11.40518,42.44677]],[[11.53221,42.82437],[11.55384,42.84728],[11.60191,42.84979],[11.61049,42.8148],[11.74723,42.79848],[11.77388,42.78065],[11.79001,42.75522],[11.76155,42.7518],[11.73202,42.73667],[11.70044,42.68573],[11.54594,42.7702],[11.53221,42.82437]],[[11.60371,51.66585],[11.61272,51.67692],[11.61066,51.69139],[11.63444,51.69448],[11.62594,51.70581],[11.61538,51.70347],[11.62354,51.73229],[11.69297,51.72485],[11.68894,51.72059],[11.70791,51.71506],[11.71443,51.72642],[11.72529,51.72604],[11.72327,51.73248],[11.69396,51.74274],[11.73022,51.74491],[11.74271,51.73888],[11.77507,51.75265],[11.77975,51.73224],[11.79773,51.72376],[11.80202,51.69959],[11.81271,51.68708],[11.863,51.67788],[11.92403,51.64593],[11.92802,51.66468],[11.9487,51.66673],[11.94583,51.64521],[11.93308,51.63994],[11.9454,51.63088],[11.91502,51.62553],[11.96793,51.62665],[11.95188,51.61962],[11.95321,51.60093],[11.98299,51.6012],[11.99188,51.5847],[11.98016,51.57491],[12.01977,51.58022],[12.0226,51.59243],[12.04621,51.58432],[12.16483,51.5764],[12.16936,51.54975],[12.07801,51.53406],[12.08183,51.52228],[12.11895,51.5276],[12.12762,51.51729],[12.08633,51.50832],[12.07106,51.51238],[12.07415,51.50255],[12.05441,51.494],[12.09028,51.49143],[12.08771,51.48534],[12.03896,51.48812],[12.03844,51.47657],[12.05655,51.45962],[12.07432,51.45962],[12.07664,51.45369],[12.15088,51.45893],[12.17023,51.42316],[12.16521,51.40653],[12.11678,51.41821],[12.09026,51.42324],[12.08485,51.39125],[12.06473,51.38712],[12.04556,51.39457],[12.05559,51.42074],[12.04991,51.42247],[12.01929,51.40213],[11.95536,51.4067],[11.95347,51.41612],[11.94231,51.41537],[11.9442,51.42394],[11.95553,51.42009],[11.95278,51.43325],[11.92592,51.44593],[11.92931,51.45746],[11.93716,51.45176],[11.95338,51.46834],[11.9484,51.47753],[11.95463,51.47991],[11.94317,51.48138],[11.85305,51.46048],[11.83571,51.42405],[11.81957,51.45545],[11.80133,51.46619],[11.82335,51.47524],[11.82884,51.46657],[11.84618,51.46957],[11.86447,51.48696],[11.86335,51.49277],[11.83339,51.49827],[11.83245,51.51109],[11.84206,51.51291],[11.8388,51.52818],[11.81923,51.53299],[11.82026,51.55616],[11.83219,51.5696],[11.79863,51.5727],[11.79125,51.58368],[11.75949,51.58262],[11.75245,51.63304],[11.72104,51.62995],[11.69323,51.64881],[11.60371,51.66585]],[[11.86678,51.7409],[11.87867,51.73936],[11.87695,51.75047],[11.88433,51.75079],[11.90875,51.7404],[11.90991,51.73346],[11.90669,51.727],[11.87034,51.73397],[11.86678,51.7409]],[[12.77985,47.60362],[12.77985,47.6337],[12.82173,47.65706],[12.83203,47.64319],[12.85057,47.64642],[12.83684,47.66631],[12.85263,47.67926],[12.8849,47.68249],[12.89791,47.69157],[12.95185,47.70595],[12.97914,47.6907],[12.9891,47.69393],[13.00816,47.72203],[13.01798,47.72299],[13.07373,47.69174],[13.09811,47.64226],[13.09639,47.62954],[13.06292,47.60003],[13.06995,47.58614],[13.04317,47.58347],[13.04146,47.57629],[13.05777,47.56101],[13.0315,47.53691],[13.04523,47.52555],[13.04747,47.49215],[13.02979,47.48705],[13.00936,47.465],[12.99477,47.47081],[12.99477,47.478],[12.97451,47.48415],[12.96867,47.47417],[12.92078,47.49343],[12.88404,47.52056],[12.85057,47.53215],[12.84697,47.54629],[12.81967,47.54537],[12.79753,47.55394],[12.78122,47.57351],[12.79341,47.59331],[12.77985,47.60362]],[[13.28796,48.33845],[13.35714,48.36885],[13.37628,48.35732],[13.31989,48.31859],[13.28796,48.33845]]],[[[5.62365,49.18261],[5.64976,49.12386],[5.66894,49.1368],[5.70396,49.14129],[5.7074,49.15836],[5.65796,49.17003],[5.67993,49.17901],[5.67993,49.18888],[5.65178,49.19158],[5.62706,49.18126],[5.62365,49.18261]]],[[[5.65696,49.10768],[5.67858,49.05902],[5.73967,49.07567],[5.73993,49.08595],[5.72473,49.09405],[5.69984,49.09141],[5.66208,49.10804],[5.65696,49.10768]]],[[[5.70723,49.42058],[5.73229,49.39846],[5.80233,49.39757],[5.83254,49.41187],[5.85485,49.44023],[5.83803,49.45027],[5.81846,49.44268],[5.79924,49.44782],[5.7704,49.43442],[5.73915,49.43844],[5.70723,49.42058]]],[[[5.86876,49.37489],[5.8897,49.35409],[5.88919,49.34369],[5.91854,49.37276],[5.89708,49.38316],[5.86876,49.37489]]],[[[8.08319,44.08931],[8.09787,44.07359],[8.11612,44.07156],[8.14189,44.09168],[8.14104,44.09295],[8.15074,44.10195],[8.13915,44.10423],[8.13478,44.09153],[8.11855,44.08968],[8.10551,44.09578],[8.08319,44.08931]]],[[[8.13778,44.15179],[8.15289,44.13904],[8.14293,44.12555],[8.14816,44.11323],[8.16779,44.1119],[8.18636,44.1264],[8.19312,44.13046],[8.19168,44.1335],[8.17237,44.14144],[8.17906,44.14132],[8.16464,44.15548],[8.1516,44.16029],[8.13778,44.15179]]],[[[8.30689,49.59447],[8.31881,49.55846],[8.32455,49.56085],[8.31682,49.56753],[8.3248,49.58189],[8.34369,49.59554],[8.33798,49.60117],[8.30689,49.59447]]],[[[8.58872,44.52684],[8.61191,44.54791],[8.60006,44.55366],[8.60105,44.54586],[8.58872,44.52684]]],[[[8.59857,44.5655],[8.59953,44.55791],[8.61876,44.57663],[8.62302,44.59689],[8.61736,44.59995],[8.62111,44.58855],[8.60716,44.58258],[8.59857,44.5655]]],[[[8.68708,53.77632],[8.69143,53.7658],[8.7089,53.76962],[8.71268,53.73602],[8.76898,53.69098],[8.76451,53.68245],[8.82653,53.68006],[8.85942,53.65163],[8.89279,53.64532],[8.90387,53.65114],[8.93751,53.63437],[8.94768,53.63815],[8.95454,53.65919],[8.936,53.66539],[8.96261,53.69701],[8.96113,53.7663],[8.84848,53.74968],[8.68708,53.77632]]],[[[8.77879,54.1324],[8.83265,54.06602],[8.91844,54.0275],[8.96373,54.035],[8.98308,54.04954],[8.98493,54.06307],[8.95819,54.06375],[8.97995,54.06891],[8.95042,54.0894],[8.93223,54.1236],[8.9027,54.13046],[8.85464,54.11477],[8.85155,54.12422],[8.82065,54.1365],[8.81766,54.15105],[8.77879,54.1324]]],[[[9.66608,49.92879],[9.70556,49.90702],[9.68651,49.90005],[9.73526,49.91365],[9.72015,49.93045],[9.66608,49.92879]]],[[[9.67597,49.69326],[9.73587,49.68776],[9.73741,49.68869],[9.72749,49.6909],[9.71061,49.72706],[9.72393,49.74412],[9.70073,49.71696],[9.677,49.71636],[9.67597,49.69326]]],[[[9.68153,50.75519],[9.69286,50.73455],[9.72041,50.7452],[9.72779,50.75307],[9.71221,50.76733],[9.68956,50.76586],[9.68153,50.75519]]],[[[9.74079,50.80749],[9.74904,50.80436],[9.74436,50.77805],[9.77697,50.75199],[9.78727,50.75166],[9.79568,50.77012],[9.81045,50.77794],[9.80736,50.7962],[9.81078,50.79564],[9.79929,50.80645],[9.80689,50.81391],[9.79058,50.81987],[9.74079,50.80749]]],[[[9.7641,50.07433],[9.76616,50.06067],[9.79294,50.05405],[9.79912,50.07565],[9.77989,50.08138],[9.7641,50.07433]]],[[[9.83826,49.91763],[9.89044,49.92603],[9.89044,49.96491],[9.8568,49.96889],[9.85611,49.93796],[9.83826,49.91763]]],[[[9.85676,50.55243],[9.85823,50.54154],[9.87394,50.53914],[9.87825,50.52887],[9.89559,50.52063],[9.90898,50.52631],[9.92443,50.51779],[9.92855,50.54289],[9.90761,50.54158],[9.89799,50.54791],[9.90177,50.55598],[9.98726,50.58204],[9.99686,50.57384],[9.98228,50.60274],[9.99696,50.61949],[10.0264,50.6181],[10.04311,50.60403],[10.03726,50.61263],[10.05674,50.62573],[10.08133,50.61979],[10.08298,50.63365],[10.11291,50.65077],[10.07903,50.63634],[10.05064,50.67366],[9.9985,50.67597],[9.95353,50.6663],[9.94911,50.65795],[9.9682,50.64072],[9.95862,50.62526],[9.96102,50.59035],[9.94329,50.5796],[9.91821,50.58367],[9.9168,50.60524],[9.89704,50.59698],[9.91701,50.58021],[9.91399,50.5631],[9.89154,50.56118],[9.86775,50.57375],[9.85826,50.56716],[9.86728,50.55424],[9.85676,50.55243]]],[[[9.86401,50.44942],[9.87122,50.43149],[9.92392,50.41257],[9.88392,50.39911],[9.95756,50.4235],[9.9931,50.4516],[9.99636,50.46111],[9.95739,50.4846],[9.93782,50.47215],[9.92168,50.47477],[9.8774,50.46297],[9.86401,50.44942]]],[[[9.87232,50.79574],[9.88667,50.78996],[9.8877,50.7774],[9.91825,50.7686],[9.94764,50.77673],[9.95469,50.786],[9.94404,50.79392],[9.95657,50.8096],[9.95224,50.82147],[9.8992,50.81659],[9.8922,50.81082],[9.89563,50.79005],[9.88087,50.79593],[9.87232,50.79574]]],[[[9.89943,50.84058],[9.93664,50.8368],[9.94374,50.84516],[9.90512,50.86039],[9.89943,50.84058]]],[[[9.90005,49.67118],[9.93233,49.66718],[9.91585,49.64718],[9.92821,49.62317],[9.95293,49.62317],[9.96323,49.65829],[9.95087,49.67518],[9.96323,49.68585],[10.03052,49.67563],[10.02434,49.69651],[9.94949,49.7085],[9.92958,49.68496],[9.90555,49.68451],[9.90005,49.67118]]],[[[10.0415,49.71915],[10.06004,49.71471],[10.06142,49.70272],[10.09781,49.7156],[10.11291,49.7338],[10.10536,49.74223],[10.0415,49.72803],[10.0415,49.71915]]],[[[10.07172,49.58779],[10.17403,49.58245],[10.1651,49.56887],[10.16853,49.55417],[10.17883,49.54663],[10.23102,49.55818],[10.2626,49.55395],[10.29213,49.56575],[10.32509,49.56375],[10.31445,49.54816],[10.32131,49.53368],[10.35908,49.53412],[10.40028,49.48798],[10.37178,49.48262],[10.38723,49.46522],[10.41161,49.47392],[10.4322,49.50359],[10.4147,49.50426],[10.3838,49.52499],[10.38414,49.54214],[10.39719,49.54214],[10.39478,49.55194],[10.49126,49.59558],[10.53657,49.59558],[10.52422,49.61972],[10.48576,49.63195],[10.56129,49.67652],[10.60455,49.67696],[10.60936,49.69651],[10.58807,49.69517],[10.58876,49.7085],[10.56679,49.70939],[10.55786,49.71738],[10.51065,49.70988],[10.47993,49.70628],[10.39562,49.67272],[10.40405,49.6663],[10.44096,49.66185],[10.45692,49.6484],[10.45761,49.63251],[10.39719,49.60671],[10.38277,49.61382],[10.3759,49.64273],[10.34706,49.66985],[10.38071,49.68407],[10.34981,49.69029],[10.3038,49.69384],[10.2523,49.66807],[10.22621,49.66496],[10.22827,49.65074],[10.18364,49.65207],[10.16235,49.62183],[10.17403,49.59825],[10.20218,49.60448],[10.20081,49.59336],[10.22346,49.58356],[10.07172,49.58779]]],[[[10.0897,50.56866],[10.09928,50.55479],[10.09982,50.55515],[10.10944,50.56413],[10.12062,50.56431],[10.12073,50.55583],[10.13909,50.54301],[10.15059,50.552],[10.12072,50.56431],[10.1289,50.56444],[10.17602,50.54365],[10.19377,50.55489],[10.23136,50.53154],[10.22055,50.53885],[10.23308,50.54464],[10.23548,50.555],[10.26037,50.54845],[10.26312,50.5707],[10.2354,50.58997],[10.18729,50.59293],[10.19227,50.60489],[10.18209,50.6168],[10.14443,50.61786],[10.14124,50.59934],[10.13231,50.59223],[10.1457,50.58839],[10.13954,50.57939],[10.0897,50.56866]]],[[[10.09712,49.65518],[10.14793,49.64896],[10.17883,49.68718],[10.12321,49.69562],[10.12802,49.69029],[10.1136,49.68673],[10.09712,49.65518]]],[[[10.12871,49.90127],[10.14107,49.86897],[10.18707,49.8734],[10.17197,49.90392],[10.12871,49.90127]]],[[[10.167,50.02836],[10.21242,50.00885],[10.23469,50.01379],[10.24896,50.0192],[10.23878,50.02252],[10.24056,50.03945],[10.2756,50.05763],[10.2603,50.0594],[10.26732,50.06683],[10.25718,50.08596],[10.29453,50.11221],[10.26896,50.13202],[10.31033,50.12938],[10.32337,50.13995],[10.2808,50.14655],[10.27496,50.13929],[10.26157,50.14017],[10.23685,50.12212],[10.22162,50.09146],[10.22946,50.08474],[10.22459,50.06582],[10.20516,50.07271],[10.19493,50.06759],[10.18172,50.05293],[10.18955,50.04348],[10.167,50.02836]]],[[[10.20012,50.50011],[10.20437,50.46959],[10.20497,50.46975],[10.21076,50.48717],[10.22879,50.49563],[10.25248,50.48394],[10.25728,50.46286],[10.25748,50.45358],[10.26857,50.47652],[10.3032,50.48624],[10.30125,50.49395],[10.23059,50.51625],[10.23033,50.51103],[10.20012,50.50011]]],[[[10.26947,49.89685],[10.27359,49.88534],[10.31273,49.88446],[10.29213,49.91984],[10.27908,49.9163],[10.2832,49.90171],[10.26947,49.89685]]],[[[10.27222,49.85304],[10.27496,49.834],[10.29007,49.83223],[10.31273,49.84463],[10.299,49.85791],[10.27222,49.85304]]],[[[10.28389,49.79767],[10.31685,49.73336],[10.299,49.77772],[10.36696,49.78993],[10.35667,49.79235],[10.37041,49.81584],[10.35599,49.82381],[10.32028,49.81894],[10.30792,49.80564],[10.28389,49.79767]]],[[[10.36499,49.24373],[10.38021,49.22361],[10.40297,49.22986],[10.4274,49.22253],[10.46585,49.20594],[10.4995,49.21087],[10.48576,49.2019],[10.49057,49.19247],[10.57846,49.17722],[10.56404,49.201],[10.58114,49.2492],[10.53667,49.26199],[10.5159,49.25786],[10.47688,49.26688],[10.47913,49.27741],[10.46325,49.27628],[10.45568,49.2842],[10.44008,49.27833],[10.43887,49.25804],[10.38961,49.26146],[10.37166,49.24412],[10.36499,49.24373]]],[[[10.39719,49.74756],[10.41779,49.73069],[10.47272,49.72936],[10.48782,49.71782],[10.51872,49.73114],[10.52284,49.74312],[10.47684,49.76042],[10.48096,49.77639],[10.46268,49.786],[10.48851,49.78747],[10.50293,49.80033],[10.56747,49.77417],[10.60867,49.77417],[10.59425,49.78836],[10.60524,49.80697],[10.63075,49.80156],[10.63408,49.81273],[10.64987,49.82115],[10.63476,49.8278],[10.62927,49.84418],[10.60112,49.85614],[10.62721,49.87561],[10.62584,49.8911],[10.59975,49.88977],[10.60043,49.87605],[10.58739,49.87517],[10.57777,49.85924],[10.5558,49.86455],[10.56747,49.88402],[10.52971,49.88269],[10.48988,49.86809],[10.46173,49.87517],[10.43701,49.84684],[10.44319,49.83754],[10.40749,49.78038],[10.42396,49.75687],[10.41367,49.74046],[10.39719,49.74756]]],[[[10.43083,49.42393],[10.4789,49.4074],[10.47752,49.39712],[10.58533,49.39221],[10.58739,49.41231],[10.54344,49.41544],[10.53589,49.40874],[10.52353,49.41633],[10.54481,49.42616],[10.54207,49.43732],[10.55923,49.45116],[10.46997,49.45072],[10.43083,49.42393]]],[[[10.43745,50.17036],[10.4712,50.17767],[10.46962,50.18744],[10.45008,50.19629],[10.43745,50.17036]]],[[[10.52046,50.08781],[10.5383,50.06932],[10.57351,50.06193],[10.57385,50.05095],[10.61286,50.05054],[10.62157,50.0391],[10.59769,50.02539],[10.62207,50.0388],[10.6594,50.04083],[10.68489,50.04849],[10.68591,50.06897],[10.66281,50.07377],[10.65263,50.06975],[10.65478,50.05621],[10.64655,50.05752],[10.62036,50.07759],[10.63168,50.0828],[10.59454,50.09676],[10.57998,50.08718],[10.55072,50.09484],[10.52046,50.08781]]],[[[10.5359,49.01779],[10.61073,48.91887],[10.67553,48.90598],[10.67081,48.90738],[10.61279,48.96985],[10.59082,48.9685],[10.58739,48.99824],[10.60387,49.00004],[10.60593,49.00939],[10.58344,49.03224],[10.55099,49.03325],[10.53932,49.02729],[10.5359,49.01779]]],[[[10.5783,50.15989],[10.58646,50.14623],[10.59603,50.14817],[10.59524,50.16052],[10.5783,50.15989]]],[[[10.57983,49.15611],[10.58533,49.12737],[10.62172,49.12242],[10.63133,49.10265],[10.64712,49.11658],[10.67184,49.11254],[10.6897,49.13455],[10.66017,49.19696],[10.61005,49.17901],[10.64712,49.1642],[10.57983,49.15611]]],[[[10.62103,49.23464],[10.6794,49.23105],[10.71785,49.24719],[10.73502,49.24495],[10.77415,49.25884],[10.77965,49.28035],[10.76591,49.28841],[10.74188,49.28304],[10.73502,49.3005],[10.69038,49.31035],[10.65193,49.29916],[10.65262,49.28617],[10.67116,49.28707],[10.65536,49.25167],[10.6279,49.24585],[10.62103,49.23464]]],[[[10.66704,49.05272],[10.66772,49.04507],[10.6842,49.04327],[10.6945,49.02796],[10.74394,49.02841],[10.73364,49.05092],[10.74188,49.05812],[10.69862,49.07072],[10.67596,49.06487],[10.68008,49.05632],[10.66704,49.05272]]],[[[10.68214,49.46455],[10.7103,49.465],[10.72884,49.45474],[10.74737,49.45607],[10.73364,49.48775],[10.71304,49.49445],[10.70343,49.47348],[10.68283,49.47214],[10.68214,49.46455]]],[[[10.71279,48.89857],[10.94356,48.85268],[10.9464,48.85718],[10.93637,48.85715],[10.95474,48.88052],[10.9417,48.90625],[10.99034,48.92689],[11.02701,48.98506],[10.91445,49.02983],[10.9108,49.02977],[10.90496,49.02504],[10.91629,49.01243],[10.8799,48.99779],[10.90633,48.97053],[10.90942,48.9446],[10.88882,48.93378],[10.80643,48.93964],[10.79613,48.91573],[10.74463,48.91889],[10.71279,48.89857]]],[[[10.77141,50.2035],[10.82668,50.21426],[10.83715,50.22096],[10.77141,50.2035]]],[[[10.78737,49.21233],[10.80557,49.20863],[10.81055,49.21838],[10.79132,49.22175],[10.78737,49.21233]]],[[[10.79613,49.91984],[10.80231,49.88534],[10.84488,49.9079],[10.79613,49.91984]]],[[[10.84179,49.1826],[10.85999,49.17856],[10.87166,49.15971],[10.90118,49.16307],[10.90633,49.15072],[10.92659,49.15162],[10.96779,49.09298],[10.99628,49.09343],[11.02039,49.07667],[11.05942,49.08288],[11.07319,49.09905],[11.08813,49.08744],[11.19192,49.10393],[11.18889,49.10782],[11.22219,49.1496],[11.26479,49.11551],[11.2773,49.1175],[11.27781,49.25001],[11.22518,49.25001],[11.22803,49.24809],[11.20262,49.22589],[11.21498,49.21109],[11.06701,49.15387],[11.05019,49.1752],[11.01688,49.1725],[11.00967,49.15881],[10.98461,49.15881],[10.97156,49.14938],[10.96573,49.15724],[10.98461,49.18686],[10.93277,49.19786],[10.91732,49.19135],[10.87887,49.21289],[10.84385,49.20055],[10.84179,49.1826]]],[[[10.85449,49.13545],[10.85827,49.12984],[10.87337,49.13433],[10.91217,49.12669],[10.92075,49.13433],[10.8823,49.15319],[10.85449,49.13545]]],[[[10.86685,49.68673],[10.87372,49.67252],[10.88745,49.66696],[10.90084,49.67229],[10.90324,49.68229],[10.8847,49.68984],[10.86685,49.68673]]],[[[10.88127,49.07387],[10.88436,49.0597],[10.91457,49.06374],[10.8902,49.08691],[10.88127,49.07387]]],[[[10.93274,49.06275],[10.9771,49.06979],[10.96745,49.07634],[10.93689,49.07477],[10.93274,49.06275]]],[[[10.93277,49.35286],[10.9465,49.35018],[10.93552,49.33273],[10.96229,49.32602],[10.99869,49.33631],[10.96779,49.34749],[10.97191,49.36046],[10.99594,49.37075],[10.99251,49.39533],[10.97534,49.39578],[10.97259,49.3788],[10.95406,49.38371],[10.93689,49.37701],[10.93277,49.35286]]],[[[10.93552,49.2084],[10.97156,49.2084],[11.02993,49.23172],[10.99422,49.26512],[10.94753,49.24876],[10.94685,49.22702],[10.93723,49.22298],[10.93552,49.2084]]],[[[10.97132,49.52172],[10.97259,49.52276],[10.9853,49.52031],[10.98942,49.49723],[11.01242,49.49422],[11.01791,49.48084],[11.01173,49.4592],[11.028,49.43275],[11.02804,49.44889],[11.2789,49.51522],[11.22221,49.69757],[11.19095,49.69118],[11.20056,49.6814],[11.19661,49.67185],[11.14099,49.64907],[11.16417,49.64574],[11.19799,49.65363],[11.19953,49.64651],[11.17292,49.61227],[11.1997,49.60671],[11.17653,49.59002],[11.12795,49.58668],[11.1216,49.58134],[11.01105,49.58289],[11.02478,49.56898],[11.02203,49.55629],[10.9889,49.55295],[10.97132,49.52172]]],[[[11.015,49.41243],[11.02615,49.39388],[11.0253,49.37779],[11.02787,49.37612],[11.02795,49.41276],[11.015,49.41243]]],[[[11.10752,51.0347],[11.12417,51.02088],[11.14666,51.01678],[11.14374,51.00943],[11.15078,51.00447],[11.1882,51.02207],[11.15507,51.0374],[11.10752,51.0347]]],[[[11.11954,50.91829],[11.13396,50.90509],[11.14717,50.9079],[11.17601,50.8961],[11.18975,50.90347],[11.19078,50.90953],[11.15301,50.91938],[11.11954,50.91829]]],[[[11.17043,50.93961],[11.18803,50.93788],[11.18846,50.94799],[11.17207,50.95626],[11.17043,50.93961]]],[[[11.18065,49.73713],[11.19026,49.72293],[11.2125,49.72881],[11.21217,49.72987],[11.19919,49.74623],[11.18065,49.73713]]],[[[11.19163,49.84463],[11.19575,49.80077],[11.21155,49.79412],[11.21003,49.78432],[11.29528,49.80682],[11.25961,49.87251],[11.27609,49.88711],[11.26167,49.89906],[11.22459,49.90038],[11.19232,49.8911],[11.19987,49.87871],[11.23352,49.87428],[11.22871,49.84064],[11.19163,49.84463]]],[[[11.25961,50.00553],[11.27953,49.97198],[11.34613,49.95034],[11.37634,49.93133],[11.35437,49.91675],[11.37222,49.89198],[11.39145,49.88844],[11.38733,49.89596],[11.40793,49.89596],[11.41411,49.88623],[11.4892,49.858],[11.49277,49.85894],[11.49067,49.86101],[11.50406,49.95696],[11.64207,50.0783],[11.62491,50.08843],[11.64345,50.10252],[11.64963,50.13775],[11.60706,50.14347],[11.5947,50.11882],[11.57959,50.11618],[11.54526,50.12498],[11.54182,50.14919],[11.5068,50.14919],[11.44981,50.17074],[11.43677,50.18569],[11.41273,50.17602],[11.39831,50.17866],[11.38321,50.19405],[11.35986,50.17602],[11.36261,50.15931],[11.399,50.16063],[11.38596,50.14875],[11.38458,50.1307],[11.36673,50.1263],[11.35849,50.09548],[11.32004,50.07741],[11.32965,50.07257],[11.31866,50.06155],[11.32484,50.04964],[11.28502,50.03509],[11.28982,50.02274],[11.26373,50.01656],[11.25961,50.00553]]],[[[11.37463,50.23293],[11.37772,50.22371],[11.40879,50.21591],[11.41883,50.20157],[11.45857,50.22568],[11.45127,50.24045],[11.3863,50.24649],[11.37463,50.23293]]],[[[11.53564,50.26608],[11.57547,50.2573],[11.54732,50.23842],[11.5432,50.22217],[11.55693,50.2169],[11.55281,50.2002],[11.57135,50.19185],[11.55281,50.18174],[11.54182,50.14919],[11.57822,50.15271],[11.60706,50.17514],[11.605,50.1958],[11.62628,50.20679],[11.605,50.22481],[11.61255,50.23623],[11.59813,50.25862],[11.53564,50.26608]]],[[[11.89502,52.32695],[11.90532,52.31798],[11.96651,52.33235],[11.94231,52.34074],[11.92626,52.35616],[11.89502,52.32695]]],[[[12.06196,52.2116],[12.10041,52.2074],[12.12135,52.2257],[12.09423,52.23348],[12.06951,52.23032],[12.06196,52.2116]]],[[[12.0726,52.16993],[12.09663,52.16698],[12.11346,52.14739],[12.10865,52.124],[12.14882,52.14613],[12.14195,52.1594],[12.16633,52.15055],[12.18281,52.16762],[12.1265,52.18762],[12.0726,52.16993]]],[[[12.36213,52.43814],[12.36576,52.42933],[12.38824,52.43215],[12.39404,52.39077],[12.40588,52.40093],[12.44489,52.38565],[12.45751,52.39902],[12.47654,52.39479],[12.45168,52.36384],[12.43751,52.36372],[12.4211,52.34789],[12.4688,52.32978],[12.46402,52.31804],[12.46117,52.31758],[12.49038,52.31758],[12.4927,52.45189],[12.43743,52.46645],[12.43197,52.45821],[12.40537,52.45619],[12.36213,52.43814]]],[[[13.43697,48.63688],[13.49061,48.57417],[13.48314,48.60023],[13.5022,48.60942],[13.53207,48.60601],[13.53584,48.63019],[13.43697,48.63688]]],[[[13.65879,48.89811],[13.67594,48.87873],[13.70665,48.87891],[13.65879,48.89811]]],[[[13.74876,48.86203],[13.76781,48.83263],[13.79253,48.82877],[13.79558,48.81485],[13.81524,48.79709],[13.80387,48.7809],[13.83955,48.77162],[13.87318,48.76776],[13.93915,48.72323],[14.00078,48.70848],[13.93709,48.78652],[13.74876,48.86203]]],[[[13.93832,53.69831],[14.31603,53.39457],[14.22566,53.25963],[14.47656,53.0574],[14.64814,53.0574],[14.82465,53.1922],[15.25675,53.25963],[15.43993,53.52959],[15.78133,53.46207],[15.70427,53.66471],[15.79355,53.7323],[16.04909,53.66471],[15.98204,54.07063],[16.14517,54.04488],[16.15647,54.04714],[16.13222,54.05667],[16.06819,54.11054],[15.96863,54.07188],[15.76813,53.95447],[15.73268,53.89822],[15.73182,53.87712],[15.7171,53.86883],[15.68324,53.88003],[15.62282,53.87459],[15.60084,53.86543],[15.5787,53.87156],[15.57209,53.88699],[15.53553,53.8875],[15.50789,53.91283],[15.57793,53.99364],[15.43304,54.03883],[15.41622,54.07933],[15.41721,54.08132],[15.31169,54.071],[15.07968,54.00252],[14.88576,53.97956],[14.46741,53.91035],[14.48252,53.81853],[14.55694,53.75988],[14.5653,53.6936],[14.4953,53.62479],[14.53706,53.53817],[14.43316,53.59421],[14.18958,53.62479],[14.17686,53.68341],[14.00974,53.67321],[13.93832,53.69831]]],[[[14.01501,48.63783],[14.04314,48.62874],[14.04269,48.61513],[14.05425,48.60414],[14.06925,48.60424],[14.0682,48.59514],[14.09031,48.59878],[14.04632,48.65267],[14.02722,48.65269],[14.01501,48.63783]]],[[[14.14845,48.59303],[14.1636,48.58926],[14.19098,48.59302],[14.24196,48.57781],[14.26687,48.58143],[14.32495,48.5616],[14.3308,48.5525],[14.35331,48.56313],[14.36016,48.57477],[14.37452,48.56928],[14.38995,48.57416],[14.39195,48.5943],[14.43165,48.58981],[14.45269,48.62323],[14.14845,48.59303]]],[[[14.35707,48.27588],[14.43947,48.25188],[14.45835,48.23611],[14.49899,48.24563],[14.58298,48.22742],[14.62555,48.18898],[14.62143,48.23108],[14.53079,48.29005],[14.42479,48.30541],[14.35707,48.27588]]],[[[14.49649,48.62757],[14.50122,48.61914],[14.54756,48.61363],[14.55911,48.60424],[14.60875,48.62792],[14.62626,48.60457],[14.64558,48.61002],[14.65385,48.60408],[14.66492,48.58218],[14.70387,48.58436],[14.72114,48.60238],[14.71409,48.61745],[14.71981,48.63954],[14.71382,48.64915],[14.49649,48.62757]]],[[[14.67293,47.95498],[14.69215,47.94533],[14.71413,47.9053],[14.70348,47.85671],[14.74777,47.815],[14.7876,47.8233],[14.77386,47.85833],[14.80682,47.88504],[14.81094,47.92739],[14.88235,47.93015],[14.88785,47.96142],[14.83017,48.01106],[14.78485,48.01933],[14.67636,47.98349],[14.67293,47.95498]]],[[[14.72992,48.07739],[14.73541,48.06018],[14.77009,48.06615],[14.7615,48.08175],[14.72992,48.07739]]],[[[14.8576,48.82864],[14.87013,48.83848],[14.87952,48.86998],[14.8576,48.82864]]],[[[14.90007,48.90873],[14.94267,48.89137],[14.99164,48.89817],[14.97648,48.96942],[14.98178,48.98141],[14.94054,48.98506],[14.90007,48.90873]]],[[[15.15876,48.95046],[15.16213,48.94236],[15.18758,48.94376],[15.22555,48.95981],[15.16745,48.96496],[15.16973,48.96277],[15.15876,48.95046]]],[[[15.32249,48.26537],[15.33691,48.23931],[15.38086,48.25486],[15.41794,48.31699],[15.50583,48.3494],[15.53055,48.37815],[15.50239,48.40869],[15.38567,48.41781],[15.32249,48.26537]]],[[[15.34792,50.86429],[15.41695,50.77881],[15.63624,50.77881],[15.34792,50.86429]]],[[[15.57587,48.18852],[15.66238,48.1757],[15.67543,48.21369],[15.59234,48.23016],[15.57587,48.18852]]],[[[15.70736,48.34302],[15.7616,48.33092],[15.78461,48.3745],[15.72281,48.37963],[15.70736,48.34302]]],[[[16.0191,48.33389],[16.0294,48.30992],[16.06991,48.30466],[16.11832,48.3688],[16.08982,48.37427],[16.06064,48.33845],[16.0191,48.33389]]],[[[16.2332,54.27082],[16.26526,54.23514],[16.38637,54.14914],[16.41967,54.13438],[16.52305,54.13124],[16.52013,54.11361],[16.54455,54.08288],[16.55258,54.0847],[16.54966,54.09199],[16.58047,54.10309],[16.61523,54.08706],[16.65377,54.05284],[16.64832,54.03341],[16.66489,54.02431],[16.68283,54.03107],[16.7055,54.01269],[16.68784,54.03919],[16.99039,54.19047],[17.11141,54.12996],[17.74676,54.43251],[17.65761,54.68546],[16.9759,54.54931],[16.47325,54.41503],[16.2332,54.27082]]],[[[16.31441,53.79992],[16.48436,53.79992],[16.65186,53.85575],[16.62025,53.86204],[16.63283,53.87449],[16.6197,53.8857],[16.61592,53.90621],[16.56292,53.90353],[16.42739,53.96851],[16.40104,53.97421],[16.39678,53.973],[16.31441,53.79992]]],[[[16.47469,48.1812],[16.55708,48.14547],[16.61133,48.22605],[16.55846,48.25531],[16.50215,48.24617],[16.47469,48.1812]]],[[[16.66749,53.83191],[16.69476,53.761],[16.80886,53.63469],[16.80886,53.85223],[16.80033,53.84296],[16.79063,53.84873],[16.789,53.81008],[16.76582,53.8039],[16.75278,53.81667],[16.73012,53.82224],[16.69218,53.8119],[16.69647,53.81687],[16.68634,53.82812],[16.66749,53.83191]]],[[[16.72789,53.91111],[16.74651,53.879],[16.77312,53.86817],[16.79331,53.88098],[16.7694,53.91685],[16.7605,53.90626],[16.72789,53.91111]]],[[[16.92109,48.7014],[16.94223,48.68263],[16.97266,48.68763],[16.97248,48.69096],[16.93972,48.68563],[16.92692,48.70358],[16.92109,48.7014]]],[[[16.93863,50.36977],[17.24604,50.24598],[17.42442,50.21031],[17.42223,50.21297],[17.42488,50.24087],[17.43375,50.25331],[17.44055,50.25429],[16.99499,50.39061],[16.93863,50.36977]]],[[[17.43876,50.20744],[17.5787,50.17946],[17.65599,50.04647],[18.48738,49.91356],[18.48905,49.91217],[18.47035,49.93923],[18.03675,50.07189],[18.005,50.0498],[17.99088,50.05075],[17.98659,50.06408],[17.94754,50.07025],[17.95921,50.093],[17.95751,50.09613],[17.68023,50.18096],[17.61966,50.17117],[17.60571,50.1891],[17.54233,50.18909],[17.5171,50.21233],[17.48489,50.20708],[17.46253,50.21463],[17.43876,50.20744]]],[[[17.68062,48.85978],[17.86985,48.80002],[18.11447,48.85438],[18.11447,48.99028],[18.22319,48.99028],[18.25037,49.18055],[18.35085,49.32122],[18.29697,49.30439],[18.23063,49.29305],[18.13178,49.18896],[18.13323,49.16006],[18.10732,49.1336],[18.11892,49.12354],[18.111,49.11408],[18.11551,49.09342],[18.09177,49.05766],[18.06858,49.03669],[18.02447,49.02123],[17.9909,49.02849],[17.97742,49.02642],[17.93814,48.98506],[17.90458,48.97627],[17.8839,48.92749],[17.78132,48.92528],[17.78088,48.91545],[17.7056,48.86235],[17.68062,48.85978]]]]}},{"type":"Feature","properties":{"NAME":"Sámi","ABBREVN":"Sámi","SUBJECTO":"Sámi","BORDERPRECISION":1,"PARTOF":"Sámi"},"geometry":{"type":"MultiPolygon","coordinates":[[[[17.2609,64.20605],[17.73118,64.55876],[17.32975,64.82638],[18.53403,66.43208],[18.40022,67.23493],[18.95871,68.2937],[19.82121,69.36973],[20.15765,69.74783],[20.28638,69.78591],[20.35832,69.71038],[20.27816,69.58179],[20.1965,69.31769],[20.55269,69.52191],[20.73394,69.77919],[21.10273,69.81769],[21.41196,70.01541],[21.60856,69.96254],[21.90807,69.80404],[22.16331,70.09311],[22.30645,70.21562],[22.74557,70.1706],[23.20361,69.94278],[23.29247,70.01129],[23.50841,70.27907],[23.82729,70.47884],[23.95485,70.50206],[24.20772,70.47187],[24.35961,70.61029],[24.57051,70.74138],[24.84904,70.8266],[25.38903,70.90463],[25.83206,70.89776],[25.23069,70.55819],[25.12242,70.43525],[25.07408,70.14438],[25.26302,70.10655],[25.57404,70.36714],[26.26272,70.79074],[26.60652,70.91462],[26.61911,70.79908],[26.61742,70.39205],[26.93435,70.46929],[27.13108,70.57708],[27.51601,70.97031],[27.94754,71.01741],[28.21116,71.01791],[28.30841,70.94865],[28.13644,70.83273],[27.98529,70.71701],[28.01893,70.60945],[27.8754,70.42506],[28.28973,70.37221],[28.38891,70.57175],[28.79481,70.86477],[28.98434,70.85741],[29.74123,70.60498],[30.04144,70.54414],[30.46196,70.53725],[30.7542,70.43042],[30.79884,70.30796],[30.25188,70.13115],[29.7349,70.11489],[28.73008,70.13593],[29.08002,69.96123],[29.55593,69.8334],[29.72858,69.69757],[30.05581,69.72086],[30.36129,69.76681],[30.73536,69.75236],[31.05378,69.63959],[31.33128,69.66276],[31.7822,69.77702],[32.07156,69.88349],[32.07601,69.81536],[32.19056,69.64171],[32.35173,69.51368],[32.59631,69.42362],[33.00963,69.38669],[33.28057,69.34201],[33.3156,69.07128],[33.62838,69.21469],[33.81805,69.19248],[34.30515,69.17083],[34.69889,69.16405],[34.93414,69.14944],[35.43655,69.15036],[36.01828,69.02371],[37.24586,68.7935],[37.68858,68.62961],[38.40644,68.24269],[38.66845,68.14634],[39.91807,67.94038],[40.82605,67.66005],[40.97339,67.53437],[40.95083,67.33466],[41.01687,67.20186],[41.20883,67.06946],[41.2553,66.93698],[41.14697,66.78227],[40.83638,66.5614],[40.34515,66.31865],[39.97752,66.20092],[39.19003,66.03871],[38.78211,66.00145],[38.04787,66.00737],[37.42243,66.09382],[36.50523,66.17249],[35.77175,66.25887],[35.16772,66.4115],[34.15295,66.62963],[33.43749,66.70174],[33.15773,66.91448],[32.99095,66.98782],[32.64434,67.0461],[32.21944,66.99375],[32.42473,66.89103],[32.75354,66.64904],[32.97086,66.58339],[33.46967,66.3131],[33.84421,66.18214],[34.25849,66.10983],[34.5437,66.00084],[34.72617,65.79698],[34.72559,65.61499],[34.60119,65.48393],[34.29341,65.39624],[30.604,64.93805],[27.23159,63.35448],[23.13056,63.78343],[23.58029,64.08206],[24.09404,64.37657],[24.47009,64.63552],[24.93192,64.81604],[25.32509,64.80239],[25.3519,64.9391],[25.29341,65.00389],[25.13256,65.07595],[25.25151,65.41689],[25.10361,65.54013],[24.59114,65.58278],[24.2148,65.78591],[23.84408,65.79847],[23.40569,65.72483],[23.20402,65.68075],[22.79816,65.85482],[22.64555,65.93479],[22.4898,65.88342],[22.20157,65.71529],[21.95748,65.44574],[21.81873,65.38014],[21.52233,65.37231],[21.27735,65.21228],[21.42371,65.10389],[21.48945,65.01716],[21.32944,64.89435],[20.92119,64.71382],[21.06432,64.592],[21.23705,64.52054],[21.38583,64.38456],[21.0489,64.21917],[20.87327,64.03282],[17.2609,64.20605]]]]}},{"type":"Feature","properties":{"NAME":null,"ABBREVN":null,"SUBJECTO":null,"BORDERPRECISION":1,"PARTOF":null},"geometry":{"type":"MultiPolygon","coordinates":[[[[19.33444,57.95583],[19.28666,57.93749],[19.25666,57.94944],[19.16278,57.92694],[19.14167,57.90778],[19.12611,57.83972],[19.07777,57.85833],[19.03444,57.90111],[19.03611,57.91861],[19.08889,57.97028],[19.10472,57.97527],[19.29639,57.97666],[19.3325,57.96527],[19.33444,57.95583]]]]}},{"type":"Feature","properties":{"NAME":"Abdelouadides","ABBREVN":"Abdelouadides","SUBJECTO":"Abdelouadides","BORDERPRECISION":1,"PARTOF":"Abdelouadides"},"geometry":{"type":"MultiPolygon","coordinates":[[[[-4.9505,34],[-5.03066,35.34444],[-4.59298,35.15119],[-4.29535,35.15179],[-4.02789,35.13324],[-3.4408,35.16628],[-3.20577,35.26861],[-3.00903,35.38998],[-2.82988,35.14206],[-2.71481,35.09774],[-2.35566,35.05392],[-2.19297,35.05425],[-2.07658,34.82568],[-1.82328,34.69997],[-1.73815,34.60509],[-1.66399,34.20505],[-1.66942,34],[-4.9505,34]]]]}},{"type":"Feature","properties":{"NAME":null,"ABBREVN":null,"SUBJECTO":null,"BORDERPRECISION":1,"PARTOF":null},"geometry":{"type":"Polygon","coordinates":[[[-4.56917,53.38805],[-4.5675,53.27333],[-4.49444,53.18944],[-4.40222,53.12583],[-4.35139,53.12444],[-4.32556,53.145],[-4.21806,53.20027],[-4.15333,53.22556],[-4.09,53.255],[-4.04667,53.30333],[-4.22222,53.32166],[-4.27695,53.39833],[-4.31389,53.41194],[-4.42917,53.42444],[-4.56,53.39666],[-4.56917,53.38805]]]}},{"type":"Feature","properties":{"NAME":null,"ABBREVN":null,"SUBJECTO":null,"BORDERPRECISION":1,"PARTOF":null},"geometry":{"type":"MultiPolygon","coordinates":[[[[-5.10361,55.43861],[-5.23167,55.43028],[-5.34028,55.475],[-5.40028,55.60056],[-5.38111,55.66861],[-5.29528,55.71666],[-5.23917,55.71361],[-5.16028,55.67916],[-5.08528,55.55666],[-5.07583,55.45528],[-5.10361,55.43861]]]]}},{"type":"Feature","properties":{"NAME":null,"ABBREVN":null,"SUBJECTO":null,"BORDERPRECISION":1,"PARTOF":null},"geometry":{"type":"MultiPolygon","coordinates":[[[[-6.12167,55.87888],[-6.0975,55.79666],[-6.08833,55.78388],[-6.05222,55.76722],[-6.03028,55.72055],[-6.02472,55.68083],[-6.07667,55.64999],[-6.27444,55.57278],[-6.32556,55.58666],[-6.32194,55.61527],[-6.28583,55.70722],[-6.25306,55.76361],[-6.25139,55.77139],[-6.26528,55.77777],[-6.33778,55.78027],[-6.37972,55.72805],[-6.44944,55.68028],[-6.485,55.66861],[-6.50917,55.68222],[-6.49528,55.7336],[-6.44972,55.84861],[-6.44167,55.85361],[-6.36972,55.86944],[-6.30972,55.86361],[-6.13667,55.93444],[-6.11861,55.92166],[-6.12167,55.87888]]]]}},{"type":"Feature","properties":{"NAME":null,"ABBREVN":null,"SUBJECTO":null,"BORDERPRECISION":1,"PARTOF":null},"geometry":{"type":"MultiPolygon","coordinates":[[[[-5.94694,55.82999],[-5.97194,55.78833],[-6.02722,55.79166],[-6.06306,55.80389],[-6.07556,55.81555],[-6.08806,55.8775],[-6.07889,55.90555],[-5.96806,56.02361],[-5.80917,56.10972],[-5.71139,56.15028],[-5.69444,56.14722],[-5.685,56.12583],[-5.69083,56.10667],[-5.74611,56.06361],[-5.94694,55.82999]]]]}},{"type":"Feature","properties":{"NAME":null,"ABBREVN":null,"SUBJECTO":null,"BORDERPRECISION":1,"PARTOF":null},"geometry":{"type":"MultiPolygon","coordinates":[[[[-7.46694,56.94083],[-7.55028,56.9475],[-7.56,56.96027],[-7.43972,57.05444],[-7.41861,57.04388],[-7.37806,56.98222],[-7.43472,56.945],[-7.46694,56.94083]]]]}},{"type":"Feature","properties":{"NAME":null,"ABBREVN":null,"SUBJECTO":null,"BORDERPRECISION":1,"PARTOF":null},"geometry":{"type":"MultiPolygon","coordinates":[[[[-7.22306,57.33749],[-7.25222,57.32666],[-7.28528,57.33611],[-7.28806,57.3225],[-7.25917,57.1525],[-7.21472,57.11444],[-7.22583,57.09694],[-7.28722,57.10611],[-7.35611,57.09916],[-7.38139,57.1086],[-7.4175,57.1825],[-7.425,57.38222],[-7.36806,57.40138],[-7.33556,57.39583],[-7.27194,57.37528],[-7.22306,57.33749]]]]}},{"type":"Feature","properties":{"NAME":null,"ABBREVN":null,"SUBJECTO":null,"BORDERPRECISION":1,"PARTOF":null},"geometry":{"type":"MultiPolygon","coordinates":[[[[-7.26889,57.39889],[-7.31361,57.39972],[-7.38806,57.42388],[-7.40944,57.44833],[-7.40639,57.46417],[-7.35111,57.48944],[-7.24417,57.47639],[-7.20472,57.46083],[-7.20222,57.41888],[-7.26889,57.39889]]]]}},{"type":"Feature","properties":{"NAME":null,"ABBREVN":null,"SUBJECTO":null,"BORDERPRECISION":1,"PARTOF":null},"geometry":{"type":"MultiPolygon","coordinates":[[[[-7.18861,57.68722],[-7.0675,57.6375],[-7.15389,57.50944],[-7.32139,57.50527],[-7.32528,57.54417],[-7.41167,57.56805],[-7.47694,57.56249],[-7.54333,57.59083],[-7.49139,57.64639],[-7.47278,57.655],[-7.275,57.65639],[-7.24472,57.67694],[-7.18861,57.68722]]]]}},{"type":"Feature","properties":{"NAME":null,"ABBREVN":null,"SUBJECTO":null,"BORDERPRECISION":1,"PARTOF":null},"geometry":{"type":"MultiPolygon","coordinates":[[[[-7.00639,57.88139],[-7.07361,57.87778],[-7.07667,57.89278],[-7.03278,57.91555],[-6.99361,57.91861],[-6.9975,57.89083],[-7.00639,57.88139]]]]}},{"type":"Feature","properties":{"NAME":null,"ABBREVN":null,"SUBJECTO":null,"BORDERPRECISION":1,"PARTOF":null},"geometry":{"type":"MultiPolygon","coordinates":[[[[-6.80222,58.20305],[-6.86917,58.20389],[-6.88972,58.2525],[-6.85417,58.25],[-6.80972,58.22861],[-6.79444,58.21805],[-6.79139,58.20694],[-6.80222,58.20305]]]]}},{"type":"Feature","properties":{"NAME":null,"ABBREVN":null,"SUBJECTO":null,"BORDERPRECISION":1,"PARTOF":null},"geometry":{"type":"MultiPolygon","coordinates":[[[[-6.20417,58.35611],[-6.2325,58.31777],[-6.32389,58.26361],[-6.32828,58.23794],[-6.32528,58.23177],[-6.27694,58.22278],[-6.22083,58.2336],[-6.16778,58.26055],[-6.14806,58.2561],[-6.15833,58.21833],[-6.17222,58.20694],[-6.22472,58.18361],[-6.26378,58.17661],[-6.32911,58.18277],[-6.36667,58.15861],[-6.38222,58.12972],[-6.49722,58.0975],[-6.62028,58.08194],[-6.49694,58.08749],[-6.39611,58.10472],[-6.35389,58.03305],[-6.45778,57.96805],[-6.47389,57.94028],[-6.57056,57.91139],[-6.66222,57.92416],[-6.69861,57.9675],[-6.70611,58.0075],[-6.6975,58.02139],[-6.65278,58.04833],[-6.59361,58.04639],[-6.60028,58.05389],[-6.68444,58.0575],[-6.76139,57.99833],[-6.72583,57.95444],[-6.685,57.93444],[-6.66056,57.88472],[-6.73528,57.82583],[-6.9725,57.72472],[-7.12444,57.82083],[-7.12667,57.83333],[-7.11833,57.83805],[-7.06583,57.82083],[-6.83028,57.90083],[-6.87944,57.9325],[-6.935,57.94972],[-6.985,57.95944],[-7.03556,57.95333],[-7.07528,57.96249],[-7.11278,57.98389],[-7.08417,58.00805],[-7.05556,58.02027],[-7.05778,58.03639],[-7.09389,58.07055],[-7.12833,58.13027],[-7.09444,58.18194],[-7.04056,58.23333],[-7.00111,58.23444],[-6.90806,58.21278],[-6.90806,58.20611],[-6.93611,58.18805],[-6.86194,58.10388],[-6.87328,58.17859],[-6.80518,58.19587],[-6.75037,58.18524],[-6.74473,58.1972],[-6.78658,58.22942],[-6.80806,58.25972],[-6.81778,58.28],[-6.79778,58.30222],[-6.67306,58.34916],[-6.65222,58.34861],[-6.64694,58.34194],[-6.55028,58.36333],[-6.29278,58.48833],[-6.26694,58.5125],[-6.22333,58.49638],[-6.16611,58.42528],[-6.20417,58.35611]]]]}},{"type":"Feature","properties":{"NAME":null,"ABBREVN":null,"SUBJECTO":null,"BORDERPRECISION":1,"PARTOF":null},"geometry":{"type":"MultiPolygon","coordinates":[[[[-2.91833,58.73194],[-2.94806,58.73055],[-2.97056,58.74194],[-3.03694,58.81805],[-3.00444,58.83305],[-2.91611,58.83888],[-2.88639,58.83194],[-2.87778,58.82417],[-2.91833,58.73194]]]]}},{"type":"Feature","properties":{"NAME":null,"ABBREVN":null,"SUBJECTO":null,"BORDERPRECISION":1,"PARTOF":null},"geometry":{"type":"MultiPolygon","coordinates":[[[[-3.23139,58.77555],[-3.30083,58.77805],[-3.43111,58.87138],[-3.41806,58.90416],[-3.39806,58.91722],[-3.33556,58.9275],[-3.22833,58.885],[-3.13639,58.80416],[-3.14167,58.78472],[-3.23139,58.77555]]]]}},{"type":"Feature","properties":{"NAME":null,"ABBREVN":null,"SUBJECTO":null,"BORDERPRECISION":1,"PARTOF":null},"geometry":{"type":"MultiPolygon","coordinates":[[[[-2.79306,58.95139],[-2.75583,58.91777],[-2.82444,58.87888],[-2.97,58.93944],[-3.05722,58.93583],[-3.195,58.91111],[-3.34556,58.96583],[-3.36806,59.01],[-3.35139,59.10638],[-3.3175,59.12944],[-3.21889,59.14861],[-3.07694,59.12167],[-2.99833,59.06972],[-2.99583,59.05583],[-2.94722,58.99833],[-2.85222,58.97556],[-2.79306,58.95139]]]]}},{"type":"Feature","properties":{"NAME":null,"ABBREVN":null,"SUBJECTO":null,"BORDERPRECISION":1,"PARTOF":null},"geometry":{"type":"MultiPolygon","coordinates":[[[[-2.68139,59.19583],[-2.68583,59.18417],[-2.69361,59.1975],[-2.68444,59.22083],[-2.59278,59.29055],[-2.55556,59.30306],[-2.40722,59.31389],[-2.39028,59.28305],[-2.49556,59.245],[-2.62056,59.23611],[-2.68139,59.19583]]]]}},{"type":"Feature","properties":{"NAME":null,"ABBREVN":null,"SUBJECTO":null,"BORDERPRECISION":1,"PARTOF":null},"geometry":{"type":"MultiPolygon","coordinates":[[[[-2.89,59.29527],[-2.84972,59.26805],[-2.85306,59.24944],[-2.8775,59.22861],[-2.87694,59.25861],[-2.93667,59.28361],[-2.97194,59.28722],[-2.97694,59.27277],[-2.99917,59.26111],[-3.07639,59.33138],[-2.89,59.29527]]]]}},{"type":"Feature","properties":{"NAME":null,"ABBREVN":null,"SUBJECTO":null,"BORDERPRECISION":1,"PARTOF":null},"geometry":{"type":"MultiPolygon","coordinates":[[[[-1.29611,60.4911],[-1.28667,60.47111],[-1.03722,60.44416],[-1.10111,60.27583],[-1.16417,60.25833],[-1.18694,60.26972],[-1.20056,60.26333],[-1.18556,60.23055],[-1.12611,60.15167],[-1.14667,60.13194],[-1.17056,60.13722],[-1.21222,60.10278],[-1.22056,60.0225],[-1.26028,59.86222],[-1.26861,59.85111],[-1.30694,59.8575],[-1.37194,59.89166],[-1.37806,59.90222],[-1.33167,59.99694],[-1.30583,60.01277],[-1.26306,60.10694],[-1.26167,60.13083],[-1.29139,60.24139],[-1.41028,60.255],[-1.36361,60.22972],[-1.35306,60.20889],[-1.35833,60.1925],[-1.44861,60.15111],[-1.52028,60.18139],[-1.52722,60.18694],[-1.51972,60.20111],[-1.66472,60.23083],[-1.69306,60.27972],[-1.69139,60.28833],[-1.65528,60.30306],[-1.42694,60.32139],[-1.34583,60.34],[-1.32028,60.35638],[-1.44583,60.46055],[-1.55361,60.47556],[-1.60972,60.47416],[-1.59306,60.50777],[-1.54694,60.53583],[-1.41611,60.605],[-1.30194,60.63667],[-1.2875,60.61333],[-1.29611,60.4911]]]]}},{"type":"Feature","properties":{"NAME":null,"ABBREVN":null,"SUBJECTO":null,"BORDERPRECISION":1,"PARTOF":null},"geometry":{"type":"MultiPolygon","coordinates":[[[[-1.02944,60.49583],[-1.1275,60.48638],[-1.14,60.48944],[-1.17028,60.52722],[-1.18361,60.60278],[-1.17945,60.6325],[-1.11,60.72583],[-1.09861,60.73],[-0.99111,60.71999],[-0.9825,60.65555],[-1.02944,60.49583]]]]}},{"type":"Feature","properties":{"NAME":null,"ABBREVN":null,"SUBJECTO":null,"BORDERPRECISION":1,"PARTOF":null},"geometry":{"type":"MultiPolygon","coordinates":[[[[-0.81972,60.68889],[-0.835,60.67333],[-0.93556,60.67444],[-0.96556,60.68805],[-0.93889,60.79444],[-0.87833,60.84444],[-0.80611,60.84055],[-0.76778,60.82889],[-0.75806,60.81777],[-0.76361,60.79333],[-0.81972,60.68889]]]]}},{"type":"Feature","properties":{"NAME":null,"ABBREVN":null,"SUBJECTO":null,"BORDERPRECISION":1,"PARTOF":null},"geometry":{"type":"MultiPolygon","coordinates":[[[[-6.65528,61.38944],[-6.71917,61.40749],[-6.84583,61.46805],[-6.95833,61.59861],[-6.96278,61.61916],[-6.94472,61.63667],[-6.88944,61.645],[-6.72444,61.57333],[-6.70944,61.55833],[-6.64167,61.40083],[-6.65528,61.38944]]],[[[-6.60417,61.82166],[-6.63,61.76111],[-6.65222,61.74278],[-6.70472,61.7775],[-6.84111,61.8175],[-6.86611,61.83749],[-6.90889,61.90111],[-6.90472,61.90778],[-6.86444,61.90749],[-6.78333,61.89694],[-6.66139,61.85889],[-6.60417,61.82166]]],[[[-7.04972,62.06777],[-7.06278,62.04944],[-7.20167,62.01861],[-7.19222,62.03972],[-7.22667,62.06444],[-7.25111,62.04277],[-7.34556,62.05222],[-7.37806,62.065],[-7.43111,62.1161],[-7.435,62.14027],[-7.22333,62.15944],[-7.16307,62.12882],[-7.045,62.09444],[-7.04028,62.08778],[-7.04972,62.06777]]],[[[-6.70694,61.93749],[-6.72528,61.93444],[-6.77306,61.95],[-6.86917,61.9975],[-6.96111,62.04666],[-7.03458,62.11211],[-7.13031,62.1256],[-7.23222,62.17249],[-7.23361,62.19333],[-7.21083,62.28472],[-7.19556,62.30472],[-7.135,62.30389],[-7.06583,62.28222],[-7.045,62.24333],[-6.99083,62.19305],[-6.84139,62.12444],[-6.72472,62.035],[-6.69639,61.97944],[-6.70694,61.93749]]],[[[-6.62,62.22972],[-6.68583,62.245],[-6.71167,62.29388],[-6.72083,62.33138],[-6.62556,62.25333],[-6.62,62.22972]]],[[[-6.6575,62.0925],[-6.6575,62.05583],[-6.92194,62.16722],[-7.025,62.23778],[-7.0625,62.29583],[-7.06028,62.31361],[-6.95028,62.33805],[-6.80722,62.29028],[-6.60111,62.19694],[-6.58806,62.13416],[-6.6575,62.0925]]],[[[-6.41861,62.18388],[-6.51806,62.16888],[-6.5725,62.21166],[-6.58806,62.23972],[-6.55086,62.25098],[-6.54897,62.3009],[-6.5744,62.34988],[-6.54167,62.3575],[-6.52222,62.31805],[-6.49278,62.29138],[-6.39222,62.25805],[-6.38861,62.25083],[-6.40722,62.19167],[-6.41861,62.18388]]],[[[-6.58583,62.25639],[-6.62,62.26694],[-6.66444,62.3225],[-6.66083,62.3725],[-6.63222,62.37083],[-6.56639,62.29639],[-6.56556,62.26527],[-6.58583,62.25639]]],[[[-6.40611,62.28444],[-6.48028,62.29778],[-6.54694,62.38361],[-6.51917,62.39694],[-6.48917,62.38139],[-6.39167,62.29694],[-6.40611,62.28444]]]]}},{"type":"Feature","properties":{"NAME":null,"ABBREVN":null,"SUBJECTO":null,"BORDERPRECISION":1,"PARTOF":null},"geometry":{"type":"Polygon","coordinates":[[[-4.78861,54.06305],[-4.77778,54.05555],[-4.70472,54.07972],[-4.62389,54.0686],[-4.49111,54.12666],[-4.39444,54.18639],[-4.30944,54.29333],[-4.35417,54.41083],[-4.36806,54.41666],[-4.44306,54.39805],[-4.5275,54.36722],[-4.55278,54.34389],[-4.57806,54.29694],[-4.61806,54.25417],[-4.71389,54.21444],[-4.78861,54.06305]]]}},{"type":"Feature","properties":{"NAME":"Sweden","ABBREVN":"Sweden","SUBJECTO":"Sweden","BORDERPRECISION":1,"PARTOF":"Sweden"},"geometry":{"type":"MultiPolygon","coordinates":[[[[19.31822,63.44483],[19.07593,63.2025],[18.78499,63.13801],[18.48662,62.98124],[18.38895,62.85337],[18.30319,62.78942],[17.96744,62.77462],[17.86817,62.78862],[17.93626,62.548],[17.71811,62.35673],[17.29024,62.44072],[17.38736,62.20077],[17.49677,62.0881],[17.38697,61.65844],[17.16264,61.62991],[17.06518,61.53838],[17.15019,61.19771],[17.14621,60.95283],[17.31763,60.75307],[17.1885,60.67429],[17.60496,60.63754],[17.70646,60.55358],[17.93075,60.59031],[18.22439,60.32297],[18.41687,60.18162],[18.80409,60.1084],[18.89307,59.92569],[19.03732,59.86324],[19.04355,59.71242],[18.86789,59.71242],[18.63925,59.56693],[18.03008,59.35928],[17.79528,59.36447],[17.72995,59.41636],[17.36798,59.46827],[17.0706,59.54615],[16.78554,59.57732],[16.72409,59.53057],[16.52321,59.58252],[16.40758,59.4475],[16.77647,59.47866],[16.99984,59.35928],[17.26578,59.33853],[17.35812,59.24518],[17.57492,59.21407],[17.58441,59.27111],[17.86173,59.23999],[17.97764,59.32815],[18.11138,59.32297],[18.32817,59.36967],[18.42956,59.33335],[18.44137,59.40079],[18.51547,59.40079],[18.61133,59.33335],[18.5982,59.29704],[18.27337,59.28667],[18.37196,59.15707],[18.01567,59.03791],[17.94014,58.90849],[17.76647,58.87227],[17.72642,58.91366],[17.7452,58.98613],[17.73911,59.11042],[17.62318,59.10007],[17.58219,58.89297],[17.35668,58.74297],[17.24539,58.71712],[17.083,58.74813],[17.08073,58.64993],[16.44287,58.63442],[16.51319,58.42812],[16.74404,58.31195],[16.77355,58.0379],[16.72459,57.88932],[16.59776,57.86645],[16.45953,57.89521],[16.47653,57.70213],[16.60721,57.66581],[16.55048,57.54515],[16.65868,57.44295],[16.49416,57.27892],[16.39452,57.0743],[16.37617,56.82242],[16.06315,56.39624],[15.42699,56.76574],[14.48498,56.6801],[14.17541,56.8128],[13.43245,56.52387],[13.22607,57.10173],[12.89586,56.97791],[12.73076,57.43194],[12.52438,57.39066],[12.318,57.67959],[11.87662,57.32521],[11.88111,57.50896],[11.76608,57.67268],[11.73638,57.69821],[12.4879,58.56292],[12.42277,60.03878],[12.43586,60.2781],[12.54796,60.43387],[12.43103,60.62585],[12.17404,60.95641],[12.59738,61.02862],[12.79174,61.32995],[13.1549,62.02423],[15.04965,63.52576],[16.66071,63.75591],[17.2609,64.20605],[20.87327,64.03282],[20.70066,63.81813],[19.67028,63.38854],[19.46501,63.4807],[19.31822,63.44483]]],[[[29.51074,60.14457],[28.96898,60.10879],[28.69163,60.14998],[28.5694,60.19842],[28.43523,60.33734],[28.55125,60.53264],[28.52151,60.62326],[28.01144,60.51073],[27.47362,60.42608],[27.40622,60.34482],[27.17848,60.44239],[26.94557,60.37631],[26.92231,60.31612],[26.61308,60.34783],[26.52588,60.39647],[26.55164,60.5707],[26.44284,60.33334],[26.32271,60.27024],[25.8901,60.23584],[25.84553,60.11548],[25.58054,60.26234],[25.44989,60.1384],[25.14579,60.10975],[24.99298,60.02957],[24.96947,60.08683],[24.51596,59.9895],[24.42105,59.86975],[24.28136,59.93815],[23.97895,59.88115],[23.96111,59.93245],[23.66466,59.83555],[23.20144,59.81846],[22.98213,59.93245],[22.882,60.05556],[23.0052,60.20876],[22.62462,60.2011],[22.39207,60.1212],[22.42147,60.29319],[22.22065,60.25877],[21.93095,60.38077],[21.74681,60.40827],[21.56015,60.51249],[21.44318,60.69365],[21.42726,61.0151],[21.49831,61.18327],[21.52079,61.37957],[21.56101,61.48492],[21.40522,61.70243],[21.2112,61.87091],[21.34644,62.16713],[21.33756,62.3436],[21.20014,62.43518],[21.03373,62.4773],[21.06181,62.61174],[21.19481,62.76068],[21.48128,62.88881],[21.54597,62.97406],[21.49466,63.12303],[21.66648,63.18731],[22.07504,63.10282],[22.29236,63.20269],[22.42877,63.39497],[22.47583,63.60162],[22.56902,63.72301],[22.70422,63.58064],[22.82553,63.58088],[23.13056,63.78343],[27.23159,63.35448],[28.66571,62.20875],[29.6873,60.131],[29.51074,60.14457]]],[[[18.16889,56.91],[18.14027,56.91499],[18.15833,56.94167],[18.25666,57.03222],[18.25444,57.07916],[18.17333,57.14194],[18.14833,57.23528],[18.15805,57.31583],[18.1425,57.40944],[18.11028,57.49611],[18.11916,57.53111],[18.17917,57.58833],[18.29472,57.64583],[18.38194,57.71861],[18.46722,57.81194],[18.68194,57.91361],[18.725,57.92278],[19.00472,57.90861],[19.03333,57.82694],[18.92944,57.73972],[18.84889,57.72111],[18.80917,57.70361],[18.75972,57.50805],[18.76944,57.46722],[18.78833,57.44833],[18.71194,57.24166],[18.39722,57.13416],[18.34139,57.07388],[18.33583,57.01749],[18.34666,56.9986],[18.3025,56.93749],[18.21555,56.91306],[18.16889,56.91]]]]}},{"type":"Feature","properties":{"NAME":null,"ABBREVN":null,"SUBJECTO":null,"BORDERPRECISION":1,"PARTOF":null},"geometry":{"type":"MultiPolygon","coordinates":[[[[16.57,56.377],[16.576,56.361],[16.496,56.241],[16.474,56.224],[16.437,56.211],[16.416,56.215],[16.403,56.274],[16.392,56.465],[16.393,56.529],[16.42,56.586],[16.543,56.776],[16.617,56.874],[16.749,56.94],[16.848,57.064],[16.963,57.229],[16.959,57.274],[16.973,57.305],[17.022,57.345],[17.057,57.359],[17.106,57.348],[17.124,57.321],[17.051,57.187],[16.927,57.038],[16.841,56.832],[16.808,56.824],[16.77,56.796],[16.577,56.407],[16.57,56.377]]]]}},{"type":"Feature","properties":{"NAME":null,"ABBREVN":null,"SUBJECTO":null,"BORDERPRECISION":1,"PARTOF":null},"geometry":{"type":"MultiPolygon","coordinates":[[[[23.206,58.445],[23.198,58.45],[23.142,58.444],[23.077,58.414],[23.064,58.386],[23.029,58.358],[22.757,58.24],[22.649,58.23],[22.582,58.241],[22.475,58.242],[22.367,58.22],[22.279,58.184],[22.267,58.171],[22.276,58.142],[22.262,58.094],[22.202,57.986],[22.073,57.917],[22.038,57.908],[21.994,57.923],[21.981,57.958],[21.986,57.976],[22.082,58.077],[22.101,58.085],[22.151,58.086],[22.201,58.145],[22.177,58.159],[22.079,58.171],[21.884,58.252],[21.849,58.279],[21.841,58.293],[21.874,58.34],[22.008,58.353],[21.996,58.381],[21.917,58.457],[21.868,58.478],[21.832,58.505],[21.925,58.517],[21.985,58.516],[22.112,58.492],[22.198,58.549],[22.327,58.577],[22.502,58.602],[22.624,58.593],[22.768,58.6],[22.808,58.616],[22.905,58.617],[22.991,58.598],[23.273,58.492],[23.32,58.462],[23.333,58.442],[23.328,58.434],[23.267,58.429],[23.206,58.445]]]]}},{"type":"Feature","properties":{"NAME":null,"ABBREVN":null,"SUBJECTO":null,"BORDERPRECISION":1,"PARTOF":null},"geometry":{"type":"MultiPolygon","coordinates":[[[[22.948,58.844],[22.866,58.824],[22.889,58.811],[22.887,58.788],[22.884,58.78],[22.848,58.774],[22.784,58.776],[22.777,58.79],[22.783,58.796],[22.829,58.818],[22.812,58.826],[22.776,58.819],[22.747,58.806],[22.721,58.782],[22.667,58.705],[22.624,58.691],[22.547,58.687],[22.48,58.7],[22.465,58.71],[22.472,58.764],[22.45,58.831],[22.382,58.887],[22.277,58.889],[22.229,58.878],[22.064,58.924],[22.042,58.94],[22.065,58.952],[22.376,58.952],[22.434,58.966],[22.488,58.992],[22.576,59.069],[22.699,59.051],[22.699,59.02],[22.72,59.004],[22.801,58.997],[22.861,59.002],[22.93,58.982],[22.952,58.967],[23.048,58.844],[23.022,58.821],[22.948,58.844]]]]}},{"type":"Feature","properties":{"NAME":null,"ABBREVN":null,"SUBJECTO":null,"BORDERPRECISION":1,"PARTOF":null},"geometry":{"type":"MultiPolygon","coordinates":[[[[20.123,60.081],[20.212,60.06],[20.227,60.003],[20.211,59.98],[20.137,59.992],[19.999,60.055],[20.008,60.067],[20.103,60.096],[20.123,60.081]]]]}},{"type":"Feature","properties":{"NAME":null,"ABBREVN":null,"SUBJECTO":null,"BORDERPRECISION":1,"PARTOF":null},"geometry":{"type":"MultiPolygon","coordinates":[[[[20.295,60.121],[20.298,60.104],[20.263,60.054],[20.2,60.086],[20.216,60.139],[20.223,60.142],[20.269,60.141],[20.295,60.121]]]]}},{"type":"Feature","properties":{"NAME":null,"ABBREVN":null,"SUBJECTO":null,"BORDERPRECISION":1,"PARTOF":null},"geometry":{"type":"MultiPolygon","coordinates":[[[[19.565,60.249],[19.602,60.256],[19.627,60.244],[19.666,60.193],[19.677,60.157],[19.673,60.15],[19.604,60.153],[19.575,60.122],[19.543,60.128],[19.523,60.151],[19.512,60.181],[19.536,60.225],[19.565,60.249]]]]}},{"type":"Feature","properties":{"NAME":null,"ABBREVN":null,"SUBJECTO":null,"BORDERPRECISION":1,"PARTOF":null},"geometry":{"type":"MultiPolygon","coordinates":[[[[20.067,60.296],[20.025,60.311],[19.914,60.217],[19.937,60.184],[20.026,60.154],[20.053,60.096],[20.044,60.086],[19.958,60.089],[19.948,60.079],[19.944,60.043],[19.918,60.093],[19.875,60.095],[19.868,60.077],[19.848,60.076],[19.772,60.081],[19.751,60.095],[19.699,60.159],[19.648,60.257],[19.749,60.305],[19.783,60.293],[19.777,60.261],[19.761,60.238],[19.796,60.187],[19.817,60.188],[19.931,60.277],[19.937,60.289],[19.892,60.343],[19.883,60.342],[19.862,60.312],[19.78,60.349],[19.825,60.392],[19.857,60.404],[19.906,60.4],[20.085,60.35],[20.277,60.274],[20.218,60.208],[20.162,60.162],[20.092,60.17],[20.082,60.179],[20.101,60.216],[20.123,60.226],[20.12,60.24],[20.067,60.296]]]]}},{"type":"Feature","properties":{"NAME":null,"ABBREVN":null,"SUBJECTO":null,"BORDERPRECISION":1,"PARTOF":null},"geometry":{"type":"MultiPolygon","coordinates":[[[[20.442,60.248],[20.409,60.204],[20.387,60.193],[20.341,60.241],[20.366,60.266],[20.376,60.267],[20.436,60.258],[20.442,60.248]]]]}},{"type":"Feature","properties":{"NAME":"Holy Roman Empire","ABBREVN":"Holy Roman E","SUBJECTO":"Holy Roman Empire","BORDERPRECISION":1,"PARTOF":"Holy Roman Empire"},"geometry":{"type":"MultiPolygon","coordinates":[[[[13.7774,53.94862],[13.82777,53.82972],[14.02872,53.86548],[14.06835,53.84347],[14.20541,53.81321],[14.17417,53.90676],[14.06995,53.91777],[13.77841,54.04441],[13.7774,53.94862]]],[[[14.22724,53.90951],[14.2479,53.81596],[14.33386,53.82972],[14.45907,53.81871],[14.47294,53.87678],[14.42484,53.91502],[14.22724,53.90951]]]]}},{"type":"Feature","properties":{"NAME":null,"ABBREVN":null,"SUBJECTO":null,"BORDERPRECISION":1,"PARTOF":null},"geometry":{"type":"MultiPolygon","coordinates":[[[[24.29912,37.66108],[24.39795,37.66709],[24.38275,37.57075],[24.26111,37.54061],[24.29912,37.66108]]]]}},{"type":"Feature","properties":{"NAME":null,"ABBREVN":null,"SUBJECTO":null,"BORDERPRECISION":1,"PARTOF":null},"geometry":{"type":"MultiPolygon","coordinates":[[[[25.15057,37.172],[25.31022,37.19623],[25.31022,37.0022],[25.11256,36.94146],[24.93771,36.95969],[25.15057,37.172]]]]}},{"type":"Feature","properties":{"NAME":null,"ABBREVN":null,"SUBJECTO":null,"BORDERPRECISION":1,"PARTOF":null},"geometry":{"type":"MultiPolygon","coordinates":[[[[25.37864,37.11746],[25.53828,37.22045],[25.6067,37.12352],[25.5991,37.02648],[25.54589,36.95969],[25.45466,36.92323],[25.36343,37.00827],[25.34063,37.08715],[25.37864,37.11746]]]]}},{"type":"Feature","properties":{"NAME":"Seljuk Caliphate","ABBREVN":"Seljuk Turks","SUBJECTO":"Ilkhanate","BORDERPRECISION":1,"PARTOF":"Ilkhanate"},"geometry":{"type":"MultiPolygon","coordinates":[[[[34.66195,41.87018],[35.40395,41.40064],[36.15827,41.35757],[36.3829,41.23752],[36.64125,41.31498],[36.81701,41.28968],[37.25283,41.02772],[37.76614,40.29011],[38.81112,40.15077],[40.20443,40.35977],[40.76176,40.56877],[41.48396,41.43654],[41.21175,40.24379],[39.14792,38.62221],[36.49442,37.36917],[36.78926,37.00063],[35.89088,36.77111],[35.67174,36.60578],[35.56761,36.58742],[35.50617,36.55856],[35.5476,36.54018],[35.49459,36.4431],[35.41708,36.43261],[35.3887,36.45359],[35.35418,36.41424],[35.22053,36.388],[35.07137,36.48771],[34.86991,36.57692],[34.66238,36.64777],[34.48513,36.62678],[34.10322,36.38032],[33.95171,36.25158],[33.95405,36.15976],[33.89098,36.13877],[33.83588,36.1073],[33.8337,36.07057],[33.75318,36.14664],[33.4817,36.05428],[33.17134,35.97088],[32.90412,35.9767],[32.64034,36.008],[32.33498,36.12837],[31.90201,36.49686],[31.37069,36.71234],[30.90531,36.79422],[30.59359,36.76173],[30.54007,36.64696],[30.47283,36.18825],[30.39486,36.11805],[30.27989,36.11781],[30.16613,36.18762],[29.66196,36.07835],[29.47193,36.09069],[29.29819,36.17312],[29.00225,36.6948],[30.5906,37.78215],[30.72993,39.66312],[31.98391,39.66312],[34.49186,40.9171],[34.66195,41.87018]]]]}},{"type":"Feature","properties":{"NAME":"Aragón","ABBREVN":"Aragón","SUBJECTO":"Aragón","BORDERPRECISION":1,"PARTOF":"Aragón"},"geometry":{"type":"Polygon","coordinates":[[[-2.3014,40.23787],[-1.99711,40.08573],[-1.99711,39.97162],[-1.80693,39.85751],[-1.99711,39.7434],[-1.99711,39.59126],[-1.80693,39.47715],[-1.80693,39.17286],[-2.03515,39.24893],[-2.03515,38.60232],[-1.80693,38.52625],[-1.80693,38.25999],[-1.65479,38.18392],[-1.65479,37.91767],[-1.88301,37.9557],[-2.03515,37.8416],[-1.92104,37.65142],[-2.14926,37.23302],[-1.94048,36.9516],[-1.81688,37.29248],[-1.62571,37.43949],[-1.36457,37.54839],[-0.91827,37.57034],[-0.80256,37.61501],[-0.87234,37.7598],[-0.66473,38.17657],[-0.56413,38.21487],[-0.43516,38.43034],[0.17257,38.73835],[0.12612,38.82135],[-0.1657,38.95406],[-0.2359,39.0624],[-0.39485,39.43446],[-0.16063,39.88602],[0.23793,40.2402],[0.50514,40.59276],[0.78756,40.65689],[0.82713,40.72742],[0.70978,40.78515],[0.73375,40.87495],[0.8792,41.02174],[1.31124,41.15725],[2.08072,41.29849],[2.20059,41.44615],[2.62826,41.61954],[3.12888,41.85723],[3.15655,42.07572],[3.08629,42.12072],[3.08708,42.36864],[3.00189,42.77081],[3.03927,42.86919],[2.94888,42.88297],[2.825,42.84975],[2.70112,42.73002],[2.48962,42.71892],[2.48056,42.68562],[2.27209,42.69006],[2.10289,42.61451],[1.72824,42.501],[1.73126,42.54554],[1.79169,42.57892],[1.75543,42.59672],[1.65262,42.62621],[1.48667,42.62621],[1.45631,42.61895],[1.32046,42.60501],[1.30745,42.63517],[0.7442,42.77189],[0.58414,42.77189],[0.59192,42.62833],[0.34784,42.63517],[0.19627,42.60783],[0.17955,42.66252],[-0.16563,42.64884],[-0.21614,42.7172],[-0.40991,42.78557],[-0.46884,42.75139],[-0.58679,42.76506],[-0.61198,42.73088],[-0.84002,42.90865],[-0.90735,42.8813],[-1.6643,42.12542],[-1.60487,41.76883],[-2.13001,41.81657],[-2.14926,41.49307],[-2.3014,41.49307],[-2.3014,41.26485],[-2.03515,41.22681],[-1.92104,40.61824],[-2.3014,40.39002],[-2.3014,40.23787]]]}},{"type":"Feature","properties":{"NAME":"Norway","ABBREVN":"Norway","SUBJECTO":"Norway","BORDERPRECISION":1,"PARTOF":"Norway"},"geometry":{"type":"MultiPolygon","coordinates":[[[[-24.16154,65.60662],[-23.97264,65.68711],[-23.57052,65.68057],[-23.26697,65.72486],[-23.42614,65.82667],[-23.60829,65.97963],[-23.46557,66.13343],[-23.3411,66.13366],[-22.91092,65.94441],[-22.6093,65.92308],[-22.47414,65.99638],[-22.56006,66.11319],[-22.84109,66.28104],[-22.67637,66.39131],[-22.20982,66.28955],[-21.77907,66.25373],[-21.44325,66.12992],[-21.24249,65.88182],[-21.29617,65.69941],[-21.49472,65.56797],[-21.07972,65.20545],[-20.83062,65.3656],[-20.67248,65.42405],[-20.38893,65.47545],[-20.16845,65.5559],[-20.14128,65.65057],[-20.21739,66.0006],[-19.97331,66.11073],[-19.74766,65.90653],[-19.55601,65.76826],[-19.336,65.67393],[-19.23918,65.66684],[-19.15589,65.72528],[-19.27453,65.9293],[-19.16544,66.00257],[-19.04412,66.01741],[-18.6763,66.0912],[-18.36903,65.8945],[-18.12793,65.78553],[-17.88377,65.75682],[-17.86104,65.83709],[-18.02248,66.07779],[-17.56967,66.01287],[-16.92214,65.97755],[-16.56799,66.02935],[-16.37569,66.13209],[-16.38522,66.45442],[-15.85989,66.41872],[-15.57399,66.20677],[-15.07075,66.06139],[-14.76334,66.05466],[-14.64068,65.94529],[-14.75407,65.69707],[-14.40011,65.56669],[-13.6469,65.49534],[-13.58979,65.43004],[-13.52557,65.18335],[-13.55737,65.00939],[-13.69419,64.77863],[-13.89342,64.72071],[-14.26032,64.71283],[-14.34812,64.66954],[-14.3659,64.47556],[-14.59754,64.26713],[-14.8212,64.19503],[-15.07681,64.2089],[-15.26654,64.28021],[-15.63414,64.05748],[-15.8765,63.99266],[-16.53384,63.78413],[-16.91754,63.73341],[-17.24438,63.73283],[-17.59146,63.68934],[-17.9441,63.42484],[-18.15692,63.36746],[-18.64186,63.32382],[-18.96079,63.33746],[-19.55309,63.41468],[-19.82675,63.4783],[-20.40395,63.69834],[-20.87988,63.74029],[-21.07912,63.71134],[-21.54751,63.71762],[-22.37291,63.77319],[-22.50659,63.86582],[-22.31134,63.95198],[-21.80411,64.11036],[-21.48847,64.37614],[-21.85671,64.38262],[-22.08618,64.43959],[-22.27861,64.6188],[-22.39242,64.6617],[-22.55359,64.62545],[-23.50831,64.55902],[-23.67458,64.65931],[-23.61117,64.7457],[-23.43667,64.80359],[-23.13565,64.84734],[-22.77842,64.8552],[-22.45029,64.90623],[-21.97829,64.95034],[-21.80916,65.03736],[-21.72895,65.18245],[-21.79376,65.29845],[-21.9548,65.37805],[-22.14649,65.38492],[-22.36159,65.44995],[-22.81372,65.4709],[-23.18324,65.42659],[-23.37423,65.35359],[-23.67845,65.3167],[-24.14689,65.43932],[-24.21885,65.53374],[-24.16154,65.60662]]],[[[11.11205,59.16511],[10.82919,59.10584],[10.76894,59.11769],[10.65681,59.2244],[10.54927,59.37863],[10.63356,59.44985],[10.56974,59.5805],[10.40706,59.49735],[10.37863,59.36675],[10.42959,59.25997],[10.36334,59.21254],[10.21107,59.07029],[10.17234,58.98737],[9.93762,58.94],[9.69758,58.99922],[9.3462,58.84531],[9.37162,58.78615],[8.92173,58.53789],[8.17524,58.17205],[8.15375,58.08955],[8.0302,58.06598],[7.90843,58.06598],[6.95864,57.97174],[6.87418,58.07775],[6.72566,58.13669],[6.64366,58.04241],[6.47912,58.08955],[6.65171,58.17205],[6.23133,58.27818],[5.87384,58.4316],[5.61548,58.45522],[5.39974,58.71518],[5.531,58.88081],[5.47465,58.97553],[5.62749,58.96368],[5.66579,58.82165],[5.79366,58.91632],[6.09355,58.79798],[5.98371,58.88672],[6.04116,58.95184],[6.26615,58.99329],[6.05055,58.98144],[5.9404,58.93408],[5.8223,59.01698],[5.77186,59.07622],[6.03258,59.20067],[6.23753,59.28369],[6.0203,59.25404],[5.8775,59.31335],[6.07625,59.42017],[6.11343,59.52705],[5.81591,59.31335],[5.7995,59.43204],[5.68047,59.50923],[5.68291,59.41423],[5.71715,59.33707],[5.52852,59.2659],[5.34384,59.2659],[5.35033,59.39049],[5.28259,59.27183],[5.17665,59.30741],[5.0866,59.50923],[5.38263,59.71127],[5.41856,59.51517],[5.44931,59.65776],[5.64617,59.58645],[5.74112,59.62804],[5.66655,59.6756],[5.9699,59.71127],[6.18539,59.82426],[5.9105,59.75289],[5.69405,59.75289],[5.54334,59.82426],[5.63173,59.88377],[5.80576,59.94925],[5.89406,60.16126],[5.52462,60.16753],[5.27905,60.12534],[5.09623,60.26413],[5.26178,60.32713],[5.55114,60.50889],[5.45583,60.59241],[5.25523,60.56414],[5.07547,60.59169],[4.98038,60.68924],[5.10853,60.90611],[5.38705,61.02558],[5.11961,61.1371],[5.01831,61.30514],[5.14095,61.38956],[5.10115,61.69859],[5.14898,61.74088],[5.59242,61.7897],[5.79709,61.76991],[5.8339,61.81941],[5.71947,61.87955],[5.52818,61.93255],[5.42569,62.00926],[5.46967,62.0937],[5.56459,62.1503],[5.82363,62.17902],[6.05349,62.3348],[6.30839,62.28583],[6.53251,62.3357],[6.61296,62.58334],[6.98868,62.54157],[7.28926,62.48556],[7.54674,62.59925],[7.10156,62.70464],[6.98186,62.84614],[7.08818,62.9102],[7.60649,62.90406],[7.98916,62.94027],[8.23129,62.84141],[8.25797,63.05432],[8.47229,63.17552],[8.6059,63.3251],[8.9572,63.40404],[9.15422,63.31902],[9.21607,63.28356],[9.4409,63.49752],[9.83211,63.68362],[9.87006,63.87643],[10.06616,64.05551],[10.73985,64.38617],[10.8906,64.47251],[10.99662,64.49424],[11.2135,64.41574],[11.36406,64.41602],[11.50772,64.51672],[11.40654,64.61704],[11.46994,64.67464],[11.68973,64.77565],[11.89557,64.91273],[12.11214,65.12992],[12.22221,65.10115],[12.52645,65.10895],[12.49617,65.38447],[12.28409,65.43489],[12.47922,65.61703],[12.70906,65.90888],[13.08739,65.88041],[13.1088,66.03374],[13.15191,66.13613],[13.58101,66.18811],[13.4028,66.34882],[13.2554,66.39254],[13.16865,66.45834],[13.24208,66.56853],[13.38319,66.67895],[13.59203,66.65732],[13.99165,66.68746],[13.74719,66.9224],[13.85907,66.95945],[14.05474,66.97456],[14.37308,67.0931],[14.63927,67.12311],[14.77766,67.21653],[14.61647,67.24527],[14.56921,67.32934],[14.69915,67.37439],[14.97616,67.52294],[15.22666,67.50856],[15.3845,67.46444],[15.57994,67.58332],[15.74567,67.59729],[15.76182,67.67629],[15.57224,67.8207],[15.85421,67.92524],[15.91974,68.04897],[16.07106,68.04467],[16.23273,67.91109],[16.41161,67.87425],[16.64855,68.04575],[16.5219,68.3409],[16.71914,68.31136],[17.03327,68.33763],[17.12642,68.41608],[16.85476,68.55778],[17.03973,68.65853],[17.40691,68.77154],[17.44891,68.887],[17.56586,68.97437],[17.89471,69.03508],[17.92815,69.00508],[18.05155,69.02786],[18.09735,69.058],[18.31905,69.35938],[18.55324,69.24688],[18.98485,69.31544],[19.28917,69.21059],[19.57998,69.18106],[19.82121,69.36973],[18.95871,68.2937],[18.40022,67.23493],[18.53403,66.43208],[17.32975,64.82638],[17.73118,64.55876],[16.66071,63.75591],[15.04965,63.52576],[13.1549,62.02423],[12.79174,61.32995],[12.59738,61.02862],[12.17404,60.95641],[12.43103,60.62585],[12.54796,60.43387],[12.43586,60.2781],[12.42277,60.03878],[12.4879,58.56292],[11.73638,57.69821],[11.60984,57.80695],[11.70914,58.02474],[11.80189,58.17794],[11.61386,58.24735],[11.43109,58.20153],[11.40671,58.33127],[11.22136,58.30832],[11.14039,58.85122],[11.03924,58.9104],[11.17885,59.07029],[11.11205,59.16511]]]]}},{"type":"Feature","properties":{"NAME":"Byzantine Empire","ABBREVN":"Byzantine E.","SUBJECTO":"Byzantine Empire","BORDERPRECISION":1,"PARTOF":"Byzantine Empire"},"geometry":{"type":"MultiPolygon","coordinates":[[[[34.66291,41.87558],[34.49186,40.9171],[31.98391,39.66312],[30.72993,39.66312],[30.5906,37.78215],[29.00225,36.6948],[28.81353,36.53516],[28.46985,36.73831],[28.26692,36.71241],[28.01419,36.52716],[27.9119,36.69894],[27.94186,36.75634],[28.05104,36.83302],[27.99881,36.90937],[27.30811,36.92071],[27.26863,37.04168],[27.52564,37.13141],[27.49252,37.23967],[27.36463,37.32863],[27.16041,37.36008],[27.12256,37.49385],[27.14109,37.64687],[27.17978,37.77443],[27.13977,37.88909],[26.96138,37.94611],[26.67933,38.10494],[26.51232,38.06635],[26.39321,38.10436],[26.3916,38.21913],[26.46871,38.44476],[26.52741,38.41824],[26.74245,38.27839],[26.99743,38.40006],[26.81967,38.52725],[26.82882,38.58296],[26.6957,38.64077],[26.70947,38.69857],[26.96638,38.76993],[27.03491,38.8211],[27.00422,38.88483],[26.9368,38.92456],[26.78534,38.94033],[26.78985,39.02443],[26.87075,39.05597],[26.79714,39.12956],[26.70794,39.18213],[26.70405,39.25047],[26.60224,39.25573],[26.72016,39.33725],[26.85351,39.46077],[26.92615,39.47655],[26.95752,39.54833],[26.80427,39.56715],[26.13898,39.43974],[26.06406,39.45551],[26.08489,39.60401],[26.1419,39.66058],[26.12758,39.87856],[26.18601,39.9972],[26.32033,39.99192],[26.40305,40.17649],[26.48171,40.18704],[26.76528,40.37694],[26.99647,40.37166],[27.05612,40.42969],[27.27175,40.45081],[27.32923,40.35583],[27.44961,40.30979],[27.52599,40.29714],[27.76389,40.28725],[27.83016,40.34528],[27.79984,40.40332],[27.67929,40.46135],[27.80783,40.50357],[27.95381,40.48774],[28.00646,40.45081],[27.90822,40.35056],[28.47772,40.3951],[28.75644,40.37645],[29.05242,40.33473],[29.12229,40.41387],[29.08353,40.45608],[28.87322,40.47191],[28.77796,40.52468],[28.90162,40.62011],[29.5252,40.68829],[29.71315,40.69356],[29.88272,40.74636],[29.68345,40.75164],[29.32036,40.74107],[29.28964,40.80669],[29.01453,40.97867],[29.16121,41.21637],[29.57778,41.15337],[30.13762,41.13184],[30.25609,41.18467],[30.74481,41.04032],[31.03539,41.04878],[31.29716,40.93651],[32.80555,41.54913],[33.18995,41.95244],[33.55554,41.9825],[33.89666,41.95108],[34.3039,41.89412],[34.66291,41.87558]]],[[[25.76635,36.33756],[25.71314,36.34981],[25.73594,36.38654],[25.78916,36.40489],[25.87278,36.35593],[25.76635,36.33756]]],[[[28.06984,41.62497],[28.1044,41.59297],[28.37146,41.43313],[28.74022,41.32483],[29.01237,41.25483],[29.0811,41.20051],[28.96445,40.98924],[28.82781,40.9147],[28.59615,40.94699],[28.17331,41.0579],[28.02637,41.02621],[27.93218,40.95755],[27.47417,40.96283],[27.31305,40.78991],[27.26376,40.66717],[26.88893,40.52468],[26.61357,40.39804],[26.51394,40.28197],[26.37586,40.21341],[26.25516,40.08156],[26.14089,40.04465],[26.21429,40.16067],[26.2228,40.22396],[26.19482,40.30307],[26.45755,40.43497],[26.55648,40.49829],[26.45484,40.58431],[26.41806,40.57782],[26.12404,40.60285],[26.02072,40.66932],[25.99288,40.85246],[25.30111,40.89594],[25.04632,40.95227],[25.01893,41.01715],[24.81212,40.93342],[24.70066,40.87834],[24.51913,40.87307],[24.50495,40.98407],[24.3543,40.97096],[24.21906,40.82968],[24.02516,40.74636],[23.88595,40.73289],[23.74839,40.80443],[23.6347,40.77275],[23.63298,40.71317],[23.70906,40.63004],[23.78517,40.47719],[23.9237,40.45081],[24.29535,40.17649],[24.22064,40.14485],[24.05478,40.26088],[24.04778,40.30836],[23.77477,40.39276],[23.72217,40.34824],[23.62723,40.34528],[23.6588,40.28726],[23.65175,40.22923],[23.80366,40.15539],[23.86866,40.16067],[23.92011,40.0552],[23.90662,39.9972],[23.79603,39.98665],[23.59577,40.19232],[23.44249,40.25561],[23.34908,40.28198],[23.29176,40.28726],[23.29314,40.24506],[23.25906,40.22923],[23.36684,40.10793],[23.43647,40.04465],[23.59219,40.00246],[23.63859,39.96034],[23.59689,39.93405],[23.26053,39.97087],[23.27631,40.04992],[23.21478,40.18177],[23.14114,40.26615],[22.96016,40.31471],[22.74806,40.48247],[22.8639,40.53523],[22.87546,40.59632],[22.85195,40.65134],[22.76997,40.66717],[22.70125,40.57745],[22.49207,40.49829],[22.60227,40.39724],[22.48962,40.23053],[22.46736,40.11848],[22.52561,40.06417],[22.55513,39.98665],[22.6951,39.83448],[22.75447,39.81835],[22.81343,39.60274],[23.07417,39.41345],[23.23608,39.20316],[23.1585,39.14008],[23.05192,39.10329],[23.09981,39.18739],[23.04525,39.2715],[22.9813,39.32933],[22.85085,39.36613],[22.72026,39.28727],[22.76606,39.20279],[22.83488,39.16636],[22.87106,39.02435],[22.78421,38.94033],[22.4905,38.87685],[22.60231,38.85624],[22.72329,38.79317],[22.89937,38.76689],[22.98423,38.66704],[23.0998,38.6723],[23.16949,38.66704],[23.191,38.61034],[23.35616,38.4895],[23.49384,38.48313],[23.55577,38.35176],[23.80395,38.34651],[23.96074,38.20991],[23.96699,38.15213],[23.88002,38.11536],[23.9873,37.76343],[23.91818,37.68464],[23.83551,37.68464],[23.73368,37.85786],[23.63415,37.87898],[23.4957,38.06808],[23.41926,38.06808],[23.19584,38.00504],[22.98061,37.95777],[22.89806,37.89999],[23.03997,37.85797],[23.04887,37.64263],[23.15138,37.59012],[23.22055,37.60183],[23.32171,37.63738],[23.31216,37.54811],[23.41812,37.46934],[23.18498,37.42733],[23.18579,37.37483],[23.10956,37.34664],[22.97098,37.38532],[23.02535,37.47984],[22.94207,37.51839],[22.71329,37.54343],[22.64232,37.58487],[22.63875,37.49229],[22.72624,37.28851],[22.81335,37.21205],[22.79311,37.13856],[22.88689,37.04668],[22.98255,36.61475],[22.67355,36.75428],[22.52445,36.72213],[22.3903,36.52437],[22.19141,36.85524],[21.98417,37.02048],[21.78092,36.82254],[21.58817,36.98144],[21.53144,37.11515],[21.6265,37.30652],[21.61371,37.41485],[21.51731,37.53576],[21.29635,37.72654],[21.22113,37.8284],[21.22843,37.90491],[21.44045,38.17952],[21.7145,38.13544],[21.90577,38.26974],[21.99669,38.25078],[22.74721,37.95261],[22.89866,37.99755],[23.11635,38.15739],[22.87564,38.2046],[22.33374,38.42671],[21.82647,38.46396],[21.66126,38.43811],[21.36446,38.41201],[21.1724,38.34784],[20.77183,38.85093],[20.8926,38.89583],[21.00651,38.87054],[21.10469,38.92178],[21.15952,39.00483],[21.00718,39.11299],[20.90115,39.06173],[20.67775,39.08042],[20.21181,39.40493],[20.09083,39.60253],[20.02856,39.81378],[19.80365,40.01696],[19.36907,40.26028],[19.38023,40.32358],[19.48371,40.29589],[19.49448,40.40272],[19.33922,40.58874],[19.52726,40.86589],[19.4454,40.9649],[19.52995,41.21844],[19.41699,41.34525],[19.49892,41.52362],[19.61938,41.5593],[19.60697,41.76154],[20.70533,42.81377],[21.48899,42.87908],[24.29711,42.03011],[26.06034,42.09542],[26.58278,41.8342],[26.64809,42.55255],[27.88732,43.06353],[27.86991,42.79988],[27.83616,42.73552],[27.65404,42.68374],[27.50195,42.51635],[27.4947,42.4009],[27.60787,42.41678],[27.72253,42.31622],[27.73771,42.247],[27.91341,42.0781],[27.91795,41.97767],[28.0262,41.88238],[28.01818,41.75321],[28.06984,41.62497]]],[[[25.33302,36.45994],[25.37104,36.49662],[25.49267,36.42325],[25.49267,36.33144],[25.38624,36.31919],[25.31782,36.39877],[25.33302,36.45994]]],[[[26.02483,36.95969],[26.08564,36.89892],[25.83477,36.78332],[25.75115,36.78332],[25.75115,36.81376],[25.85758,36.8381],[25.9488,36.91107],[26.02483,36.95969]]],[[[24.29912,36.75287],[24.42836,36.7955],[24.58801,36.86851],[24.67923,36.75896],[24.46637,36.64925],[24.29912,36.75287]]],[[[24.94531,36.56992],[24.82368,36.63705],[24.82368,36.66145],[24.87689,36.67974],[24.97572,36.63705],[24.94531,36.56992]]],[[[25.10496,36.63705],[25.05934,36.61875],[25.04414,36.66145],[25.16578,36.74069],[25.19618,36.67364],[25.10496,36.63705]]],[[[25.2494,36.75896],[25.29501,36.80767],[25.43185,36.69803],[25.38624,36.63705],[25.2646,36.70413],[25.2418,36.75287],[25.2494,36.75896]]],[[[24.42836,37.20834],[24.53479,37.11746],[24.44356,37.09927],[24.42836,37.20834]]],[[[24.48918,37.3958],[24.35994,37.30515],[24.35994,37.3958],[24.39795,37.46824],[24.48918,37.3958]]],[[[24.86169,37.52856],[24.94531,37.51047],[25.04414,37.37768],[24.84648,37.3656],[24.86169,37.52856]]],[[[24.67923,36.905],[24.64882,37.01434],[24.71724,37.05075],[24.78566,36.94754],[24.67923,36.905]]]]}}],"metadata":{"source":"historical-basemaps (aourednik)","sourceUrl":"https://github.com/aourednik/historical-basemaps","license":"GPL-3.0","commit":"62d8f1a03a71f2d3ff17f2d166f7553f256bce68","borderPrecision":"概略（出典が全境界を概略と宣言）"}}