{"type":"FeatureCollection","features":[{"type":"Feature","properties":{"NAME":"Cyprus","ABBREVN":"Cyprus","INFO_UR":null,"SUBJECTO":"Cyprus","BORDERPRECISION":1,"PARTOF":"Cyprus"},"geometry":{"type":"MultiPolygon","coordinates":[[[[33.7805,35.20814],[33.77267,35.12928],[33.92467,34.95323],[33.79196,34.95737],[33.73258,34.90862],[33.68582,34.93487],[33.53851,34.94416],[33.48394,34.79579],[33.13139,34.68034],[32.95862,34.65934],[32.91455,34.63573],[32.91452,34.54126],[32.81666,34.53864],[32.78414,34.62523],[32.60339,34.61473],[32.35718,34.68034],[32.27109,34.7197],[32.27098,34.81416],[32.1985,34.86139],[32.14372,35.04254],[32.18048,35.05831],[32.23446,35.01363],[32.30099,35.01626],[32.48312,35.15294],[32.59698,35.15557],[32.74495,35.11427],[32.77952,35.15294],[32.81907,35.28175],[32.79511,35.36061],[33.07748,35.31861],[33.37371,35.30648],[33.53904,35.3317],[33.90732,35.43685],[34.21734,35.57357],[34.45821,35.64456],[34.24465,35.51184],[34.04843,35.40793],[33.7805,35.20814]]]]}},{"type":"Feature","properties":{"NAME":"Norway","ABBREVN":"Norway","INFO_UR":null,"SUBJECTO":"Norway","BORDERPRECISION":1,"PARTOF":"Norway"},"geometry":{"type":"MultiPolygon","coordinates":[[[[11.17885,59.07029],[11.11205,59.16511],[10.82919,59.10584],[10.76894,59.11769],[10.65681,59.2244],[10.54927,59.37863],[10.63356,59.44985],[10.56974,59.5805],[10.40706,59.49735],[10.37863,59.36675],[10.42959,59.25997],[10.36334,59.21254],[10.21107,59.07029],[10.17234,58.98737],[9.93762,58.94],[9.69758,58.99922],[9.3462,58.84531],[9.37162,58.78615],[9.14589,58.65607],[8.92173,58.53789],[8.17524,58.17205],[8.15375,58.08955],[8.0302,58.06598],[7.90843,58.06598],[6.95864,57.97174],[6.87418,58.07775],[6.72566,58.13669],[6.64366,58.04241],[6.47912,58.08955],[6.65171,58.17205],[6.23133,58.27818],[5.87384,58.4316],[5.61548,58.45522],[5.39974,58.71518],[5.531,58.88081],[5.47465,58.97553],[5.62749,58.96368],[5.66579,58.82165],[5.79366,58.91632],[6.09355,58.79798],[5.98371,58.88672],[6.04116,58.95184],[6.26615,58.99329],[6.05055,58.98144],[5.9404,58.93408],[5.8223,59.01698],[5.77186,59.07622],[6.03258,59.20067],[6.23753,59.28369],[6.0203,59.25404],[5.8775,59.31335],[6.07625,59.42017],[6.11343,59.52705],[5.81591,59.31335],[5.7995,59.43204],[5.68047,59.50923],[5.68291,59.41423],[5.71715,59.33707],[5.52852,59.2659],[5.34384,59.2659],[5.35033,59.39049],[5.28259,59.27183],[5.17665,59.30741],[5.0866,59.50923],[5.38263,59.71127],[5.41856,59.51517],[5.44931,59.65776],[5.64617,59.58645],[5.74112,59.62804],[5.66655,59.6756],[5.9699,59.71127],[6.18539,59.82426],[5.9105,59.75289],[5.69405,59.75289],[5.54334,59.82426],[5.63173,59.88377],[5.80576,59.94925],[5.89406,60.16126],[5.52462,60.16753],[5.27905,60.12534],[5.09623,60.26413],[5.26178,60.32713],[5.55114,60.50889],[5.45583,60.59241],[5.25523,60.56414],[5.07547,60.59169],[4.98038,60.68924],[5.10853,60.90611],[5.38705,61.02558],[5.11961,61.1371],[5.01831,61.30514],[5.14095,61.38956],[5.10115,61.69859],[5.14898,61.74088],[5.59242,61.7897],[5.79709,61.76991],[5.8339,61.81941],[5.71947,61.87955],[5.52818,61.93255],[5.42569,62.00926],[5.46967,62.0937],[5.56459,62.1503],[5.82363,62.17902],[6.05349,62.3348],[6.30839,62.28583],[6.53251,62.3357],[6.61296,62.58334],[6.98868,62.54157],[7.28926,62.48556],[7.54674,62.59925],[7.10156,62.70464],[6.98186,62.84614],[7.08818,62.9102],[7.60649,62.90406],[7.98916,62.94027],[8.23129,62.84141],[8.25797,63.05432],[8.47229,63.17552],[8.6059,63.3251],[8.9572,63.40404],[9.15422,63.31902],[9.21607,63.28356],[9.4409,63.49752],[9.83211,63.68362],[9.87006,63.87643],[10.06616,64.05551],[10.73985,64.38617],[10.8906,64.47251],[10.99662,64.49424],[11.2135,64.41574],[11.36406,64.41602],[11.50772,64.51672],[11.40654,64.61704],[11.46994,64.67464],[11.68973,64.77565],[11.89557,64.91273],[12.11214,65.12992],[12.22221,65.10115],[12.52645,65.10895],[12.49617,65.38447],[12.28409,65.43489],[12.47922,65.61703],[12.70906,65.90888],[13.08739,65.88041],[13.1088,66.03374],[13.15191,66.13613],[13.58101,66.18811],[13.4028,66.34882],[13.2554,66.39254],[13.16865,66.45834],[13.24208,66.56853],[13.38319,66.67895],[13.59203,66.65732],[13.99165,66.68746],[13.74719,66.9224],[13.85907,66.95945],[14.05474,66.97456],[14.37308,67.0931],[14.63927,67.12311],[14.77766,67.21653],[14.61647,67.24527],[14.56921,67.32934],[14.69915,67.37439],[14.97616,67.52294],[15.22666,67.50856],[15.3845,67.46444],[15.57994,67.58332],[15.74567,67.59729],[15.76182,67.67629],[15.57224,67.8207],[15.85421,67.92524],[15.91974,68.04897],[16.07106,68.04467],[16.23273,67.91109],[16.41161,67.87425],[16.64855,68.04575],[16.5219,68.3409],[16.71914,68.31136],[17.03327,68.33763],[17.12642,68.41608],[16.85476,68.55778],[17.03973,68.65853],[17.40691,68.77154],[17.44891,68.887],[17.56586,68.97437],[17.89471,69.03508],[17.92815,69.00508],[18.05155,69.02786],[18.09735,69.058],[18.31905,69.35938],[18.55324,69.24688],[18.98485,69.31544],[19.28917,69.21059],[19.57998,69.18106],[17.00938,67.24776],[14.53605,63.0976],[13.1549,62.02423],[12.79174,61.32995],[12.59738,61.02862],[12.17404,60.95641],[12.43103,60.62585],[12.54796,60.43387],[12.43586,60.2781],[12.42277,60.03878],[12.4879,58.56292],[11.73638,57.69821],[11.60984,57.80695],[11.70914,58.02474],[11.80189,58.17794],[11.61386,58.24735],[11.43109,58.20153],[11.40671,58.33127],[11.22136,58.30832],[11.14039,58.85122],[11.03924,58.9104],[11.17885,59.07029]]],[[[-24.21885,65.53374],[-24.16154,65.60662],[-23.97264,65.68711],[-23.57052,65.68057],[-23.26697,65.72486],[-23.42614,65.82667],[-23.60829,65.97963],[-23.46557,66.13343],[-23.3411,66.13366],[-22.91092,65.94441],[-22.6093,65.92308],[-22.47414,65.99638],[-22.56006,66.11319],[-22.84109,66.28104],[-22.67637,66.39131],[-22.20982,66.28955],[-21.77907,66.25373],[-21.44325,66.12992],[-21.24249,65.88182],[-21.29617,65.69941],[-21.49472,65.56797],[-21.07972,65.20545],[-20.83062,65.3656],[-20.67248,65.42405],[-20.38893,65.47545],[-20.16845,65.5559],[-20.14128,65.65057],[-20.21739,66.0006],[-19.97331,66.11073],[-19.74766,65.90653],[-19.55601,65.76826],[-19.336,65.67393],[-19.23918,65.66684],[-19.15589,65.72528],[-19.27453,65.9293],[-19.16544,66.00257],[-19.04412,66.01741],[-18.6763,66.0912],[-18.36903,65.8945],[-18.12793,65.78553],[-17.88377,65.75682],[-17.86104,65.83709],[-18.02248,66.07779],[-17.56967,66.01287],[-16.92214,65.97755],[-16.56799,66.02935],[-16.37569,66.13209],[-16.38522,66.45442],[-15.85989,66.41872],[-15.57399,66.20677],[-15.07075,66.06139],[-14.76334,66.05466],[-14.64068,65.94529],[-14.75407,65.69707],[-14.40011,65.56669],[-13.6469,65.49534],[-13.58979,65.43004],[-13.52557,65.18335],[-13.55737,65.00939],[-13.69419,64.77863],[-13.89342,64.72071],[-14.26032,64.71283],[-14.34812,64.66954],[-14.3659,64.47556],[-14.59754,64.26713],[-14.8212,64.19503],[-15.07681,64.2089],[-15.26654,64.28021],[-15.63414,64.05748],[-15.8765,63.99266],[-16.53384,63.78413],[-16.91754,63.73341],[-17.24438,63.73283],[-17.59146,63.68934],[-17.9441,63.42484],[-18.15692,63.36746],[-18.64186,63.32382],[-18.96079,63.33746],[-19.55309,63.41468],[-19.82675,63.4783],[-20.40395,63.69834],[-20.87988,63.74029],[-21.07912,63.71134],[-21.54751,63.71762],[-22.37291,63.77319],[-22.50659,63.86582],[-22.31134,63.95198],[-21.80411,64.11036],[-21.48847,64.37614],[-21.85671,64.38262],[-22.08618,64.43959],[-22.27861,64.6188],[-22.39242,64.6617],[-22.55359,64.62545],[-23.50831,64.55902],[-23.67458,64.65931],[-23.61117,64.7457],[-23.43667,64.80359],[-23.13565,64.84734],[-22.77842,64.8552],[-22.45029,64.90623],[-21.97829,64.95034],[-21.80916,65.03736],[-21.72895,65.18245],[-21.79376,65.29845],[-21.9548,65.37805],[-22.14649,65.38492],[-22.36159,65.44995],[-22.81372,65.4709],[-23.18324,65.42659],[-23.37423,65.35359],[-23.67845,65.3167],[-24.14689,65.43932],[-24.21885,65.53374]]]]}},{"type":"Feature","properties":{"NAME":null,"ABBREVN":null,"INFO_UR":null,"SUBJECTO":null,"BORDERPRECISION":1,"PARTOF":null},"geometry":{"type":"MultiPolygon","coordinates":[[[[-25,69.31903],[-24.89656,69.39209],[-24.58354,69.33987],[-24.33329,69.33282],[-23.44435,69.56848],[-22.73233,69.77407],[-22.15753,70.05611],[-22.43398,70.07852],[-23.00889,70.09273],[-23.45946,70.09188],[-23.58745,70.084],[-23.77526,70.14481],[-24.19523,70.24349],[-24.58473,70.30403],[-25,70.29593],[-25,69.31903]]],[[[-25,71.46768],[-24.913,71.43744],[-24.38637,71.18251],[-24.22702,71.05899],[-24.04017,70.77375],[-23.75374,70.58956],[-23.0842,70.46792],[-22.6157,70.4841],[-22.20321,70.4849],[-21.71385,70.38607],[-21.54713,70.44007],[-21.47082,70.53234],[-21.59176,71.21096],[-21.72596,71.40459],[-21.90443,71.49749],[-22.02971,71.43508],[-22.43088,71.34116],[-22.64851,71.74521],[-22.8178,71.86973],[-23.24718,72],[-25,72],[-25,71.46768]]]]}},{"type":"Feature","properties":{"NAME":"Sardinia","ABBREVN":"Sardinia","INFO_UR":null,"SUBJECTO":"Sardinia","BORDERPRECISION":1,"PARTOF":"Sardinia"},"geometry":{"type":"MultiPolygon","coordinates":[[[[8.81956,38.97691],[8.6961,38.99581],[8.58238,39.06577],[8.41717,39.2122],[8.37422,39.30785],[8.46503,39.63994],[8.50848,39.94648],[8.48798,40.2088],[8.42819,40.46485],[8.20155,40.663],[8.15949,40.78468],[8.24071,40.85534],[8.76607,40.8628],[8.91842,40.94002],[9.3062,41.18445],[9.59085,40.90291],[9.79374,40.56368],[9.78785,40.44196],[9.69572,40.31369],[9.6308,40.09586],[9.69801,39.6935],[9.64834,39.45721],[9.47892,39.14416],[9.29628,39.23312],[9.06254,39.21989],[8.99852,39.17509],[8.93137,39.0537],[8.81956,38.97691]]]]}},{"type":"Feature","properties":{"NAME":"Hungary","ABBREVN":"Hungary","INFO_UR":null,"SUBJECTO":"Hungary","BORDERPRECISION":1,"PARTOF":"Hungary"},"geometry":{"type":"Polygon","coordinates":[[[15.91168,45.63098],[16.8077,44.93505],[17.33757,45.13885],[17.82669,45.13885],[17.94897,44.81278],[19.78508,44.93614],[20.31366,44.90109],[20.70533,44.64231],[21.35838,44.77292],[22.07674,44.44639],[22.33796,44.77292],[22.66448,44.64231],[23.05631,45.03414],[26.51748,45.8178],[27.36644,46.34024],[27.44876,46.52546],[24.13195,48.81112],[22.94848,48.97037],[22.88145,49.22451],[21.77068,49.59171],[21.76806,49.74368],[21.31685,49.864],[21.2866,49.77324],[21.13532,49.83375],[20.98405,49.74298],[20.89328,49.83375],[20.80252,49.83375],[20.89328,49.74298],[20.6815,49.65222],[20.53022,49.80349],[20.34869,49.74298],[20.01589,49.80349],[19.89487,49.47069],[19.71334,49.5312],[19.56206,49.5312],[19.56206,49.71273],[19.38053,49.80349],[19.13849,49.71273],[19.10824,49.59171],[18.92671,49.62196],[18.52218,49.56107],[18.45118,49.46167],[18.46574,49.45485],[18.52502,49.47076],[18.52736,49.49394],[18.54095,49.4925],[18.53419,49.48575],[18.54765,49.46867],[18.49034,49.43201],[18.47542,49.40841],[18.45006,49.39359],[18.40793,49.39878],[18.41557,49.36755],[18.37447,49.3286],[18.35085,49.32122],[18.25037,49.18055],[18.22319,48.99028],[18.11447,48.99028],[18.11447,48.85438],[17.86985,48.80002],[17.68062,48.85978],[17.6339,48.85496],[17.61754,48.84183],[17.60111,48.84025],[17.59242,48.82711],[17.5256,48.81236],[17.47701,48.84155],[17.45013,48.84551],[17.39487,48.81389],[17.36434,48.81369],[17.32974,48.83282],[17.32167,48.8453],[17.30233,48.8449],[17.27667,48.86055],[17.24564,48.86824],[16.48162,48.19585],[16.55704,47.49537],[16.64402,47.29967],[16.55704,47.19095],[16.55704,47.06048],[16.44832,46.93001],[16.44832,46.7778],[16.51355,46.62559],[16.29611,46.40815],[16.53529,46.36466],[16.44832,46.10373],[16.20913,46.14722],[16.07866,45.88629],[16.20913,45.73408],[16.12215,45.58187],[15.91168,45.63098]]]}},{"type":"Feature","properties":{"NAME":"Venice","ABBREVN":"Venice","INFO_UR":null,"SUBJECTO":"Venice","BORDERPRECISION":1,"PARTOF":"Venice"},"geometry":{"type":"MultiPolygon","coordinates":[[[[11.97067,45.43624],[12.17619,45.21429],[12.18037,45.27028],[12.25142,45.29028],[12.27974,45.40229],[12.48321,45.46231],[12.44816,45.39429],[12.89865,45.55837],[13.10461,45.58239],[13.15617,45.72652],[13.3677,45.69449],[13.08086,45.98045],[12.64549,45.91514],[12.14482,45.76277],[11.97067,45.43624]]],[[[13.52689,45.45431],[13.64359,45.17909],[13.67206,45.05036],[13.8951,44.75918],[13.99126,44.7831],[14.0604,44.8947],[14.18851,44.94255],[14.17461,45.01039],[13.90806,44.97911],[13.79921,45.30563],[13.95159,45.3927],[13.99513,45.45801],[13.79998,45.56637],[13.74909,45.49433],[13.52689,45.45431]]]]}},{"type":"Feature","properties":{"NAME":"Corsica","ABBREVN":"Corsica","INFO_UR":null,"SUBJECTO":"Corsica","BORDERPRECISION":1,"PARTOF":"Corsica"},"geometry":{"type":"MultiPolygon","coordinates":[[[[8.53793,41.94778],[8.55153,41.91017],[8.55731,41.91785],[8.54194,41.94854],[8.53793,41.94778]]],[[[8.57342,42.4453],[8.59808,42.45504],[8.59683,42.47273],[8.57342,42.4453]]],[[[9.02421,41.42009],[9.03894,41.3695],[9.0561,41.36699],[9.04285,41.38268],[9.0315,41.41766],[9.02421,41.42009]]],[[[9.27556,42.80354],[9.27877,42.75324],[9.287,42.75001],[9.28721,42.78635],[9.27556,42.80354]]],[[[9.28423,42.92475],[9.29746,42.94051],[9.29488,42.95757],[9.28423,42.92475]]]]}},{"type":"Feature","properties":{"NAME":null,"ABBREVN":null,"INFO_UR":null,"SUBJECTO":null,"BORDERPRECISION":1,"PARTOF":null},"geometry":{"type":"MultiPolygon","coordinates":[[[[37.5587,34],[38.03645,34.59719],[38.37216,35.14089],[40.02912,34.39105],[40.42017,34],[37.5587,34]]]]}},{"type":"Feature","properties":{"NAME":"Ghaznavid Emirate","ABBREVN":"Ghaz.Emirate","INFO_UR":null,"SUBJECTO":"Ghaznavid Emirate","BORDERPRECISION":1,"PARTOF":"Ghaznavid Emirate"},"geometry":{"type":"MultiPolygon","coordinates":[[[[60,34],[58.22632,34],[56.53976,35.93858],[55.61076,35.93858],[54.86755,36.80565],[54.92949,39.15913],[55.48689,39.34493],[60,39.61905],[60,34]]]]}},{"type":"Feature","properties":{"NAME":"Georgia","ABBREVN":"Georgia","INFO_UR":null,"SUBJECTO":"Georgia","BORDERPRECISION":1,"PARTOF":"Georgia"},"geometry":{"type":"MultiPolygon","coordinates":[[[[41.68047,41.79334],[41.65184,42.12064],[41.50272,42.60848],[41.40974,42.78824],[41.12255,43.01909],[43.54586,42.83471],[45.25984,42.43852],[45.55834,41.83825],[45.43193,41.459],[43.32501,40.95334],[43.36715,41.37473],[43.11432,41.71183],[41.68047,41.79334]]]]}},{"type":"Feature","properties":{"NAME":"Armenia","ABBREVN":"Armenia","INFO_UR":null,"SUBJECTO":"Armenia","BORDERPRECISION":1,"PARTOF":"Armenia"},"geometry":{"type":"MultiPolygon","coordinates":[[[[43.32501,40.95334],[45.43193,41.459],[46.14828,39.68919],[46.82249,38.34077],[46.90677,37.91938],[46.82249,37.66655],[45.5162,37.03448],[44.84199,36.78165],[44.46274,36.82379],[42.01872,38.13008],[41.0074,38.34077],[41.80803,38.67787],[42.01872,39.18353],[42.31369,39.98416],[42.69293,40.70051],[43.32501,40.95334]]]]}},{"type":"Feature","properties":{"NAME":"Buwayhid Emirates","ABBREVN":"Buwayhid Em.","INFO_UR":null,"SUBJECTO":"Buwayhid Emirates","BORDERPRECISION":1,"PARTOF":"Buwayhid Emirates"},"geometry":{"type":"MultiPolygon","coordinates":[[[[41.0074,38.34077],[42.01872,38.13008],[44.46274,36.82379],[44.84199,36.78165],[45.5162,37.03448],[46.82249,37.66655],[46.90677,37.91938],[46.82249,38.34077],[46.14828,39.68919],[46.73821,40.0263],[46.90677,40.61624],[46.82249,41.20617],[46.73821,41.71183],[48.2217,42.27937],[48.41952,42.09054],[48.50045,41.92868],[48.6623,41.90171],[48.68324,41.83591],[48.8925,41.68698],[48.99887,41.51679],[49.11588,41.43169],[49.24353,41.2934],[49.28608,41.05938],[49.3499,40.95301],[49.47755,40.836],[49.6052,40.76154],[49.6052,40.68708],[49.8073,40.5807],[50.02005,40.60198],[50.19025,40.57007],[50.3179,40.49561],[50.42427,40.41051],[50.46682,40.32541],[50.46682,40.26158],[50.30726,40.32541],[50.12643,40.34668],[50.03069,40.34668],[49.91368,40.32541],[49.84986,40.27222],[49.66902,40.24031],[49.57328,40.17649],[49.55201,40.09139],[49.54137,39.87864],[49.44564,39.65526],[49.40309,39.48506],[49.49882,39.37869],[49.48818,39.29359],[49.38181,39.3255],[49.33926,39.28295],[49.27544,39.01702],[49.22225,39.0383],[49.17971,39.14467],[49.11588,39.18722],[49.04142,39.14467],[49.02014,39.00638],[49.05206,38.93192],[48.94568,38.83619],[48.98823,38.71918],[48.82495,38.30958],[48.83151,38.30631],[48.80919,37.98857],[48.74478,37.72702],[48.83723,37.51097],[49.05953,37.39756],[49.47581,37.29161],[49.84801,37.26821],[50.03871,37.2247],[50.11132,37.09776],[50.25221,36.89479],[50.56095,36.68643],[51.41704,36.45569],[51.79552,36.43235],[51.99305,36.4589],[52.60216,36.57688],[53.13901,36.64353],[53.79965,36.67904],[53.98449,36.78191],[54.06744,36.94152],[54.86755,36.80565],[55.61076,35.93858],[56.53976,35.93858],[58.22632,34],[40.42017,34],[40.02912,34.39105],[37.02633,35.74993],[37.38351,36.6131],[37.5942,37.16089],[39.61684,37.83511],[41.0074,38.34077]]]]}},{"type":"Feature","properties":{"NAME":"Byzantine Empire","ABBREVN":"Byzantine E.","INFO_UR":null,"SUBJECTO":"Byzantine Empire","BORDERPRECISION":1,"PARTOF":"Byzantine Empire"},"geometry":{"type":"MultiPolygon","coordinates":[[[[15.44861,41.85673],[15.59799,41.07976],[15.76654,40.5741],[15.6662,40.09186],[15.75702,39.93363],[15.82467,39.66063],[15.98955,39.42835],[16.08256,39.01247],[16.17721,38.93099],[16.21223,38.77795],[16.15221,38.70127],[15.98985,38.73476],[15.8273,38.62273],[15.93347,38.53992],[15.79087,38.2964],[15.62658,38.23308],[15.62748,38.00421],[15.71023,37.94144],[15.78524,37.90971],[16.05294,37.93117],[16.33069,38.32074],[16.572,38.45712],[16.5222,38.72502],[16.61333,38.82733],[16.7977,38.92586],[17.09469,38.91502],[17.18071,39.02221],[17.121,39.08602],[17.10742,39.28047],[17.14907,39.4218],[16.5321,39.69751],[16.53501,39.83157],[16.62385,39.96775],[16.60441,40.08991],[16.72756,40.1836],[16.84413,40.36314],[16.94871,40.48109],[17.08408,40.52511],[17.2428,40.49576],[17.20417,40.39794],[17.40165,40.29193],[17.61915,40.28784],[17.8496,40.2435],[17.96775,40.16689],[18.01707,39.94789],[18.16013,39.87313],[18.36492,39.74672],[18.52265,40.09413],[18.38361,40.30775],[18.05994,40.51353],[18.03392,40.59665],[17.31927,40.92925],[16.94596,41.09381],[16.42027,41.27872],[15.99104,41.40614],[15.87325,41.50214],[15.98915,41.63465],[16.19841,41.74567],[16.18741,41.84086],[16.01284,41.90432],[15.44861,41.85673]]],[[[20.09083,39.60253],[20.21181,39.40493],[20.67775,39.08042],[20.90115,39.06173],[21.00718,39.11299],[21.15952,39.00483],[21.10469,38.92178],[21.00651,38.87054],[20.8926,38.89583],[20.77183,38.85093],[21.1724,38.34784],[21.36446,38.41201],[21.66126,38.43811],[21.82647,38.46396],[22.33374,38.42671],[22.87564,38.2046],[23.11635,38.15739],[22.89866,37.99755],[22.74721,37.95261],[21.99669,38.25078],[21.90577,38.26974],[21.7145,38.13544],[21.44045,38.17952],[21.22843,37.90491],[21.22113,37.8284],[21.29635,37.72654],[21.51731,37.53576],[21.61371,37.41485],[21.6265,37.30652],[21.53144,37.11515],[21.58817,36.98144],[21.78092,36.82254],[21.98417,37.02048],[22.19141,36.85524],[22.3903,36.52437],[22.52445,36.72213],[22.67355,36.75428],[22.98255,36.61475],[22.88689,37.04668],[22.79311,37.13856],[22.81335,37.21205],[22.72624,37.28851],[22.63875,37.49229],[22.64232,37.58487],[22.71329,37.54343],[22.94207,37.51839],[23.02535,37.47984],[22.97098,37.38532],[23.10956,37.34664],[23.18579,37.37483],[23.18498,37.42733],[23.41812,37.46934],[23.31216,37.54811],[23.32171,37.63738],[23.22055,37.60183],[23.15138,37.59012],[23.04887,37.64263],[23.03997,37.85797],[22.89806,37.89999],[22.98061,37.95777],[23.19584,38.00504],[23.41926,38.06808],[23.4957,38.06808],[23.63415,37.87898],[23.73368,37.85786],[23.83551,37.68464],[23.91818,37.68464],[23.9873,37.76343],[23.88002,38.11536],[23.96699,38.15213],[23.96074,38.20991],[23.80395,38.34651],[23.55577,38.35176],[23.49384,38.48313],[23.35616,38.4895],[23.191,38.61034],[23.16949,38.66704],[23.0998,38.6723],[22.98423,38.66704],[22.89937,38.76689],[22.72329,38.79317],[22.60231,38.85624],[22.4905,38.87685],[22.78421,38.94033],[22.87106,39.02435],[22.83488,39.16636],[22.76606,39.20279],[22.72026,39.28727],[22.85085,39.36613],[22.9813,39.32933],[23.04525,39.2715],[23.09981,39.18739],[23.05192,39.10329],[23.1585,39.14008],[23.23608,39.20316],[23.07417,39.41345],[22.81343,39.60274],[22.75447,39.81835],[22.6951,39.83448],[21.58163,39.68919],[20.09083,39.60253]]],[[[22.49207,40.49829],[22.70125,40.57745],[22.76997,40.66717],[22.85195,40.65134],[22.87546,40.59632],[22.8639,40.53523],[22.74806,40.48247],[22.96016,40.31471],[23.14114,40.26615],[23.21478,40.18177],[23.27631,40.04992],[23.26053,39.97087],[23.59689,39.93405],[23.63859,39.96034],[23.59219,40.00246],[23.43647,40.04465],[23.36684,40.10793],[23.25906,40.22923],[23.29314,40.24506],[23.29176,40.28726],[23.34908,40.28198],[23.44249,40.25561],[23.59577,40.19232],[23.79603,39.98665],[23.90662,39.9972],[23.92011,40.0552],[23.86866,40.16067],[23.80366,40.15539],[23.65175,40.22923],[23.6588,40.28726],[23.62723,40.34528],[23.72217,40.34824],[23.77477,40.39276],[24.04778,40.30836],[24.05478,40.26088],[24.22064,40.14485],[24.29535,40.17649],[23.9237,40.45081],[23.78517,40.47719],[23.70906,40.63004],[23.63298,40.71317],[23.6347,40.77275],[23.74839,40.80443],[23.88595,40.73289],[24.02516,40.74636],[24.21906,40.82968],[24.3543,40.97096],[24.50495,40.98407],[24.51913,40.87307],[24.70066,40.87834],[24.81212,40.93342],[25.01893,41.01715],[25.04632,40.95227],[25.30111,40.89594],[25.99288,40.85246],[26.02072,40.66932],[26.12404,40.60285],[26.41806,40.57782],[26.45484,40.58431],[26.55648,40.49829],[26.45755,40.43497],[26.19482,40.30307],[26.2228,40.22396],[26.21429,40.16067],[26.14089,40.04465],[26.25516,40.08156],[26.37586,40.21341],[26.51394,40.28197],[26.61357,40.39804],[26.88893,40.52468],[27.26376,40.66717],[27.31305,40.78991],[27.47417,40.96283],[27.93218,40.95755],[28.02637,41.02621],[28.17331,41.0579],[28.59615,40.94699],[28.82781,40.9147],[28.96445,40.98924],[29.0811,41.20051],[29.01237,41.25483],[28.74022,41.32483],[28.37146,41.43313],[28.1044,41.59297],[28.06984,41.62497],[28.01818,41.75321],[28.0262,41.88238],[27.91795,41.97767],[27.91341,42.0781],[27.73771,42.247],[27.72253,42.31622],[27.60787,42.41678],[27.4947,42.4009],[23.73069,42.17536],[23.26716,42.04894],[22.49207,40.49829]]],[[[23.46689,35.31791],[23.51313,35.27596],[23.56772,35.25498],[23.78559,35.26285],[24.0132,35.21041],[24.32436,35.20779],[24.69007,35.09244],[24.71564,35.03477],[24.69347,34.94047],[25.59072,35.01642],[25.74174,35.00885],[25.89868,35.04526],[26.16049,35.02428],[26.24267,35.14487],[26.23604,35.22876],[26.27351,35.31266],[26.16883,35.24711],[26.09935,35.21565],[26.06415,35.23925],[25.93549,35.21304],[25.78897,35.137],[25.7418,35.137],[25.66847,35.18682],[25.71353,35.32701],[25.67321,35.34937],[25.51164,35.29477],[25.0136,35.36248],[24.99748,35.42102],[24.76857,35.42803],[24.38828,35.37297],[24.2296,35.39132],[24.2197,35.449],[24.17774,35.46999],[24.07332,35.4962],[24.09146,35.5198],[24.13582,35.52243],[24.15268,35.56438],[24.08186,35.61158],[24.03326,35.59847],[24.039,35.56176],[23.95681,35.52767],[23.87945,35.55242],[23.74288,35.56176],[23.73368,35.62732],[23.69666,35.69812],[23.66513,35.66666],[23.67147,35.57225],[23.52944,35.56963],[23.46689,35.31791]]],[[[26.06406,39.45551],[26.13898,39.43974],[26.80427,39.56715],[26.95752,39.54833],[26.92615,39.47655],[26.85351,39.46077],[26.72016,39.33725],[26.60224,39.25573],[26.70405,39.25047],[26.70794,39.18213],[26.79714,39.12956],[26.87075,39.05597],[26.78985,39.02443],[26.78534,38.94033],[26.9368,38.92456],[27.00422,38.88483],[27.03491,38.8211],[26.96638,38.76993],[26.70947,38.69857],[26.6957,38.64077],[26.82882,38.58296],[26.81967,38.52725],[26.99743,38.40006],[26.74245,38.27839],[26.52741,38.41824],[26.46871,38.44476],[26.3916,38.21913],[26.39321,38.10436],[26.51232,38.06635],[26.67933,38.10494],[26.96138,37.94611],[27.13977,37.88909],[27.17978,37.77443],[27.14109,37.64687],[27.12256,37.49385],[27.16041,37.36008],[27.36463,37.32863],[27.49252,37.23967],[27.52564,37.13141],[27.26863,37.04168],[27.30811,36.92071],[27.99881,36.90937],[28.05104,36.83302],[27.94186,36.75634],[27.9119,36.69894],[28.01419,36.52716],[28.26692,36.71241],[28.46985,36.73831],[28.81353,36.53516],[29.00225,36.6948],[29.29819,36.17312],[29.47193,36.09069],[29.66196,36.07835],[30.16613,36.18762],[30.27989,36.11781],[30.39486,36.11805],[30.47283,36.18825],[30.54007,36.64696],[30.59359,36.76173],[30.90531,36.79422],[31.37069,36.71234],[31.90201,36.49686],[32.33498,36.12837],[32.64034,36.008],[32.90412,35.9767],[33.17134,35.97088],[33.4817,36.05428],[33.75318,36.14664],[33.8337,36.07057],[33.83588,36.1073],[33.89098,36.13877],[33.95405,36.15976],[33.95171,36.25158],[34.10322,36.38032],[34.48513,36.62678],[34.66238,36.64777],[34.86991,36.57692],[35.07137,36.48771],[35.22053,36.388],[35.35418,36.41424],[35.3887,36.45359],[35.41708,36.43261],[35.49459,36.4431],[35.5476,36.54018],[35.50617,36.55856],[35.56761,36.58742],[35.67174,36.60578],[35.89088,36.77111],[35.95679,36.74749],[36.08243,36.62153],[36.10452,36.56117],[36.09526,36.48246],[35.81414,36.29849],[35.70863,36.21223],[35.66495,36.13353],[35.7185,36.09156],[35.85594,35.8345],[35.7395,35.69027],[35.69143,35.68502],[35.73318,35.58536],[35.68043,35.52767],[35.66396,35.4595],[35.60734,35.41754],[35.79643,35.27072],[35.84138,35.04263],[35.80885,35.0138],[35.75075,34.74681],[35.85192,34.49295],[36.87785,35.39108],[37.38351,36.6131],[37.5942,37.16089],[39.61684,37.83511],[41.0074,38.34077],[41.80803,38.67787],[42.01872,39.18353],[42.31369,39.98416],[42.69293,40.70051],[43.32501,40.95334],[43.36715,41.37473],[43.11432,41.71183],[41.68047,41.79334],[41.66611,41.72915],[41.52111,41.46584],[41.29312,41.28582],[40.60989,41.02803],[40.36101,40.96344],[40.00671,40.95633],[39.663,41.0005],[39.37018,41.064],[39.13864,41.04432],[38.65118,40.92157],[38.31396,40.9209],[37.82184,41.00963],[37.25283,41.02772],[36.81701,41.28968],[36.64125,41.31498],[36.3829,41.23752],[36.16137,41.3525],[35.95779,41.68565],[35.67786,41.62093],[35.41144,41.62682],[35.28607,41.67148],[35.09883,41.80586],[35.00187,42.04316],[34.66291,41.87558],[34.3039,41.89412],[33.89666,41.95108],[33.55554,41.9825],[33.15546,41.94961],[32.68791,41.84597],[32.41898,41.74917],[31.66639,41.39481],[31.38567,41.28504],[31.40413,41.16354],[31.21768,41.05409],[30.74481,41.04032],[30.25609,41.18467],[30.13762,41.13184],[29.57778,41.15337],[29.16121,41.21637],[29.01453,40.97867],[29.28964,40.80669],[29.32036,40.74107],[29.68345,40.75164],[29.88272,40.74636],[29.71315,40.69356],[29.5252,40.68829],[28.90162,40.62011],[28.77796,40.52468],[28.87322,40.47191],[29.08353,40.45608],[29.12229,40.41387],[29.05242,40.33473],[28.75644,40.37645],[28.47772,40.3951],[27.90822,40.35056],[28.00646,40.45081],[27.95381,40.48774],[27.80783,40.50357],[27.67929,40.46135],[27.79984,40.40332],[27.83016,40.34528],[27.76389,40.28725],[27.52599,40.29714],[27.44961,40.30979],[27.32923,40.35583],[27.27175,40.45081],[27.05612,40.42969],[26.99647,40.37166],[26.76528,40.37694],[26.48171,40.18704],[26.40305,40.17649],[26.32033,39.99192],[26.18601,39.9972],[26.12758,39.87856],[26.1419,39.66058],[26.08489,39.60401],[26.06406,39.45551]]]]}},{"type":"Feature","properties":{"NAME":"Dutchy of Benevento","ABBREVN":"Benevento","INFO_UR":null,"SUBJECTO":"Dutchy of Benevento","BORDERPRECISION":1,"PARTOF":"Dutchy of Benevento"},"geometry":{"type":"MultiPolygon","coordinates":[[[[12.45415,37.76601],[12.53204,37.63867],[12.63688,37.5815],[13.01157,37.52489],[13.8684,37.15695],[14.21591,37.04932],[14.62202,36.77614],[14.9424,36.73856],[15.02734,36.74512],[15.22063,37.00038],[15.30135,37.0579],[15.11625,37.28694],[15.11218,37.45903],[15.18103,37.68228],[15.42252,38.05257],[15.47289,38.11006],[15.45369,38.16742],[15.38674,38.20555],[14.76587,38.05761],[14.13447,37.97345],[13.80953,37.96642],[13.62796,38.02981],[13.32248,38.22051],[13.06595,38.06693],[12.78284,38.11738],[12.66433,38.0725],[12.51664,37.91917],[12.45415,37.76601]]],[[[13.68395,41.79134],[13.863,41.75001],[13.863,41.78322],[13.92942,41.75001],[13.87961,41.66699],[13.87961,41.63378],[13.92942,41.63378],[13.96263,41.51755],[13.96263,41.46774],[14.02904,41.40132],[13.97923,41.33491],[13.81319,41.3183],[13.76051,41.2067],[13.79701,41.19345],[13.8525,41.09096],[13.94188,40.99804],[14.05087,40.76751],[14.24,40.85294],[14.37031,40.85147],[14.49459,40.72996],[14.34977,40.64252],[14.33413,40.5936],[14.74332,40.70481],[14.95101,40.55148],[14.99232,40.37222],[14.89867,40.24146],[15.02726,40.2122],[15.43203,39.98897],[15.51592,40.06595],[15.6662,40.09186],[15.76654,40.5741],[15.59799,41.07976],[15.44861,41.85673],[14.92241,41.97177],[14.90362,41.97948],[14.84527,41.93702],[14.87961,41.84706],[14.77524,41.87161],[14.62967,41.80101],[14.48685,41.79487],[14.32617,41.7539],[14.21356,41.70573],[14.13734,41.6565],[13.99383,41.68163],[13.9444,41.84604],[13.91803,41.86534],[13.69933,41.85973],[13.68395,41.79134]]]]}},{"type":"Feature","properties":{"NAME":"Fatimid Caliphate","ABBREVN":"Fatimid Cal.","INFO_UR":null,"SUBJECTO":"Fatimid Caliphate","BORDERPRECISION":1,"PARTOF":"Fatimid Caliphate"},"geometry":{"type":"MultiPolygon","coordinates":[[[[0.99136,34],[10.07131,34],[10.01948,34.08147],[10.11642,34.23417],[10.57403,34.64811],[10.83936,34.80115],[11.0828,35.14503],[11.12511,35.24061],[10.98895,35.6223],[10.83083,35.67928],[10.60261,35.88895],[10.51146,36.08617],[10.50924,36.21355],[10.63341,36.42401],[10.92006,36.65394],[11.0394,36.90905],[11.02376,37.06832],[10.84325,36.99149],[10.58058,36.79342],[10.3928,36.71657],[10.27151,36.75455],[10.15887,36.99647],[10.13273,37.10475],[10.02135,37.20013],[9.7322,37.2824],[9.41612,37.27538],[9.15028,37.17287],[8.86552,36.96835],[8.63671,36.88526],[7.91317,36.77525],[7.79204,36.83236],[7.71904,36.95328],[7.54492,37.04214],[7.30698,37.06078],[7.06324,36.88185],[6.92304,36.81784],[6.77054,36.86215],[6.32287,37.09065],[6.04739,36.84156],[5.73016,36.7517],[5.38273,36.67453],[5.14447,36.66768],[4.77719,36.74338],[4.63212,36.79407],[4.39462,36.83819],[4.16392,36.83135],[3.74122,36.83687],[3.58687,36.79195],[3.32384,36.65123],[3.07001,36.61886],[2.80987,36.7139],[2.52436,36.57315],[2.29377,36.54082],[1.57969,36.51389],[1.2374,35.88635],[0.99136,34]]],[[[35.52575,34],[37.5587,34],[38.03645,34.59719],[38.37216,35.14089],[37.02633,35.74993],[36.87785,35.39108],[35.85192,34.49295],[35.87307,34.42229],[35.82101,34.34378],[35.71621,34.31237],[35.53208,34.11871],[35.52575,34]]]]}},{"type":"Feature","properties":{"NAME":"Burgandy","ABBREVN":"Burgandy","INFO_UR":null,"SUBJECTO":"Burgandy","BORDERPRECISION":1,"PARTOF":"Burgandy"},"geometry":{"type":"MultiPolygon","coordinates":[[[[5.26828,46.31795],[5.53343,46.097],[5.53343,46.00861],[5.35667,46.0528],[5.35667,45.87604],[5.60708,45.84658],[5.82336,45.39624],[5.93454,45.32212],[5.94689,45.26036],[6.05807,45.2233],[6.03336,45.33448],[6.08278,45.37154],[6.14454,45.32212],[6.21866,45.34683],[6.26807,45.32212],[6.24337,45.29742],[6.28043,45.19859],[6.50732,45.11571],[6.66532,44.95452],[6.9426,44.86865],[7.00347,44.71954],[6.92469,44.71502],[6.78292,44.54787],[6.78471,44.54378],[6.8389,44.60856],[6.85461,44.61491],[6.8583,44.62951],[6.88199,44.63055],[6.91555,44.66005],[6.94825,44.6545],[6.96283,44.67808],[6.98974,44.69038],[7.02877,44.69169],[7.0771,44.68163],[7.06535,44.71383],[7.12085,44.7259],[7.12921,44.73904],[7.14918,44.74308],[7.21664,44.71454],[7.26381,44.71548],[7.28816,44.70565],[7.31077,44.68438],[7.33646,44.68086],[7.34076,44.70589],[7.42607,44.72454],[7.45107,44.73922],[7.44777,44.75528],[7.47826,44.75819],[7.46933,44.65742],[7.50847,44.65009],[7.50023,44.62371],[7.43568,44.56161],[7.42538,44.52491],[7.38144,44.52882],[7.35741,44.50336],[7.37595,44.46662],[7.37732,44.39013],[7.43019,44.39896],[7.45422,44.33367],[7.40959,44.32139],[7.33131,44.27176],[7.27982,44.28699],[7.22282,44.28601],[7.19742,44.2752],[7.14935,44.19008],[7.12601,44.17531],[7.02988,44.22454],[6.96396,44.23831],[6.96121,44.28552],[6.91864,44.33858],[6.88019,44.36019],[6.8639,44.36262],[6.86978,44.34917],[6.78691,44.29681],[6.78691,44.19799],[6.83632,44.11151],[6.88573,44.14857],[6.93514,44.13622],[6.9722,44.0621],[6.99691,44.04975],[6.92279,43.97563],[6.95985,43.91386],[6.88573,43.90151],[6.92279,43.81504],[7.35515,43.90151],[7.39712,43.76409],[7.50915,43.83847],[7.50776,43.84184],[7.49591,43.85338],[7.49806,43.87185],[7.51009,43.88203],[7.55905,43.89718],[7.57936,43.89083],[7.58453,43.87262],[7.5854,43.87214],[7.68912,43.88705],[7.72933,43.89783],[7.72751,43.90432],[7.74261,43.90977],[7.75875,43.94253],[7.75173,43.95797],[7.67016,43.99849],[7.66162,44.02232],[7.6654,44.03108],[7.70292,44.0434],[7.71175,44.06064],[7.72761,44.05979],[7.73608,44.07623],[7.75451,44.08546],[7.73284,44.08351],[7.71458,44.10663],[7.72579,44.12618],[7.76473,44.14392],[7.81483,44.12399],[7.88154,44.11373],[7.88393,44.10588],[7.92601,44.1118],[7.94252,44.10059],[7.97128,44.11279],[8.00658,44.10232],[8.01225,44.11103],[8.00269,44.11663],[8.0126,44.12012],[7.97963,44.13846],[8.01401,44.15582],[8.04293,44.14283],[8.06731,44.14469],[8.09073,44.17314],[8.151,44.16472],[8.18756,44.18405],[8.1769,44.18863],[8.17888,44.20199],[8.17026,44.21421],[8.14819,44.20636],[8.07592,44.20412],[8.06826,44.22749],[8.07736,44.23458],[8.06316,44.25337],[8.10173,44.2811],[8.15617,44.272],[8.21177,44.32459],[8.22329,44.32285],[8.23466,44.30556],[8.23228,44.29523],[8.25461,44.2998],[8.26738,44.35246],[8.28865,44.36692],[8.31794,44.34349],[8.31648,44.32667],[8.27178,44.31815],[8.27074,44.3023],[8.24781,44.27262],[8.27215,44.27228],[8.30527,44.25671],[8.31305,44.26241],[8.3319,44.2905],[8.29888,44.50364],[8.27188,44.50644],[8.26157,44.51944],[8.1134,44.49063],[8.04336,44.39749],[7.96921,44.42299],[7.91427,44.45829],[7.9129,44.55525],[7.87857,44.63935],[7.89836,44.67236],[7.67747,44.73126],[7.51443,45.38341],[8.49267,46.11709],[8.46718,46.5376],[8.46436,46.53645],[8.42518,46.55763],[8.42789,46.66358],[8.45702,46.70536],[8.45346,46.76413],[8.4526,46.77467],[8.36609,46.81886],[8.35235,47.04393],[8.38806,47.1421],[8.42788,47.18609],[8.42105,47.29887],[8.36059,47.41601],[8.27922,47.46217],[7.626,47.46217],[7.61352,47.43552],[7.5816,47.42948],[7.57473,47.43831],[7.57164,47.4174],[7.53044,47.41415],[7.51877,47.38766],[7.48032,47.38836],[7.47826,47.40184],[7.44358,47.40137],[7.43671,47.37883],[7.4604,47.37046],[7.52426,47.37092],[7.57164,47.32626],[7.53181,47.2946],[7.4865,47.28389],[7.47139,47.26618],[7.41646,47.25314],[7.42195,47.24195],[7.34058,47.21718],[7.34591,47.20733],[7.33938,47.1952],[7.35655,47.18388],[7.36058,47.17075],[7.38934,47.15832],[7.3859,47.14805],[7.37612,47.14093],[7.36565,47.14385],[7.37354,47.14898],[7.36959,47.15856],[7.34367,47.1526],[7.32634,47.16194],[7.29424,47.16124],[7.24147,47.12756],[7.19982,47.13392],[7.13716,47.10682],[7.14214,47.09829],[7.12772,47.08906],[7.13493,47.08386],[7.08841,47.05972],[7.03331,47.0327],[7.03468,47.01397],[7.02713,47.00601],[7.03812,46.98025],[7.00172,46.98775],[6.77925,46.85362],[6.75384,46.86958],[6.73805,46.87052],[6.74148,46.89492],[6.71883,46.90384],[6.72226,46.93432],[6.65428,46.91369],[6.62956,46.88929],[6.48382,46.84687],[6.46065,46.85509],[6.46455,46.89028],[6.43637,46.92132],[6.43266,46.92868],[6.4965,46.97411],[6.50483,46.96566],[6.60879,46.98312],[6.68956,47.00859],[6.71179,47.02211],[6.71368,47.04357],[6.72303,47.04714],[6.69521,47.06251],[6.70651,47.0744],[6.70305,47.0823],[6.73924,47.09057],[6.74667,47.09936],[6.74055,47.10962],[6.8061,47.13077],[6.85464,47.16128],[6.8424,47.17207],[6.874,47.18545],[6.8804,47.20045],[6.95492,47.24265],[6.93023,47.25756],[6.93503,47.27049],[6.9243,47.27463],[6.92842,47.2808],[6.95639,47.29222],[7.00301,47.28855],[7.00979,47.29704],[7.01538,47.31691],[6.97125,47.31817],[6.96713,47.32492],[7.04561,47.32648],[7.06237,47.34403],[7.04577,47.36321],[7.01423,47.37181],[6.97556,47.36097],[6.8793,47.35624],[6.88361,47.37286],[6.91017,47.38504],[6.9132,47.4046],[6.93841,47.40609],[6.94188,47.43391],[6.99587,47.44964],[7.0058,47.45778],[7.00194,47.46851],[7.01129,47.48409],[7.03693,47.49751],[7.07485,47.48818],[7.13023,47.50292],[7.16227,47.49002],[7.16561,47.49013],[7.18918,47.52277],[6.89392,47.65336],[6.83899,47.61218],[6.78955,47.59783],[6.71608,47.67094],[6.76071,47.6996],[6.74148,47.7541],[6.82295,47.81376],[6.89314,47.83616],[6.89434,47.8377],[6.78075,47.95129],[6.25177,47.95721],[6.09869,48.0268],[6.05695,47.95721],[5.95953,47.98505],[5.95953,47.90868],[5.97296,47.90719],[5.98446,47.89477],[5.95953,47.88464],[5.95953,47.80413],[5.82037,47.73455],[5.91778,47.59539],[5.79254,47.51189],[5.77862,47.35881],[5.73687,47.23356],[5.66729,47.10832],[5.79387,46.99724],[5.75702,46.88667],[5.64644,46.84981],[5.62554,46.64908],[5.73966,46.59783],[5.72493,46.47999],[5.64572,46.45672],[5.41559,46.52418],[5.4051,46.50949],[5.42313,46.50111],[5.39978,46.4666],[5.37998,46.47433],[5.26828,46.31795]],[[6.58905,47.67487],[6.6275,47.68665],[6.66372,47.66458],[6.68587,47.66053],[6.69239,47.63254],[6.67969,47.62607],[6.68587,47.61334],[6.72054,47.60663],[6.74801,47.58417],[6.73187,47.55985],[6.75453,47.54061],[6.78715,47.53297],[6.80191,47.54687],[6.83453,47.54386],[6.89083,47.55498],[6.90971,47.54571],[6.91795,47.53088],[6.91246,47.52508],[6.95435,47.51233],[6.95349,47.48044],[6.93666,47.48345],[6.93117,47.49853],[6.91486,47.49842],[6.90783,47.48856],[6.9116,47.47649],[6.88431,47.46675],[6.84311,47.47243],[6.83796,47.48241],[6.79865,47.48519],[6.77925,47.48241],[6.77359,47.47301],[6.72758,47.48102],[6.71385,47.47127],[6.69273,47.46175],[6.66904,47.47127],[6.67849,47.48601],[6.67591,47.50723],[6.68587,47.51535],[6.65394,47.53957],[6.6687,47.55626],[6.65428,47.57027],[6.66355,47.57768],[6.65428,47.58741],[6.6687,47.59621],[6.65531,47.61658],[6.62613,47.6263],[6.61034,47.66192],[6.58905,47.67487]],[[6.61531,47.47266],[6.61755,47.48438],[6.63866,47.49076],[6.65977,47.47846],[6.6469,47.4657],[6.63016,47.46309],[6.61531,47.47266]],[[6.78715,47.41943],[6.79384,47.45427],[6.82955,47.45328],[6.83298,47.43865],[6.81212,47.41671],[6.79341,47.41008],[6.78715,47.41943]]],[[[7.17022,47.44298],[7.1999,47.43513],[7.23087,47.4394],[7.2494,47.42141],[7.28183,47.43478],[7.33296,47.44097],[7.37576,47.43338],[7.37599,47.41415],[7.43792,47.41287],[7.44864,47.41514],[7.4556,47.42826],[7.438,47.44626],[7.4209,47.44594],[7.43003,47.45949],[7.44302,47.46137],[7.45551,47.44939],[7.52958,47.46175],[7.52963,47.46217],[7.42782,47.46217],[7.33475,47.44667],[7.18562,47.47947],[7.17022,47.44298]]],[[[8.08319,44.08931],[8.09787,44.07359],[8.11612,44.07156],[8.14189,44.09168],[8.14104,44.09295],[8.15074,44.10195],[8.13915,44.10423],[8.13478,44.09153],[8.11855,44.08968],[8.10551,44.09578],[8.08319,44.08931]]],[[[8.13778,44.15179],[8.15289,44.13904],[8.14293,44.12555],[8.14816,44.11323],[8.16779,44.1119],[8.18636,44.1264],[8.19312,44.13046],[8.19168,44.1335],[8.17237,44.14144],[8.17906,44.14132],[8.16464,44.15548],[8.1516,44.16029],[8.13778,44.15179]]]]}},{"type":"Feature","properties":{"NAME":"Croatia","ABBREVN":"Croatia","INFO_UR":null,"SUBJECTO":"Croatia","BORDERPRECISION":1,"PARTOF":"Croatia"},"geometry":{"type":"Polygon","coordinates":[[[14.35449,45.32289],[14.52459,45.26628],[14.81539,45.07787],[14.94553,44.92659],[14.90696,44.72332],[14.98911,44.54003],[15.28594,44.32892],[15.54822,44.22935],[15.14947,44.23993],[15.41232,43.93476],[15.91284,43.65225],[16.05941,43.43348],[16.36675,43.51302],[16.54851,43.46131],[16.63981,43.38974],[16.71152,43.77133],[16.70148,43.84666],[16.8651,44.24474],[16.8077,44.93505],[15.91168,45.63098],[15.46982,45.73408],[15.42362,45.42966],[14.88001,45.48402],[14.79847,45.86455],[14.52667,45.783],[14.35449,45.32289]]]}},{"type":"Feature","properties":{"NAME":"Bulgar Khanate","ABBREVN":"Bulgar Khan.","INFO_UR":null,"SUBJECTO":"Bulgar Khanate","BORDERPRECISION":1,"PARTOF":"Bulgar Khanate"},"geometry":{"type":"Polygon","coordinates":[[[16.63981,43.38974],[16.99226,43.32272],[17.07509,43.22275],[17.59568,42.8889],[18.00137,42.69446],[18.24871,42.52744],[18.52864,42.35274],[18.9099,42.21779],[19.13554,41.99954],[19.14304,41.93209],[19.33847,41.86202],[19.45789,41.79808],[19.60697,41.76154],[19.61938,41.5593],[19.49892,41.52362],[19.41699,41.34525],[19.52995,41.21844],[19.4454,40.9649],[19.52726,40.86589],[19.33922,40.58874],[19.49448,40.40272],[19.48371,40.29589],[19.38023,40.32358],[19.36907,40.26028],[19.80365,40.01696],[20.02856,39.81378],[20.09083,39.60253],[21.58163,39.68919],[22.6951,39.83448],[22.55513,39.98665],[22.52561,40.06417],[22.46736,40.11848],[22.48962,40.23053],[22.60227,40.39724],[22.49207,40.49829],[23.26716,42.04894],[23.73069,42.17536],[27.4947,42.4009],[27.50195,42.51635],[27.65404,42.68374],[27.83616,42.73552],[27.86991,42.79988],[27.88732,43.06353],[28.03464,43.3919],[28.18706,43.45012],[28.3281,43.43753],[28.44569,43.47636],[28.48054,43.59228],[28.52989,43.84347],[28.57311,44.19782],[28.68625,44.48805],[28.91824,44.76575],[29.08975,44.87573],[29.45752,44.91515],[29.57896,45.0575],[29.36101,45.2077],[29.06437,45.16475],[28.40216,45.35939],[28.36835,45.33088],[28.01861,45.31548],[27.82358,44.83822],[28.0848,44.577],[27.95419,44.25048],[26.45217,44.25048],[25.4726,43.72804],[24.62363,43.98926],[24.2318,43.79335],[23.51345,44.05457],[22.9257,43.79335],[22.9257,44.18518],[22.46857,44.38109],[22.66448,44.64231],[22.33796,44.77292],[22.07674,44.44639],[21.35838,44.77292],[20.70533,44.64231],[20.31366,44.90109],[19.78508,44.93614],[17.94897,44.81278],[17.82669,45.13885],[17.33757,45.13885],[16.8077,44.93505],[16.8651,44.24474],[16.70148,43.84666],[16.71152,43.77133],[16.63981,43.38974]]]}},{"type":"Feature","properties":{"NAME":"Other Rus Principalities","ABBREVN":"Other Rus Principalities","INFO_UR":null,"SUBJECTO":"Other Rus Principalities","BORDERPRECISION":1,"PARTOF":"Other Rus Principalities"},"geometry":{"type":"MultiPolygon","coordinates":[[[[38.3697,58.26355],[39.22566,56.95923],[39.30718,55.7772],[38.89958,54.88048],[37.83982,53.98376],[37.7583,53.16856],[37.06538,53.16856],[36.65778,51.94576],[36.20942,51.78272],[32.13343,50.64145],[31.65373,50.34074],[31.62158,50.3608],[31.58626,51.29774],[28.58408,51.07637],[27.41853,50.85393],[26.50109,52.73644],[24.4501,52.95763],[24.26809,52.97003],[24.16944,54.28024],[27.6906,54.88048],[28.42428,55.65492],[28.54656,56.71467],[28.58774,56.77646],[37.1372,58.72158],[38.3697,58.26355]]]]}},{"type":"Feature","properties":{"NAME":"Poland","ABBREVN":"Poland","INFO_UR":null,"SUBJECTO":"Poland","BORDERPRECISION":1,"PARTOF":"Poland"},"geometry":{"type":"MultiPolygon","coordinates":[[[[12.1203,49.54093],[13.05778,48.56269],[13.36231,48.52116],[13.36246,48.5307],[13.38959,48.54161],[13.40075,48.56741],[13.43782,48.56559],[13.44967,48.57576],[13.4077,48.57797],[13.3847,48.59529],[13.26668,48.60811],[13.26599,48.64403],[13.24162,48.65469],[13.23441,48.67147],[13.23784,48.68597],[13.27148,48.69436],[13.30753,48.67963],[13.34187,48.67577],[13.34839,48.68915],[13.36727,48.68824],[13.37208,48.67033],[13.38135,48.67033],[13.39027,48.68235],[13.43697,48.67691],[13.45053,48.6879],[13.45499,48.71792],[13.42461,48.75562],[13.44933,48.79035],[13.44006,48.81026],[13.44864,48.81772],[13.44692,48.83128],[13.46065,48.8315],[13.47027,48.84303],[13.44898,48.84823],[13.45345,48.85636],[13.50735,48.86268],[13.52245,48.87939],[13.52348,48.89768],[13.507,48.92318],[13.51481,48.93699],[13.50586,48.95991],[13.51154,48.96896],[13.58008,48.97074],[13.60575,48.94119],[13.62545,48.94883],[13.62398,48.93742],[13.67594,48.87873],[13.71947,48.87899],[13.73259,48.88698],[13.76781,48.83263],[13.79253,48.82877],[13.79558,48.81485],[13.81524,48.79709],[13.80387,48.7809],[13.83955,48.77162],[13.82132,48.75483],[13.82011,48.73253],[13.79858,48.71231],[13.81232,48.70222],[13.83739,48.70011],[13.83342,48.69187],[13.81338,48.69235],[13.81908,48.67215],[13.81428,48.65038],[13.82629,48.63041],[13.82441,48.61839],[13.80226,48.59478],[13.80209,48.57445],[13.76832,48.5535],[13.7549,48.5643],[13.74398,48.54234],[13.74909,48.53222],[13.72709,48.51302],[13.71456,48.51211],[13.72021,48.5062],[13.70004,48.47884],[13.70424,48.47554],[13.70232,48.4748],[13.9545,48.44041],[14.89198,48.19585],[15.29958,48.27737],[15.5849,48.56269],[16.4001,48.48117],[16.48162,48.19585],[17.24564,48.86824],[17.22216,48.87406],[17.1945,48.87488],[17.1782,48.86702],[17.17659,48.85719],[17.16807,48.85952],[17.15134,48.84809],[17.14791,48.83785],[17.11881,48.8402],[17.10998,48.83431],[17.09217,48.78855],[17.04594,48.76808],[17.01655,48.72998],[16.99779,48.72272],[17.00469,48.71496],[16.99543,48.70442],[17.0033,48.6985],[16.99302,48.69778],[16.99809,48.69044],[16.98274,48.6901],[16.97358,48.67067],[16.97248,48.69096],[16.93972,48.68563],[16.92028,48.7129],[16.88856,48.71725],[16.87918,48.73117],[16.88889,48.73223],[16.89159,48.74167],[16.8676,48.76207],[16.87181,48.78618],[16.86204,48.79106],[16.72877,48.77417],[16.64344,48.7858],[16.59811,48.78197],[16.56473,48.7939],[16.54073,48.81429],[16.51823,48.79896],[16.46041,48.80903],[16.435,48.76563],[16.41925,48.75918],[16.40677,48.74157],[16.36007,48.72839],[16.35183,48.74142],[16.3401,48.74211],[16.33055,48.73131],[16.27865,48.74146],[16.07989,48.74995],[15.99749,48.77828],[15.95262,48.80274],[15.95628,48.82351],[15.94417,48.82799],[15.93368,48.81961],[15.92508,48.82561],[15.93065,48.83384],[15.89153,48.83674],[15.90477,48.84013],[15.89799,48.84807],[15.88563,48.8419],[15.87688,48.85953],[15.86527,48.85247],[15.84644,48.85842],[15.85018,48.86954],[15.84252,48.87672],[15.77788,48.87319],[15.75487,48.85311],[15.70821,48.8607],[15.68785,48.85647],[15.65481,48.88191],[15.6295,48.88581],[15.61244,48.89825],[15.58033,48.89571],[15.51339,48.91412],[15.50201,48.93597],[15.46788,48.95155],[15.45372,48.94665],[15.4229,48.95239],[15.35324,48.98406],[15.32173,48.97613],[15.29103,48.98432],[15.28555,49.0159],[15.24906,49.02857],[15.25504,49.04136],[15.24768,49.04806],[15.207,49.05875],[15.23044,49.08576],[15.2646,49.07533],[15.23818,49.09143],[15.2511,49.09844],[15.26003,49.12152],[15.2259,49.14526],[15.23794,49.17189],[15.20592,49.18108],[15.22145,49.19355],[15.26746,49.19431],[15.28166,49.20341],[15.2604,49.20111],[15.25531,49.21203],[15.21419,49.21097],[15.18318,49.18587],[15.1829,49.17273],[15.16253,49.17886],[15.16449,49.18822],[15.1369,49.18763],[15.13495,49.19697],[15.16605,49.20325],[15.16796,49.2169],[15.19239,49.23617],[15.22471,49.22463],[15.23264,49.23964],[15.22698,49.24809],[15.23502,49.25426],[15.27932,49.24666],[15.2689,49.25035],[15.28002,49.27811],[15.29519,49.28163],[15.29912,49.27403],[15.33518,49.27104],[15.3306,49.28418],[15.34456,49.31429],[15.38675,49.3163],[15.3807,49.32476],[15.38634,49.32619],[15.35731,49.33711],[15.38776,49.33402],[15.41757,49.31837],[15.49184,49.36412],[15.49093,49.37404],[15.50377,49.3817],[15.49971,49.39498],[15.51577,49.40466],[15.51166,49.40781],[15.54821,49.41823],[15.58371,49.40565],[15.60775,49.42789],[15.60392,49.43253],[15.63857,49.42528],[15.64356,49.4393],[15.63407,49.44569],[15.64795,49.4535],[15.68812,49.43189],[15.69792,49.44887],[15.77892,49.45],[15.78926,49.45284],[15.7845,49.46245],[15.79176,49.46955],[15.82394,49.4667],[15.82104,49.48138],[15.84203,49.50332],[15.85818,49.54239],[15.8869,49.55508],[15.8846,49.56906],[15.87462,49.56691],[15.86873,49.57455],[15.87139,49.58841],[15.94893,49.59233],[15.99248,49.61816],[15.98727,49.63179],[15.9738,49.63825],[15.95014,49.63749],[15.9203,49.65025],[15.91679,49.66345],[15.92818,49.67857],[15.94655,49.66736],[15.9733,49.66839],[15.9966,49.69613],[16.01548,49.70568],[16.05049,49.70847],[16.06432,49.68816],[16.07855,49.6849],[16.09098,49.66999],[16.10393,49.68423],[16.13947,49.69136],[16.14853,49.67793],[16.19014,49.67788],[16.20695,49.66618],[16.22228,49.66613],[16.21797,49.65964],[16.2282,49.64212],[16.22279,49.63021],[16.29824,49.62544],[16.34474,49.61327],[16.40637,49.5723],[16.41832,49.59559],[16.44302,49.58583],[16.45919,49.60521],[16.49009,49.59969],[16.49744,49.60978],[16.52886,49.6069],[16.51465,49.65499],[16.48087,49.66265],[16.47426,49.68572],[16.44468,49.70018],[16.3657,49.70765],[16.37619,49.73469],[16.38808,49.7427],[16.3883,49.75806],[16.40774,49.77383],[16.40572,49.78472],[16.41952,49.79126],[16.45468,49.78739],[16.46899,49.79663],[16.49691,49.79075],[16.507,49.78501],[16.50622,49.76351],[16.52828,49.75631],[16.53353,49.74093],[16.57154,49.74065],[16.58246,49.75314],[16.58077,49.768],[16.56487,49.78732],[16.57297,49.81098],[16.56881,49.83513],[16.62696,49.85993],[16.66236,49.85259],[16.66038,49.87354],[16.64404,49.8941],[16.68292,49.9038],[16.68344,49.91927],[16.69442,49.9306],[16.73353,49.95306],[16.73468,49.9686],[16.70845,50.00479],[16.69609,50.05262],[16.76063,50.0554],[16.78002,50.04719],[16.81006,50.05487],[16.81391,50.05828],[16.80001,50.07134],[16.81964,50.08667],[16.80112,50.10975],[16.80026,50.12984],[16.8219,50.17045],[16.84108,50.18648],[16.84089,50.20132],[16.84884,50.20757],[16.8787,50.19905],[16.88804,50.21583],[16.91254,50.2254],[16.95655,50.22277],[16.96155,50.23704],[16.97824,50.24346],[16.99717,50.21646],[17.03293,50.23002],[17.05724,50.19602],[17.07646,50.18263],[17.10921,50.18462],[17.11885,50.16106],[17.15817,50.11982],[17.21836,50.1035],[17.23063,50.08363],[17.2313,50.05997],[17.28762,50.0191],[17.31217,50.01657],[17.32186,49.98355],[17.349,49.96687],[17.35493,49.95258],[17.38555,49.93738],[17.41075,49.94795],[17.39647,49.96193],[17.40042,49.97276],[17.43146,49.96885],[17.46479,49.95658],[17.46127,49.94013],[17.46822,49.92652],[17.50151,49.93062],[17.50655,49.91282],[17.53113,49.90435],[17.53231,49.89754],[17.55903,49.90837],[17.59943,49.87684],[17.61568,49.88892],[17.643,49.88924],[17.69637,49.90797],[17.7143,49.8973],[17.73757,49.91134],[17.8098,49.91675],[17.82692,49.92923],[17.85715,49.93354],[17.84674,49.95844],[17.87105,49.96188],[17.88392,49.93725],[17.86734,49.93582],[17.86496,49.91798],[17.85069,49.91318],[17.85071,49.88807],[17.8373,49.87277],[17.81833,49.86416],[17.7137,49.86664],[17.68389,49.8744],[17.65922,49.86815],[17.64791,49.85371],[17.65824,49.84225],[17.65752,49.82186],[17.64035,49.81072],[17.65308,49.77751],[17.69372,49.75077],[17.68969,49.73742],[17.69665,49.72593],[17.7166,49.72771],[17.75452,49.7161],[17.76495,49.6928],[17.74765,49.69184],[17.73989,49.67866],[17.76835,49.65436],[17.77775,49.63307],[17.78783,49.6351],[17.83588,49.60669],[17.86309,49.60557],[17.87089,49.61228],[17.83453,49.63773],[17.83834,49.64219],[17.93033,49.61995],[17.92438,49.63424],[17.88362,49.65704],[17.85359,49.64684],[17.84491,49.65142],[17.84525,49.66618],[17.87023,49.7008],[17.84007,49.73743],[17.86447,49.76416],[17.86623,49.78337],[17.90127,49.7758],[17.88998,49.76141],[17.90208,49.75399],[17.8994,49.73998],[17.91814,49.70821],[17.95543,49.71937],[17.97963,49.73581],[17.98728,49.72765],[17.98174,49.71007],[17.99163,49.70655],[17.99204,49.68545],[18.01022,49.67804],[18.12029,49.717],[18.19042,49.75679],[18.19636,49.7823],[18.21827,49.78972],[18.21949,49.82512],[18.21416,49.82521],[18.2249,49.82911],[18.22743,49.85314],[18.27588,49.86699],[18.29983,49.83495],[18.2752,49.80123],[18.30863,49.76626],[18.30251,49.73334],[18.3188,49.69903],[18.36003,49.66865],[18.3682,49.65417],[18.36702,49.62361],[18.35353,49.61515],[18.36663,49.5989],[18.36742,49.56235],[18.37721,49.55998],[18.39683,49.53642],[18.39358,49.53193],[18.42272,49.50434],[18.42145,49.49436],[18.44175,49.46608],[18.45118,49.46167],[18.52218,49.56107],[18.92671,49.62196],[19.10824,49.59171],[19.13849,49.71273],[19.38053,49.80349],[19.56206,49.71273],[19.56206,49.5312],[19.71334,49.5312],[19.89487,49.47069],[20.01589,49.80349],[20.34869,49.74298],[20.53022,49.80349],[20.6815,49.65222],[20.89328,49.74298],[20.80252,49.83375],[20.89328,49.83375],[20.98405,49.74298],[21.13532,49.83375],[21.2866,49.77324],[21.31685,49.864],[21.77068,49.74298],[21.77068,49.59171],[22.88145,49.22451],[22.50899,50.63662],[23.07667,51.88559],[23.40629,52.369],[23.47954,53.02377],[24.26565,52.9702],[24.16944,54.28024],[21.46427,53.8191],[21.10495,53.8191],[20.80981,53.63757],[20.7094,53.75807],[20.42825,53.77815],[20.3863,53.5111],[20.0783,53.5111],[20.0783,53.6651],[19.56498,53.45977],[19.20566,53.25444],[18.949,53.25444],[18.58967,53.10045],[16.05312,52.71645],[15.84391,52.71029],[14.13414,52.40893],[14.72894,51.13056],[14.64742,50.76372],[12.77246,50.43765],[12.1203,50.07081],[12.1203,49.54093]],[[12.57969,49.16532],[12.59651,49.16756],[12.60269,49.20369],[12.6305,49.20706],[12.61093,49.21356],[12.60063,49.22388],[12.60029,49.24405],[12.58896,49.2454],[12.61471,49.28774],[12.61059,49.31169],[12.6226,49.3155],[12.62363,49.3372],[12.65247,49.3466],[12.66518,49.32221],[12.68921,49.31662],[12.71255,49.29222],[12.7256,49.3146],[12.77916,49.32557],[12.80491,49.30744],[12.80697,49.29535],[12.83203,49.29602],[12.84782,49.27497],[12.81727,49.26288],[12.79839,49.26601],[12.79221,49.25772],[12.81692,49.21065],[12.79461,49.20863],[12.77985,49.19382],[12.74689,49.19965],[12.74071,49.16734],[12.72217,49.16352],[12.70981,49.12489],[12.71324,49.10714],[12.65041,49.09995],[12.63943,49.08331],[12.62089,49.09365],[12.60166,49.09298],[12.59617,49.11456],[12.58278,49.12107],[12.57969,49.16532]],[[17.42223,50.21297],[17.42488,50.24087],[17.43375,50.25331],[17.45336,50.25614],[17.45923,50.26931],[17.49051,50.27405],[17.56238,50.27036],[17.58739,50.27823],[17.61024,50.26609],[17.62722,50.27005],[17.69529,50.30386],[17.68747,50.30898],[17.69101,50.32744],[17.71901,50.32029],[17.73073,50.30328],[17.7507,50.29777],[17.72593,50.27293],[17.72594,50.26235],[17.74511,50.24331],[17.7624,50.24078],[17.75896,50.20818],[17.73797,50.20211],[17.72043,50.20842],[17.7031,50.18466],[17.61966,50.17117],[17.60571,50.1891],[17.54233,50.18909],[17.5171,50.21233],[17.48489,50.20708],[17.46253,50.21463],[17.42917,50.20454],[17.42223,50.21297]],[[17.79154,49.96626],[17.796,49.96886],[17.81513,49.96981],[17.82456,49.96235],[17.80342,49.95681],[17.79154,49.96626]],[[17.79201,49.75799],[17.79437,49.76748],[17.82323,49.7617],[17.82209,49.75622],[17.80852,49.75829],[17.80315,49.7487],[17.79201,49.75799]],[[17.94754,50.07025],[17.95921,50.093],[17.95115,50.10781],[17.97432,50.12713],[18.01492,50.13021],[18.06539,50.11348],[18.08684,50.10324],[18.10272,50.07207],[18.12255,50.06463],[18.09525,50.05989],[18.08118,50.09245],[18.0768,50.06788],[18.0756,50.08309],[18.04976,50.08094],[18.005,50.0498],[17.99088,50.05075],[17.98659,50.06408],[17.94754,50.07025]],[[17.9536,49.79493],[17.9637,49.80609],[17.98494,49.80801],[18.01028,49.79054],[17.97553,49.77732],[17.9536,49.79493]],[[17.97274,49.88837],[17.97616,49.9257],[17.98013,49.92172],[17.99402,49.90959],[17.98773,49.88585],[17.97274,49.88837]],[[17.99989,49.71121],[18.02666,49.73183],[18.05982,49.72762],[18.06073,49.70088],[18.02116,49.6959],[17.99989,49.71121]]],[[[13.43645,48.55264],[13.45722,48.51149],[13.45549,48.50846],[13.68858,48.47667],[13.67661,48.48441],[13.67952,48.49067],[13.65377,48.50353],[13.63678,48.52843],[13.64313,48.539],[13.6385,48.54389],[13.65734,48.54429],[13.65414,48.54865],[13.5973,48.56957],[13.57262,48.56051],[13.51557,48.59083],[13.50459,48.5867],[13.50413,48.57243],[13.4746,48.56228],[13.47542,48.55616],[13.44996,48.56393],[13.43645,48.55264]]],[[[13.43697,48.63688],[13.49061,48.57417],[13.48314,48.60023],[13.5022,48.60942],[13.53207,48.60601],[13.53584,48.63019],[13.43697,48.63688]]],[[[17.68062,48.85978],[17.86985,48.80002],[18.11447,48.85438],[18.11447,48.99028],[18.22319,48.99028],[18.25037,49.18055],[18.35085,49.32122],[18.29697,49.30439],[18.18432,49.28514],[18.18452,49.2703],[18.14857,49.24939],[18.15325,49.21568],[18.13174,49.18972],[18.13323,49.16006],[18.10732,49.1336],[18.11892,49.12354],[18.111,49.11408],[18.11551,49.09342],[18.09177,49.05766],[18.06858,49.03669],[18.02447,49.02123],[17.9909,49.02849],[17.92226,49.01797],[17.8839,48.92749],[17.78132,48.92528],[17.78088,48.91545],[17.7056,48.86235],[17.68062,48.85978]]]]}},{"type":"Feature","properties":{"NAME":"Celtic kingdoms","ABBREVN":"Celtic kingdoms","INFO_UR":null,"SUBJECTO":"Celtic kingdoms","BORDERPRECISION":1,"PARTOF":"Celtic kingdoms"},"geometry":{"type":"MultiPolygon","coordinates":[[[[-10.49733,52.10165],[-9.96377,52.09211],[-10.29403,51.97763],[-10.21691,51.75835],[-9.83542,51.80326],[-9.79524,51.60463],[-9.81911,51.43455],[-9.24331,51.47263],[-8.84776,51.59982],[-8.56523,51.61545],[-8.15881,51.83964],[-7.86165,51.96809],[-7.75065,52.03271],[-7.37241,52.09211],[-6.96168,52.1112],[-6.8939,52.20665],[-6.61682,52.22066],[-6.48915,52.19436],[-6.40597,52.21444],[-6.3409,52.42706],[-6.23211,52.61333],[-6.07068,52.7666],[-6.04306,52.89309],[-6.17221,53.4392],[-6.33498,53.78598],[-6.4434,53.89938],[-6.34315,53.93964],[-6.07171,53.97359],[-5.91215,54.02738],[-5.73139,54.17487],[-5.66151,54.32225],[-5.79993,54.52289],[-5.76368,54.65699],[-5.78489,54.73742],[-6.01819,55.093],[-6.11652,55.16022],[-6.27926,55.13969],[-6.45431,55.18655],[-6.6452,55.20643],[-6.99682,55.17202],[-7.22549,55.10419],[-7.42752,55.0638],[-7.49783,55.04974],[-7.65728,55.11683],[-7.75623,55.25273],[-8.11832,55.17663],[-8.34538,55.09528],[-8.47625,54.87985],[-8.50374,54.74964],[-8.76004,54.70143],[-8.82936,54.63392],[-8.21148,54.63392],[-8.30058,54.48935],[-8.68673,54.36411],[-8.59008,54.20285],[-9.08584,54.25819],[-9.32291,54.27507],[-9.47429,54.24131],[-9.89197,54.32558],[-10.15968,54.13307],[-10.17854,53.91187],[-9.91285,53.96956],[-9.69648,53.87342],[-9.87239,53.76772],[-9.8096,53.63242],[-10.15143,53.57564],[-10.02107,53.51186],[-10.15983,53.37412],[-9.88481,53.2974],[-9.80292,53.34535],[-9.6167,53.34588],[-9.44067,53.26621],[-9.29736,53.2798],[-9.15816,53.2207],[-9.00167,53.30038],[-8.92358,53.16058],[-8.997,53.12044],[-9.30935,53.11527],[-9.52576,52.90456],[-9.44156,52.83328],[-9.61569,52.63663],[-9.13429,52.6809],[-9.19263,52.55446],[-9.50399,52.54055],[-9.73572,52.48028],[-9.784,52.34071],[-9.80161,52.24108],[-9.89064,52.19443],[-10.46924,52.20665],[-10.49733,52.10165]]],[[[-5.75568,55.47727],[-5.69817,55.33073],[-5.62034,55.32952],[-5.4824,55.4427],[-5.51784,55.66802],[-5.68866,55.62812],[-5.75568,55.47727]]],[[[-5.24876,51.86021],[-5.1786,51.78747],[-4.99896,51.7017],[-4.15933,51.67681],[-3.49912,51.45966],[-3.17275,51.46691],[-2.75015,51.64403],[-2.91448,53.26714],[-3.32954,53.23302],[-3.95672,53.20515],[-4.31754,53.09121],[-4.49188,52.99098],[-4.62135,52.83098],[-4.46832,52.8113],[-4.14755,52.8319],[-4.09387,52.74551],[-4.12361,52.37326],[-4.29466,52.20032],[-4.61908,52.09352],[-5.06146,52.00643],[-5.24876,51.86021]]]]}},{"type":"Feature","properties":{"NAME":"Scotland","ABBREVN":"Scotland","INFO_UR":null,"SUBJECTO":"Scotland","BORDERPRECISION":1,"PARTOF":"Scotland"},"geometry":{"type":"Polygon","coordinates":[[[-4.9152,56.93524],[-4.62176,56.34835],[-4.12161,54.76244],[-3.90768,54.78967],[-3.57668,54.92448],[-3.3087,54.88473],[-3.15253,54.83806],[-3.43041,54.64308],[-3.56923,54.41503],[-3.47927,54.2746],[-3.26147,54.14118],[-2.88594,54.16867],[-1.8969,54.33615],[-2.06459,55.30033],[-1.942,55.55607],[-2.24501,55.81097],[-2.54035,55.8847],[-2.74213,55.95719],[-2.9279,55.94603],[-3.16146,55.84568],[-3.35585,55.84269],[-3.57718,55.8847],[-3.71304,55.8847],[-3.89496,55.98507],[-3.29351,55.97391],[-3.16981,56.06211],[-2.89534,56.0855],[-2.77286,56.17131],[-2.72086,56.17819],[-2.94943,56.25301],[-3.15241,56.33682],[-2.98053,56.35358],[-2.66714,56.471],[-2.51475,56.66734],[-2.41314,56.71725],[-2.15895,57.01432],[-2.20316,57.06481],[-2.10781,57.21033],[-1.94463,57.40166],[-2.15036,57.57198],[-2.85398,57.54332],[-3.09264,57.57703],[-3.40082,57.57645],[-3.79582,57.54153],[-4.14843,57.55453],[-4.2485,57.63633],[-4.15046,57.83482],[-4.83136,57.77366],[-4.9152,56.93524]]]}},{"type":"Feature","properties":{"NAME":null,"ABBREVN":null,"INFO_UR":null,"SUBJECTO":null,"BORDERPRECISION":1,"PARTOF":null},"geometry":{"type":"MultiPolygon","coordinates":[[[[-4.12161,54.76244],[-4.4607,54.8624],[-4.50027,54.77511],[-4.59991,54.68776],[-4.90252,54.73412],[-5.11142,54.79407],[-5.06665,54.94847],[-4.90999,55.11034],[-4.63836,55.42791],[-4.77052,55.48842],[-4.90776,55.66387],[-4.8951,55.77211],[-4.75843,55.81971],[-4.62329,55.90796],[-4.71072,56.13131],[-4.84837,56.09716],[-5.13463,55.89343],[-5.33355,55.87952],[-5.57017,55.75052],[-5.63306,55.93986],[-5.49702,56.17727],[-5.30011,56.42866],[-5.2707,56.54415],[-5.45825,56.63214],[-5.54658,56.65235],[-5.6445,56.51628],[-5.82168,56.4005],[-6.04355,56.47477],[-5.90896,56.73326],[-5.66593,56.93784],[-5.62529,56.99921],[-5.72634,57.25801],[-5.5616,57.29926],[-5.46064,57.38815],[-5.76297,57.61978],[-5.56846,57.77739],[-5.22997,57.70964],[-5.05559,57.75102],[-5.34593,58.09274],[-4.90713,58.16896],[-5.11271,58.39492],[-4.92556,58.56696],[-4.50985,58.40293],[-4.13889,58.44482],[-3.83055,58.50719],[-3.44054,58.52855],[-3.16501,58.5222],[-3.02839,58.40575],[-3.16637,58.27511],[-3.9432,57.95842],[-4.15046,57.83482],[-4.83136,57.77366],[-4.9152,56.93524],[-4.62176,56.34835],[-4.12161,54.76244]]]]}},{"type":"Feature","properties":{"NAME":null,"ABBREVN":null,"INFO_UR":null,"SUBJECTO":null,"BORDERPRECISION":1,"PARTOF":null},"geometry":{"type":"Polygon","coordinates":[[[10.14173,54.33675],[10.20459,53.69844],[10.57143,53.04628],[11.75346,52.84248],[11.54966,52.63868],[11.65179,52.40038],[11.67048,52.3959],[11.67383,52.38697],[11.66112,52.37861],[11.67194,52.35336],[11.67371,52.35332],[11.69804,52.37073],[11.69589,52.4008],[11.72181,52.40899],[11.77159,52.40027],[11.76619,52.37937],[11.83485,52.38948],[11.84069,52.40195],[11.8642,52.41158],[11.93501,52.39496],[11.95999,52.39938],[11.99106,52.42891],[12.00205,52.46103],[11.98711,52.47348],[11.98231,52.49815],[11.95986,52.5186],[11.9796,52.53687],[11.98677,52.57212],[12.01597,52.62452],[12.01046,52.66087],[12.01544,52.68231],[12.04205,52.73401],[12.02273,52.81226],[12.07232,52.8172],[12.07831,52.79993],[12.10552,52.79456],[12.10912,52.78278],[12.14127,52.78325],[12.16598,52.8038],[12.21319,52.79456],[12.22358,52.78704],[12.22366,52.77587],[12.20581,52.76092],[12.21989,52.74933],[12.21911,52.73624],[12.20105,52.72831],[12.20667,52.72509],[12.19929,52.71719],[12.2177,52.70666],[12.22225,52.68814],[12.23109,52.68616],[12.22735,52.68231],[12.24074,52.66517],[12.2707,52.66894],[12.28319,52.66241],[12.29718,52.67154],[12.33357,52.65509],[12.31885,52.63637],[12.31473,52.61212],[12.32215,52.60704],[12.31451,52.59906],[12.32911,52.59077],[12.32172,52.57953],[12.33044,52.56926],[12.31318,52.56221],[12.31233,52.5548],[12.32434,52.54938],[12.30357,52.5452],[12.30795,52.53063],[12.33451,52.52823],[12.35297,52.51037],[12.38554,52.51575],[12.4118,52.50118],[12.41477,52.50886],[12.44058,52.50274],[12.4542,52.49172],[12.43197,52.45821],[12.40537,52.45619],[12.36213,52.43814],[12.36576,52.42933],[12.38824,52.43215],[12.39404,52.39077],[12.40588,52.40093],[12.44489,52.38565],[12.45751,52.39902],[12.47654,52.39479],[12.45168,52.36384],[12.43751,52.36372],[12.4211,52.34789],[12.45031,52.3368],[13.58766,52.3126],[15.84391,52.71029],[16.05312,52.71645],[18.58967,53.10045],[18.949,53.25444],[19.20566,53.25444],[19.56498,53.45977],[20.0783,53.6651],[20.0783,53.5111],[20.3863,53.5111],[20.42825,53.77815],[20.7094,53.75807],[20.80981,53.63757],[21.10495,53.8191],[21.46427,53.8191],[27.6906,54.88048],[28.42428,55.65492],[28.54656,56.71467],[28.60488,56.80217],[26.52019,59.4211],[26.34326,59.44665],[25.72112,59.45984],[25.48999,59.42004],[25.44879,59.49396],[25.24829,59.3618],[24.75122,59.44846],[24.71381,59.35183],[24.57092,59.37433],[24.53757,59.32341],[24.34157,59.36888],[24.28195,59.28414],[24.02956,59.23542],[24.03211,59.17574],[23.41576,59.11896],[23.45698,59.00549],[23.33789,58.97239],[23.43198,58.85808],[23.36082,58.76742],[23.51187,58.58088],[23.69047,58.66548],[23.67086,58.24139],[23.90807,58.22445],[24.05835,58.11153],[24.33109,58.30793],[24.49679,58.21315],[24.4144,58.10589],[24.41564,57.94793],[24.23619,57.72816],[24.32294,57.33689],[24.3465,57.15972],[24.26631,57.03015],[24.15838,56.97549],[23.76781,56.86588],[23.41447,56.89241],[23.21545,56.98067],[23.17466,57.04849],[23.07089,57.26132],[22.88137,57.33414],[22.58542,57.50865],[22.56364,57.61556],[22.43297,57.61556],[22.2854,57.56504],[21.81025,57.47538],[21.67733,57.46366],[21.45959,57.24961],[21.33975,57.17707],[21.32438,56.85442],[21.02205,56.68388],[20.96483,56.60902],[20.91601,56.09667],[20.99596,56.02413],[21.01845,55.63401],[21.2163,55.34367],[21.20093,55.26139],[21.14303,55.25584],[21.22385,55.11145],[21.11335,55.08924],[21.19194,54.95958],[21.13734,54.84546],[20.9852,54.81164],[19.94257,54.84986],[19.86317,54.75173],[19.83325,54.5309],[19.88181,54.52538],[19.93812,54.60817],[20.0057,54.54746],[20.19423,54.57505],[20.32671,54.56401],[20.18865,54.52198],[19.73312,54.31027],[19.45682,54.21656],[19.3281,54.16145],[19.23031,54.16697],[19.23206,54.22207],[19.31761,54.27168],[19.75772,54.45917],[19.7336,54.46117],[19.255,54.27719],[18.96498,54.22758],[18.67308,54.25514],[18.51316,54.31578],[18.45381,54.52538],[18.3385,54.60265],[18.36292,54.66889],[18.75953,54.53641],[18.27945,54.72412],[17.65761,54.68546],[16.9759,54.54931],[16.47325,54.41503],[16.11468,54.19961],[15.89836,54.1284],[15.31169,54.071],[15.07968,54.00252],[14.88576,53.97956],[14.46741,53.91035],[14.48252,53.81853],[14.55694,53.75988],[14.5653,53.6936],[14.4953,53.62479],[14.53706,53.53817],[14.43316,53.59421],[14.18958,53.62479],[14.17686,53.68341],[14.00974,53.67321],[13.85017,53.72929],[13.7805,53.77518],[13.73778,54.03029],[13.66761,54.08417],[13.43102,54.03025],[13.06377,54.19369],[13.02581,54.26522],[12.94314,54.34698],[12.7648,54.27033],[12.65252,54.32143],[12.31188,54.20194],[12.04107,54.09666],[11.56502,54.03538],[11.40782,53.85929],[11.20249,53.85678],[11.15138,53.93842],[10.85892,53.87719],[10.77902,53.92593],[10.75145,53.92006],[10.73364,53.90864],[10.70377,53.91132],[10.66335,53.89781],[10.63202,53.91728],[10.57056,53.90639],[10.57262,53.92216],[10.5425,53.92618],[10.55097,53.93847],[10.53522,53.955],[10.55649,53.96538],[10.57631,53.94538],[10.57966,53.92709],[10.60129,53.9238],[10.6394,53.93568],[10.64137,53.94391],[10.6285,53.94361],[10.6291,53.96856],[10.6412,53.97133],[10.6358,53.96619],[10.64721,53.95977],[10.66669,53.96442],[10.66978,53.97128],[10.65026,53.98206],[10.64421,54.00192],[10.62326,54.00898],[10.63434,54.02692],[10.66601,54.00817],[10.70197,54.0059],[10.70446,54.01301],[10.69047,54.01897],[10.69373,54.02595],[10.75759,54.03971],[10.75544,54.0542],[10.84032,54.03781],[10.84135,54.01922],[11.01589,54.09666],[11.07301,54.21963],[11.03861,54.31325],[10.64859,54.25898],[10.44597,54.29203],[10.34024,54.36232],[10.21288,54.37192],[10.14173,54.33675]],[[10.421,54.08157],[10.42663,54.09026],[10.42242,54.11577],[10.44062,54.12523],[10.43675,54.11794],[10.47898,54.10425],[10.48113,54.11582],[10.49529,54.12332],[10.53864,54.12322],[10.54095,54.13373],[10.51589,54.13991],[10.48327,54.17381],[10.49508,54.18446],[10.52834,54.18833],[10.54048,54.20653],[10.53791,54.21883],[10.54915,54.21998],[10.54031,54.22799],[10.57331,54.23554],[10.6096,54.23091],[10.60681,54.22405],[10.62007,54.22676],[10.67077,54.20673],[10.6736,54.18868],[10.65348,54.18361],[10.65125,54.17316],[10.66609,54.16299],[10.66416,54.15268],[10.68897,54.14979],[10.69734,54.12143],[10.70897,54.11655],[10.72424,54.12656],[10.75416,54.12118],[10.7557,54.10722],[10.73729,54.09512],[10.70665,54.09203],[10.69223,54.10059],[10.67747,54.09028],[10.65908,54.09832],[10.62845,54.0944],[10.59451,54.10234],[10.59832,54.07046],[10.5055,54.07279],[10.48405,54.05888],[10.45851,54.06072],[10.421,54.08157]]]}},{"type":"Feature","properties":{"NAME":"Sweden","ABBREVN":"Sweden","INFO_UR":null,"SUBJECTO":"Sweden","BORDERPRECISION":1,"PARTOF":"Sweden"},"geometry":{"type":"MultiPolygon","coordinates":[[[[22.14872,63.13668],[22.95698,61.38928],[24.6085,61.31538],[27.96591,60.50356],[27.47362,60.42608],[27.40622,60.34482],[27.17848,60.44239],[26.94557,60.37631],[26.92231,60.31612],[26.61308,60.34783],[26.52588,60.39647],[26.55164,60.5707],[26.44284,60.33334],[26.32271,60.27024],[25.8901,60.23584],[25.84553,60.11548],[25.58054,60.26234],[25.44989,60.1384],[25.14579,60.10975],[24.99298,60.02957],[24.96947,60.08683],[24.51596,59.9895],[24.42105,59.86975],[24.28136,59.93815],[23.97895,59.88115],[23.96111,59.93245],[23.66466,59.83555],[23.20144,59.81846],[22.98213,59.93245],[22.882,60.05556],[23.0052,60.20876],[22.62462,60.2011],[22.39207,60.1212],[22.42147,60.29319],[22.22065,60.25877],[21.93095,60.38077],[21.74681,60.40827],[21.56015,60.51249],[21.44318,60.69365],[21.42726,61.0151],[21.49831,61.18327],[21.52079,61.37957],[21.56101,61.48492],[21.40522,61.70243],[21.2112,61.87091],[21.34644,62.16713],[21.33756,62.3436],[21.20014,62.43518],[21.03373,62.4773],[21.06181,62.61174],[21.19481,62.76068],[21.48128,62.88881],[21.54597,62.97406],[21.49466,63.12303],[21.66648,63.18731],[22.07504,63.10282],[22.14872,63.13668]]],[[[11.88111,57.50896],[11.76608,57.67268],[11.73638,57.69821],[12.4879,58.56292],[12.42277,60.03878],[12.43586,60.2781],[12.54796,60.43387],[12.43103,60.62585],[12.17404,60.95641],[12.59738,61.02862],[12.79174,61.32995],[13.1549,62.02423],[14.34372,62.94813],[16.19308,62.75566],[17.86817,62.78862],[17.93626,62.548],[17.71811,62.35673],[17.29024,62.44072],[17.38736,62.20077],[17.49677,62.0881],[17.38697,61.65844],[17.16264,61.62991],[17.06518,61.53838],[17.15019,61.19771],[17.14621,60.95283],[17.31763,60.75307],[17.1885,60.67429],[17.60496,60.63754],[17.70646,60.55358],[17.93075,60.59031],[18.22439,60.32297],[18.41687,60.18162],[18.80409,60.1084],[18.89307,59.92569],[19.03732,59.86324],[19.04355,59.71242],[18.86789,59.71242],[18.63925,59.56693],[18.03008,59.35928],[17.79528,59.36447],[17.72995,59.41636],[17.36798,59.46827],[17.0706,59.54615],[16.78554,59.57732],[16.72409,59.53057],[16.52321,59.58252],[16.40758,59.4475],[16.77647,59.47866],[16.99984,59.35928],[17.26578,59.33853],[17.35812,59.24518],[17.57492,59.21407],[17.58441,59.27111],[17.86173,59.23999],[17.97764,59.32815],[18.11138,59.32297],[18.32817,59.36967],[18.42956,59.33335],[18.44137,59.40079],[18.51547,59.40079],[18.61133,59.33335],[18.5982,59.29704],[18.27337,59.28667],[18.37196,59.15707],[18.01567,59.03791],[17.94014,58.90849],[17.76647,58.87227],[17.72642,58.91366],[17.7452,58.98613],[17.73911,59.11042],[17.62318,59.10007],[17.58219,58.89297],[17.35668,58.74297],[17.24539,58.71712],[17.083,58.74813],[17.08073,58.64993],[16.44287,58.63442],[16.51319,58.42812],[16.74404,58.31195],[16.77355,58.0379],[16.72459,57.88932],[16.59776,57.86645],[16.45953,57.89521],[16.47653,57.70213],[16.60721,57.66581],[16.55048,57.54515],[16.65868,57.44295],[16.49416,57.27892],[16.39452,57.0743],[16.37617,56.82242],[16.06315,56.39624],[15.42699,56.76574],[14.48498,56.6801],[14.17541,56.8128],[13.43245,56.52387],[13.22607,57.10173],[12.89586,56.97791],[12.73076,57.43194],[12.52438,57.39066],[12.318,57.67959],[11.87662,57.32521],[11.88111,57.50896]]],[[[18.16889,56.91],[18.14027,56.91499],[18.15833,56.94167],[18.25666,57.03222],[18.25444,57.07916],[18.17333,57.14194],[18.14833,57.23528],[18.15805,57.31583],[18.1425,57.40944],[18.11028,57.49611],[18.11916,57.53111],[18.17917,57.58833],[18.29472,57.64583],[18.38194,57.71861],[18.46722,57.81194],[18.68194,57.91361],[18.725,57.92278],[19.00472,57.90861],[19.03333,57.82694],[18.92944,57.73972],[18.84889,57.72111],[18.80917,57.70361],[18.75972,57.50805],[18.76944,57.46722],[18.78833,57.44833],[18.71194,57.24166],[18.39722,57.13416],[18.34139,57.07388],[18.33583,57.01749],[18.34666,56.9986],[18.3025,56.93749],[18.21555,56.91306],[18.16889,56.91]]]]}},{"type":"Feature","properties":{"NAME":null,"ABBREVN":null,"INFO_UR":null,"SUBJECTO":null,"BORDERPRECISION":1,"PARTOF":null},"geometry":{"type":"MultiPolygon","coordinates":[[[[13.7774,53.94862],[13.82777,53.82972],[14.02872,53.86548],[14.06835,53.84347],[14.20541,53.81321],[14.17417,53.90676],[14.06995,53.91777],[13.77841,54.04441],[13.7774,53.94862]]],[[[14.22724,53.90951],[14.2479,53.81596],[14.33386,53.82972],[14.45907,53.81871],[14.47294,53.87678],[14.42484,53.91502],[14.22724,53.90951]]]]}},{"type":"Feature","properties":{"NAME":"Denmark","ABBREVN":"Denmark","INFO_UR":null,"SUBJECTO":"Denmark","BORDERPRECISION":1,"PARTOF":"Denmark"},"geometry":{"type":"MultiPolygon","coordinates":[[[[8.03457,55.47591],[8.21404,55.3986],[8.31897,55.48107],[8.48134,55.34924],[8.55956,55.35612],[8.64507,55.06905],[8.6161,54.88736],[8.59599,54.76135],[8.74207,54.6078],[8.9506,54.41856],[8.85242,54.33165],[8.55395,54.27544],[8.58073,54.19369],[8.88401,54.22945],[8.96168,54.27591],[9.05618,54.3486],[9.13613,54.29772],[9.16521,54.31952],[9.21609,54.29045],[9.2597,54.30498],[9.29604,54.24683],[9.44141,54.24683],[9.44868,54.18869],[9.67401,54.18869],[9.73943,54.27591],[9.82665,54.27591],[9.8848,54.2541],[10.14173,54.33675],[10.06493,54.43389],[9.86481,54.4114],[9.97801,54.49015],[9.98669,54.59244],[9.86444,54.72629],[9.61026,54.88004],[9.42102,54.97648],[9.51782,55.12868],[9.51656,55.22307],[9.54387,55.35126],[9.63018,55.45941],[9.76074,55.5017],[9.69007,55.60487],[9.97575,55.62035],[10.00712,55.73039],[10.14715,55.76489],[10.22988,55.95089],[10.17516,56.07587],[10.29345,56.13707],[10.44248,56.1509],[10.49609,56.03363],[10.75067,56.09728],[10.88868,56.36875],[10.82582,56.44329],[10.31376,56.46947],[10.22968,56.60513],[10.21619,56.84985],[9.83462,56.88994],[9.37015,56.88227],[9.32206,56.71894],[9.31187,56.48112],[9.13585,56.46042],[9.0027,56.65716],[8.86858,56.61611],[8.67489,56.35775],[8.45224,56.4116],[8.30883,56.47921],[8.18343,56.43146],[8.12448,56.20748],[8.11661,56.09226],[8.31697,55.84891],[8.32003,55.76773],[8.12507,55.63583],[8.03457,55.47591]]],[[[8.18349,56.79848],[8.47093,56.59689],[8.50712,56.64727],[8.66598,56.70046],[8.77808,56.79848],[8.84702,56.98628],[8.97088,57.0003],[9.07855,57.03676],[9.14124,57.00871],[9.33376,57.02274],[9.503,56.97506],[10.25655,57.00591],[10.33329,57.17146],[10.46284,57.24166],[10.45073,57.45803],[10.40118,57.50588],[10.55806,57.74505],[10.47946,57.75913],[10.39014,57.66059],[10.28952,57.67186],[9.84926,57.58179],[9.44869,57.22761],[9.30242,57.16584],[8.6613,57.1041],[8.53404,57.14058],[8.35887,57.02274],[8.18349,56.79848]]],[[[11.10192,55.63367],[11.2301,55.33681],[11.2854,55.18857],[11.58478,55.16218],[11.76722,55.176],[11.96961,54.95419],[12.07697,54.99469],[12.30136,55.17028],[12.42972,55.24469],[12.15843,55.37909],[12.4091,55.54833],[12.46922,55.71063],[12.44405,55.96765],[12.23772,55.98757],[12.088,55.96698],[12.05262,55.70308],[11.96249,55.58126],[11.72805,55.66188],[11.56774,55.88478],[11.29626,55.67459],[11.10192,55.63367]]],[[[11.87662,57.32521],[12.00514,57.32521],[12.28862,56.87986],[12.52603,56.7804],[12.65748,56.61084],[12.78586,56.61668],[12.87158,56.51152],[12.80481,56.4012],[12.61544,56.43561],[12.65238,56.29553],[12.41441,56.24304],[12.69901,55.9051],[12.98587,55.66658],[12.85931,55.53292],[12.88756,55.45161],[12.80192,55.41677],[12.80237,55.35291],[13.30185,55.3007],[13.8233,55.42182],[14.1172,55.34711],[14.28635,55.51549],[14.12602,55.66658],[14.25893,55.89928],[14.49183,56.01804],[14.60523,55.98078],[14.65289,56.12062],[15.2208,56.08036],[15.49704,56.16724],[15.69623,56.06096],[15.77054,56.03321],[16.06315,56.39624],[15.42699,56.76574],[14.48498,56.6801],[14.17541,56.8128],[13.43245,56.52387],[13.22607,57.10173],[12.89586,56.97791],[12.73076,57.43194],[12.52438,57.39066],[12.318,57.67959],[11.87662,57.32521]]]]}},{"type":"Feature","properties":{"NAME":"Holy Roman Empire","ABBREVN":"Holy Roman Empire","INFO_UR":null,"SUBJECTO":"Holy Roman Empire","BORDERPRECISION":1,"PARTOF":"Holy Roman Empire"},"geometry":{"type":"MultiPolygon","coordinates":[[[[3.43844,51.00828],[3.82033,50.03945],[4.25522,49.88724],[4.36379,49.86854],[4.42885,49.86854],[4.58266,49.83666],[4.84633,49.8402],[4.85732,49.80831],[4.84317,49.78597],[5.36113,49.69676],[5.55106,49.52492],[5.55787,49.52856],[5.5944,49.5211],[5.61106,49.50598],[5.622,49.53441],[5.66127,49.55318],[5.70362,49.5392],[5.74874,49.53992],[5.75831,49.56139],[5.7431,49.57789],[5.75375,49.59291],[5.78585,49.59291],[5.82533,49.57293],[5.84953,49.57516],[5.87185,49.54916],[5.83443,49.52548],[5.8638,49.50112],[5.94145,49.50064],[5.97382,49.48913],[5.96871,49.48585],[5.97397,49.4666],[5.98807,49.46129],[5.98197,49.45107],[6.00123,49.4565],[6.04163,49.44789],[6.03716,49.42426],[6.01347,49.4179],[6.01004,49.40304],[6.02188,49.39388],[6.01175,49.36863],[5.98317,49.37712],[5.95579,49.36175],[5.96154,49.34749],[5.98695,49.34017],[6.03175,49.34481],[6.0472,49.33732],[6.03407,49.3287],[6.0351,49.31707],[6.04694,49.31567],[6.04557,49.3099],[6.10016,49.31192],[6.09638,49.28684],[6.10771,49.25817],[6.09741,49.24517],[6.11732,49.23598],[6.13638,49.24035],[6.13947,49.22231],[6.13054,49.21345],[6.11904,49.21984],[6.06789,49.2139],[6.06952,49.19881],[6.12162,49.19797],[6.12247,49.18384],[6.14376,49.18204],[6.14393,49.16543],[6.1199,49.16218],[6.1314,49.15196],[6.12471,49.14758],[6.08574,49.14769],[6.06377,49.15987],[6.0684,49.17907],[6.03682,49.17362],[6.01227,49.15454],[5.98901,49.15538],[5.99665,49.14859],[5.98433,49.14166],[5.99098,49.13568],[5.96831,49.10863],[6.00574,49.11355],[6.00952,49.10523],[5.9903,49.09163],[5.93536,49.08848],[5.94395,49.07207],[5.97862,49.07049],[5.98068,49.07836],[6.00626,49.07701],[6.00506,49.08444],[6.02016,49.07499],[6.03012,49.0534],[6.05999,49.0498],[6.07441,49.05745],[6.0878,49.04034],[6.08746,49.02729],[6.06445,48.99903],[6.06505,48.98095],[6.08134,48.96305],[6.08119,48.94545],[6.12084,48.94409],[6.12359,48.94962],[6.13209,48.93462],[6.16101,48.9291],[6.1659,48.91269],[6.12453,48.90467],[6.14445,48.88933],[6.12213,48.8812],[6.08471,48.89204],[6.06239,48.88368],[6.06548,48.87443],[6.08196,48.87465],[6.02875,48.84777],[6.02686,48.81122],[6.00763,48.8046],[6.0169,48.79923],[6.01733,48.77373],[5.99785,48.77118],[5.98025,48.7808],[5.95081,48.75347],[5.91313,48.77011],[5.90378,48.76818],[5.91116,48.75777],[5.87975,48.752],[5.86533,48.77475],[5.88696,48.78097],[5.88575,48.78764],[5.8649,48.80124],[5.83428,48.77828],[5.8388,48.77515],[5.8497,48.77565],[5.84881,48.76822],[6.0152,48.65303],[5.94562,48.34687],[6.23786,48.29121],[6.25177,47.95721],[6.78075,47.95129],[6.89434,47.8377],[6.96945,47.93475],[6.96121,48.02208],[7.02438,48.04137],[7.07794,48.10239],[7.09236,48.14868],[7.12188,48.17479],[7.12051,48.24068],[7.19879,48.30786],[7.17132,48.35716],[7.10953,48.38179],[7.13425,48.46017],[7.17132,48.46655],[7.18506,48.51661],[7.22763,48.54752],[7.24136,48.61385],[7.18506,48.65559],[7.17956,48.71996],[7.22763,48.74623],[7.1933,48.77701],[7.21527,48.81229],[7.34985,48.86291],[7.35809,48.89271],[7.33406,48.90129],[7.32651,48.91799],[7.33886,48.94235],[7.49679,49.01896],[7.5325,49.01896],[7.59018,49.04327],[7.59155,49.06577],[7.69523,49.13433],[7.72785,49.12804],[7.77695,49.10355],[7.82089,49.09545],[7.8772,49.06397],[7.87582,49.04327],[7.90192,49.01085],[7.97058,48.99824],[8.03238,48.96309],[8.19443,48.96399],[8.20267,48.94054],[8.13263,48.82947],[8.18207,48.80415],[8.26721,48.79239],[8.35647,48.66376],[8.40729,48.65287],[8.44711,48.67555],[8.48007,48.67011],[8.51852,48.68552],[8.535,48.75076],[8.6737,48.75981],[8.80279,48.72041],[8.84674,48.76434],[8.9154,48.79058],[8.95111,48.77339],[8.99505,48.80506],[9.11865,48.81862],[9.13238,48.87826],[9.3631,48.88188],[9.36859,48.89903],[9.43863,48.89181],[9.47571,48.91799],[9.59656,48.91979],[9.63776,48.96039],[9.7586,48.97661],[9.84924,49.00365],[9.96597,49.00905],[10.02228,49.04327],[10.10193,49.02706],[10.15961,49.05137],[10.1693,49.07676],[10.15686,49.07533],[10.16098,49.06588],[10.15102,49.06487],[10.14175,49.07645],[10.11103,49.07409],[10.09541,49.0923],[10.09712,49.10197],[10.04974,49.07656],[10.01404,49.07758],[10.01919,49.09568],[9.99979,49.09534],[9.94606,49.12287],[9.94554,49.13905],[9.97335,49.15791],[9.96031,49.15802],[9.95687,49.16925],[9.984,49.17362],[9.98863,49.18844],[10.01043,49.17778],[10.02073,49.18294],[10.01078,49.19287],[10.03069,49.20582],[10.02005,49.21154],[10.01919,49.22881],[9.99619,49.24495],[9.97541,49.23251],[9.95739,49.24024],[9.90383,49.23419],[9.87585,49.24035],[9.87499,49.25604],[9.99018,49.26086],[9.97507,49.27184],[9.95507,49.27273],[9.95284,49.28449],[9.93825,49.28684],[9.92237,49.32546],[9.94752,49.32518],[9.97833,49.3099],[10.03575,49.31964],[10.06004,49.31058],[10.05987,49.29412],[10.04047,49.29647],[10.04648,49.27083],[10.03653,49.25895],[10.05901,49.24741],[10.08528,49.2566],[10.11412,49.24125],[10.16846,49.2293],[10.16373,49.23912],[10.23376,49.25705],[10.29992,49.25859],[10.29453,49.26422],[10.31908,49.27945],[10.31754,49.29211],[10.33779,49.29893],[10.31736,49.31102],[10.30535,49.3042],[10.29762,49.31125],[10.30689,49.32423],[10.27119,49.3381],[10.27874,49.3457],[10.26604,49.35241],[10.25265,49.38438],[10.26466,49.3893],[10.25711,49.40271],[10.26913,49.40405],[10.27599,49.41879],[10.28904,49.41901],[10.30689,49.43331],[10.28835,49.45116],[10.24475,49.46121],[10.22106,49.47638],[10.17094,49.48374],[10.17334,49.4679],[10.09472,49.46165],[10.08854,49.44916],[10.12218,49.44648],[10.14313,49.42929],[10.116,49.42236],[10.09815,49.43844],[10.08442,49.43398],[10.06382,49.4467],[10.05489,49.43375],[10.02056,49.44313],[10.00854,49.4246],[9.98623,49.43063],[10.04013,49.41142],[10.03807,49.40159],[10.01404,49.40338],[9.99756,49.39221],[9.96941,49.39668],[9.92366,49.37326],[9.88838,49.38662],[9.88186,49.37522],[9.87053,49.37276],[9.8592,49.37701],[9.86366,49.39265],[9.89147,49.40472],[9.89456,49.41633],[9.96048,49.4275],[9.9622,49.43554],[9.94091,49.44402],[9.9337,49.43665],[9.90108,49.43822],[9.9107,49.46656],[9.93061,49.47114],[9.94881,49.46489],[9.95979,49.47247],[9.95356,49.48075],[9.91682,49.49117],[9.92409,49.50937],[9.91694,49.51822],[9.92434,49.52548],[9.92162,49.55139],[9.92715,49.55139],[9.9245,49.5614],[9.8983,49.5635],[9.91385,49.58301],[9.875,49.57789],[9.85833,49.54598],[9.81177,49.5557],[9.80186,49.56352],[9.81766,49.57777],[9.7744,49.5889],[9.73114,49.56352],[9.75174,49.54704],[9.72565,49.53724],[9.63844,49.54883],[9.56978,49.54482],[9.5581,49.56486],[9.56497,49.57599],[9.59244,49.57466],[9.60411,49.59647],[9.65835,49.62139],[9.61681,49.69007],[9.64136,49.69884],[9.64308,49.72592],[9.6611,49.7521],[9.67089,49.74423],[9.7102,49.74611],[9.72462,49.76208],[9.69749,49.7745],[9.6611,49.76009],[9.62574,49.78936],[9.61441,49.79013],[9.62334,49.79722],[9.6175,49.80498],[9.58248,49.81074],[9.57664,49.82137],[9.64394,49.8227],[9.65286,49.83001],[9.62952,49.84994],[9.57767,49.86942],[9.5351,49.86211],[9.50832,49.8838],[9.49596,49.87981],[9.50901,49.86388],[9.49734,49.86078],[9.44687,49.90304],[9.50197,49.95299],[9.59909,49.95139],[9.58111,49.99555],[9.62162,50.02208],[9.65149,50.02903],[9.64256,50.05593],[9.68342,50.05482],[9.68857,50.06122],[9.68565,50.07675],[9.67861,50.07785],[9.65836,50.0664],[9.60274,50.06904],[9.59381,50.07874],[9.5945,50.11926],[9.64119,50.12388],[9.68788,50.11419],[9.69475,50.12652],[9.72908,50.10473],[9.71672,50.09878],[9.73114,50.09261],[9.75174,50.10252],[9.75586,50.09239],[9.83482,50.09283],[9.85611,50.08623],[9.85199,50.07609],[9.86778,50.04524],[9.90967,50.04347],[9.90074,50.05626],[9.94125,50.08799],[9.93095,50.09283],[9.94537,50.12718],[9.97456,50.12982],[9.98383,50.14083],[9.96975,50.16041],[9.95636,50.16502],[9.95602,50.19163],[9.96803,50.20086],[9.91241,50.20833],[9.91962,50.2136],[9.91207,50.23227],[9.92718,50.23908],[9.89765,50.26389],[9.91619,50.27552],[9.90005,50.29987],[9.90108,50.31127],[9.93233,50.3242],[9.92889,50.3299],[9.91173,50.33582],[9.88289,50.331],[9.85268,50.35729],[9.87637,50.36912],[9.88392,50.39911],[9.95756,50.4235],[9.9931,50.4516],[9.99636,50.46111],[9.95739,50.4846],[9.94606,50.5012],[9.94881,50.51768],[9.97713,50.53285],[10.01352,50.50721],[10.01507,50.53776],[9.98228,50.60274],[9.99696,50.61949],[10.0264,50.6181],[10.04725,50.60054],[10.04511,50.5755],[10.06129,50.55672],[10.03889,50.52827],[10.04513,50.51697],[10.07389,50.52838],[10.07347,50.53781],[10.09982,50.55515],[10.10944,50.56413],[10.12062,50.56431],[10.12073,50.55583],[10.13909,50.54301],[10.15059,50.552],[10.12072,50.56431],[10.1289,50.56444],[10.17602,50.54365],[10.19377,50.55489],[10.23136,50.53154],[10.23033,50.51103],[10.20012,50.50011],[10.2045,50.46864],[10.17536,50.46873],[10.16066,50.47753],[10.15503,50.50162],[10.14389,50.50322],[10.11103,50.49907],[10.12429,50.49076],[10.11834,50.48067],[10.08382,50.48526],[10.08264,50.47362],[10.09911,50.46696],[10.09712,50.46071],[10.11091,50.45083],[10.14853,50.44232],[10.17673,50.44499],[10.23196,50.41989],[10.23582,50.43094],[10.24836,50.43225],[10.24518,50.4416],[10.2511,50.4404],[10.26857,50.47652],[10.3032,50.48624],[10.30125,50.49395],[10.33058,50.49356],[10.34225,50.48307],[10.33556,50.46625],[10.36835,50.43903],[10.38191,50.4387],[10.37161,50.43225],[10.40388,50.42493],[10.38448,50.406],[10.39461,50.39484],[10.4262,50.39364],[10.4492,50.40316],[10.45898,50.38214],[10.46997,50.37437],[10.48885,50.37503],[10.49572,50.36693],[10.49177,50.35543],[10.51392,50.35904],[10.51512,50.35017],[10.53263,50.36463],[10.54344,50.36386],[10.5546,50.35685],[10.55117,50.34415],[10.56215,50.3379],[10.60095,50.33396],[10.59322,50.31664],[10.60507,50.29351],[10.59151,50.26981],[10.60369,50.2719],[10.59872,50.26312],[10.61142,50.24973],[10.59872,50.24567],[10.61245,50.22404],[10.66257,50.22799],[10.6576,50.22393],[10.68678,50.22151],[10.72351,50.20459],[10.73175,50.21294],[10.72729,50.23172],[10.73296,50.25105],[10.76866,50.24128],[10.78222,50.25193],[10.80128,50.2516],[10.82703,50.23776],[10.83715,50.22096],[10.77141,50.2035],[10.7872,50.17734],[10.82119,50.18108],[10.82703,50.19448],[10.85827,50.20503],[10.87269,50.19844],[10.87745,50.17646],[10.91423,50.16766],[10.92217,50.15359],[10.90324,50.1504],[10.89861,50.13907],[10.83982,50.11546],[10.82445,50.09647],[10.8284,50.07653],[10.87646,50.06155],[10.88333,50.03774],[10.75355,50.0298],[10.72266,50.04391],[10.70824,50.03509],[10.75287,49.97772],[10.76935,49.97242],[10.75905,49.96006],[10.7048,49.95431],[10.67734,49.93973],[10.60661,49.94769],[10.60318,49.94062],[10.6176,49.93178],[10.59494,49.92161],[10.56541,49.92028],[10.57091,49.91454],[10.52833,49.89729],[10.52971,49.88269],[10.48988,49.86809],[10.46173,49.87517],[10.43701,49.84684],[10.44319,49.83754],[10.40749,49.78038],[10.35667,49.79235],[10.37041,49.81584],[10.35599,49.82381],[10.32028,49.81894],[10.30792,49.80564],[10.28389,49.79767],[10.31685,49.73336],[10.35873,49.71782],[10.37384,49.70361],[10.34981,49.70095],[10.34981,49.69029],[10.3038,49.69384],[10.2523,49.66807],[10.22621,49.66496],[10.22827,49.65074],[10.18364,49.65207],[10.16235,49.62183],[10.17403,49.59825],[10.20218,49.60448],[10.20081,49.59336],[10.22346,49.58356],[10.07172,49.58779],[10.17403,49.58245],[10.1651,49.56887],[10.16853,49.55417],[10.18067,49.54528],[10.23102,49.55818],[10.2626,49.55395],[10.29213,49.56575],[10.32509,49.56375],[10.31445,49.54816],[10.32131,49.53368],[10.35908,49.53412],[10.40028,49.48798],[10.37178,49.48262],[10.38723,49.46522],[10.41161,49.47392],[10.4322,49.50359],[10.4147,49.50426],[10.3838,49.52499],[10.38414,49.54214],[10.39719,49.54214],[10.39478,49.55194],[10.49126,49.59558],[10.53657,49.59558],[10.52422,49.61972],[10.48576,49.63195],[10.56129,49.67652],[10.60455,49.67696],[10.63957,49.68718],[10.66498,49.68229],[10.70206,49.69384],[10.79338,49.65963],[10.84573,49.66291],[10.86616,49.63606],[10.81329,49.62183],[10.82771,49.60359],[10.85243,49.60359],[10.83527,49.59157],[10.86616,49.54704],[10.83527,49.53368],[10.86891,49.51986],[10.90324,49.53412],[10.9259,49.52298],[10.93689,49.54482],[10.89775,49.55506],[10.91698,49.57377],[10.95337,49.56709],[10.97091,49.58332],[10.98907,49.61649],[10.97053,49.62317],[10.97603,49.66096],[11.03439,49.67341],[11.06117,49.66274],[11.03439,49.64451],[11.01242,49.60226],[11.06907,49.60782],[11.12795,49.58668],[11.1216,49.58134],[11.01105,49.58289],[11.02478,49.56898],[11.02203,49.55629],[11.16485,49.54749],[11.31248,49.35398],[11.35574,49.32244],[11.32656,49.30028],[11.30665,49.29826],[11.2912,49.31237],[11.26167,49.31192],[11.25549,49.32311],[11.23077,49.32311],[11.23901,49.30923],[11.23077,49.30587],[11.21086,49.31729],[11.17687,49.28259],[11.22803,49.24809],[11.20262,49.22589],[11.21498,49.21109],[11.06701,49.15387],[11.05019,49.1752],[11.01688,49.1725],[11.00967,49.15881],[10.98461,49.15881],[10.97156,49.14938],[10.96573,49.15724],[10.98461,49.18686],[10.93277,49.19786],[10.91732,49.19135],[10.87887,49.21289],[10.84385,49.20055],[10.84179,49.1826],[10.85999,49.17856],[10.87166,49.15971],[10.90118,49.16307],[10.90633,49.15072],[10.92659,49.15162],[10.96779,49.09298],[10.99628,49.09343],[11.0416,49.06194],[11.07319,49.09905],[11.09894,49.07904],[11.20708,49.08444],[11.18889,49.10782],[11.22219,49.1496],[11.28845,49.09658],[11.28845,49.07881],[11.30356,49.06757],[11.25206,49.04867],[11.21635,49.05587],[11.22253,49.03922],[11.20641,49.03447],[11.1906,49.05115],[11.17001,49.0489],[11.16784,49.03099],[10.98633,49.02166],[11.01688,49.05182],[11.01311,49.05902],[10.98736,49.06284],[10.96745,49.07634],[10.93689,49.07477],[10.93037,49.05587],[10.95818,49.04034],[10.93929,49.03022],[10.9108,49.02977],[10.90496,49.02504],[10.91629,49.01243],[10.8799,48.99779],[10.90633,48.97053],[10.90942,48.9446],[10.88882,48.93378],[10.80643,48.93964],[10.79613,48.91573],[10.74463,48.91889],[10.70892,48.8961],[10.67081,48.90738],[10.62008,48.962],[10.61485,48.92476],[10.66429,48.88233],[10.66429,48.82088],[10.74394,48.77746],[10.82859,48.75482],[10.86685,48.73355],[10.93826,48.7263],[10.99594,48.73174],[10.96023,48.67917],[10.9108,48.5157],[10.90393,48.45562],[10.97397,48.42829],[10.98358,48.38088],[11.02478,48.3745],[11.09344,48.32521],[11.01654,48.02484],[11.0852,47.88872],[10.96847,47.815],[10.9259,47.75595],[10.91629,47.66169],[10.89569,47.61357],[10.91492,47.61357],[10.92728,47.56726],[10.85449,47.49958],[10.84213,47.45131],[10.75836,47.41322],[10.75287,47.36301],[10.70892,47.35278],[10.643,47.3109],[10.58258,47.30065],[10.46585,47.19905],[10.42877,47.22517],[10.2681,47.20651],[10.2475,47.17291],[10.21042,47.17851],[10.12115,47.13743],[10.10055,46.984],[10.15205,46.85268],[10.23239,46.87287],[10.23994,46.92964],[10.30655,46.92635],[10.34912,46.98962],[10.39204,46.99993],[10.42791,46.97405],[10.42431,46.9587],[10.48508,46.94276],[10.48611,46.91064],[10.45212,46.80946],[10.42328,46.77749],[10.41744,46.70832],[10.38448,46.68784],[10.40474,46.63423],[10.48782,46.62209],[10.49057,46.56264],[10.4528,46.53069],[10.33333,46.54658],[10.23994,46.63247],[10.10673,46.60511],[10.00854,46.49178],[9.93988,46.48043],[9.86023,46.42555],[9.75586,46.40662],[9.6817,46.34219],[9.55261,46.32797],[9.45373,46.26914],[9.24774,46.253],[9.10766,46.14654],[9.00879,46.14844],[8.92776,46.13036],[8.94562,46.17983],[8.93051,46.28812],[8.86322,46.38483],[8.89343,46.42271],[8.83575,46.6136],[8.74649,46.63152],[8.63251,46.60511],[8.46718,46.5376],[8.49267,46.11709],[7.51443,45.38341],[7.67747,44.73126],[7.89836,44.67236],[7.91839,44.70576],[8.00766,44.73308],[8.02826,44.79938],[7.93487,44.86998],[7.93213,44.92349],[7.98294,45.02355],[8.05847,45.07207],[8.02963,45.13071],[7.95135,45.19559],[8.0698,45.1997],[8.09383,45.24855],[8.12782,45.25652],[8.52745,45.24395],[8.55534,45.15727],[8.58008,45.15269],[8.5917,45.13134],[8.61367,45.12699],[8.60848,45.10838],[8.6459,45.07489],[8.63691,45.06652],[8.64697,45.05465],[8.63811,45.04931],[8.64131,45.04405],[8.56316,44.93272],[8.56247,44.84565],[8.57689,44.72283],[8.60318,44.64298],[8.61771,44.65084],[8.663,44.656],[8.67452,44.64011],[8.67199,44.62078],[8.68452,44.61076],[8.67285,44.5967],[8.69718,44.57973],[8.72462,44.57862],[8.73894,44.55023],[8.7487,44.55015],[8.75216,44.52552],[8.76477,44.52966],[8.77119,44.48947],[8.7857,44.48754],[8.79986,44.5023],[8.79763,44.52538],[8.82827,44.54579],[8.82151,44.54752],[8.82574,44.55883],[8.81824,44.57115],[8.80378,44.58005],[8.80675,44.59671],[8.79393,44.61786],[8.81978,44.64017],[8.78934,44.66395],[8.78061,44.68302],[8.76279,44.69122],[8.77087,44.71625],[8.78803,44.71356],[8.79313,44.72329],[8.75974,44.74563],[8.72193,44.793],[8.73067,44.80492],[8.74409,44.80693],[8.75875,44.80047],[8.76559,44.78513],[8.79769,44.78275],[8.83027,44.8042],[8.84712,44.79828],[8.84687,44.76136],[8.8251,44.73078],[8.82749,44.71648],[8.84555,44.69489],[8.87215,44.70527],[8.89834,44.69798],[8.94448,44.70831],[8.94814,44.70085],[8.98822,44.71538],[9.00363,44.70909],[9.01943,44.71625],[9.02149,44.72893],[9.00381,44.7434],[9.0076,44.74961],[9.02911,44.74972],[9.07809,44.72177],[9.12789,44.72752],[9.16556,44.69259],[9.20032,44.6864],[9.24295,44.68667],[9.23204,44.70161],[9.23637,44.71498],[9.25974,44.67988],[9.36633,44.69043],[9.40439,44.64192],[9.39614,44.60997],[9.4172,44.59633],[9.42103,44.57359],[9.40867,44.56002],[9.48029,44.56297],[9.5052,44.52934],[9.49622,44.48297],[9.46912,44.48142],[9.47134,44.46864],[9.45767,44.44248],[9.43869,44.4293],[9.44292,44.41655],[9.46395,44.42477],[9.47903,44.40926],[9.49468,44.42362],[9.54094,44.42563],[9.55845,44.43863],[9.58491,44.42932],[9.60573,44.43488],[9.63827,44.41453],[9.65538,44.41231],[9.67506,44.36407],[9.69937,44.36637],[9.71887,44.35492],[9.72946,44.32833],[9.7556,44.32081],[9.78073,44.29412],[9.74765,44.25357],[9.75937,44.23415],[9.75445,44.21967],[9.76537,44.21202],[9.76277,44.20614],[9.80225,44.20574],[9.82096,44.22474],[9.82476,44.19796],[9.85247,44.19694],[9.86608,44.18337],[9.89121,44.20781],[9.90868,44.20848],[9.9149,44.19932],[9.93269,44.19604],[9.89215,44.16733],[9.97412,44.16682],[9.98077,44.14342],[9.97465,44.13755],[9.99506,44.11896],[9.99358,44.10462],[9.98356,44.09923],[9.99339,44.09269],[10.00512,44.1106],[10.02837,44.11903],[10.05815,44.10805],[10.07091,44.09308],[10.03194,44.06396],[10.0055,44.02348],[10.13675,43.90477],[10.20521,43.81714],[10.18357,43.87085],[10.16659,43.8927],[10.22181,43.91613],[10.2788,43.96171],[10.27586,43.95664],[10.35584,43.97511],[10.34976,43.98504],[10.36388,43.99367],[10.3913,44.00084],[10.41765,43.99149],[10.46705,44.00183],[10.47287,44.01138],[10.46075,44.02235],[10.46721,44.02781],[10.44666,44.03478],[10.4277,44.02378],[10.409,44.05216],[10.43608,44.07432],[10.44729,44.07032],[10.46162,44.04607],[10.48295,44.03678],[10.49688,44.04047],[10.51074,44.06199],[10.52997,44.07408],[10.54464,44.10651],[10.5734,44.11994],[10.60352,44.11403],[10.62464,44.12056],[10.64597,44.10623],[10.66536,44.10956],[10.70661,44.09307],[10.72274,44.08197],[10.72053,44.04215],[10.73596,44.03824],[10.74497,44.00979],[10.72678,43.98405],[10.70669,43.9838],[10.68867,43.99454],[10.67505,43.98507],[10.70952,43.95514],[10.70485,43.94272],[10.66154,43.92732],[10.65842,43.91641],[10.67275,43.86975],[10.64847,43.86216],[10.65125,43.85403],[10.63588,43.83081],[10.67142,43.81545],[10.6451,43.79487],[10.62311,43.75691],[10.65501,43.80245],[10.68774,43.8052],[10.72794,43.76322],[10.77566,43.7371],[10.79348,43.71898],[10.8659,43.73041],[10.90726,43.68012],[10.91057,43.65128],[10.88937,43.62796],[10.82892,43.62273],[10.81969,43.61344],[10.83635,43.58415],[10.83523,43.53124],[10.8438,43.49911],[10.86048,43.472],[10.88537,43.45991],[10.95212,43.45223],[10.99523,43.40388],[11.00686,43.36892],[10.99813,43.34722],[10.96039,43.33305],[10.95344,43.3176],[10.96159,43.29778],[10.99447,43.26942],[10.98891,43.2399],[10.98097,43.23463],[10.93527,43.24048],[10.92929,43.23206],[10.93408,43.20256],[10.91229,43.1741],[10.91165,43.16256],[10.84184,43.15254],[10.80082,43.15983],[10.77694,43.14144],[10.73739,43.1456],[10.71728,43.10848],[10.72433,43.07555],[10.779,43.06709],[10.78775,43.05568],[10.79095,43.01476],[10.77984,43.00389],[10.7478,43.01659],[10.73837,43.0111],[10.73543,42.97793],[10.69534,42.92217],[10.72354,42.87957],[10.72799,42.89005],[10.84655,42.96782],[10.87095,42.96813],[10.99937,42.85722],[10.99663,42.8323],[10.89222,42.72606],[11.10476,42.54908],[11.20138,42.50657],[11.20683,42.5071],[11.227,42.49906],[11.23442,42.49203],[11.49737,42.37635],[11.96013,42.00737],[12.01993,42.0987],[12.00333,42.24814],[12.06975,42.29795],[12.05314,42.53041],[12.16937,42.63004],[12.15277,42.69645],[12.18598,42.91231],[12.16937,42.91231],[12.15277,43.06175],[12.21919,43.22779],[12.30221,43.2776],[12.30221,43.34402],[12.69723,43.93476],[12.34508,44.30104],[12.28073,44.55012],[12.27358,44.67264],[12.47604,44.78709],[12.52309,44.88275],[12.40899,44.98901],[12.32214,45.04237],[12.31251,45.17829],[12.17619,45.21429],[11.97067,45.43624],[12.14482,45.76277],[12.64549,45.91514],[13.08086,45.98045],[13.3677,45.69449],[13.43773,45.63843],[13.56461,45.72652],[13.67318,45.71451],[13.79998,45.56637],[13.99513,45.45801],[13.95159,45.3927],[13.79921,45.30563],[13.90806,44.97911],[14.17461,45.01039],[14.23862,45.06235],[14.35449,45.32289],[14.52667,45.783],[14.79847,45.86455],[14.88001,45.48402],[15.42362,45.42966],[15.46982,45.73408],[16.12215,45.58187],[16.20913,45.73408],[16.07866,45.88629],[16.20913,46.14722],[16.44832,46.10373],[16.53529,46.36466],[16.29611,46.40815],[16.51355,46.62559],[16.44832,46.7778],[16.44832,46.93001],[16.55704,47.06048],[16.55704,47.19095],[16.64402,47.29967],[16.55704,47.49537],[16.48162,48.19585],[16.4001,48.48117],[15.5849,48.56269],[15.29958,48.27737],[14.89198,48.19585],[13.9545,48.44041],[13.70232,48.4748],[13.69553,48.47218],[13.68858,48.47667],[13.45549,48.50846],[13.44745,48.49436],[13.43473,48.49704],[13.40967,48.47645],[13.38667,48.47349],[13.38306,48.48703],[13.36178,48.48817],[13.36231,48.52116],[13.05778,48.56269],[12.1203,49.54093],[12.1203,50.07081],[12.77246,50.43765],[14.64742,50.76372],[14.72894,51.13056],[14.13414,52.40893],[13.58766,52.3126],[12.45031,52.3368],[12.4688,52.32978],[12.46402,52.31804],[12.37301,52.30336],[12.33854,52.314],[12.34183,52.33911],[12.3043,52.33991],[12.24353,52.26577],[12.20632,52.27866],[12.13371,52.26522],[12.13577,52.25334],[12.14727,52.24914],[12.14573,52.22948],[12.15843,52.21886],[12.21817,52.22044],[12.25731,52.23285],[12.33353,52.22191],[12.34692,52.21055],[12.39841,52.19477],[12.43515,52.19561],[12.4427,52.18893],[12.43358,52.16505],[12.42219,52.15256],[12.36524,52.14435],[12.3579,52.13702],[12.29525,52.15466],[12.25722,52.13436],[12.26804,52.12479],[12.2731,52.10155],[12.21182,52.1025],[12.20478,52.08921],[12.178,52.07676],[12.1338,52.06927],[12.08093,52.07602],[12.06097,52.05851],[12.03861,52.06326],[12.03072,52.04791],[12.05217,52.04516],[12.01703,52.03869],[11.99372,52.01847],[11.99398,52.00686],[11.9642,51.99904],[11.95098,52.00494],[11.91118,52.00174],[11.90079,51.98155],[11.93019,51.97006],[11.92941,51.965],[11.89905,51.97016],[11.916,51.95715],[11.91021,51.95812],[11.88412,51.97928],[11.8909,52.00121],[11.88549,52.01528],[11.89939,52.01664],[11.88572,52.02417],[11.92918,52.02583],[11.93991,52.04283],[11.91699,52.04431],[11.90412,52.0613],[11.88601,52.06078],[11.89013,52.06811],[11.90403,52.06832],[11.91124,52.10345],[11.92806,52.10187],[11.93081,52.1141],[11.91459,52.15382],[11.93132,52.16677],[11.92738,52.19835],[11.99329,52.19877],[11.99329,52.21455],[11.95106,52.21728],[11.94488,52.23369],[11.97098,52.24672],[11.94703,52.27026],[11.91613,52.28003],[11.88807,52.26874],[11.86867,52.25828],[11.87021,52.24903],[11.84687,52.22927],[11.82541,52.22906],[11.81219,52.21634],[11.84257,52.20571],[11.85751,52.18235],[11.89296,52.17156],[11.89631,52.15603],[11.90686,52.15498],[11.91107,52.13012],[11.9018,52.11726],[11.88583,52.12432],[11.80271,52.11125],[11.79975,52.10168],[11.83219,52.10669],[11.83399,52.09847],[11.75144,52.09357],[11.76627,52.07695],[11.74896,52.07262],[11.75507,52.06423],[11.74902,52.05637],[11.73241,52.05146],[11.74087,52.04732],[11.70997,52.05183],[11.69641,52.07009],[11.69235,52.06665],[11.71342,52.04484],[11.70829,52.04193],[11.73185,52.02757],[11.75177,52.0225],[11.78885,52.03238],[11.82217,52.00622],[11.8006,51.98906],[11.74684,52.00969],[11.73726,51.9954],[11.76694,51.99183],[11.76638,51.97723],[11.69576,51.96692],[11.68005,51.95632],[11.69415,51.9502],[11.69117,51.93144],[11.71178,51.92906],[11.71426,51.94376],[11.72237,51.94628],[11.73358,51.93671],[11.79204,51.94316],[11.81425,51.93495],[11.82931,51.91926],[11.83597,51.9236],[11.85365,51.91317],[11.88283,51.91566],[11.86708,51.92413],[11.86691,51.93379],[11.88313,51.93032],[11.90038,51.93479],[11.9003,51.94567],[11.92918,51.94912],[11.96746,51.92241],[11.97441,51.90896],[12.01561,51.88709],[12.02617,51.86258],[12.05642,51.859],[12.11369,51.87162],[12.14393,51.86605],[12.1353,51.8396],[12.13719,51.81469],[12.10505,51.80885],[12.10745,51.82647],[12.05183,51.83225],[12.02696,51.81831],[12.00433,51.82299],[11.98166,51.80705],[11.97714,51.7999],[11.9866,51.79535],[11.98347,51.79091],[11.953,51.79155],[11.95943,51.79951],[11.94433,51.79067],[11.92789,51.79187],[11.9272,51.81031],[11.95085,51.80681],[11.96424,51.84527],[11.95484,51.85662],[11.95913,51.86955],[11.93261,51.88113],[11.90969,51.87188],[11.90742,51.86414],[11.92345,51.85826],[11.88189,51.83849],[11.86604,51.81055],[11.84898,51.81911],[11.86166,51.83493],[11.82927,51.85897],[11.82811,51.87225],[11.78339,51.8811],[11.77297,51.87869],[11.76464,51.8634],[11.69456,51.87135],[11.67379,51.86825],[11.69284,51.85945],[11.68666,51.85492],[11.66952,51.85544],[11.63272,51.86194],[11.60517,51.85116],[11.56453,51.85251],[11.53095,51.87419],[11.54097,51.88174],[11.51058,51.92712],[11.46458,51.93855],[11.42338,51.92881],[11.3645,51.88221],[11.33995,51.89969],[11.37342,51.93453],[11.35248,51.96088],[11.30013,51.97219],[11.29231,51.95781],[11.29369,51.98884],[11.28476,51.99767],[11.26373,51.99804],[11.27034,52.01352],[11.31686,52.0057],[11.32072,52.0263],[11.27266,52.066],[11.24039,52.06178],[11.1882,52.10524],[11.12984,52.06051],[10.98697,52.05178],[10.96476,52.0564],[10.96987,52.08682],[10.94054,52.09616],[11.03435,52.12967],[11.04274,52.13916],[11.06023,52.17243],[11.03873,52.16627],[11.01191,52.18788],[11.02555,52.20995],[11.07714,52.22367],[11.08478,52.23726],[11.06581,52.2752],[11.09447,52.28874],[11.1319,52.28685],[11.16743,52.25734],[11.17687,52.2381],[11.20708,52.22959],[11.23438,52.20424],[11.21944,52.18456],[11.2361,52.18298],[11.30304,52.2014],[11.28365,52.22906],[11.26064,52.22906],[11.25755,52.24504],[11.18614,52.27278],[11.17146,52.29441],[11.19258,52.29614],[11.19378,52.31105],[11.21532,52.30858],[11.30944,52.32878],[11.30369,52.33917],[11.31257,52.3534],[11.33414,52.35191],[11.35184,52.33841],[11.40252,52.35961],[11.39703,52.37225],[11.40364,52.37521],[11.43977,52.37217],[11.44239,52.35743],[11.46591,52.37374],[11.61856,52.3789],[11.6222,52.39734],[11.63748,52.40381],[11.65179,52.40038],[11.54966,52.63868],[11.75346,52.84248],[10.57143,53.04628],[10.20459,53.69844],[10.14173,54.33675],[9.8848,54.2541],[9.82665,54.27591],[9.73943,54.27591],[9.67401,54.18869],[9.44868,54.18869],[9.44141,54.24683],[9.29604,54.24683],[9.2597,54.30498],[9.21609,54.29045],[9.16521,54.31952],[9.13613,54.29772],[9.05618,54.3486],[8.96168,54.27591],[8.88401,54.22945],[8.8533,54.16816],[8.77879,54.1324],[8.83265,54.06602],[8.94634,54.01497],[8.81897,53.96904],[8.8571,53.86699],[8.9596,53.83772],[8.95935,53.84929],[9.10656,53.87896],[9.24911,53.8752],[9.32156,53.84989],[9.36735,53.80919],[9.37808,53.79523],[9.35022,53.75856],[9.3849,53.72749],[9.46867,53.69417],[9.52028,53.65437],[9.55051,53.61593],[9.65012,53.56794],[9.66728,53.5502],[9.72393,53.53929],[9.74951,53.52613],[9.79208,53.48856],[9.7344,53.48376],[9.69256,53.4622],[9.66917,53.42742],[9.68192,53.41112],[9.64891,53.40621],[9.64239,53.39254],[9.62188,53.38891],[9.61673,53.36674],[9.55965,53.35619],[9.5837,53.35817],[9.56191,53.33702],[9.58763,53.30937],[9.60852,53.24233],[9.62353,53.22708],[9.72902,53.21408],[9.75148,53.19948],[9.83122,53.17502],[9.84246,53.15969],[9.89113,53.14142],[9.9258,53.09949],[9.90057,53.057],[9.86907,53.02302],[9.78607,53.0217],[9.75028,53.00445],[9.69204,52.99208],[9.68295,52.98139],[9.62133,52.95343],[9.56068,52.95934],[9.47798,52.93253],[9.41563,52.8992],[9.41322,52.87886],[9.37563,52.8529],[9.39059,52.8425],[9.37258,52.82472],[9.36576,52.82054],[9.33518,52.83377],[9.32465,52.82216],[9.29332,52.8175],[9.19281,52.81563],[9.2062,52.84405],[9.2189,52.84363],[9.22062,52.85068],[9.18217,52.85586],[9.18148,52.86395],[9.20311,52.86312],[9.21204,52.87452],[9.17496,52.88716],[9.16603,52.91284],[9.18015,52.918],[9.16188,52.91961],[9.11715,52.89921],[9.07876,52.90252],[9.06072,52.92313],[9.01364,52.92619],[8.9997,52.92195],[8.98196,52.88868],[8.96566,52.8968],[8.95581,52.8912],[8.93658,52.90895],[8.93013,52.92672],[8.97216,52.95495],[8.96437,52.97866],[8.97328,52.99134],[8.9439,52.99805],[8.94047,53.00797],[8.89143,53.01521],[8.86525,53.03541],[8.87193,53.05811],[8.84532,53.05945],[8.83262,53.06822],[8.85816,53.06992],[8.85841,53.08127],[8.83563,53.09686],[8.8402,53.10338],[8.87163,53.08601],[8.88768,53.0668],[8.88385,53.06311],[8.91725,53.05963],[8.91721,53.04769],[8.96308,53.04759],[8.96335,53.08812],[8.98696,53.0955],[8.98759,53.1051],[8.99718,53.10916],[8.9594,53.14297],[8.9504,53.15522],[8.95532,53.15731],[8.91744,53.14656],[8.92167,53.14152],[8.91149,53.13251],[8.90286,53.13815],[8.8616,53.13281],[8.85113,53.14349],[8.82357,53.12957],[8.8076,53.15109],[8.7961,53.14312],[8.77044,53.14919],[8.76391,53.12818],[8.69748,53.11896],[8.64377,53.12832],[8.62942,53.14058],[8.62646,53.14792],[8.6828,53.14041],[8.70263,53.15418],[8.69085,53.16381],[8.63092,53.16026],[8.62621,53.14853],[8.61834,53.16801],[8.53396,53.18685],[8.48537,53.22716],[8.48076,53.24683],[8.49295,53.29672],[8.4902,53.32785],[8.50144,53.35111],[8.49325,53.41879],[8.52762,53.42293],[8.53071,53.43562],[8.56642,53.47538],[8.55577,53.48723],[8.57071,53.49387],[8.57346,53.51204],[8.56689,53.5386],[8.552,53.55316],[8.47321,53.59454],[8.46703,53.63283],[8.47132,53.68462],[8.42866,53.61205],[8.5018,53.44903],[8.30565,53.52543],[8.189,53.53052],[8.26077,53.43885],[8.24193,53.35229],[8.17499,53.32174],[8.02908,53.37265],[8.09873,53.44393],[7.96854,53.63753],[7.33239,53.60443],[7.16564,53.59167],[7.03733,53.51015],[6.98071,53.31666],[7.18975,53.23014],[7.15994,53.164],[7.04328,53.164],[7.00906,53.24541],[6.86105,53.26576],[6.75072,53.38986],[6.26072,53.32174],[5.96631,53.33501],[5.38952,53.13857],[5.33212,53.01145],[5.34275,52.99631],[5.35802,52.93775],[5.32575,52.79041],[5.65344,52.74978],[5.54689,52.6787],[5.55571,52.58732],[5.61125,52.5315],[5.81714,52.52136],[5.75691,52.33372],[5.57437,52.28302],[5.47319,52.1766],[4.94983,52.27795],[5.03574,52.33372],[5.00609,52.55688],[5.10824,52.5315],[5.23463,52.62285],[5.17329,52.74342],[5.0084,52.85619],[4.71877,52.80242],[4.64101,52.7557],[4.38724,52.23037],[4.26441,52.07089],[3.87814,51.79173],[3.52032,51.57914],[3.74348,51.46045],[3.77505,51.38774],[3.6813,51.32142],[3.43844,51.00828]],[[5.83426,51.27437],[5.84404,51.27792],[5.85829,51.3113],[5.90618,51.29381],[5.90635,51.30025],[5.92489,51.30851],[6.00866,51.27776],[6.00652,51.25499],[5.99862,51.24913],[6.00643,51.23097],[5.96798,51.22038],[5.97665,51.20186],[5.93431,51.18814],[5.9174,51.17389],[5.92322,51.17159],[5.87193,51.16842],[5.85752,51.18096],[5.87569,51.18179],[5.89335,51.21664],[5.89339,51.23994],[5.85855,51.24037],[5.84107,51.24983],[5.83426,51.27437]],[[6.11732,52.8513],[6.20659,52.89068],[6.24985,52.92422],[6.29173,52.93002],[6.33774,52.90766],[6.41258,52.94491],[6.43387,52.97594],[6.36383,53.02635],[6.35765,53.06556],[6.30478,53.08165],[6.31233,53.09155],[6.36246,53.09567],[6.381,53.14965],[6.41601,53.1797],[6.48056,53.2085],[6.53206,53.2122],[6.54922,53.25125],[6.59454,53.25618],[6.62201,53.22782],[6.75934,53.14883],[6.76964,53.10062],[7.03537,52.92174],[7.05872,52.86416],[7.0873,52.84996],[7.09266,52.83821],[7.07155,52.81044],[7.05572,52.64342],[7.04179,52.63269],[7.01748,52.63759],[7.07444,52.61957],[7.1424,52.58767],[7.14631,52.53491],[7.14626,52.50666],[7.15768,52.47996],[7.18102,52.45575],[7.2031,52.44394],[7.21244,52.44682],[7.25763,52.34077],[7.31724,52.28003],[7.29853,52.26406],[7.15605,52.26637],[7.11292,52.25521],[7.10536,52.24451],[7.06579,52.24124],[7.04239,52.25614],[7.02604,52.28347],[7.0711,52.35101],[7.07215,52.37361],[7.05715,52.39944],[7.03587,52.4028],[7.00943,52.43311],[6.9918,52.46738],[6.98082,52.46702],[6.96219,52.44398],[6.94166,52.43543],[6.85254,52.44991],[6.8543,52.45971],[6.75273,52.46411],[6.69752,52.48632],[6.70533,52.52101],[6.68455,52.55289],[6.711,52.54924],[6.72758,52.56271],[6.76666,52.56353],[6.71877,52.58864],[6.72488,52.61863],[6.71006,52.62787],[6.74181,52.64532],[6.70166,52.62765],[6.70775,52.64884],[6.60072,52.67222],[6.51695,52.64681],[6.52245,52.61764],[6.38168,52.61431],[6.33293,52.66056],[6.15234,52.68845],[6.1338,52.73421],[6.21277,52.77245],[6.21483,52.7982],[6.1805,52.80359],[6.11732,52.8513]],[[6.50803,51.44374],[6.5245,51.45272],[6.5348,51.46984],[6.55815,51.47796],[6.5609,51.49592],[6.57394,51.5049],[6.56776,51.51729],[6.61308,51.52071],[6.62956,51.54078],[6.62544,51.55018],[6.57394,51.54975],[6.57188,51.56939],[6.55764,51.57862],[6.59836,51.59136],[6.60092,51.57179],[6.6251,51.56042],[6.67351,51.56299],[6.66561,51.52712],[6.6754,51.50922],[6.72295,51.51152],[6.71642,51.49699],[6.69411,51.49207],[6.68037,51.47946],[6.71917,51.46599],[6.7226,51.45422],[6.7099,51.44224],[6.73874,51.41463],[6.74393,51.39529],[6.71344,51.37486],[6.67426,51.36903],[6.64467,51.38335],[6.61514,51.37564],[6.61377,51.39835],[6.57806,51.40006],[6.56914,51.41591],[6.53892,51.4082],[6.53412,51.43689],[6.50871,51.43689],[6.50803,51.44374]],[[6.50837,51.36021],[6.51455,51.37028],[6.53721,51.36749],[6.57484,51.34754],[6.59412,51.32245],[6.54865,51.30864],[6.53,51.32546],[6.53137,51.33833],[6.51318,51.35099],[6.50837,51.36021]],[[6.89701,51.38882],[6.92482,51.40611],[6.92619,51.42918],[6.94611,51.43989],[6.95812,51.43175],[6.98559,51.43346],[7.01614,51.41912],[7.04567,51.41869],[7.06318,51.43903],[7.0797,51.44299],[7.09597,51.41041],[7.1186,51.39234],[7.1173,51.38078],[7.03597,51.34713],[6.99117,51.35876],[6.96696,51.34734],[6.95151,51.34863],[6.89701,51.38882]],[[7.52357,49.3334],[7.55962,49.35666],[7.58194,49.34459],[7.584,49.33452],[7.56409,49.3108],[7.57473,49.29121],[7.56804,49.27643],[7.55628,49.2729],[7.52804,49.29893],[7.52357,49.3334]],[[7.70142,49.49846],[7.71618,49.50359],[7.75532,49.4911],[7.75429,49.47616],[7.73815,49.47348],[7.70142,49.49846]],[[7.76115,49.54504],[7.81128,49.58712],[7.84767,49.59402],[7.8669,49.61894],[7.86346,49.62806],[7.88509,49.62217],[7.88561,49.60893],[7.90003,49.60303],[7.94089,49.60378],[7.94406,49.60609],[7.9771,49.60821],[7.97028,49.59514],[7.93754,49.58807],[7.94449,49.56664],[7.87411,49.56152],[7.86346,49.54526],[7.76974,49.53412],[7.76115,49.54504]],[[7.83136,49.37287],[7.83325,49.38707],[7.87994,49.40986],[7.89127,49.40159],[7.92114,49.41991],[7.93041,49.42058],[7.93934,49.40852],[7.91943,49.38751],[7.90501,49.39355],[7.88544,49.38841],[7.87582,49.37634],[7.84836,49.36684],[7.83136,49.37287]],[[7.83892,49.6834],[7.84269,49.70615],[7.86235,49.7055],[7.86535,49.71643],[7.8772,49.71038],[7.89196,49.71849],[7.90295,49.71527],[7.89127,49.70172],[7.89977,49.6934],[7.90732,49.69634],[7.90835,49.68612],[7.87788,49.66196],[7.8566,49.66241],[7.83892,49.6834]],[[7.84475,49.13439],[7.86458,49.14404],[7.86273,49.15603],[7.87469,49.15346],[7.90123,49.17463],[7.90981,49.16363],[7.89883,49.14882],[7.92054,49.12927],[7.90569,49.11849],[7.85952,49.11658],[7.85377,49.13158],[7.84475,49.13439]],[[7.88836,49.19057],[7.91771,49.2102],[7.9511,49.18619],[7.93788,49.17716],[7.91479,49.17811],[7.90552,49.18872],[7.88836,49.19057]],[[7.92626,50.57606],[7.97055,50.601],[7.99084,50.59389],[7.99315,50.57539],[8.02617,50.57314],[8.04038,50.55254],[7.99592,50.52511],[7.96683,50.5355],[7.96899,50.55196],[7.95616,50.56251],[7.93297,50.56461],[7.92626,50.57606]],[[7.92664,49.8776],[7.95959,49.86986],[7.92973,49.86477],[7.92664,49.8776]],[[7.94311,49.45273],[7.95719,49.46344],[7.94998,49.48374],[7.9565,49.48909],[8.00182,49.4989],[8.01075,49.50916],[8.04234,49.51875],[8.0801,49.53301],[8.04199,49.52298],[8.08044,49.54526],[8.10113,49.55423],[8.09392,49.56314],[8.12396,49.56759],[8.12757,49.57427],[8.11516,49.58465],[8.08671,49.57571],[8.07838,49.58952],[8.08765,49.61116],[8.12096,49.62094],[8.1292,49.61182],[8.18825,49.6185],[8.18413,49.63495],[8.19374,49.63606],[8.19099,49.65163],[8.20747,49.65274],[8.23151,49.61783],[8.20473,49.61204],[8.21468,49.60159],[8.23391,49.60448],[8.21022,49.59358],[8.21022,49.58334],[8.18584,49.58067],[8.18962,49.55528],[8.20507,49.55606],[8.21588,49.52465],[8.16833,49.52599],[8.17417,49.5173],[8.18859,49.51797],[8.19237,49.50431],[8.18447,49.50052],[8.19477,49.4945],[8.25829,49.49534],[8.25142,49.4824],[8.2188,49.46835],[8.22052,49.46322],[8.16147,49.45451],[8.15872,49.46277],[8.13366,49.46656],[8.11512,49.46143],[8.13229,49.4525],[8.08662,49.43799],[8.0595,49.40248],[8.02448,49.39668],[8.0444,49.38908],[8.0492,49.37477],[8.02448,49.36605],[7.98809,49.39087],[8.01865,49.39198],[8.02483,49.42348],[8.01144,49.4179],[7.99496,49.42348],[8.02139,49.43286],[7.99496,49.43308],[8.02757,49.44558],[8.01693,49.45764],[8.00732,49.44759],[7.99564,49.44893],[7.99461,49.44201],[7.98157,49.44291],[7.97813,49.45094],[7.95891,49.44179],[7.94311,49.45273]],[[7.94809,49.6185],[7.97856,49.61922],[7.96947,49.61288],[7.97709,49.60821],[7.94904,49.60821],[7.94809,49.6185]],[[8.02929,49.83068],[8.04028,49.83953],[8.05813,49.83577],[8.06259,49.8165],[8.04989,49.80121],[8.03032,49.80941],[8.02929,49.83068]],[[8.03345,49.68479],[8.05354,49.69923],[8.11615,49.68673],[8.0777,49.67829],[8.03345,49.68479]],[[8.05126,49.25212],[8.0825,49.25638],[8.10894,49.24697],[8.07598,49.24383],[8.05126,49.25212]],[[8.15014,50.41274],[8.16368,50.42082],[8.1763,50.41784],[8.17756,50.40909],[8.16246,50.40679],[8.15014,50.41274]],[[8.15392,49.77273],[8.21743,49.77694],[8.23322,49.76253],[8.19305,49.749],[8.16627,49.75122],[8.17074,49.75831],[8.15495,49.75965],[8.15392,49.77273]],[[8.19683,49.72204],[8.21571,49.72981],[8.2909,49.74356],[8.33828,49.73713],[8.33828,49.72426],[8.26961,49.72404],[8.20301,49.71338],[8.19683,49.72204]],[[8.21194,49.58735],[8.23287,49.5879],[8.28087,49.58671],[8.27494,49.53925],[8.24043,49.53724],[8.23254,49.54816],[8.21983,49.54638],[8.21297,49.55551],[8.22155,49.56041],[8.21194,49.58735]],[[8.21537,49.81938],[8.22395,49.82226],[8.27064,49.80454],[8.33004,49.82957],[8.3321,49.81096],[8.38457,49.81736],[8.40002,49.80347],[8.3551,49.78348],[8.25871,49.78769],[8.21537,49.81938]],[[8.22584,49.78703],[8.24387,49.79279],[8.2587,49.78769],[8.24816,49.77794],[8.22584,49.78703]],[[8.23528,49.8289],[8.23837,49.84064],[8.27923,49.84197],[8.27854,49.83289],[8.26069,49.82337],[8.23528,49.8289]],[[8.27511,49.60915],[8.27751,49.61583],[8.37398,49.61649],[8.39012,49.62761],[8.41827,49.62761],[8.44299,49.61293],[8.48694,49.6136],[8.51629,49.62261],[8.53243,49.61861],[8.57277,49.63362],[8.56187,49.60359],[8.59092,49.60048],[8.58985,49.59227],[8.55449,49.58582],[8.51346,49.58687],[8.49502,49.57312],[8.46412,49.58959],[8.4225,49.58375],[8.41417,49.55912],[8.42334,49.54107],[8.39424,49.54994],[8.3757,49.53969],[8.37227,49.54727],[8.35304,49.55194],[8.35922,49.55796],[8.31665,49.54994],[8.31116,49.55528],[8.32455,49.56085],[8.31682,49.56753],[8.3248,49.58189],[8.34369,49.59554],[8.33798,49.60117],[8.29039,49.59091],[8.28335,49.60826],[8.27511,49.60915]],[[8.27579,49.42281],[8.27991,49.43375],[8.30772,49.43018],[8.29124,49.39399],[8.283,49.39332],[8.27579,49.42281]],[[9.24499,49.61004],[9.24946,49.62383],[9.26525,49.63184],[9.26147,49.64562],[9.29426,49.65518],[9.35065,49.63351],[9.33117,49.6096],[9.30988,49.61805],[9.29272,49.61538],[9.29787,49.58979],[9.34456,49.54771],[9.3092,49.53301],[9.27538,49.56778],[9.26353,49.57822],[9.26903,49.58367],[9.24757,49.59458],[9.25495,49.60203],[9.24499,49.61004]],[[9.38035,49.60693],[9.40258,49.64007],[9.41975,49.6394],[9.43554,49.66407],[9.44378,49.66496],[9.48584,49.65841],[9.48429,49.6474],[9.50901,49.65074],[9.52412,49.62116],[9.53751,49.62339],[9.54781,49.60982],[9.56463,49.61116],[9.56669,49.60359],[9.53888,49.58223],[9.5335,49.56709],[9.51064,49.56631],[9.49116,49.57866],[9.46335,49.56286],[9.43863,49.56085],[9.44086,49.57254],[9.42163,49.58979],[9.40395,49.58712],[9.38035,49.60693]],[[9.4945,50.87493],[9.5472,50.89529],[9.56098,50.91348],[9.59657,50.93025],[9.61555,50.92243],[9.69209,50.92576],[9.71191,50.90991],[9.75303,50.90872],[9.75534,50.89632],[9.74848,50.89903],[9.73028,50.88603],[9.81302,50.85704],[9.9337,50.86377],[9.98202,50.84958],[10.04447,50.87623],[10.0614,50.87639],[10.05047,50.85657],[10.05421,50.85085],[10.04099,50.84091],[10.05708,50.82098],[10.07863,50.80996],[10.07811,50.7895],[10.08584,50.7838],[10.07493,50.78277],[10.06884,50.76116],[10.0597,50.75981],[10.09721,50.7402],[10.07569,50.71965],[10.07867,50.70691],[10.04344,50.73358],[10.04811,50.748],[10.04004,50.75764],[9.98803,50.76559],[9.96913,50.78267],[9.94355,50.77134],[9.95469,50.786],[9.94404,50.79392],[9.95657,50.8096],[9.95224,50.82147],[9.8992,50.81659],[9.8922,50.81082],[9.89563,50.79005],[9.88087,50.79593],[9.81212,50.79438],[9.79929,50.80645],[9.80689,50.81391],[9.79058,50.81987],[9.74041,50.8074],[9.72878,50.8202],[9.69981,50.81263],[9.69473,50.79975],[9.62892,50.77984],[9.60217,50.75856],[9.55977,50.76294],[9.55261,50.7838],[9.50111,50.81011],[9.51056,50.82822],[9.50661,50.83381],[9.51759,50.83934],[9.4945,50.87493]],[[9.52721,50.18965],[9.54369,50.20064],[9.5636,50.19624],[9.57561,50.23227],[9.58248,50.22173],[9.60411,50.22217],[9.66694,50.23974],[9.68239,50.23096],[9.68513,50.20943],[9.70024,50.20284],[9.68307,50.17602],[9.61613,50.17998],[9.52858,50.16788],[9.52721,50.18965]],[[9.68685,49.31729],[9.70093,49.32691],[9.71947,49.32445],[9.70505,49.33452],[9.71054,49.33966],[9.73801,49.3381],[9.73045,49.35152],[9.76067,49.34302],[9.75178,49.36169],[9.78012,49.38321],[9.81148,49.3788],[9.83585,49.3855],[9.84032,49.3788],[9.83036,49.37321],[9.84169,49.37276],[9.8489,49.34928],[9.8386,49.34392],[9.86435,49.32646],[9.84066,49.31416],[9.79809,49.3334],[9.75552,49.31841],[9.68685,49.31729]],[[9.75208,49.20392],[9.75414,49.21109],[9.78744,49.20616],[9.78916,49.18978],[9.78126,49.18844],[9.7617,49.1927],[9.75208,49.20392]],[[10.07442,50.87853],[10.09386,50.89296],[10.11146,50.89313],[10.13729,50.9072],[10.14261,50.89416],[10.16991,50.90244],[10.17909,50.88268],[10.19797,50.87954],[10.21085,50.89416],[10.2202,50.88771],[10.19033,50.87277],[10.18518,50.86553],[10.21008,50.86253],[10.18875,50.85256],[10.14278,50.85687],[10.11433,50.86862],[10.10021,50.86556],[10.09219,50.87407],[10.07579,50.87206],[10.07442,50.87853]],[[10.34706,49.66985],[10.38071,49.68407],[10.40405,49.6663],[10.44096,49.66185],[10.45692,49.6484],[10.45761,49.63251],[10.39719,49.60671],[10.38277,49.61382],[10.3759,49.64273],[10.34706,49.66985]],[[10.36788,51.55728],[10.37848,51.5624],[10.3738,51.58827],[10.42594,51.59238],[10.48748,51.57288],[10.4857,51.55653],[10.4733,51.55125],[10.48016,51.54772],[10.49276,51.55427],[10.51156,51.54845],[10.50359,51.56233],[10.5319,51.56797],[10.53361,51.59743],[10.51692,51.6102],[10.52675,51.62285],[10.54142,51.61494],[10.58349,51.61529],[10.56718,51.60963],[10.58116,51.58648],[10.56743,51.57954],[10.5707,51.56538],[10.5912,51.56987],[10.58561,51.58321],[10.62717,51.57075],[10.6459,51.55905],[10.66047,51.56065],[10.66276,51.58029],[10.63818,51.5844],[10.63182,51.60386],[10.64707,51.60894],[10.6381,51.61928],[10.68147,51.62993],[10.6759,51.63754],[10.70169,51.64095],[10.66779,51.67014],[10.66644,51.69516],[10.70558,51.69437],[10.70729,51.68192],[10.73806,51.67101],[10.76514,51.66941],[10.77973,51.68033],[10.78257,51.66122],[10.76171,51.65658],[10.76295,51.64908],[10.81183,51.63938],[10.81836,51.62457],[10.86205,51.63166],[10.89312,51.60602],[10.86368,51.57851],[10.86788,51.56208],[10.85775,51.55173],[10.86608,51.53827],[10.89672,51.53593],[10.90221,51.52445],[10.89655,51.52156],[10.90805,51.50912],[10.92153,51.50933],[10.9271,51.49683],[10.93972,51.50089],[10.95929,51.49186],[10.98285,51.4785],[10.9938,51.46204],[10.9697,51.45829],[10.85072,51.48518],[10.82239,51.49806],[10.82608,51.51414],[10.80136,51.52258],[10.77636,51.51826],[10.77948,51.51217],[10.75531,51.50466],[10.75441,51.48864],[10.78609,51.47652],[10.76961,51.4501],[10.7781,51.4409],[10.76866,51.43667],[10.77441,51.42587],[10.79638,51.42747],[10.80523,51.41591],[10.77888,51.40694],[10.7666,51.39125],[10.71733,51.40006],[10.69382,51.39556],[10.6818,51.3841],[10.71742,51.36519],[10.70068,51.33233],[10.66378,51.35656],[10.63305,51.36171],[10.64472,51.36899],[10.62292,51.3736],[10.6267,51.38228],[10.60558,51.37467],[10.60696,51.36626],[10.58507,51.36739],[10.57863,51.37907],[10.59073,51.38507],[10.57417,51.38796],[10.56473,51.38619],[10.57692,51.37371],[10.57151,51.36749],[10.56001,51.38533],[10.54722,51.37141],[10.52885,51.36583],[10.50362,51.38378],[10.50465,51.39878],[10.48817,51.42726],[10.47272,51.43539],[10.46585,51.45636],[10.42705,51.46214],[10.43392,51.47689],[10.46722,51.48566],[10.46448,51.49656],[10.47718,51.50297],[10.47958,51.51836],[10.46836,51.54403],[10.36796,51.54332],[10.36788,51.55728]],[[10.56335,49.76042],[10.56747,49.77417],[10.60867,49.77417],[10.59425,49.78836],[10.60524,49.80697],[10.65124,49.79722],[10.64987,49.73779],[10.56335,49.76042]],[[10.77074,50.8588],[10.8037,50.88681],[10.81857,50.88972],[10.82076,50.921],[10.8599,50.91633],[10.86179,50.87954],[10.87432,50.87759],[10.86228,50.85126],[10.84519,50.83862],[10.78705,50.84298],[10.77074,50.8588]],[[10.78128,50.9855],[10.83561,51.00738],[10.88874,50.99496],[10.91526,51.0036],[10.91105,51.02091],[10.8699,51.02774],[10.86925,51.05769],[10.8308,51.0729],[10.83801,51.09506],[10.88011,51.09811],[10.88402,51.0839],[10.9102,51.08854],[10.94976,51.10083],[10.9477,51.11575],[10.95732,51.1185],[10.95097,51.12486],[10.96993,51.12378],[10.98092,51.09749],[10.96393,51.08649],[10.98768,51.03575],[11.0253,51.03082],[11.02761,51.05898],[11.02004,51.06046],[11.02306,51.06637],[11.04109,51.06513],[11.0435,51.07959],[11.08126,51.07419],[11.08538,51.06459],[11.12761,51.08207],[11.12589,51.05995],[11.14735,51.06556],[11.15868,51.05715],[11.17653,51.07031],[11.20623,51.036],[11.19524,51.02131],[11.21361,51.00609],[11.23661,51.00717],[11.2258,50.99658],[11.24073,50.98469],[11.26648,50.98545],[11.26682,50.97075],[11.22116,50.94999],[11.23215,50.94588],[11.22082,50.93052],[11.25343,50.88874],[11.24622,50.87515],[11.20829,50.88224],[11.20633,50.86473],[11.18073,50.87856],[11.17172,50.87504],[11.18823,50.87247],[11.17777,50.8669],[11.15209,50.87696],[11.12666,50.90248],[11.1134,50.89261],[11.03559,50.88024],[11.02444,50.85901],[11.00513,50.86367],[10.995,50.87369],[11.00718,50.89451],[11.05508,50.89619],[11.05538,50.90953],[10.98036,50.90433],[10.97032,50.92197],[11.02255,50.92944],[11.0259,50.93758],[11.00238,50.93853],[10.9998,50.94832],[10.95298,50.93791],[10.93869,50.94707],[10.91219,50.94115],[10.91612,50.93028],[10.90479,50.92251],[10.87638,50.92744],[10.86848,50.94183],[10.89691,50.94527],[10.89427,50.96051],[10.85535,50.96327],[10.8523,50.95232],[10.82698,50.95134],[10.83183,50.99048],[10.81368,50.9798],[10.78128,50.9855]],[[10.87887,43.76502],[11.10409,43.81818],[11.16005,43.90482],[11.10392,43.93548],[11.12795,44.01924],[11.3269,43.97997],[11.41183,43.9909],[11.57272,43.88998],[11.43368,43.75659],[11.55933,43.62216],[11.61461,43.52652],[11.40931,43.43796],[11.19404,43.41689],[11.05568,43.57815],[10.93159,43.65339],[10.87887,43.76502]],[[10.93492,52.46451],[10.94333,52.49234],[10.9753,52.50141],[11.03508,52.49822],[11.05122,52.50828],[11.0919,52.45109],[11.14614,52.41938],[11.1479,52.38453],[11.06503,52.37701],[11.02195,52.39349],[10.96144,52.4355],[10.93492,52.46451]],[[10.93637,48.85715],[10.95474,48.88052],[10.9417,48.90625],[10.99594,48.92927],[11.03542,48.90986],[11.0368,48.89994],[10.99766,48.87014],[10.97946,48.87172],[10.97671,48.85726],[10.93637,48.85715]],[[11.06143,51.15033],[11.08604,51.15084],[11.08523,51.16866],[11.11535,51.17418],[11.11535,51.18497],[11.12765,51.18037],[11.12209,51.1719],[11.15705,51.16327],[11.17413,51.12766],[11.17481,51.10568],[11.13842,51.09199],[11.09327,51.1122],[11.10194,51.11813],[11.09714,51.12754],[11.064,51.12907],[11.06143,51.15033]],[[11.19061,43.2842],[11.25326,43.34665],[11.28914,43.35864],[11.33017,43.35864],[11.48277,43.25371],[11.53942,43.1849],[11.53736,43.13356],[11.49204,43.11477],[11.41823,43.12354],[11.20434,43.26296],[11.19061,43.2842]],[[11.22597,51.07053],[11.26596,51.07301],[11.27197,51.06093],[11.25695,51.05461],[11.26262,51.05192],[11.273,51.05181],[11.27983,51.06241],[11.31214,51.05353],[11.29575,51.03152],[11.27438,51.02553],[11.22854,51.04938],[11.22597,51.07053]],[[11.25481,51.10266],[11.25642,51.1308],[11.28678,51.12743],[11.29429,51.12594],[11.28227,51.1018],[11.25481,51.10266]],[[11.28931,50.86713],[11.32038,50.87293],[11.35283,50.89491],[11.3572,50.91088],[11.33823,50.92414],[11.38098,50.92533],[11.39471,50.90238],[11.41806,50.89778],[11.39943,50.89047],[11.37875,50.86469],[11.40947,50.85733],[11.40501,50.8331],[11.36373,50.83158],[11.35842,50.81517],[11.33506,50.81891],[11.30733,50.80449],[11.28931,50.86713]],[[11.55281,48.89452],[11.56929,48.91663],[11.56174,48.92205],[11.57204,48.92746],[11.69014,48.93017],[11.71143,48.93694],[11.73614,48.92611],[11.76224,48.93739],[11.84326,48.92656],[11.86438,48.94156],[11.88686,48.93118],[11.9224,48.93457],[11.93665,48.92205],[11.93974,48.90761],[11.95158,48.90417],[11.97063,48.90812],[11.97063,48.91833],[11.99364,48.93023],[12.0005,48.90953],[12.01046,48.90569],[12.08067,48.89971],[12.11123,48.90625],[12.14521,48.88944],[12.13783,48.87623],[12.02951,48.88481],[12.00617,48.87533],[11.96943,48.8856],[11.94077,48.88199],[11.92532,48.88899],[11.92592,48.91122],[11.89613,48.90733],[11.85468,48.91511],[11.83309,48.89852],[11.84051,48.87759],[11.86798,48.87714],[11.92635,48.8245],[11.9648,48.82947],[11.99158,48.8141],[12.01836,48.81048],[12.01904,48.79013],[12.03072,48.78741],[12.03552,48.79691],[12.05543,48.78108],[12.05337,48.77429],[12.06505,48.77158],[12.06505,48.76388],[12.00806,48.758],[11.98746,48.7331],[11.95244,48.74713],[11.93802,48.734],[11.95862,48.72404],[11.94832,48.70864],[11.92497,48.70999],[11.91399,48.71679],[11.91536,48.72494],[11.89682,48.72177],[11.87416,48.74849],[11.84875,48.73763],[11.84807,48.72359],[11.8158,48.67373],[11.79794,48.67917],[11.80481,48.68733],[11.7952,48.69323],[11.76498,48.68053],[11.76704,48.7109],[11.79176,48.71634],[11.81854,48.73627],[11.80824,48.76886],[11.78215,48.7666],[11.77116,48.7752],[11.77872,48.78515],[11.754,48.78606],[11.7437,48.77791],[11.67366,48.80325],[11.65237,48.80415],[11.64688,48.81546],[11.63177,48.81093],[11.58577,48.82495],[11.57135,48.848],[11.57547,48.85704],[11.5638,48.89091],[11.55281,48.89452]],[[11.60371,51.66585],[11.61272,51.67692],[11.61066,51.69139],[11.63444,51.69448],[11.62594,51.70581],[11.61538,51.70347],[11.62354,51.73229],[11.69297,51.72485],[11.68894,51.72059],[11.70791,51.71506],[11.71443,51.72642],[11.72529,51.72604],[11.72327,51.73248],[11.69396,51.74274],[11.73022,51.74491],[11.74271,51.73888],[11.77507,51.75265],[11.77975,51.73224],[11.79773,51.72376],[11.80202,51.69959],[11.81271,51.68708],[11.863,51.67788],[11.92403,51.64593],[11.92802,51.66468],[11.9487,51.66673],[11.94583,51.64521],[11.93308,51.63994],[11.9454,51.63088],[11.91502,51.62553],[11.96793,51.62665],[11.95188,51.61962],[11.95321,51.60093],[11.98299,51.6012],[11.99188,51.5847],[11.98016,51.57491],[12.01977,51.58022],[12.0226,51.59243],[12.04621,51.58432],[12.16483,51.5764],[12.16936,51.54975],[12.07801,51.53406],[12.08183,51.52228],[12.11895,51.5276],[12.12762,51.51729],[12.08633,51.50832],[12.07106,51.51238],[12.07415,51.50255],[12.05441,51.494],[12.09028,51.49143],[12.08771,51.48534],[12.03896,51.48812],[12.03844,51.47657],[12.05655,51.45962],[12.07432,51.45962],[12.07664,51.45369],[12.15088,51.45893],[12.17023,51.42316],[12.16521,51.40653],[12.11678,51.41821],[12.09026,51.42324],[12.08485,51.39125],[12.06473,51.38712],[12.04556,51.39457],[12.05559,51.42074],[12.04991,51.42247],[12.01929,51.40213],[11.95536,51.4067],[11.95347,51.41612],[11.94231,51.41537],[11.9442,51.42394],[11.95553,51.42009],[11.95278,51.43325],[11.92592,51.44593],[11.92931,51.45746],[11.93716,51.45176],[11.95338,51.46834],[11.9484,51.47753],[11.95463,51.47991],[11.94317,51.48138],[11.85305,51.46048],[11.83571,51.42405],[11.81957,51.45545],[11.80133,51.46619],[11.82335,51.47524],[11.82884,51.46657],[11.84618,51.46957],[11.86447,51.48696],[11.86335,51.49277],[11.83339,51.49827],[11.83245,51.51109],[11.84206,51.51291],[11.8388,51.52818],[11.81923,51.53299],[11.82026,51.55616],[11.83219,51.5696],[11.79863,51.5727],[11.79125,51.58368],[11.75949,51.58262],[11.75245,51.63304],[11.72104,51.62995],[11.69323,51.64881],[11.60371,51.66585]],[[11.86678,51.7409],[11.87867,51.73936],[11.87695,51.75047],[11.88433,51.75079],[11.90875,51.7404],[11.90991,51.73346],[11.90669,51.727],[11.87034,51.73397],[11.86678,51.7409]],[[12.77985,47.60362],[12.77985,47.6337],[12.82173,47.65706],[12.83203,47.64319],[12.85057,47.64642],[12.83684,47.66631],[12.85263,47.67926],[12.8849,47.68249],[12.89791,47.69157],[12.95185,47.70595],[12.97914,47.6907],[12.9891,47.69393],[13.00816,47.72203],[13.01798,47.72299],[13.07373,47.69174],[13.09811,47.64226],[13.09639,47.62954],[13.06292,47.60003],[13.06995,47.58614],[13.04317,47.58347],[13.04146,47.57629],[13.05777,47.56101],[13.0315,47.53691],[13.04523,47.52555],[13.04747,47.49215],[13.02979,47.48705],[13.00936,47.465],[12.99477,47.47081],[12.99477,47.478],[12.97451,47.48415],[12.96867,47.47417],[12.92078,47.49343],[12.88404,47.52056],[12.85057,47.53215],[12.84697,47.54629],[12.81967,47.54537],[12.79753,47.55394],[12.78122,47.57351],[12.79341,47.59331],[12.77985,47.60362]],[[12.87615,52.01961],[12.90413,52.0357],[12.97623,52.02483],[12.96249,52.04278],[12.90859,52.06389],[12.9388,52.10651],[12.99305,52.09617],[12.98241,52.12927],[12.95151,52.14276],[12.98447,52.14697],[13.09759,52.2176],[13.10686,52.24515],[13.13519,52.26217],[13.17003,52.26784],[13.21793,52.23495],[13.20591,52.22507],[13.19218,52.19077],[13.19424,52.15498],[13.22239,52.11958],[13.25088,52.11157],[13.26754,52.08694],[13.32719,52.07745],[13.32308,52.05402],[13.33575,52.05847],[13.36092,52.0416],[13.35603,51.9982],[13.34298,51.98953],[13.31543,51.98932],[13.31998,51.97336],[13.34607,51.97098],[13.35043,51.95869],[13.37577,51.95659],[13.37302,51.97346],[13.45014,51.97185],[13.45439,51.92712],[13.48203,51.93268],[13.49211,51.92752],[13.49464,51.91351],[13.52142,51.90578],[13.51619,51.87877],[13.54181,51.87869],[13.55284,51.89077],[13.55155,51.90322],[13.5782,51.89652],[13.57537,51.88884],[13.54237,51.87856],[13.53906,51.86608],[13.50537,51.86579],[13.51258,51.83074],[13.45851,51.84819],[13.40796,51.81644],[13.36315,51.83026],[13.31019,51.83055],[13.30062,51.83965],[13.31358,51.8449],[13.31805,51.86308],[13.33225,51.87776],[13.33328,51.90547],[13.37268,51.91452],[13.37804,51.92987],[13.35465,51.93567],[13.35259,51.94675],[13.32298,51.93728],[13.29517,51.94495],[13.25483,51.93977],[13.25372,51.92717],[13.27054,51.91489],[13.26606,51.89468],[13.23295,51.89493],[13.23003,51.87808],[13.16505,51.88433],[13.15853,51.86067],[13.15106,51.85953],[13.14965,51.87217],[13.13201,51.88237],[13.08482,51.8737],[13.08789,51.89461],[13.08017,51.90615],[13.03171,51.90145],[13.03905,51.91791],[13.05785,51.91516],[13.06575,51.9349],[13.05339,51.94109],[13.00215,51.94448],[12.99399,51.94792],[12.99172,51.96106],[12.96846,51.96237],[12.96953,51.97536],[12.95666,51.97758],[12.93142,51.97209],[12.92911,51.96135],[12.90404,51.96236],[12.90413,51.98158],[12.93235,51.98787],[12.93162,51.99338],[12.88512,52.00549],[12.87615,52.01961]],[[13.28796,48.33845],[13.35714,48.36885],[13.37628,48.35732],[13.31989,48.31859],[13.28796,48.33845]]],[[[5.62365,49.18261],[5.64976,49.12386],[5.66894,49.1368],[5.70396,49.14129],[5.7074,49.15836],[5.65796,49.17003],[5.67993,49.17901],[5.67993,49.18888],[5.65178,49.19158],[5.62706,49.18126],[5.62365,49.18261]]],[[[5.65696,49.10768],[5.67858,49.05902],[5.73967,49.07567],[5.73993,49.08595],[5.72473,49.09405],[5.69984,49.09141],[5.66208,49.10804],[5.65696,49.10768]]],[[[5.70723,49.42058],[5.73229,49.39846],[5.80233,49.39757],[5.83254,49.41187],[5.85485,49.44023],[5.83803,49.45027],[5.81846,49.44268],[5.79924,49.44782],[5.7704,49.43442],[5.73915,49.43844],[5.70723,49.42058]]],[[[5.86876,49.37489],[5.8897,49.35409],[5.88919,49.34369],[5.91854,49.37276],[5.89708,49.38316],[5.86876,49.37489]]],[[[7.42782,47.46217],[7.52963,47.46217],[7.53589,47.51387],[7.52346,47.51867],[7.53048,47.52976],[7.51728,47.52944],[7.4295,47.46245],[7.42782,47.46217]]],[[[7.54421,47.55973],[7.55466,47.56437],[7.56469,47.5573],[7.55585,47.54444],[7.58142,47.54386],[7.59443,47.51932],[7.61353,47.52114],[7.60529,47.46988],[7.62657,47.46338],[7.626,47.46217],[8.27922,47.46217],[8.27545,47.46431],[8.25485,47.59042],[8.18344,47.65706],[7.96509,47.59135],[7.92938,47.61264],[7.85385,47.62005],[7.80304,47.59783],[7.69317,47.57838],[7.61764,47.61913],[7.57233,47.61172],[7.54421,47.55973]]],[[[8.29888,44.50364],[8.3319,44.2905],[8.33761,44.29901],[8.33897,44.31992],[8.35537,44.33206],[8.34394,44.35061],[8.37691,44.4077],[8.44443,44.43873],[8.46392,44.469],[8.46098,44.49278],[8.44841,44.49866],[8.45104,44.50332],[8.44653,44.49877],[8.41743,44.51283],[8.39915,44.50095],[8.39407,44.47909],[8.35849,44.46494],[8.35005,44.48481],[8.32399,44.48764],[8.30255,44.50326],[8.29888,44.50364]]],[[[8.42105,47.29887],[8.42788,47.18609],[8.44299,47.20278],[8.42926,47.28296],[8.42105,47.29887]]],[[[8.58872,44.52684],[8.61191,44.54791],[8.60006,44.55366],[8.60105,44.54586],[8.58872,44.52684]]],[[[8.59857,44.5655],[8.59953,44.55791],[8.61876,44.57663],[8.62302,44.59689],[8.61736,44.59995],[8.62111,44.58855],[8.60716,44.58258],[8.59857,44.5655]]],[[[8.68708,53.77632],[8.69143,53.7658],[8.7089,53.76962],[8.71268,53.73602],[8.76898,53.69098],[8.76451,53.68245],[8.82653,53.68006],[8.85942,53.65163],[8.89279,53.64532],[8.90387,53.65114],[8.93751,53.63437],[8.94768,53.63815],[8.95454,53.65919],[8.936,53.66539],[8.96261,53.69701],[8.96113,53.7663],[8.84848,53.74968],[8.68708,53.77632]]],[[[9.64668,49.92028],[9.66574,49.89983],[9.65801,49.89486],[9.6599,49.88651],[9.67183,49.88761],[9.70882,49.85846],[9.74367,49.86045],[9.73921,49.88844],[9.70076,49.88922],[9.68651,49.90005],[9.73526,49.91365],[9.72015,49.93045],[9.66608,49.92879],[9.64668,49.92028]]],[[[9.67597,49.69326],[9.73587,49.68776],[9.7512,49.697],[9.75289,49.71015],[9.7916,49.73093],[9.75534,49.75],[9.72393,49.74412],[9.70073,49.71696],[9.677,49.71636],[9.67597,49.69326]]],[[[9.67621,49.80564],[9.7023,49.77838],[9.73045,49.78947],[9.71844,49.81938],[9.68239,49.81539],[9.67621,49.80564]]],[[[9.7641,50.07433],[9.76616,50.06067],[9.79294,50.05405],[9.79912,50.07565],[9.77989,50.08138],[9.7641,50.07433]]],[[[9.83826,49.91763],[9.89044,49.92603],[9.89044,49.96491],[9.8568,49.96889],[9.85611,49.93796],[9.83826,49.91763]]],[[[9.89943,50.84058],[9.93664,50.8368],[9.94374,50.84516],[9.90512,50.86039],[9.89943,50.84058]]],[[[9.90005,49.67118],[9.93233,49.66718],[9.91585,49.64718],[9.92821,49.62317],[9.95293,49.62317],[9.96323,49.65829],[9.95087,49.67518],[9.96323,49.68585],[10.03052,49.67563],[10.02434,49.69651],[9.94949,49.7085],[9.92958,49.68496],[9.90555,49.68451],[9.90005,49.67118]]],[[[10.0415,49.71915],[10.06004,49.71471],[10.06142,49.70272],[10.09781,49.7156],[10.11291,49.7338],[10.10536,49.74223],[10.0415,49.72803],[10.0415,49.71915]]],[[[10.09712,49.65518],[10.14793,49.64896],[10.17883,49.68718],[10.12321,49.69562],[10.12802,49.69029],[10.1136,49.68673],[10.09712,49.65518]]],[[[10.12871,49.90127],[10.14107,49.86897],[10.18707,49.8734],[10.17197,49.90392],[10.12871,49.90127]]],[[[10.14862,49.11209],[10.15549,49.10804],[10.16991,49.11276],[10.15274,49.12018],[10.14862,49.11209]]],[[[10.167,50.02836],[10.21242,50.00885],[10.23469,50.01379],[10.24896,50.0192],[10.23878,50.02252],[10.24056,50.03945],[10.2756,50.05763],[10.2603,50.0594],[10.26732,50.06683],[10.25718,50.08596],[10.29453,50.11221],[10.26896,50.13202],[10.31033,50.12938],[10.32337,50.13995],[10.2808,50.14655],[10.27496,50.13929],[10.26157,50.14017],[10.23685,50.12212],[10.22162,50.09146],[10.22946,50.08474],[10.22459,50.06582],[10.20516,50.07271],[10.19493,50.06759],[10.18172,50.05293],[10.18955,50.04348],[10.167,50.02836]]],[[[10.19242,49.12627],[10.21835,49.11862],[10.23239,49.14848],[10.21803,49.15822],[10.21661,49.14888],[10.20608,49.14669],[10.19242,49.12627]]],[[[10.26947,49.89685],[10.27359,49.88534],[10.31273,49.88446],[10.29213,49.91984],[10.27908,49.9163],[10.2832,49.90171],[10.26947,49.89685]]],[[[10.27222,49.85304],[10.27496,49.834],[10.29007,49.83223],[10.31273,49.84463],[10.299,49.85791],[10.27222,49.85304]]],[[[10.35712,49.24327],[10.36827,49.22032],[10.40297,49.22986],[10.4274,49.22253],[10.46585,49.20594],[10.4995,49.21087],[10.48576,49.2019],[10.49057,49.19247],[10.57846,49.17722],[10.56404,49.201],[10.58114,49.2492],[10.53667,49.26199],[10.5159,49.25786],[10.47688,49.26688],[10.47913,49.27741],[10.46325,49.27628],[10.45568,49.2842],[10.44008,49.27833],[10.43887,49.25804],[10.38961,49.26146],[10.37166,49.24412],[10.35712,49.24327]]],[[[10.43083,49.42393],[10.4789,49.4074],[10.47752,49.39712],[10.58533,49.39221],[10.58739,49.41231],[10.54344,49.41544],[10.53589,49.40874],[10.52353,49.41633],[10.54481,49.42616],[10.54207,49.43732],[10.55923,49.45116],[10.46997,49.45072],[10.43083,49.42393]]],[[[10.43745,50.17036],[10.4712,50.17767],[10.46962,50.18744],[10.45008,50.19629],[10.43745,50.17036]]],[[[10.51254,49.96359],[10.5201,49.95741],[10.51598,49.94813],[10.53589,49.94415],[10.56267,49.95299],[10.57915,49.97375],[10.59906,49.9764],[10.6176,49.99053],[10.63957,49.98732],[10.65639,49.97441],[10.69038,49.97419],[10.68901,50.00068],[10.6594,50.04083],[10.68489,50.04849],[10.68591,50.06897],[10.66281,50.07377],[10.65263,50.06975],[10.65478,50.05621],[10.64655,50.05752],[10.62036,50.07759],[10.63168,50.0828],[10.59454,50.09676],[10.57998,50.08718],[10.55072,50.09484],[10.52046,50.08781],[10.5383,50.06932],[10.57351,50.06193],[10.57385,50.05095],[10.61286,50.05054],[10.62157,50.0391],[10.59769,50.02539],[10.53863,50.02362],[10.51666,49.99185],[10.5249,49.97905],[10.51254,49.96359]]],[[[10.5783,50.15989],[10.58646,50.14623],[10.59603,50.14817],[10.59524,50.16052],[10.5783,50.15989]]],[[[10.57983,49.15611],[10.58533,49.12737],[10.62172,49.12242],[10.63133,49.10265],[10.64712,49.11658],[10.67184,49.11254],[10.6897,49.13455],[10.66017,49.19696],[10.61005,49.17901],[10.64712,49.1642],[10.57983,49.15611]]],[[[10.62103,49.23464],[10.6794,49.23105],[10.71785,49.24719],[10.73502,49.24495],[10.77415,49.25884],[10.77965,49.28035],[10.76591,49.28841],[10.74188,49.28304],[10.73502,49.3005],[10.69038,49.31035],[10.65193,49.29916],[10.65262,49.28617],[10.67116,49.28707],[10.65536,49.25167],[10.6279,49.24585],[10.62103,49.23464]]],[[[10.66704,49.05272],[10.66772,49.04507],[10.6842,49.04327],[10.6945,49.02796],[10.74394,49.02841],[10.73364,49.05092],[10.74188,49.05812],[10.69862,49.07072],[10.67596,49.06487],[10.68008,49.05632],[10.66704,49.05272]]],[[[10.68214,49.46455],[10.7103,49.465],[10.72884,49.45474],[10.74737,49.45607],[10.73364,49.48775],[10.71304,49.49445],[10.70343,49.47348],[10.68283,49.47214],[10.68214,49.46455]]],[[[10.78737,49.21233],[10.80557,49.20863],[10.81055,49.21838],[10.79132,49.22175],[10.78737,49.21233]]],[[[10.85449,49.13545],[10.85827,49.12984],[10.87337,49.13433],[10.91217,49.12669],[10.92075,49.13433],[10.8823,49.15319],[10.85449,49.13545]]],[[[10.88127,49.07387],[10.88436,49.0597],[10.91457,49.06374],[10.8902,49.08691],[10.88127,49.07387]]],[[[10.90221,49.45853],[10.92899,49.44514],[10.97534,49.45518],[11.00538,49.41377],[11.05911,49.41354],[11.04555,49.42895],[11.02993,49.42962],[11.01173,49.4592],[11.01791,49.48084],[11.01242,49.49422],[10.98942,49.49723],[10.9853,49.52031],[10.97259,49.52276],[10.95097,49.50492],[10.95612,49.47772],[10.90221,49.45853]]],[[[10.93277,49.35286],[10.9465,49.35018],[10.93552,49.33273],[10.96229,49.32602],[10.99869,49.33631],[10.96779,49.34749],[10.97191,49.36046],[10.99594,49.37075],[10.99251,49.39533],[10.97534,49.39578],[10.97259,49.3788],[10.95406,49.38371],[10.93689,49.37701],[10.93277,49.35286]]],[[[10.93552,49.2084],[10.97156,49.2084],[11.02993,49.23172],[10.99422,49.26512],[10.94753,49.24876],[10.94685,49.22702],[10.93723,49.22298],[10.93552,49.2084]]],[[[11.07525,49.06397],[11.09276,49.03809],[11.13087,49.0534],[11.10855,49.07387],[11.07525,49.06397]]],[[[11.10752,51.0347],[11.12417,51.02088],[11.14666,51.01678],[11.14374,51.00943],[11.15078,51.00447],[11.1882,51.02207],[11.15507,51.0374],[11.10752,51.0347]]],[[[11.11954,50.91829],[11.13396,50.90509],[11.14717,50.9079],[11.17601,50.8961],[11.18975,50.90347],[11.19078,50.90953],[11.15301,50.91938],[11.11954,50.91829]]],[[[11.17043,50.93961],[11.18803,50.93788],[11.18846,50.94799],[11.17207,50.95626],[11.17043,50.93961]]],[[[11.62311,52.36056],[11.66993,52.35062],[11.67371,52.35332],[11.67194,52.35336],[11.66112,52.37861],[11.64585,52.36858],[11.6262,52.37513],[11.62311,52.36056]]],[[[11.89502,52.32695],[11.90532,52.31798],[11.96651,52.33235],[11.94231,52.34074],[11.935,52.34776],[11.91767,52.34813],[11.89502,52.32695]]],[[[12.06196,52.2116],[12.10041,52.2074],[12.12135,52.2257],[12.09423,52.23348],[12.06951,52.23032],[12.06196,52.2116]]],[[[12.0726,52.16993],[12.09663,52.16698],[12.11346,52.14739],[12.10865,52.124],[12.14882,52.14613],[12.14195,52.1594],[12.16633,52.15055],[12.18281,52.16762],[12.1265,52.18762],[12.0726,52.16993]]],[[[13.69933,41.85973],[13.91803,41.86534],[13.86337,41.90534],[13.70407,41.88081],[13.69933,41.85973]]]]}},{"type":"Feature","properties":{"NAME":null,"ABBREVN":null,"INFO_UR":null,"SUBJECTO":null,"BORDERPRECISION":1,"PARTOF":null},"geometry":{"type":"MultiPolygon","coordinates":[[[[22.8699,38.83716],[23.01435,38.96141],[23.24241,39.04412],[23.78977,38.71863],[24.13187,38.65336],[24.2079,38.55236],[24.29152,38.19476],[24.58801,38.15293],[24.52719,37.96737],[24.31433,37.98535],[24.02544,38.3857],[23.66053,38.40357],[23.59972,38.45717],[23.63773,38.52263],[23.46288,38.62367],[23.12078,38.86677],[22.8699,38.83716]]]]}},{"type":"Feature","properties":{"NAME":null,"ABBREVN":null,"INFO_UR":null,"SUBJECTO":null,"BORDERPRECISION":1,"PARTOF":null},"geometry":{"type":"MultiPolygon","coordinates":[[[[25.73594,36.38654],[25.78916,36.40489],[25.87278,36.35593],[25.76635,36.33756],[25.71314,36.34981],[25.73594,36.38654]]],[[[25.33302,36.45994],[25.37104,36.49662],[25.49267,36.42325],[25.49267,36.33144],[25.38624,36.31919],[25.31782,36.39877],[25.33302,36.45994]]],[[[25.75115,36.81376],[25.85758,36.8381],[25.9488,36.91107],[26.02483,36.95969],[26.08564,36.89892],[25.83477,36.78332],[25.75115,36.78332],[25.75115,36.81376]]],[[[24.29912,36.75287],[24.42836,36.7955],[24.58801,36.86851],[24.67923,36.75896],[24.46637,36.64925],[24.29912,36.75287]]],[[[24.82368,36.63705],[24.82368,36.66145],[24.87689,36.67974],[24.97572,36.63705],[24.94531,36.56992],[24.82368,36.63705]]],[[[25.04414,36.66145],[25.16578,36.74069],[25.19618,36.67364],[25.05934,36.61875],[25.04414,36.66145]]],[[[25.2418,36.75287],[25.29501,36.80767],[25.43185,36.69803],[25.38624,36.63705],[25.2646,36.70413],[25.2418,36.75287]]],[[[24.42836,37.20834],[24.53479,37.11746],[24.44356,37.09927],[24.42836,37.20834]]],[[[24.29912,37.66108],[24.39795,37.66709],[24.38275,37.57075],[24.26111,37.54061],[24.29912,37.66108]]],[[[24.39795,37.46824],[24.48918,37.3958],[24.35994,37.30515],[24.35994,37.3958],[24.39795,37.46824]]],[[[24.86169,37.52856],[24.94531,37.51047],[25.04414,37.37768],[24.84648,37.3656],[24.86169,37.52856]]],[[[24.65643,37.90141],[24.76286,38.00332],[25.27221,37.56472],[25.46986,37.43807],[25.31782,37.40184],[24.9225,37.69116],[24.65643,37.90141]]],[[[24.64882,37.01434],[24.71724,37.05075],[24.78566,36.94754],[24.67923,36.905],[24.64882,37.01434]]],[[[25.15057,37.172],[25.31022,37.19623],[25.31022,37.0022],[25.11256,36.94146],[24.93771,36.95969],[25.15057,37.172]]],[[[25.37864,37.11746],[25.53828,37.22045],[25.6067,37.12352],[25.5991,37.02648],[25.54589,36.95969],[25.45466,36.92323],[25.36343,37.00827],[25.34063,37.08715],[25.37864,37.11746]]]]}},{"type":"Feature","properties":{"NAME":"Sweden","ABBREVN":"Sweden","INFO_UR":null,"SUBJECTO":"Sweden","BORDERPRECISION":1,"PARTOF":"Sweden"},"geometry":{"type":"MultiPolygon","coordinates":[[[[19.33444,57.95583],[19.28666,57.93749],[19.25666,57.94944],[19.16278,57.92694],[19.14167,57.90778],[19.12611,57.83972],[19.07777,57.85833],[19.03444,57.90111],[19.03611,57.91861],[19.08889,57.97028],[19.10472,57.97527],[19.29639,57.97666],[19.3325,57.96527],[19.33444,57.95583]]]]}},{"type":"Feature","properties":{"NAME":"Navarre","ABBREVN":"Navarre","INFO_UR":null,"SUBJECTO":"Navarre","BORDERPRECISION":1,"PARTOF":"Navarre"},"geometry":{"type":"Polygon","coordinates":[[[-3.35612,43.39527],[-3.19584,42.39792],[-2.71658,42.42514],[-2.58341,41.35853],[-1.00439,41.91882],[-0.60291,42.41607],[-0.52412,42.7578],[-0.58679,42.76506],[-0.61198,42.73088],[-0.84002,42.90865],[-0.90735,42.8813],[-1.39727,43.03176],[-1.44755,42.98388],[-1.51513,42.99756],[-1.55767,43.04543],[-1.46565,43.15489],[-1.49138,43.20962],[-1.70239,43.19594],[-1.91458,43.30542],[-2.06564,43.33327],[-2.36738,43.32624],[-2.76836,43.53788],[-3.00721,43.55027],[-3.19597,43.44688],[-3.35612,43.39527]]]}},{"type":"Feature","properties":{"NAME":"Castile","ABBREVN":"Castilla","INFO_UR":null,"SUBJECTO":"Castilla","BORDERPRECISION":1,"PARTOF":"Castilla"},"geometry":{"type":"Polygon","coordinates":[[[-5.0864,43.49486],[-4.44432,40.89431],[-3.53151,41.0221],[-2.58341,41.35853],[-2.71658,42.42514],[-3.19584,42.39792],[-3.35612,43.39527],[-3.417,43.37565],[-3.84761,43.43916],[-4.80234,43.46944],[-5.0864,43.49486]]]}},{"type":"Feature","properties":{"NAME":"Paleo-Siberian hunter-gatherers","ABBREVN":"Paleo-Siberian hunter-gatherers","INFO_UR":null,"SUBJECTO":"Paleo-Siberian hunter-gatherers","BORDERPRECISION":1,"PARTOF":"Paleo-Siberian hunter-gatherers"},"geometry":{"type":"MultiPolygon","coordinates":[[[[60,56.22977],[59.09429,56.43184],[60,56.55955],[60,56.22977]]]]}},{"type":"Feature","properties":{"NAME":"Sámi","ABBREVN":"Sámi","INFO_UR":null,"SUBJECTO":"Sámi","BORDERPRECISION":1,"PARTOF":"Sámi"},"geometry":{"type":"MultiPolygon","coordinates":[[[[17.73118,64.55876],[17.32975,64.82638],[18.53403,66.43208],[18.40022,67.23493],[18.95871,68.2937],[19.82121,69.36973],[20.15765,69.74783],[20.28638,69.78591],[20.35832,69.71038],[20.27816,69.58179],[20.1965,69.31769],[20.55269,69.52191],[20.73394,69.77919],[21.10273,69.81769],[21.41196,70.01541],[21.60856,69.96254],[21.90807,69.80404],[22.16331,70.09311],[22.30645,70.21562],[22.74557,70.1706],[23.20361,69.94278],[23.29247,70.01129],[23.50841,70.27907],[23.82729,70.47884],[23.95485,70.50206],[24.20772,70.47187],[24.35961,70.61029],[24.57051,70.74138],[24.84904,70.8266],[25.38903,70.90463],[25.83206,70.89776],[25.23069,70.55819],[25.12242,70.43525],[25.07408,70.14438],[25.26302,70.10655],[25.57404,70.36714],[26.26272,70.79074],[26.60652,70.91462],[26.61911,70.79908],[26.61742,70.39205],[26.93435,70.46929],[27.13108,70.57708],[27.51601,70.97031],[27.94754,71.01741],[28.21116,71.01791],[28.30841,70.94865],[28.13644,70.83273],[27.98529,70.71701],[28.01893,70.60945],[27.8754,70.42506],[28.28973,70.37221],[28.38891,70.57175],[28.79481,70.86477],[28.98434,70.85741],[29.74123,70.60498],[30.04144,70.54414],[30.46196,70.53725],[30.7542,70.43042],[30.79884,70.30796],[30.25188,70.13115],[29.7349,70.11489],[28.73008,70.13593],[29.08002,69.96123],[29.55593,69.8334],[29.72858,69.69757],[30.05581,69.72086],[30.36129,69.76681],[30.73536,69.75236],[31.05378,69.63959],[31.33128,69.66276],[31.7822,69.77702],[32.07156,69.88349],[32.07601,69.81536],[32.19056,69.64171],[32.35173,69.51368],[32.59631,69.42362],[33.00963,69.38669],[33.28057,69.34201],[33.3156,69.07128],[33.62838,69.21469],[33.81805,69.19248],[34.30515,69.17083],[34.69889,69.16405],[34.93414,69.14944],[35.43655,69.15036],[36.01828,69.02371],[37.24586,68.7935],[37.68858,68.62961],[38.40644,68.24269],[38.66845,68.14634],[39.91807,67.94038],[40.82605,67.66005],[40.97339,67.53437],[40.95083,67.33466],[41.01687,67.20186],[41.20883,67.06946],[41.2553,66.93698],[41.14697,66.78227],[40.83638,66.5614],[40.34515,66.31865],[39.97752,66.20092],[39.19003,66.03871],[38.78211,66.00145],[38.04787,66.00737],[37.42243,66.09382],[36.50523,66.17249],[35.77175,66.25887],[35.16772,66.4115],[34.15295,66.62963],[33.43749,66.70174],[33.15773,66.91448],[32.99095,66.98782],[32.64434,67.0461],[32.21944,66.99375],[32.42473,66.89103],[32.75354,66.64904],[32.97086,66.58339],[33.46967,66.3131],[33.84421,66.18214],[34.25849,66.10983],[34.5437,66.00084],[34.72617,65.79698],[34.72559,65.61499],[34.60119,65.48393],[34.29341,65.39624],[30.604,64.93805],[27.23159,63.35448],[23.13056,63.78343],[23.58029,64.08206],[24.09404,64.37657],[24.47009,64.63552],[24.93192,64.81604],[25.32509,64.80239],[25.3519,64.9391],[25.29341,65.00389],[25.13256,65.07595],[25.25151,65.41689],[25.10361,65.54013],[24.59114,65.58278],[24.2148,65.78591],[23.84408,65.79847],[23.40569,65.72483],[23.20402,65.68075],[22.79816,65.85482],[22.64555,65.93479],[22.4898,65.88342],[22.20157,65.71529],[21.95748,65.44574],[21.81873,65.38014],[21.52233,65.37231],[21.27735,65.21228],[21.42371,65.10389],[21.48945,65.01716],[21.32944,64.89435],[20.92119,64.71382],[21.06432,64.592],[21.23705,64.52054],[21.38583,64.38456],[21.0489,64.21917],[20.87327,64.03282],[17.2609,64.20605],[17.73118,64.55876]]]]}},{"type":"Feature","properties":{"NAME":null,"ABBREVN":null,"INFO_UR":null,"SUBJECTO":null,"BORDERPRECISION":1,"PARTOF":null},"geometry":{"type":"MultiPolygon","coordinates":[[[[55.5674,72],[55.72066,71.64242],[56.15147,71.27099],[56.37879,71.13227],[56.72749,70.99397],[57.25066,70.8178],[57.23775,70.69104],[56.05859,70.73097],[55.6788,70.70719],[55.26625,70.56053],[54.99829,70.52167],[54.69406,70.74377],[54.52245,70.75885],[54.03161,70.71948],[53.72864,70.76506],[53.7147,70.9267],[54.32065,71.08982],[54.35348,71.19802],[54.30787,71.20566],[53.2338,71.51354],[52.55047,71.58989],[52.40185,71.51973],[52.12105,71.46489],[51.81494,71.47982],[51.53354,71.65795],[51.48213,71.84468],[51.58509,71.98525],[51.6126,72],[55.5674,72]]]]}},{"type":"Feature","properties":{"NAME":null,"ABBREVN":null,"INFO_UR":null,"SUBJECTO":null,"BORDERPRECISION":1,"PARTOF":null},"geometry":{"type":"Polygon","coordinates":[[[-4.56917,53.38805],[-4.5675,53.27333],[-4.49444,53.18944],[-4.40222,53.12583],[-4.35139,53.12444],[-4.32556,53.145],[-4.21806,53.20027],[-4.15333,53.22556],[-4.09,53.255],[-4.04667,53.30333],[-4.22222,53.32166],[-4.27695,53.39833],[-4.31389,53.41194],[-4.42917,53.42444],[-4.56,53.39666],[-4.56917,53.38805]]]}},{"type":"Feature","properties":{"NAME":null,"ABBREVN":null,"INFO_UR":null,"SUBJECTO":null,"BORDERPRECISION":1,"PARTOF":null},"geometry":{"type":"MultiPolygon","coordinates":[[[[-5.10361,55.43861],[-5.23167,55.43028],[-5.34028,55.475],[-5.40028,55.60056],[-5.38111,55.66861],[-5.29528,55.71666],[-5.23917,55.71361],[-5.16028,55.67916],[-5.08528,55.55666],[-5.07583,55.45528],[-5.10361,55.43861]]]]}},{"type":"Feature","properties":{"NAME":null,"ABBREVN":null,"INFO_UR":null,"SUBJECTO":null,"BORDERPRECISION":1,"PARTOF":null},"geometry":{"type":"MultiPolygon","coordinates":[[[[-6.12167,55.87888],[-6.0975,55.79666],[-6.08833,55.78388],[-6.05222,55.76722],[-6.03028,55.72055],[-6.02472,55.68083],[-6.07667,55.64999],[-6.27444,55.57278],[-6.32556,55.58666],[-6.32194,55.61527],[-6.28583,55.70722],[-6.25306,55.76361],[-6.25139,55.77139],[-6.26528,55.77777],[-6.33778,55.78027],[-6.37972,55.72805],[-6.44944,55.68028],[-6.485,55.66861],[-6.50917,55.68222],[-6.49528,55.7336],[-6.44972,55.84861],[-6.44167,55.85361],[-6.36972,55.86944],[-6.30972,55.86361],[-6.13667,55.93444],[-6.11861,55.92166],[-6.12167,55.87888]]]]}},{"type":"Feature","properties":{"NAME":null,"ABBREVN":null,"INFO_UR":null,"SUBJECTO":null,"BORDERPRECISION":1,"PARTOF":null},"geometry":{"type":"MultiPolygon","coordinates":[[[[-5.94694,55.82999],[-5.97194,55.78833],[-6.02722,55.79166],[-6.06306,55.80389],[-6.07556,55.81555],[-6.08806,55.8775],[-6.07889,55.90555],[-5.96806,56.02361],[-5.80917,56.10972],[-5.71139,56.15028],[-5.69444,56.14722],[-5.685,56.12583],[-5.69083,56.10667],[-5.74611,56.06361],[-5.94694,55.82999]]]]}},{"type":"Feature","properties":{"NAME":null,"ABBREVN":null,"INFO_UR":null,"SUBJECTO":null,"BORDERPRECISION":1,"PARTOF":null},"geometry":{"type":"MultiPolygon","coordinates":[[[[-7.46694,56.94083],[-7.55028,56.9475],[-7.56,56.96027],[-7.43972,57.05444],[-7.41861,57.04388],[-7.37806,56.98222],[-7.43472,56.945],[-7.46694,56.94083]]]]}},{"type":"Feature","properties":{"NAME":null,"ABBREVN":null,"INFO_UR":null,"SUBJECTO":null,"BORDERPRECISION":1,"PARTOF":null},"geometry":{"type":"MultiPolygon","coordinates":[[[[-7.22306,57.33749],[-7.25222,57.32666],[-7.28528,57.33611],[-7.28806,57.3225],[-7.25917,57.1525],[-7.21472,57.11444],[-7.22583,57.09694],[-7.28722,57.10611],[-7.35611,57.09916],[-7.38139,57.1086],[-7.4175,57.1825],[-7.425,57.38222],[-7.36806,57.40138],[-7.33556,57.39583],[-7.27194,57.37528],[-7.22306,57.33749]]]]}},{"type":"Feature","properties":{"NAME":null,"ABBREVN":null,"INFO_UR":null,"SUBJECTO":null,"BORDERPRECISION":1,"PARTOF":null},"geometry":{"type":"MultiPolygon","coordinates":[[[[-7.26889,57.39889],[-7.31361,57.39972],[-7.38806,57.42388],[-7.40944,57.44833],[-7.40639,57.46417],[-7.35111,57.48944],[-7.24417,57.47639],[-7.20472,57.46083],[-7.20222,57.41888],[-7.26889,57.39889]]]]}},{"type":"Feature","properties":{"NAME":null,"ABBREVN":null,"INFO_UR":null,"SUBJECTO":null,"BORDERPRECISION":1,"PARTOF":null},"geometry":{"type":"MultiPolygon","coordinates":[[[[-7.18861,57.68722],[-7.0675,57.6375],[-7.15389,57.50944],[-7.32139,57.50527],[-7.32528,57.54417],[-7.41167,57.56805],[-7.47694,57.56249],[-7.54333,57.59083],[-7.49139,57.64639],[-7.47278,57.655],[-7.275,57.65639],[-7.24472,57.67694],[-7.18861,57.68722]]]]}},{"type":"Feature","properties":{"NAME":null,"ABBREVN":null,"INFO_UR":null,"SUBJECTO":null,"BORDERPRECISION":1,"PARTOF":null},"geometry":{"type":"MultiPolygon","coordinates":[[[[-7.00639,57.88139],[-7.07361,57.87778],[-7.07667,57.89278],[-7.03278,57.91555],[-6.99361,57.91861],[-6.9975,57.89083],[-7.00639,57.88139]]]]}},{"type":"Feature","properties":{"NAME":null,"ABBREVN":null,"INFO_UR":null,"SUBJECTO":null,"BORDERPRECISION":1,"PARTOF":null},"geometry":{"type":"MultiPolygon","coordinates":[[[[-6.80222,58.20305],[-6.86917,58.20389],[-6.88972,58.2525],[-6.85417,58.25],[-6.80972,58.22861],[-6.79444,58.21805],[-6.79139,58.20694],[-6.80222,58.20305]]]]}},{"type":"Feature","properties":{"NAME":null,"ABBREVN":null,"INFO_UR":null,"SUBJECTO":null,"BORDERPRECISION":1,"PARTOF":null},"geometry":{"type":"MultiPolygon","coordinates":[[[[-6.20417,58.35611],[-6.2325,58.31777],[-6.32389,58.26361],[-6.32828,58.23794],[-6.32528,58.23177],[-6.27694,58.22278],[-6.22083,58.2336],[-6.16778,58.26055],[-6.14806,58.2561],[-6.15833,58.21833],[-6.17222,58.20694],[-6.22472,58.18361],[-6.26378,58.17661],[-6.32911,58.18277],[-6.36667,58.15861],[-6.38222,58.12972],[-6.49722,58.0975],[-6.62028,58.08194],[-6.49694,58.08749],[-6.39611,58.10472],[-6.35389,58.03305],[-6.45778,57.96805],[-6.47389,57.94028],[-6.57056,57.91139],[-6.66222,57.92416],[-6.69861,57.9675],[-6.70611,58.0075],[-6.6975,58.02139],[-6.65278,58.04833],[-6.59361,58.04639],[-6.60028,58.05389],[-6.68444,58.0575],[-6.76139,57.99833],[-6.72583,57.95444],[-6.685,57.93444],[-6.66056,57.88472],[-6.73528,57.82583],[-6.9725,57.72472],[-7.12444,57.82083],[-7.12667,57.83333],[-7.11833,57.83805],[-7.06583,57.82083],[-6.83028,57.90083],[-6.87944,57.9325],[-6.935,57.94972],[-6.985,57.95944],[-7.03556,57.95333],[-7.07528,57.96249],[-7.11278,57.98389],[-7.08417,58.00805],[-7.05556,58.02027],[-7.05778,58.03639],[-7.09389,58.07055],[-7.12833,58.13027],[-7.09444,58.18194],[-7.04056,58.23333],[-7.00111,58.23444],[-6.90806,58.21278],[-6.90806,58.20611],[-6.93611,58.18805],[-6.86194,58.10388],[-6.87328,58.17859],[-6.80518,58.19587],[-6.75037,58.18524],[-6.74473,58.1972],[-6.78658,58.22942],[-6.80806,58.25972],[-6.81778,58.28],[-6.79778,58.30222],[-6.67306,58.34916],[-6.65222,58.34861],[-6.64694,58.34194],[-6.55028,58.36333],[-6.29278,58.48833],[-6.26694,58.5125],[-6.22333,58.49638],[-6.16611,58.42528],[-6.20417,58.35611]]]]}},{"type":"Feature","properties":{"NAME":null,"ABBREVN":null,"INFO_UR":null,"SUBJECTO":null,"BORDERPRECISION":1,"PARTOF":null},"geometry":{"type":"MultiPolygon","coordinates":[[[[-2.91833,58.73194],[-2.94806,58.73055],[-2.97056,58.74194],[-3.03694,58.81805],[-3.00444,58.83305],[-2.91611,58.83888],[-2.88639,58.83194],[-2.87778,58.82417],[-2.91833,58.73194]]]]}},{"type":"Feature","properties":{"NAME":null,"ABBREVN":null,"INFO_UR":null,"SUBJECTO":null,"BORDERPRECISION":1,"PARTOF":null},"geometry":{"type":"MultiPolygon","coordinates":[[[[-3.23139,58.77555],[-3.30083,58.77805],[-3.43111,58.87138],[-3.41806,58.90416],[-3.39806,58.91722],[-3.33556,58.9275],[-3.22833,58.885],[-3.13639,58.80416],[-3.14167,58.78472],[-3.23139,58.77555]]]]}},{"type":"Feature","properties":{"NAME":null,"ABBREVN":null,"INFO_UR":null,"SUBJECTO":null,"BORDERPRECISION":1,"PARTOF":null},"geometry":{"type":"MultiPolygon","coordinates":[[[[-2.79306,58.95139],[-2.75583,58.91777],[-2.82444,58.87888],[-2.97,58.93944],[-3.05722,58.93583],[-3.195,58.91111],[-3.34556,58.96583],[-3.36806,59.01],[-3.35139,59.10638],[-3.3175,59.12944],[-3.21889,59.14861],[-3.07694,59.12167],[-2.99833,59.06972],[-2.99583,59.05583],[-2.94722,58.99833],[-2.85222,58.97556],[-2.79306,58.95139]]]]}},{"type":"Feature","properties":{"NAME":null,"ABBREVN":null,"INFO_UR":null,"SUBJECTO":null,"BORDERPRECISION":1,"PARTOF":null},"geometry":{"type":"MultiPolygon","coordinates":[[[[-2.68139,59.19583],[-2.68583,59.18417],[-2.69361,59.1975],[-2.68444,59.22083],[-2.59278,59.29055],[-2.55556,59.30306],[-2.40722,59.31389],[-2.39028,59.28305],[-2.49556,59.245],[-2.62056,59.23611],[-2.68139,59.19583]]]]}},{"type":"Feature","properties":{"NAME":null,"ABBREVN":null,"INFO_UR":null,"SUBJECTO":null,"BORDERPRECISION":1,"PARTOF":null},"geometry":{"type":"MultiPolygon","coordinates":[[[[-2.89,59.29527],[-2.84972,59.26805],[-2.85306,59.24944],[-2.8775,59.22861],[-2.87694,59.25861],[-2.93667,59.28361],[-2.97194,59.28722],[-2.97694,59.27277],[-2.99917,59.26111],[-3.07639,59.33138],[-2.89,59.29527]]]]}},{"type":"Feature","properties":{"NAME":null,"ABBREVN":null,"INFO_UR":null,"SUBJECTO":null,"BORDERPRECISION":1,"PARTOF":null},"geometry":{"type":"MultiPolygon","coordinates":[[[[-1.29611,60.4911],[-1.28667,60.47111],[-1.03722,60.44416],[-1.10111,60.27583],[-1.16417,60.25833],[-1.18694,60.26972],[-1.20056,60.26333],[-1.18556,60.23055],[-1.12611,60.15167],[-1.14667,60.13194],[-1.17056,60.13722],[-1.21222,60.10278],[-1.22056,60.0225],[-1.26028,59.86222],[-1.26861,59.85111],[-1.30694,59.8575],[-1.37194,59.89166],[-1.37806,59.90222],[-1.33167,59.99694],[-1.30583,60.01277],[-1.26306,60.10694],[-1.26167,60.13083],[-1.29139,60.24139],[-1.41028,60.255],[-1.36361,60.22972],[-1.35306,60.20889],[-1.35833,60.1925],[-1.44861,60.15111],[-1.52028,60.18139],[-1.52722,60.18694],[-1.51972,60.20111],[-1.66472,60.23083],[-1.69306,60.27972],[-1.69139,60.28833],[-1.65528,60.30306],[-1.42694,60.32139],[-1.34583,60.34],[-1.32028,60.35638],[-1.44583,60.46055],[-1.55361,60.47556],[-1.60972,60.47416],[-1.59306,60.50777],[-1.54694,60.53583],[-1.41611,60.605],[-1.30194,60.63667],[-1.2875,60.61333],[-1.29611,60.4911]]]]}},{"type":"Feature","properties":{"NAME":null,"ABBREVN":null,"INFO_UR":null,"SUBJECTO":null,"BORDERPRECISION":1,"PARTOF":null},"geometry":{"type":"MultiPolygon","coordinates":[[[[-1.02944,60.49583],[-1.1275,60.48638],[-1.14,60.48944],[-1.17028,60.52722],[-1.18361,60.60278],[-1.17945,60.6325],[-1.11,60.72583],[-1.09861,60.73],[-0.99111,60.71999],[-0.9825,60.65555],[-1.02944,60.49583]]]]}},{"type":"Feature","properties":{"NAME":null,"ABBREVN":null,"INFO_UR":null,"SUBJECTO":null,"BORDERPRECISION":1,"PARTOF":null},"geometry":{"type":"MultiPolygon","coordinates":[[[[-0.81972,60.68889],[-0.835,60.67333],[-0.93556,60.67444],[-0.96556,60.68805],[-0.93889,60.79444],[-0.87833,60.84444],[-0.80611,60.84055],[-0.76778,60.82889],[-0.75806,60.81777],[-0.76361,60.79333],[-0.81972,60.68889]]]]}},{"type":"Feature","properties":{"NAME":null,"ABBREVN":null,"INFO_UR":null,"SUBJECTO":null,"BORDERPRECISION":1,"PARTOF":null},"geometry":{"type":"MultiPolygon","coordinates":[[[[-6.65528,61.38944],[-6.71917,61.40749],[-6.84583,61.46805],[-6.95833,61.59861],[-6.96278,61.61916],[-6.94472,61.63667],[-6.88944,61.645],[-6.72444,61.57333],[-6.70944,61.55833],[-6.64167,61.40083],[-6.65528,61.38944]]],[[[-6.60417,61.82166],[-6.63,61.76111],[-6.65222,61.74278],[-6.70472,61.7775],[-6.84111,61.8175],[-6.86611,61.83749],[-6.90889,61.90111],[-6.90472,61.90778],[-6.86444,61.90749],[-6.78333,61.89694],[-6.66139,61.85889],[-6.60417,61.82166]]],[[[-7.04972,62.06777],[-7.06278,62.04944],[-7.20167,62.01861],[-7.19222,62.03972],[-7.22667,62.06444],[-7.25111,62.04277],[-7.34556,62.05222],[-7.37806,62.065],[-7.43111,62.1161],[-7.435,62.14027],[-7.22333,62.15944],[-7.16307,62.12882],[-7.045,62.09444],[-7.04028,62.08778],[-7.04972,62.06777]]],[[[-6.70694,61.93749],[-6.72528,61.93444],[-6.77306,61.95],[-6.86917,61.9975],[-6.96111,62.04666],[-7.03458,62.11211],[-7.13031,62.1256],[-7.23222,62.17249],[-7.23361,62.19333],[-7.21083,62.28472],[-7.19556,62.30472],[-7.135,62.30389],[-7.06583,62.28222],[-7.045,62.24333],[-6.99083,62.19305],[-6.84139,62.12444],[-6.72472,62.035],[-6.69639,61.97944],[-6.70694,61.93749]]],[[[-6.62,62.22972],[-6.68583,62.245],[-6.71167,62.29388],[-6.72083,62.33138],[-6.62556,62.25333],[-6.62,62.22972]]],[[[-6.6575,62.0925],[-6.6575,62.05583],[-6.92194,62.16722],[-7.025,62.23778],[-7.0625,62.29583],[-7.06028,62.31361],[-6.95028,62.33805],[-6.80722,62.29028],[-6.60111,62.19694],[-6.58806,62.13416],[-6.6575,62.0925]]],[[[-6.41861,62.18388],[-6.51806,62.16888],[-6.5725,62.21166],[-6.58806,62.23972],[-6.55086,62.25098],[-6.54897,62.3009],[-6.5744,62.34988],[-6.54167,62.3575],[-6.52222,62.31805],[-6.49278,62.29138],[-6.39222,62.25805],[-6.38861,62.25083],[-6.40722,62.19167],[-6.41861,62.18388]]],[[[-6.58583,62.25639],[-6.62,62.26694],[-6.66444,62.3225],[-6.66083,62.3725],[-6.63222,62.37083],[-6.56639,62.29639],[-6.56556,62.26527],[-6.58583,62.25639]]],[[[-6.40611,62.28444],[-6.48028,62.29778],[-6.54694,62.38361],[-6.51917,62.39694],[-6.48917,62.38139],[-6.39167,62.29694],[-6.40611,62.28444]]]]}},{"type":"Feature","properties":{"NAME":null,"ABBREVN":null,"INFO_UR":null,"SUBJECTO":null,"BORDERPRECISION":1,"PARTOF":null},"geometry":{"type":"Polygon","coordinates":[[[-4.78861,54.06305],[-4.77778,54.05555],[-4.70472,54.07972],[-4.62389,54.0686],[-4.49111,54.12666],[-4.39444,54.18639],[-4.30944,54.29333],[-4.35417,54.41083],[-4.36806,54.41666],[-4.44306,54.39805],[-4.5275,54.36722],[-4.55278,54.34389],[-4.57806,54.29694],[-4.61806,54.25417],[-4.71389,54.21444],[-4.78861,54.06305]]]}},{"type":"Feature","properties":{"NAME":"Principality of Galicia-Volhynia","ABBREVN":"Principality of Galicia-Volhynia","INFO_UR":null,"SUBJECTO":"Principality of Galicia-Volhynia","BORDERPRECISION":1,"PARTOF":"Principality of Galicia-Volhynia"},"geometry":{"type":"MultiPolygon","coordinates":[[[[30.83286,46.57659],[30.52046,46.25141],[30.06882,45.8614],[29.62951,45.75036],[29.50043,45.52337],[29.53609,45.4522],[29.68321,45.37479],[29.71076,45.25833],[29.57896,45.0575],[24.13195,48.81112],[22.94848,48.97037],[22.50899,50.63662],[23.07667,51.88559],[23.40629,52.369],[23.47954,53.02377],[24.4501,52.95763],[26.50109,52.73644],[27.41853,50.85393],[27.48917,49.7257],[28.23088,48.40677],[28.61064,48.4026],[30.83286,46.57659]]]]}},{"type":"Feature","properties":{"NAME":"Principality of Kyiv","ABBREVN":"Principality of Kyiv","INFO_UR":null,"SUBJECTO":"Principality of Kyiv","BORDERPRECISION":1,"PARTOF":"Principality of Kyiv"},"geometry":{"type":"MultiPolygon","coordinates":[[[[31.58626,51.29774],[31.62158,50.3608],[32.82246,49.6114],[32.50458,48.35985],[28.23088,48.40677],[27.48917,49.7257],[27.41853,50.85393],[28.58408,51.07637],[31.58626,51.29774]]]]}},{"type":"Feature","properties":{"NAME":null,"ABBREVN":null,"INFO_UR":null,"SUBJECTO":null,"BORDERPRECISION":1,"PARTOF":null},"geometry":{"type":"MultiPolygon","coordinates":[[[[29.62951,45.75036],[30.06882,45.8614],[29.72975,45.76999],[29.62951,45.75036]]]]}},{"type":"Feature","properties":{"NAME":null,"ABBREVN":null,"INFO_UR":null,"SUBJECTO":null,"BORDERPRECISION":1,"PARTOF":null},"geometry":{"type":"Polygon","coordinates":[[[28.40216,45.35939],[28.36835,45.33088],[28.01861,45.31548],[27.82358,44.83822],[28.0848,44.577],[27.95419,44.25048],[26.45217,44.25048],[25.4726,43.72804],[24.62363,43.98926],[24.2318,43.79335],[23.51345,44.05457],[22.9257,43.79335],[22.9257,44.18518],[22.46857,44.38109],[22.66448,44.64231],[23.05631,45.03414],[26.51748,45.8178],[27.36644,46.34024],[27.44876,46.52546],[29.36101,45.2077],[29.06437,45.16475],[28.40216,45.35939]]]}},{"type":"Feature","properties":{"NAME":"Principality of Novgorod","ABBREVN":"Principality of Novgorod","INFO_UR":null,"SUBJECTO":"Principality of Novgorod","BORDERPRECISION":1,"PARTOF":"Principality of Novgorod"},"geometry":{"type":"MultiPolygon","coordinates":[[[[41.54817,62.56493],[41.04486,62.56047],[40.17036,59.40867],[38.25739,60.90431],[36.01648,60.61061],[36.62213,58.60439],[28.58774,56.77646],[28.60488,56.80217],[26.52019,59.4211],[26.8619,59.37175],[26.99902,59.31773],[27.26509,59.33804],[27.70204,59.2975],[27.8936,59.34611],[28.01585,59.45415],[27.97339,59.51671],[27.89666,59.53378],[27.94169,59.6476],[28.09419,59.66468],[28.1631,59.59068],[28.26634,59.56223],[28.35098,59.60206],[28.3091,59.6644],[28.44436,59.73374],[28.66273,59.64434],[28.79593,59.67222],[28.93627,59.82455],[29.07607,59.90779],[29.41363,59.86003],[29.76545,59.73624],[29.96316,59.73662],[30.12664,59.80605],[29.95287,59.98558],[29.6873,60.131],[29.51074,60.14457],[28.96898,60.10879],[28.69163,60.14998],[28.5694,60.19842],[28.43523,60.33734],[28.53726,60.50909],[31.14468,61.5175],[34.46212,65.06197],[34.77286,64.68222],[34.81477,64.45982],[34.88461,64.36677],[35.08176,64.28833],[35.62327,64.25357],[36.01547,64.19702],[36.23997,63.91862],[36.42062,63.8761],[36.98754,63.84148],[37.41054,63.7495],[37.59146,63.80694],[37.94492,63.85039],[38.05408,63.98632],[38.05386,64.12928],[37.87986,64.3079],[37.66813,64.34331],[37.46329,64.29996],[37.26195,64.31389],[36.99674,64.40656],[36.56851,64.76458],[36.88391,65.0677],[37.10194,65.06813],[37.60409,64.85277],[38.25292,64.70307],[39.19344,64.51104],[39.6216,64.47596],[39.6943,64.4886],[41.54817,62.56493]]]]}},{"type":"Feature","properties":{"NAME":"Finno-Ugric taiga hunter-gatherers","ABBREVN":"Finno-Ugric taiga hunter-gatherers","INFO_UR":null,"SUBJECTO":"Finno-Ugric taiga hunter-gatherers","BORDERPRECISION":1,"PARTOF":"Finno-Ugric taiga hunter-gatherers"},"geometry":{"type":"MultiPolygon","coordinates":[[[[48.09553,58.39243],[46.72912,62.6108],[41.54817,62.56493],[39.6943,64.4886],[39.99705,64.54122],[40.32217,64.46293],[40.43979,64.56356],[40.46206,64.75028],[40.36595,64.85793],[39.97939,65.15314],[39.8231,65.43561],[39.95133,65.58116],[40.68141,65.79356],[41.35425,65.95517],[41.62328,66.06517],[42.13344,66.38789],[42.21079,66.41001],[43.24143,66.2509],[43.87622,66.01097],[44.02943,66.01125],[44.05284,66.0405],[44.12211,66.26716],[44.38361,66.61202],[44.36195,66.90596],[44.21916,67.08982],[43.83811,67.16285],[43.7036,67.26593],[44.21583,67.71827],[44.26107,67.82964],[44.16875,68.09703],[43.82217,68.32732],[43.85324,68.4692],[44.01203,68.49191],[44.66781,68.38859],[45.57964,68.44254],[45.86344,68.38335],[46.16195,68.1082],[46.43937,67.90794],[46.63407,67.70051],[45.46258,67.63906],[45.09251,67.54208],[44.87121,67.31242],[44.95714,67.23136],[45.38563,67.09938],[45.71535,66.84963],[46.07678,66.76208],[46.40205,66.7186],[46.97264,66.77846],[47.57119,66.81631],[47.70619,66.89011],[47.95292,67.37729],[48.08066,67.56246],[48.63532,67.65239],[49.18563,67.83882],[49.63012,67.93619],[50.4959,68.15347],[51.13896,68.2664],[51.83081,68.40938],[52.24488,68.54456],[52.33738,68.33573],[52.46267,68.29867],[52.71973,68.35138],[52.93877,68.47118],[53.00575,68.68057],[53.17943,68.75575],[53.50243,68.81626],[53.88912,68.787],[53.80839,68.60727],[53.78208,68.33842],[53.39591,68.30043],[53.31618,68.2332],[53.31684,68.13639],[53.62574,68.04769],[54.37975,68.16071],[54.57596,68.16109],[54.64847,68.07192],[54.7523,68.04979],[54.8772,68.10955],[54.99599,68.20653],[55.1265,68.40061],[55.33539,68.4831],[55.72289,68.53611],[56.1951,68.56687],[56.54026,68.55257],[57.02423,68.44891],[57.36369,68.45702],[57.52587,68.49464],[57.9592,68.70476],[58.40929,68.83286],[58.77038,68.85601],[59.19905,68.77441],[59.34587,68.69986],[59.06196,68.49749],[59.11979,68.39309],[59.21766,68.34854],[59.50186,68.28942],[59.76235,68.29739],[59.89205,68.402],[59.92538,68.58127],[60,68.59957],[60,56.55955],[59.09429,56.43184],[53.92448,57.60138],[53.97646,57.70862],[47.51785,57.70862],[48.09553,58.39243]]]]}},{"type":"Feature","properties":{"NAME":"Principality of Vladimir-Suzdal","ABBREVN":"Principality of Vladimir-Suzdal","INFO_UR":null,"SUBJECTO":"Principality of Vladimir-Suzdal","BORDERPRECISION":1,"PARTOF":"Principality of Vladimir-Suzdal"},"geometry":{"type":"MultiPolygon","coordinates":[[[[39.2089,55.56099],[39.30718,55.7772],[39.22566,56.95923],[38.3697,58.26355],[37.1372,58.72158],[36.62213,58.60439],[36.01648,60.61061],[38.25739,60.90431],[40.17036,59.40867],[41.04486,62.56047],[46.72912,62.6108],[48.09553,58.39243],[47.51785,57.70862],[46.10575,57.70862],[44.98906,57.97353],[42.01651,56.77515],[42.31993,55.00244],[39.2089,55.56099]]]]}},{"type":"Feature","properties":{"NAME":"Cuman Khanates","ABBREVN":"Cuman Khanates","INFO_UR":null,"SUBJECTO":"Cuman Khanates","BORDERPRECISION":1,"PARTOF":"Cuman Khanates"},"geometry":{"type":"MultiPolygon","coordinates":[[[[39.2089,55.56099],[42.31993,55.00244],[42.54673,53.67741],[44.82601,52.11961],[50.8651,51.54746],[54.3443,53.4017],[55.70906,57.19767],[60,56.22977],[60,46.11457],[59.86348,46.07451],[59.80488,46.07134],[59.7874,46.08853],[59.81084,46.12607],[59.81543,46.1814],[59.80078,46.25454],[59.77891,46.30146],[59.74941,46.32212],[59.69883,46.3313],[59.57695,46.3335],[59.54883,46.34478],[59.53076,46.34268],[59.52266,46.3272],[59.57168,46.25859],[59.67773,46.13691],[59.70576,46.02212],[59.62842,45.83843],[59.62471,45.79497],[59.59805,45.77324],[59.54844,45.77324],[59.49912,45.75244],[59.45,45.71084],[59.42363,45.70464],[59.41992,45.73379],[59.40352,45.7499],[59.37432,45.75303],[59.35693,45.73506],[59.35137,45.69595],[59.31855,45.69424],[59.25879,45.72983],[59.23291,45.7748],[59.24102,45.82915],[59.27148,45.88232],[59.32393,45.93438],[59.33457,45.97427],[59.30322,46.00205],[59.25898,46.00146],[59.20176,45.97246],[59.14072,45.95723],[59.07588,45.95571],[58.98164,45.97461],[58.95742,45.96821],[58.9502,45.94233],[58.92627,45.93228],[58.88545,45.93818],[58.83389,45.92578],[58.77158,45.89502],[58.7207,45.84766],[58.68125,45.78364],[58.65527,45.71572],[58.62793,45.60024],[58.61133,45.58472],[58.58867,45.53706],[58.56006,45.45723],[58.51357,45.38569],[58.44922,45.32241],[58.4041,45.25303],[58.37832,45.17754],[58.27217,44.98169],[58.23809,44.90313],[58.23213,44.85132],[58.25098,44.78643],[58.29463,44.70835],[58.29668,44.63843],[58.25713,44.57656],[58.24287,44.52422],[58.25371,44.4813],[58.27803,44.44922],[58.31572,44.42632],[58.36855,44.42925],[58.46533,44.46104],[58.51377,44.49087],[58.57764,44.54673],[59.18051,44.43055],[57.62989,42.06944],[57.61309,42.10503],[57.62725,42.14961],[57.5498,42.26069],[57.39229,42.33491],[57.27266,42.30332],[57.18271,42.18535],[57.09375,41.96841],[57.05342,41.77339],[57.06182,41.72485],[57.17441,41.73457],[57.25541,41.6459],[55.47239,40.24593],[53.55888,39.84258],[53.59252,39.89305],[53.6883,39.97925],[53.50632,39.9984],[53.36265,39.96009],[53.19025,39.96009],[53.04658,39.9984],[52.98912,39.93136],[52.91249,40.04629],[52.84545,40.18038],[52.84545,40.33363],[52.82629,40.46772],[52.90292,40.5635],[52.9508,40.70716],[52.96996,40.8221],[53.05616,41.05197],[53.18067,40.84125],[53.2573,40.76463],[53.43928,40.80294],[53.61168,40.74548],[53.65957,40.81252],[53.64999,40.87957],[53.69788,40.87957],[53.76493,40.86999],[53.79366,40.72632],[53.84155,40.64012],[53.97564,40.6497],[54.10973,40.67843],[54.22467,40.72632],[54.41622,40.65928],[54.45454,40.71674],[54.38749,40.80294],[54.36833,40.89872],[54.45454,40.91788],[54.50243,40.85083],[54.60778,40.81252],[54.8185,40.87957],[54.82807,40.98492],[54.75145,41.13817],[54.5982,41.24353],[54.35876,41.3872],[54.1672,41.48297],[54.13846,41.62664],[54.11931,41.77989],[54.02353,41.85651],[54.02353,42.04807],[53.98522,42.10554],[53.73619,42.13427],[53.45843,42.09596],[53.26688,42.08638],[53.06574,42.02892],[52.97954,41.9044],[52.94123,41.77031],[52.99869,41.68411],[52.93165,41.37762],[52.96038,41.27226],[52.96996,41.13817],[52.85503,41.3872],[52.6922,41.53086],[52.71136,41.60749],[52.68262,41.69369],[52.55927,41.75784],[52.60075,41.93768],[52.57377,42.0186],[52.51982,42.07256],[52.58276,42.18945],[52.67268,42.27937],[52.73562,42.42324],[52.75361,42.55812],[52.83453,42.64804],[52.7626,42.75594],[52.58276,42.82787],[52.37595,42.8009],[52.29502,42.87283],[52.07022,42.82787],[51.9803,42.9088],[51.8814,43.05267],[51.73753,43.17855],[51.42281,43.16956],[51.42281,43.25948],[51.45878,43.38537],[51.36886,43.55621],[51.26095,43.61016],[51.17103,43.71807],[50.9912,44.07774],[50.95523,44.20363],[50.70346,44.25758],[50.38874,44.29355],[50.3258,44.36548],[50.33479,44.5633],[50.40673,44.61726],[50.54161,44.64423],[50.8743,44.62625],[51.33289,44.48238],[51.41382,44.51834],[51.57567,44.55431],[51.48575,44.62625],[51.18902,44.77012],[51.0991,44.87802],[51.21599,45.03987],[51.34188,45.05786],[51.37785,45.17475],[51.45878,45.30963],[51.51273,45.37257],[51.62962,45.35459],[51.77349,45.39056],[51.84543,45.43552],[51.99829,45.38156],[52.60974,45.39955],[53.05933,45.3366],[53.28413,45.32761],[53.05933,45.4535],[52.84352,45.50745],[52.83453,45.64233],[52.92445,45.73225],[53.05034,45.83116],[53.14925,45.95705],[53.2032,46.19083],[53.25715,46.31672],[53.18522,46.42462],[53.12228,46.49656],[53.16723,46.58647],[53.28413,46.6764],[53.23018,46.73035],[53.18522,46.86523],[53.02336,46.91918],[52.55579,46.98212],[52.46587,46.91018],[52.37595,46.87422],[52.14216,46.83825],[51.93535,46.8922],[51.79148,47.00909],[51.36886,47.09002],[51.11708,47.06305],[50.82035,46.91918],[50.63152,46.91018],[50.27185,46.68539],[49.94814,46.5595],[49.72335,46.53252],[49.53451,46.54152],[49.3132,46.35269],[49.23778,46.26277],[49.05794,46.13688],[48.8871,46.08293],[48.83315,46.08293],[48.83315,45.92108],[48.77021,45.88511],[48.63533,45.97503],[48.30263,45.76821],[48.01489,45.71426],[47.87102,45.6783],[47.75412,45.71426],[47.6732,45.75023],[47.62824,45.73225],[47.60126,45.66031],[47.65521,45.54342],[47.5563,45.4535],[47.39445,45.17475],[47.25058,44.98592],[47.16965,44.86004],[47.02578,44.7881],[46.87292,44.6802],[46.80998,44.53633],[46.84595,44.44641],[46.99881,44.35649],[47.14268,44.33851],[47.2236,44.20363],[47.33151,44.18565],[47.5653,43.84396],[47.53832,43.67311],[47.49336,43.58319],[47.52034,43.51126],[47.5653,43.60117],[47.61026,43.75404],[47.66421,43.85295],[47.73614,43.86194],[47.6732,43.66412],[47.57429,43.50226],[47.60126,43.32243],[47.65521,43.27747],[47.58328,43.18755],[47.5653,43.00771],[47.73614,42.89981],[47.79009,42.85485],[47.84404,42.62106],[47.96993,42.59409],[48.13178,42.40525],[48.2217,42.27937],[46.73821,41.71183],[46.82249,41.20617],[46.90677,40.61624],[46.73821,40.0263],[46.14828,39.68919],[45.43193,41.459],[45.55834,41.83825],[45.25984,42.43852],[43.54586,42.83471],[41.12255,43.01909],[40.96934,43.07666],[40.55709,43.14659],[40.25162,43.26818],[38.92371,44.21186],[38.55609,44.3851],[38.277,44.42321],[38.10918,44.49377],[37.88037,44.71895],[37.77405,44.74454],[37.62175,44.67331],[37.47389,44.69236],[37.31794,44.92421],[36.95987,45.22736],[37.22775,45.31202],[37.46097,45.31248],[37.66127,45.34523],[37.7061,45.5784],[37.86788,45.79251],[37.98994,46.00666],[38.22715,46.02009],[38.45898,46.07891],[38.26491,46.31856],[37.97017,46.44128],[37.7571,46.60319],[37.8666,46.65536],[38.03186,46.66868],[38.40109,46.72135],[38.72274,46.87792],[39.28236,47.07403],[39.19409,47.24295],[39.15985,47.26889],[38.80025,47.22917],[37.85925,47.10374],[37.42214,47.07688],[37.19263,46.89442],[36.86456,46.80929],[36.35397,46.7758],[35.85056,46.66439],[35.62433,46.52106],[35.4161,46.49469],[35.21237,46.63714],[35.04637,46.35765],[34.90681,46.27302],[34.69235,46.25313],[34.49565,46.2787],[34.06422,46.26487],[33.83908,46.19305],[34.12726,46.0639],[35.00805,45.61195],[35.0319,45.53427],[34.99001,45.45002],[35.06342,45.3401],[35.31668,45.32118],[35.54622,45.37989],[35.84976,45.44523],[36.32316,45.4397],[36.52105,45.38829],[36.41513,45.27157],[36.36711,45.16148],[36.26475,45.09659],[36.0047,45.04433],[35.86545,45.03112],[35.59956,45.10174],[35.38666,45.08192],[35.06732,44.86172],[34.61416,44.84147],[34.37224,44.75718],[34.13496,44.5375],[34.01372,44.49212],[33.66016,44.52366],[33.3955,44.60049],[33.55938,44.93614],[33.51667,45.12351],[33.39787,45.25268],[33.01349,45.38137],[32.92629,45.38767],[32.64345,45.38063],[32.5753,45.36108],[32.50324,45.4451],[32.90226,45.67258],[33.19165,45.78978],[33.53946,45.87471],[33.63884,45.92677],[33.52795,46.13406],[33.33253,46.16611],[32.51644,46.12558],[32.20217,46.17036],[32.1141,46.21562],[31.92594,46.40993],[32.18879,46.59224],[31.95127,46.86463],[31.78105,46.70186],[31.53773,46.70138],[31.08723,46.63554],[30.83286,46.57659],[28.64177,48.37702],[28.67599,48.40188],[32.50458,48.35985],[32.82246,49.6114],[31.65373,50.34074],[32.13343,50.64145],[36.20942,51.78272],[36.65778,51.94576],[37.06538,53.16856],[37.7583,53.16856],[37.83982,53.98376],[38.89958,54.88048],[39.2089,55.56099]]]]}},{"type":"Feature","properties":{"NAME":"Volga Bulgars","ABBREVN":"Volga Bulgars","INFO_UR":null,"SUBJECTO":"Volga Bulgars","BORDERPRECISION":1,"PARTOF":"Bulgars"},"geometry":{"type":"MultiPolygon","coordinates":[[[[42.01651,56.77515],[44.98906,57.97353],[46.10575,57.70862],[53.97646,57.70862],[53.92448,57.60138],[55.70906,57.19767],[54.3443,53.4017],[50.8651,51.54746],[44.82601,52.11961],[42.54673,53.67741],[42.01651,56.77515]]]]}},{"type":"Feature","properties":{"NAME":"Finno-Ugric taiga hunter-gatherers","ABBREVN":"Finno-Ugric taiga hunter-gatherers","INFO_UR":null,"SUBJECTO":"Finno-Ugric taiga hunter-gatherers","BORDERPRECISION":1,"PARTOF":"Finno-Ugric taiga hunter-gatherers"},"geometry":{"type":"MultiPolygon","coordinates":[[[[19.67028,63.38854],[19.46501,63.4807],[19.31822,63.44483],[19.07593,63.2025],[18.78499,63.13801],[18.48662,62.98124],[18.38895,62.85337],[18.30319,62.78942],[17.96744,62.77462],[17.86817,62.78862],[16.19308,62.75566],[14.34372,62.94813],[14.53605,63.0976],[17.00938,67.24776],[19.57998,69.18106],[19.82121,69.36973],[18.95871,68.2937],[18.40022,67.23493],[18.53403,66.43208],[17.32975,64.82638],[17.73118,64.55876],[17.2609,64.20605],[20.87327,64.03282],[20.70066,63.81813],[19.67028,63.38854]]]]}},{"type":"Feature","properties":{"NAME":"Finno-Ugric taiga hunter-gatherers","ABBREVN":"Finno-Ugric taiga hunter-gatherers","INFO_UR":null,"SUBJECTO":"Finno-Ugric taiga hunter-gatherers","BORDERPRECISION":1,"PARTOF":"Finno-Ugric taiga hunter-gatherers"},"geometry":{"type":"MultiPolygon","coordinates":[[[[27.96591,60.50356],[24.6085,61.31538],[22.95698,61.38928],[22.14872,63.13668],[22.29236,63.20269],[22.42877,63.39497],[22.47583,63.60162],[22.56902,63.72301],[22.70422,63.58064],[22.82553,63.58088],[23.13056,63.78343],[27.23159,63.35448],[30.604,64.93805],[34.29341,65.39624],[34.33202,65.34551],[34.42566,65.10653],[34.46212,65.06197],[31.14468,61.5175],[28.53726,60.50909],[28.55125,60.53264],[28.52151,60.62326],[27.96591,60.50356]]]]}},{"type":"Feature","properties":{"NAME":"Papal States","ABBREVN":"Papal States","INFO_UR":null,"SUBJECTO":"Papal States","BORDERPRECISION":1,"PARTOF":"Papal States"},"geometry":{"type":"Polygon","coordinates":[[[11.96343,42.00474],[12.39485,41.72955],[12.64152,41.5311],[12.97678,41.37138],[13.27145,41.31424],[13.49839,41.30186],[13.76051,41.2067],[13.81319,41.3183],[13.97923,41.33491],[14.02904,41.40132],[13.96263,41.46774],[13.96263,41.51755],[13.92942,41.63378],[13.87961,41.63378],[13.87961,41.66699],[13.92942,41.75001],[13.863,41.78322],[13.863,41.75001],[13.68395,41.79134],[13.66562,41.70983],[13.62579,41.65445],[13.57635,41.74365],[13.43216,41.82353],[13.32641,41.91863],[13.14239,42.01155],[13.07922,42.11758],[13.10394,42.14813],[13.04901,42.1746],[12.96524,42.1349],[12.88421,42.14406],[12.88284,42.29763],[12.74277,42.38898],[12.60612,42.42295],[12.51205,42.38188],[12.45506,42.39811],[12.43652,42.46197],[12.50244,42.53892],[12.57523,42.56016],[12.60784,42.71927],[12.55188,42.76214],[12.59582,42.82764],[12.56973,42.89106],[12.46673,42.8981],[12.42554,42.94738],[12.42416,43.08694],[12.48733,43.15911],[12.55875,43.18816],[12.5766,43.2342],[12.64252,43.2872],[12.84164,43.39507],[12.94876,43.42799],[13.03528,43.39008],[13.11905,43.43298],[13.14377,43.423],[13.20007,43.34516],[13.34289,43.33217],[13.41705,43.35215],[13.44864,43.3022],[13.4967,43.2862],[13.74417,43.29206],[13.75089,43.29343],[13.73156,43.37416],[13.65073,43.47351],[13.54153,43.4353],[13.33603,43.46563],[13.30513,43.54606],[13.34796,43.59917],[13.32667,43.61184],[13.25809,43.58275],[13.23904,43.59307],[13.23853,43.60401],[13.24419,43.61495],[13.26239,43.62017],[13.29723,43.61644],[13.33599,43.65204],[12.69723,43.93476],[12.30221,43.34402],[12.30221,43.2776],[12.21919,43.22779],[12.15277,43.06175],[12.16937,42.91231],[12.18598,42.91231],[12.15277,42.69645],[12.16937,42.63004],[12.05314,42.53041],[12.06975,42.29795],[12.00333,42.24814],[12.01993,42.0987],[11.96343,42.00474]]]}},{"type":"Feature","properties":{"NAME":"Almohad Caliphate","ABBREVN":"Almohad","INFO_UR":null,"SUBJECTO":"Almohad Caliphate","BORDERPRECISION":1,"PARTOF":"Almohad Caliphate"},"geometry":{"type":"MultiPolygon","coordinates":[[[[-9.01664,37.0698],[-8.99085,36.99001],[-8.66706,37.12144],[-8.54107,37.08858],[-8.28024,37.08858],[-8.03364,37.00879],[-7.83604,37.03225],[-7.60344,37.16298],[-7.4915,37.20816],[-7.22782,37.22586],[-6.94795,37.14931],[-6.63215,37.02175],[-6.42171,36.79216],[-6.50049,36.71883],[-6.44403,36.62318],[-6.28888,36.57218],[-6.30497,36.45422],[-6.20446,36.2821],[-5.85001,36.07174],[-5.66059,36.00801],[-5.48549,36.06537],[-5.48793,36.17372],[-5.45709,36.16736],[-5.42426,36.07174],[-5.38675,36.10998],[-5.37423,36.23748],[-5.21674,36.4096],[-4.7573,36.48611],[-4.44659,36.72202],[-2.96979,36.74115],[-2.91533,36.69014],[-2.7615,36.69014],[-2.62433,36.8113],[-2.3551,36.82405],[-2.2388,36.7284],[-1.94048,36.9516],[-1.81688,37.29248],[-1.62571,37.43949],[-1.36457,37.54839],[-0.91827,37.57034],[-0.80256,37.61501],[-0.87234,37.7598],[-0.66473,38.17657],[-0.56413,38.21487],[-0.43516,38.43034],[0.17257,38.73835],[0.12612,38.82135],[-0.1657,38.95406],[-0.2359,39.0624],[-0.39485,39.43446],[-0.16063,39.88602],[0.23793,40.2402],[0.50514,40.59276],[0.78756,40.65689],[0.82713,40.72742],[0.70978,40.78515],[0.73375,40.87495],[0.8792,41.02174],[1.31124,41.15725],[1.4421,41.18],[1.0336,41.87806],[0.34068,42.00034],[-1.00439,41.91882],[-3.53151,41.0221],[-5.56951,40.73678],[-6.94614,40.60932],[-6.93005,39.67713],[-7.45854,39.64323],[-6.93005,38.94453],[-7.3044,38.42888],[-8.83295,38.18392],[-8.93279,37.96184],[-8.85103,37.91018],[-8.84151,37.52515],[-9.01664,37.0698]]],[[[-6.87765,34],[0.99136,34],[1.2374,35.88635],[1.57969,36.51389],[1.0576,36.46186],[0.78124,36.38485],[0.47439,36.22496],[0.19867,36.03331],[0.01531,35.80367],[-0.09165,35.73977],[-0.28299,35.75848],[-0.42877,35.86007],[-0.91749,35.66804],[-1.14667,35.62937],[-1.32911,35.48891],[-1.4951,35.2339],[-1.73833,35.11883],[-2.03525,35.05457],[-2.35566,35.05392],[-2.71481,35.09774],[-2.82988,35.14206],[-3.00903,35.38998],[-3.20577,35.26861],[-3.4408,35.16628],[-4.02789,35.13324],[-4.29535,35.15179],[-4.59298,35.15119],[-5.10963,35.37931],[-5.17179,35.42376],[-5.47936,35.80521],[-5.565,35.86234],[-5.80789,35.78542],[-5.92876,35.72786],[-6.30205,34.86144],[-6.51147,34.4543],[-6.75297,34.12335],[-6.87765,34]]],[[[1.21194,38.89833],[1.2225,38.87416],[1.24611,38.86028],[1.27722,38.87971],[1.34639,38.87111],[1.36167,38.86055],[1.37194,38.83083],[1.40583,38.84555],[1.615,39.02833],[1.60528,39.09166],[1.54583,39.11805],[1.51972,39.11833],[1.3625,39.07278],[1.29417,39.03139],[1.22778,38.94805],[1.21194,38.89833]]],[[[1.38306,38.72055],[1.39028,38.64333],[1.45667,38.68694],[1.49444,38.67555],[1.52417,38.65472],[1.56944,38.65416],[1.58806,38.66722],[1.57306,38.69138],[1.44528,38.7411],[1.39917,38.73778],[1.38306,38.72055]]],[[[2.36417,39.55583],[2.38917,39.52499],[2.5425,39.52027],[2.65611,39.56444],[2.69444,39.55194],[2.75361,39.5075],[2.75278,39.49667],[2.72778,39.47305],[2.74556,39.40639],[2.78639,39.36472],[2.98556,39.3186],[3.06361,39.26361],[3.24194,39.36444],[3.30556,39.50222],[3.32028,39.52055],[3.3775,39.55277],[3.46361,39.66139],[3.48028,39.72166],[3.43972,39.75028],[3.38278,39.77333],[3.34389,39.77583],[3.32361,39.75944],[3.26083,39.7336],[3.18083,39.76],[3.13472,39.79222],[3.08944,39.88583],[3.09694,39.91139],[3.07139,39.92194],[2.98778,39.91111],[2.77778,39.84472],[2.68389,39.79388],[2.38611,39.61278],[2.36417,39.55583]]],[[[3.79694,40.01722],[3.82667,39.92249],[3.88472,39.92027],[3.93833,39.9325],[3.98472,39.93028],[4.07972,39.89916],[4.11639,39.86833],[4.23833,39.81611],[4.27639,39.80639],[4.3,39.81416],[4.31389,39.83194],[4.31556,39.87888],[4.27333,39.96139],[4.17444,40.05028],[3.83611,40.05639],[3.79694,40.01722]]]]}},{"type":"Feature","properties":{"NAME":"León","ABBREVN":"León","INFO_UR":null,"SUBJECTO":"León","BORDERPRECISION":1,"PARTOF":"León"},"geometry":{"type":"Polygon","coordinates":[[[-9.2708,43.04869],[-9.24686,42.90078],[-9.17312,42.8559],[-8.94172,42.8242],[-8.64406,42.41975],[-8.79857,42.19453],[-8.86049,42.01453],[-8.84009,41.96755],[-7.8549,41.89427],[-7.0842,41.94343],[-6.55571,41.87788],[-6.46763,41.71371],[-6.13732,41.58208],[-6.95207,40.95314],[-6.94614,40.60932],[-5.56951,40.73678],[-4.44432,40.89431],[-5.0864,43.49486],[-5.2249,43.50725],[-5.53742,43.57745],[-5.82045,43.70569],[-5.97966,43.70538],[-6.46757,43.56272],[-6.80798,43.52342],[-7.1513,43.55494],[-7.63627,43.72141],[-7.97953,43.74005],[-8.22022,43.61721],[-8.2507,43.43043],[-8.31041,43.35305],[-8.84922,43.32624],[-9.01359,43.28086],[-9.19747,43.15821],[-9.2708,43.04869]]]}},{"type":"Feature","properties":{"NAME":"Portugal","ABBREVN":"Portugal","INFO_UR":null,"SUBJECTO":"Portugal","BORDERPRECISION":1,"PARTOF":"Portugal"},"geometry":{"type":"MultiPolygon","coordinates":[[[[-6.93005,39.67713],[-7.45854,39.64323],[-6.93005,38.94453],[-7.3044,38.42888],[-8.83295,38.18392],[-8.82299,38.20607],[-8.8473,38.38457],[-8.78892,38.43598],[-8.85365,38.49964],[-9.23657,38.41745],[-9.28516,38.61947],[-9.06915,38.64296],[-8.94189,38.74192],[-8.96083,38.81846],[-9.04085,38.92018],[-9.17575,38.73223],[-9.36164,38.67115],[-9.5224,38.68994],[-9.54901,38.77452],[-9.45976,38.95308],[-9.39771,39.23036],[-9.41527,39.36668],[-9.29927,39.41774],[-9.11792,39.64403],[-8.91559,40.13815],[-8.96967,40.19002],[-8.69407,40.99217],[-8.85178,41.40783],[-8.85475,41.59685],[-8.92074,41.76702],[-8.80606,41.88918],[-8.84009,41.96755],[-7.8549,41.89427],[-7.0842,41.94343],[-6.55571,41.87788],[-6.46763,41.71371],[-6.13732,41.58208],[-6.95207,40.95314],[-6.93005,39.67713]]]]}},{"type":"Feature","properties":{"NAME":"Angevin Empire","ABBREVN":"Angevins","INFO_UR":null,"SUBJECTO":"Angevin Empire","BORDERPRECISION":1,"PARTOF":"Angevin Empire"},"geometry":{"type":"MultiPolygon","coordinates":[[[[-5.77781,50.13412],[-5.42922,50.06785],[-5.28234,49.96382],[-4.96703,50.21225],[-4.54057,50.35795],[-4.3033,50.32354],[-4.24263,50.39146],[-4.00424,50.31406],[-3.88174,50.2004],[-3.71504,50.21934],[-3.56318,50.36143],[-3.52147,50.61743],[-3.11088,50.65736],[-2.96062,50.7218],[-2.55051,50.57001],[-2.43199,50.64589],[-2.02369,50.57001],[-2.08536,50.70282],[-1.37251,50.76627],[-1.10336,50.81671],[-0.83904,50.7218],[-0.33571,50.81671],[0.19181,50.73128],[0.67257,50.93067],[0.88835,50.89267],[0.88602,50.98189],[1.33496,51.1207],[1.36468,51.3529],[1.18937,51.40547],[1.03007,51.35885],[0.80425,51.37827],[0.25417,51.4536],[0.68622,51.56039],[1.03129,51.81272],[1.51189,52.02576],[1.65687,52.21178],[1.69169,52.31142],[1.58571,52.65004],[1.37593,52.80924],[1.01266,52.88842],[0.74184,52.9012],[0.50467,52.84751],[0.32683,52.70748],[0.0055,52.78667],[0.25087,53.04005],[0.26785,53.12666],[0.17452,53.29306],[0.08102,53.38623],[-0.20366,53.52328],[-0.31922,53.57891],[-0.23488,53.79938],[-0.2955,54.03317],[-0.6048,54.30016],[-0.8706,54.54717],[-1.19206,54.59536],[-1.38889,54.68048],[-1.55562,54.92161],[-1.69599,55.2725],[-1.66598,55.37959],[-1.71901,55.45374],[-1.942,55.55607],[-2.06459,55.30033],[-1.8969,54.33615],[-2.88594,54.16867],[-2.86532,54.02827],[-2.97954,53.82085],[-3.05674,53.51361],[-2.91448,53.26714],[-2.75015,51.64403],[-2.89466,51.39385],[-3.03315,51.32989],[-3.06604,51.17774],[-3.483,51.18111],[-3.82523,51.23478],[-4.28099,51.18724],[-4.27728,51.06367],[-4.44256,50.96866],[-4.55154,50.99716],[-4.60456,50.77875],[-4.81527,50.60417],[-5.01665,50.56052],[-5.23777,50.34629],[-5.77781,50.13412]]],[[[-2.32317,47.19943],[-2.26375,47.18288],[-2.26,47.18145],[-2.25222,47.18705],[-2.21196,47.1942],[-2.22692,47.21905],[-2.24481,47.20863],[-2.27749,47.20326],[-2.28309,47.20151],[-2.28935,47.20131],[-2.29902,47.19972],[-2.32317,47.19943]]],[[[-1.91458,43.30542],[-1.70239,43.19594],[-1.49138,43.20962],[-1.46565,43.15489],[-1.55767,43.04543],[-1.51513,42.99756],[-1.44755,42.98388],[-1.39727,43.03176],[-0.90735,42.8813],[-0.84002,42.90865],[-0.61198,42.73088],[-0.58679,42.76506],[-0.46884,42.75139],[-0.40991,42.78557],[-0.21614,42.7172],[-0.16563,42.64884],[0.17955,42.66252],[0.19627,42.60783],[0.34784,42.63517],[0.4991,42.63093],[0.31462,43.09571],[0.38459,43.28147],[0.35549,43.28802],[0.23532,43.28469],[0.22158,43.38791],[0.2012,43.42117],[0.02037,43.55452],[-0.06936,43.48149],[-0.05127,43.39822],[-0.09042,43.30634],[-0.05379,43.23801],[-0.08584,43.19297],[-0.14009,43.19414],[-0.22204,43.11632],[-0.18633,43.05513],[-0.27812,43.00092],[-0.26782,42.94414],[-0.3136,42.84905],[-0.32681,42.83446],[-0.34646,42.83782],[-0.38379,42.80097],[-0.41264,42.80828],[-0.4409,42.79531],[-0.50457,42.82743],[-0.52464,42.81236],[-0.52764,42.79349],[-0.54271,42.79329],[-0.55254,42.7782],[-0.56753,42.78074],[-0.56461,42.7999],[-0.57673,42.80821],[-0.596,42.80458],[-0.60373,42.83256],[-0.65654,42.85974],[-0.67606,42.88113],[-0.69505,42.87908],[-0.73266,42.89899],[-0.73566,42.91359],[-0.72407,42.92241],[-0.73229,42.92819],[-0.73217,42.94724],[-0.75206,42.96759],[-0.79213,42.96324],[-0.81051,42.9513],[-0.86176,42.95088],[-0.90805,42.96447],[-0.92494,42.95422],[-0.94543,42.95357],[-0.99601,42.975],[-1.01812,42.99572],[-1.08414,43.00203],[-1.08387,43.02096],[-1.05812,43.03452],[-1.04095,43.0734],[-1.03203,43.0734],[-1.03272,43.08694],[-1.04198,43.11301],[-1.09932,43.14258],[-1.11202,43.17639],[-1.10584,43.18615],[-1.13812,43.2312],[-1.10619,43.24495],[-1.08181,43.26771],[-1.12095,43.3007],[-1.17073,43.32193],[-1.17228,43.34803],[-1.15631,43.36013],[-1.19219,43.39644],[-1.19425,43.41702],[-1.21742,43.43722],[-1.26034,43.43435],[-1.28609,43.40106],[-1.26549,43.37536],[-1.25965,43.34628],[-1.26085,43.33217],[-1.29012,43.2917],[-1.35278,43.30345],[-1.42846,43.26695],[-1.49061,43.28108],[-1.50627,43.29356],[-1.53532,43.29467],[-1.56503,43.28799],[-1.55809,43.28059],[-1.5726,43.25259],[-1.60813,43.25191],[-1.62549,43.27055],[-1.62464,43.30634],[-1.66842,43.31484],[-1.69614,43.31189],[-1.73055,43.29622],[-1.73747,43.3303],[-1.75285,43.33368],[-1.75578,43.34291],[-1.7759,43.34393],[-1.78051,43.34897],[-1.91458,43.30542]]],[[[-1.55103,43.5679],[-1.49927,43.64468],[-1.47905,43.74419],[-1.37689,44.09284],[-1.27819,44.07353],[-1.37624,44.09774],[-1.34893,44.2149],[-1.30218,44.49146],[-1.30961,44.52617],[-1.30399,44.54931],[-1.30811,44.5604],[-1.31438,44.55896],[-1.55103,43.5679]]],[[[-1.33178,44.61383],[-1.30917,44.63981],[-1.31198,44.64923],[-1.25863,44.96208],[-1.21225,45.299],[-1.21075,45.36871],[-1.27551,45.12873],[-1.33178,44.61383]]],[[[-1.21397,46.24928],[-1.21212,46.24676],[-1.0849,46.29951],[-1.21397,46.24928]]],[[[-1.19431,45.63858],[-1.13307,45.58139],[-1.12998,45.58513],[-1.09921,45.60385],[-1.17785,45.63949],[-1.19431,45.63858]]],[[[-1.05709,47.983],[-0.94688,47.99498],[-1.03805,47.98997],[-1.05709,47.983]]],[[[0.905,48.71362],[0.91118,48.676],[0.9384,48.64903],[0.97871,48.71286],[0.905,48.71362]]],[[[1.00594,44.61833],[1.02662,44.57724],[2.62675,44.77639],[2.47544,44.85601],[2.45478,44.84286],[2.35497,44.82338],[2.3275,44.78765],[2.18856,44.76864],[2.16568,44.79353],[2.15469,44.83347],[2.11212,44.86268],[2.10525,44.90452],[2.12036,44.92786],[2.0517,44.98131],[1.99058,44.97694],[1.93497,45.00074],[1.83609,44.96869],[1.72691,44.98617],[1.70151,45.02841],[1.57448,45.04151],[1.45157,45.04248],[1.43372,45.00074],[1.45569,44.96528],[1.41037,44.91814],[1.43784,44.88458],[1.41106,44.86609],[1.40213,44.84175],[1.37947,44.82276],[1.31081,44.80571],[1.25313,44.74917],[1.17485,44.74039],[1.16043,44.70136],[1.13022,44.67012],[1.00594,44.61833]]],[[[1.15562,49.29244],[1.17279,49.26422],[1.16455,49.17183],[1.19614,49.12961],[1.2336,49.11648],[1.26149,49.16064],[1.22497,49.30047],[1.15562,49.29244]]]]}},{"type":"Feature","properties":{"NAME":"Comté de Toulouse","ABBREVN":"Toulouse","INFO_UR":null,"SUBJECTO":"France","BORDERPRECISION":1,"PARTOF":"Kingdom of France"},"geometry":{"type":"Polygon","coordinates":[[[0.31462,43.09571],[0.4991,42.63093],[0.59192,42.62833],[0.58414,42.77189],[0.7442,42.77189],[1.30745,42.63517],[1.32046,42.60501],[1.45631,42.61895],[1.57717,42.64785],[1.75543,42.59672],[1.79169,42.57892],[1.73126,42.54554],[1.72824,42.501],[2.10289,42.61451],[2.27209,42.69006],[2.48056,42.68562],[2.48962,42.71892],[2.70112,42.73002],[2.825,42.84975],[2.94888,42.88297],[3.03927,42.86919],[3.0679,42.94456],[3.31787,43.19595],[3.47871,43.3121],[3.80747,43.46723],[4.0782,43.48709],[4.41676,43.34615],[4.64651,43.32087],[4.75059,43.35326],[4.90985,43.36644],[5.05182,43.3281],[5.43449,43.10366],[5.64655,43.03332],[5.82857,43.02082],[6.52301,43.15085],[6.92308,43.44767],[7.29762,43.6673],[7.39712,43.76409],[7.35515,43.90151],[6.92279,43.81504],[6.88573,43.90151],[6.95985,43.91386],[6.92279,43.97563],[6.99691,44.04975],[6.9722,44.0621],[6.93514,44.13622],[6.88573,44.14857],[6.83632,44.11151],[6.78691,44.19799],[6.78691,44.29681],[6.86978,44.34917],[6.8639,44.36262],[6.81427,44.37001],[6.79367,44.50336],[6.77977,44.53788],[6.78471,44.54378],[6.78292,44.54787],[6.92469,44.71502],[7.00347,44.71954],[6.9426,44.86865],[6.66532,44.95452],[6.50732,45.11571],[6.28043,45.19859],[6.24337,45.29742],[6.26807,45.32212],[6.21866,45.34683],[6.14454,45.32212],[6.08278,45.37154],[6.03336,45.33448],[6.05807,45.2233],[5.94689,45.26036],[5.93454,45.32212],[5.84056,45.38477],[5.34626,45.09594],[5.34626,44.06078],[3.96999,43.83884],[3.43049,44.72165],[3.05851,44.751],[3.0513,44.73857],[3.06045,44.68977],[3.03298,44.65558],[2.97747,44.64418],[2.96202,44.67878],[2.88877,44.74832],[2.89396,44.76398],[2.60736,44.78659],[2.62675,44.77639],[1.02662,44.57724],[1.04507,44.54057],[1.02585,44.49357],[1.09451,44.47691],[1.11923,44.46221],[1.12198,44.43084],[0.99563,44.40436],[0.95444,44.44947],[0.90225,44.44261],[0.92148,44.32188],[1.03134,44.32483],[0.99563,44.27471],[1.03683,44.22651],[0.8844,44.12703],[0.84045,44.1152],[0.88509,44.07624],[0.93178,44.06588],[1.0232,44.09192],[1.07974,44.07761],[1.09599,44.04077],[1.16123,43.97294],[1.10057,43.94245],[1.06738,43.86741],[1.01885,43.82895],[1.00534,43.7278],[0.83802,43.6124],[0.79476,43.52085],[0.76157,43.4976],[0.86595,43.48531],[0.86457,43.44312],[0.79544,43.41436],[0.70587,43.2902],[0.64689,43.28002],[0.53495,43.33965],[0.4601,43.32084],[0.44293,43.29035],[0.41546,43.27452],[0.38459,43.28147],[0.31462,43.09571]]]}},{"type":"Feature","properties":{"NAME":"Kingdom of France","ABBREVN":"Kingdom of France","INFO_UR":null,"SUBJECTO":"France","BORDERPRECISION":1,"PARTOF":"Kingdom of France"},"geometry":{"type":"MultiPolygon","coordinates":[[[[0.88852,46.62115],[0.93658,46.59473],[1.02447,46.58341],[1.03134,46.54092],[1.13022,46.52675],[1.19339,46.55131],[1.28952,46.53525],[1.41037,46.55697],[1.48041,46.51541],[1.52435,46.46719],[1.71661,46.45205],[1.75781,46.4757],[1.9844,46.45016],[2.14371,46.30141],[2.2316,46.26914],[2.30163,46.31089],[2.35382,46.3052],[2.40188,46.31753],[2.48978,46.29382],[2.53784,46.24065],[2.50763,46.22925],[2.56393,46.14178],[2.65182,46.1218],[2.6889,46.17413],[2.75379,46.18221],[2.78641,46.19409],[2.70607,46.2511],[2.71225,46.30995],[2.68616,46.34314],[2.66968,46.50501],[2.60101,46.56736],[2.57767,46.66169],[2.65895,46.73312],[2.69577,46.75868],[2.79675,46.76025],[2.83132,46.72873],[3.03871,46.79881],[3.03184,46.76668],[3.06503,46.85911],[3.04672,46.95372],[3.06961,46.99043],[3.03733,47.08824],[3.03034,47.13544],[2.9991,47.20391],[2.98194,47.26531],[2.88053,47.32849],[2.92975,47.44751],[2.84093,47.56395],[2.75894,47.60153],[2.69878,47.66024],[2.59692,47.6849],[2.5223,47.65453],[2.4566,47.7174],[2.46072,47.73388],[2.39777,47.7662],[2.5017,47.8108],[2.69718,47.76143],[2.75212,47.78835],[2.88717,47.7522],[2.93707,47.72295],[3.06045,47.73111],[3.11974,47.77528],[3.21382,47.76189],[3.27667,47.79676],[3.21349,47.79979],[3.21349,47.87722],[3.05968,47.99131],[3.06517,48.04275],[3.49913,48.07946],[3.58703,48.12348],[3.57604,48.22788],[3.52385,48.28092],[3.41948,48.29005],[3.30687,48.29371],[3.22997,48.25532],[3.10363,48.3065],[3.03222,48.29188],[2.98552,48.24983],[2.92785,48.25532],[2.87291,48.2736],[2.87017,48.31746],[2.94707,48.34302],[3.09264,48.35397],[3.13521,48.37405],[3.10637,48.41599],[3.0638,48.44151],[3.05693,48.48158],[3.06792,48.52889],[2.96767,48.5698],[2.86742,48.57071],[2.87017,48.60069],[2.83172,48.68598],[2.79876,48.7331],[2.68615,48.73854],[2.61199,48.76208],[2.60924,48.78561],[2.72735,48.81637],[2.69439,48.87782],[2.63396,48.92476],[2.6834,48.97527],[2.75206,49.02932],[2.84545,49.0023],[2.88939,49.02752],[2.94707,49.01491],[3.0075,48.96625],[3.04046,49.01671],[3.19564,49.04913],[3.22036,49.12557],[3.26156,49.13726],[3.37554,49.20549],[3.42498,49.27453],[3.29451,49.30767],[3.27254,49.38461],[3.35906,49.40517],[3.45107,49.44537],[3.58771,49.54616],[3.63784,49.57244],[3.80675,49.60226],[3.88091,49.64941],[3.94408,49.62896],[3.97841,49.60582],[4.00039,49.5426],[4.03197,49.53368],[4.05669,49.5613],[4.09514,49.6974],[4.04845,49.70095],[4.03334,49.71605],[4.06768,49.74357],[4.07042,49.78703],[4.06081,49.85083],[4.12124,49.86854],[4.36379,49.86854],[4.25522,49.88724],[3.82033,50.03945],[3.43844,51.00828],[3.6813,51.32142],[3.47202,51.31439],[3.21361,51.35357],[2.99526,51.31348],[2.4426,51.04803],[2.03033,51.00666],[1.82356,50.93456],[1.58892,50.82188],[1.5283,50.57773],[1.54218,50.37326],[1.60727,50.3666],[1.60744,50.38751],[1.64177,50.39407],[1.64314,50.43411],[1.68022,50.43652],[1.72554,50.41114],[1.72554,50.39276],[1.79901,50.38663],[1.81618,50.36561],[1.79558,50.35116],[1.81412,50.32749],[1.89926,50.30162],[1.94904,50.33418],[1.98029,50.32179],[1.97479,50.29066],[2.08534,50.25511],[2.05994,50.22261],[2.0105,50.22832],[1.98646,50.21119],[1.93222,50.20372],[1.93359,50.18349],[1.95076,50.17426],[1.99402,50.17954],[1.98715,50.13863],[2.0153,50.14479],[2.0311,50.16063],[2.06543,50.15579],[2.08534,50.12674],[2.15332,50.14391],[2.18971,50.06331],[2.21992,50.03377],[2.16705,49.99008],[2.16431,49.96006],[2.18285,49.92073],[2.1801,49.88269],[2.14439,49.88358],[2.12036,49.91321],[2.1183,49.96315],[2.14302,49.99935],[2.14233,50.05097],[2.12929,50.06684],[2.10251,50.06816],[2.08809,50.05097],[2.0826,50.01921],[2.02492,49.98964],[2.03384,49.92647],[2.01393,49.92382],[1.98509,49.94283],[1.95007,49.94636],[1.92192,49.92736],[1.87317,49.91807],[1.856,49.9278],[1.85532,49.96094],[1.91437,49.97375],[1.92604,49.99141],[1.92535,50.03862],[1.93703,50.05714],[1.88415,50.06155],[1.8718,49.99582],[1.8457,49.99229],[1.80382,50.07213],[1.77223,50.09944],[1.71936,50.10473],[1.74683,50.05626],[1.72073,50.04832],[1.72897,49.99141],[1.76605,49.98479],[1.77704,49.97551],[1.73241,49.95785],[1.72211,49.93973],[1.73103,49.91984],[1.80382,49.91144],[1.81274,49.89331],[1.84158,49.89021],[1.86012,49.87163],[1.84914,49.81229],[1.78459,49.81761],[1.7688,49.83223],[1.73381,49.83867],[1.73447,49.82115],[1.79352,49.74933],[1.74408,49.72847],[1.73309,49.65429],[1.73447,49.6116],[1.77429,49.55907],[1.79901,49.49712],[1.77978,49.43599],[1.7427,49.4342],[1.64245,49.46991],[1.5477,49.46723],[1.47491,49.48419],[1.41723,49.44492],[1.39938,49.41276],[1.22909,49.30095],[1.22497,49.30047],[1.26149,49.16064],[1.2336,49.11648],[1.27304,49.10265],[1.30051,49.04597],[1.40488,49.00094],[1.39526,48.96129],[1.41586,48.94505],[1.44195,48.90445],[1.41998,48.85026],[1.36505,48.84032],[1.3623,48.78696],[1.25587,48.74125],[1.21605,48.7503],[1.15562,48.73083],[1.09657,48.72993],[1.03683,48.71226],[0.97871,48.71286],[0.9384,48.64903],[0.94276,48.64471],[0.95375,48.58706],[1.0231,48.52297],[1.05606,48.51251],[1.09588,48.48294],[1.20163,48.45653],[1.21948,48.4055],[1.25519,48.38818],[1.27716,48.35899],[1.27441,48.31517],[1.33484,48.2448],[1.33209,48.22193],[1.27716,48.18807],[1.14532,48.17708],[1.06018,48.08267],[1.05056,48.03402],[0.97709,47.99774],[0.97096,47.95306],[1.06155,47.96786],[1.10138,47.93751],[1.07391,47.91542],[1.1618,47.86846],[1.20026,47.8233],[1.24832,47.82699],[1.2442,47.76056],[1.21811,47.71346],[1.17416,47.68388],[1.13708,47.66169],[1.08215,47.68573],[1.02585,47.68758],[1.00387,47.66354],[0.96817,47.64226],[1.01656,47.5956],[1.04609,47.58912],[1.06944,47.53598],[1.03923,47.49207],[1.09531,47.41623],[1.0976,47.3395],[1.11705,47.29916],[1.21228,47.28394],[1.28232,47.25738],[1.36976,47.19598],[1.34582,47.1449],[1.38977,47.11126],[1.35818,47.0589],[1.28403,47.08602],[1.23047,47.07761],[1.07391,47.10098],[1.07254,47.06732],[1.11511,47.04673],[1.17279,46.96901],[1.23047,46.9512],[1.34582,46.94276],[1.42822,46.88366],[1.40762,46.83013],[1.37329,46.81228],[1.33346,46.74174],[1.16592,46.7088],[1.08353,46.72292],[1.00113,46.6909],[0.89676,46.6909],[0.88852,46.62115]],[[1.96793,50.42033],[1.99127,50.43083],[1.98852,50.45576],[2.02148,50.49508],[2.02629,50.51605],[2.10457,50.48941],[2.15744,50.49246],[2.18147,50.47411],[2.23846,50.4846],[2.33528,50.47586],[2.35313,50.44264],[2.3909,50.40502],[2.39365,50.36518],[2.41974,50.33889],[2.46849,50.30908],[2.46574,50.26389],[2.47673,50.22173],[2.43759,50.23183],[2.39502,50.22525],[2.33734,50.24281],[2.20688,50.2415],[2.20276,50.27442],[2.17598,50.28978],[2.18628,50.3196],[2.17598,50.3402],[2.17735,50.36737],[2.19315,50.39145],[2.1904,50.40458],[2.17255,50.40852],[2.10663,50.39101],[2.0826,50.39801],[2.06062,50.38926],[1.9693,50.40261],[1.96793,50.42033]]],[[[1.35785,50.06636],[1.44676,50.04215],[1.55662,49.96933],[1.61412,49.96085],[1.60194,49.96977],[1.54907,49.97993],[1.49277,50.02715],[1.43852,50.05229],[1.3702,50.06529],[1.36279,50.07004],[1.35785,50.06636]]],[[[2.47543,44.856],[2.60736,44.78659],[2.89396,44.76398],[2.91624,44.83117],[2.86817,44.87174],[2.78577,44.86201],[2.77432,44.95118],[2.73083,44.96737],[2.72122,45.03406],[2.65804,45.05961],[2.60035,44.98518],[2.51063,44.92558],[2.49664,44.8695],[2.47543,44.856]]],[[[3.05851,44.751],[3.43049,44.72165],[3.96999,43.83884],[5.34626,44.06078],[5.34626,45.09594],[5.84056,45.38477],[5.82336,45.39624],[5.60708,45.84658],[5.35667,45.87604],[5.35667,46.0528],[5.53343,46.00861],[5.53343,46.097],[5.26828,46.31795],[5.37998,46.47433],[5.37918,46.47464],[5.36545,46.46092],[5.32794,46.46068],[5.31652,46.44862],[5.26382,46.44921],[5.22331,46.4653],[5.19997,46.50028],[5.11139,46.4965],[4.93669,46.50948],[4.90428,46.57348],[4.84019,46.57899],[4.76007,46.53964],[4.71314,46.57741],[4.65386,46.58339],[4.59549,46.53381],[4.55772,46.57552],[4.50278,46.55428],[4.47394,46.47394],[4.38581,46.44792],[4.3778,46.41953],[4.44532,46.40216],[4.45837,46.34594],[4.41374,46.33251],[4.35994,46.27147],[4.38398,46.21764],[4.26907,46.21827],[4.24732,46.24124],[4.16034,46.23649],[4.08594,46.2505],[4.05514,46.24854],[4.01384,46.23174],[3.98408,46.18183],[3.95661,46.18421],[3.96234,46.2349],[3.92457,46.25944],[3.92571,46.29345],[3.86047,46.30453],[3.79066,46.25232],[3.78036,46.13189],[3.81126,46.1065],[3.80439,46.03265],[3.75174,46.0112],[3.68078,45.95871],[3.73458,45.87988],[3.7197,45.83445],[3.74259,45.81212],[3.73,45.75225],[3.75747,45.70192],[3.82957,45.63073],[3.91885,45.60191],[3.9383,45.51777],[3.98637,45.49852],[3.926,45.39333],[3.80897,45.41664],[3.73687,45.32015],[3.67506,45.26942],[3.73572,45.21704],[3.73343,45.18236],[3.70253,45.11294],[3.76777,45.09517],[3.77692,45.00542],[3.72771,44.88066],[3.64759,44.87904],[3.60639,44.85146],[3.51597,44.8401],[3.42212,44.90661],[3.4164,44.93173],[3.36947,44.96616],[3.2802,44.91877],[3.24129,44.91877],[3.18349,44.87782],[3.12226,44.90904],[3.08105,44.85552],[3.09937,44.82143],[3.05851,44.751]]],[[[3.59952,47.89182],[3.62585,47.87395],[3.68513,47.88285],[3.68616,47.88226],[3.6859,47.88459],[3.59952,47.89182]]],[[[3.75048,47.78679],[3.85246,47.77543],[3.88268,47.78713],[3.88074,47.85086],[3.8452,47.84405],[3.75048,47.78679]]],[[[4.06833,47.90341],[4.0951,47.87257],[4.12051,47.87779],[4.11227,47.93104],[4.07592,47.90668],[4.06833,47.90341]]],[[[4.12126,47.93706],[4.20399,47.96434],[4.15831,47.96189],[4.12126,47.93706]]],[[[4.46338,47.89091],[4.47394,47.87747],[4.57763,47.87533],[4.55131,47.91539],[4.60762,47.93042],[4.61334,47.99357],[4.68179,47.99893],[4.71931,48.02162],[4.71881,48.02937],[4.60875,48.04275],[4.53734,47.96925],[4.53734,47.91405],[4.46338,47.89091]]],[[[4.68703,49.67697],[4.69802,49.63429],[4.73647,49.5987],[4.84633,49.56665],[4.8738,49.56665],[4.90126,49.6165],[4.99465,49.60582],[5.06606,49.56665],[5.00014,49.45965],[5.04409,49.41321],[5.12648,49.41321],[5.12099,49.30946],[5.1581,49.26564],[4.93834,49.23689],[4.78453,49.2333],[4.78453,49.15073],[4.89989,49.1004],[5.06469,49.06083],[5.09215,49.01401],[5.0825,48.9549],[5.14503,48.94393],[5.22503,48.98067],[5.22263,49.02211],[5.23979,49.04034],[5.21749,49.08075],[5.25352,49.08331],[5.28236,49.05587],[5.31326,49.05857],[5.3009,49.08016],[5.32082,49.10579],[5.34828,49.11523],[5.36888,49.11433],[5.37643,49.1022],[5.40047,49.09365],[5.39154,49.08061],[5.41626,49.06442],[5.4039,49.05092],[5.37643,49.05002],[5.35034,49.06847],[5.31052,49.02751],[5.35858,48.99689],[5.35446,48.98608],[5.33523,48.98337],[5.33386,48.96985],[5.39223,48.93603],[5.42244,48.93829],[5.44304,48.92701],[5.46638,48.93062],[5.44853,48.96309],[5.46364,48.98608],[5.43068,49.0068],[5.42313,49.02076],[5.43755,49.03112],[5.51239,49.02841],[5.53093,49.03787],[5.57144,49.03742],[5.58723,49.02571],[5.6044,49.02706],[5.60783,49.03607],[5.65247,49.04147],[5.67032,49.05677],[5.67858,49.05902],[5.65696,49.10768],[5.60509,49.10399],[5.57968,49.11074],[5.58037,49.13096],[5.64629,49.12152],[5.64976,49.12386],[5.62365,49.18261],[5.59753,49.19292],[5.59753,49.21625],[5.6353,49.23867],[5.64354,49.26153],[5.62157,49.28438],[5.61882,49.30185],[5.64835,49.31214],[5.65521,49.3334],[5.63736,49.34772],[5.64096,49.36796],[5.55479,49.39679],[5.56831,49.41991],[5.50539,49.40609],[5.47565,49.44157],[5.51136,49.45384],[5.51558,49.46172],[5.49385,49.47259],[5.4644,49.47133],[5.46913,49.48052],[5.45969,49.48452],[5.42823,49.48798],[5.44506,49.50099],[5.46741,49.49227],[5.48643,49.5075],[5.5254,49.51121],[5.55106,49.52492],[5.36113,49.69676],[4.84317,49.78597],[4.80788,49.73026],[4.68703,49.67697]],[[5.40047,49.22567],[5.40596,49.23822],[5.47531,49.23509],[5.4966,49.24316],[5.51582,49.23509],[5.48561,49.22298],[5.41557,49.21625],[5.40047,49.22567]],[[5.43617,49.07791],[5.4499,49.10355],[5.46913,49.11119],[5.47256,49.12557],[5.45265,49.14713],[5.46432,49.1624],[5.55633,49.18754],[5.56183,49.17856],[5.54535,49.16734],[5.55359,49.14039],[5.5014,49.12557],[5.50346,49.11388],[5.52269,49.10849],[5.51857,49.09186],[5.49522,49.08241],[5.46364,49.05497],[5.44372,49.05587],[5.43617,49.07791]]],[[[4.88891,48.83716],[4.91929,48.83049],[4.93389,48.84619],[4.93853,48.86777],[4.88891,48.83716]]],[[[4.91088,48.77566],[4.93834,48.76842],[4.98778,48.60159],[4.99319,48.6006],[4.98917,48.61589],[5.01183,48.63835],[5.00427,48.65809],[5.01903,48.68008],[5.00736,48.70342],[5.02453,48.72336],[5.01423,48.74555],[4.99432,48.74646],[4.97818,48.77475],[4.91436,48.79285],[4.91088,48.77566]]],[[[4.97321,48.04002],[4.97936,48.01991],[5.00385,47.99112],[5.0272,47.91293],[5.0613,47.87809],[5.05924,47.84031],[5.07183,47.80957],[5.11281,47.77743],[5.14188,47.70447],[5.18698,47.68998],[5.22475,47.71771],[5.38841,47.75851],[5.45708,47.79466],[5.49371,47.79619],[5.51202,47.77774],[5.67086,47.78625],[5.66482,47.73332],[5.61195,47.6922],[5.53848,47.6788],[5.42244,47.67556],[5.38639,47.65521],[5.37403,47.6138],[5.40871,47.602],[5.45402,47.63093],[5.47874,47.61403],[5.47737,47.56865],[5.4554,47.5376],[5.39085,47.51071],[5.39154,47.47823],[5.50037,47.40356],[5.48973,47.36906],[5.4966,47.33731],[5.48716,47.32637],[5.48046,47.33219],[5.47497,47.32091],[5.49831,47.31055],[5.50484,47.28971],[5.48235,47.24381],[5.48132,47.22307],[5.44939,47.20149],[5.46707,47.16754],[5.43806,47.15354],[5.44132,47.14618],[5.4221,47.13637],[5.38124,47.07889],[5.36407,47.08064],[5.32013,47.06065],[5.29764,47.03913],[5.30069,47.00589],[5.28472,47.00247],[5.25666,46.97604],[5.27039,46.9594],[5.26391,46.9301],[5.30897,46.93016],[5.31888,46.90651],[5.35193,46.88862],[5.40339,46.89164],[5.37841,46.92729],[5.35352,46.92717],[5.36674,46.9403],[5.36699,46.9519],[5.37927,46.95858],[5.36279,46.98306],[5.39377,46.99536],[5.4427,46.99606],[5.45737,46.9799],[5.43806,46.97967],[5.42622,46.95858],[5.4281,46.94774],[5.46244,46.94499],[5.4681,46.93045],[5.48879,46.9202],[5.47789,46.91744],[5.45497,46.92905],[5.44149,46.91428],[5.45033,46.90396],[5.44381,46.89768],[5.41471,46.89528],[5.40948,46.87216],[5.44501,46.84569],[5.45128,46.83771],[5.44673,46.83131],[5.43025,46.82244],[5.33957,46.82573],[5.3306,46.81768],[5.32936,46.80993],[5.34103,46.80793],[5.34794,46.79136],[5.36734,46.78795],[5.37626,46.77796],[5.38193,46.76409],[5.37472,46.74751],[5.39343,46.72362],[5.39377,46.70632],[5.42124,46.65615],[5.41626,46.65026],[5.43411,46.64201],[5.43085,46.62221],[5.4051,46.60417],[5.40579,46.57939],[5.36322,46.57857],[5.36768,46.56972],[5.35858,46.56335],[5.36837,46.55178],[5.36116,46.52993],[5.4051,46.50949],[5.41559,46.52418],[5.64572,46.45672],[5.72493,46.47999],[5.73966,46.59783],[5.62554,46.64908],[5.64644,46.84981],[5.75702,46.88667],[5.79387,46.99724],[5.66729,47.10832],[5.73687,47.23356],[5.77862,47.35881],[5.79254,47.51189],[5.91778,47.59539],[5.82037,47.73455],[5.95953,47.80413],[5.95953,47.88464],[5.95201,47.88159],[5.94172,47.86938],[5.89468,47.8733],[5.87133,47.8703],[5.86224,47.86074],[5.81451,47.87859],[5.8152,47.90392],[5.877,47.90346],[5.8873,47.94901],[5.86739,47.95498],[5.8564,47.98119],[5.84404,47.97981],[5.84129,47.9582],[5.80524,47.95384],[5.78842,47.96004],[5.78773,47.98096],[5.82653,48.03746],[5.74894,48.03654],[5.72903,48.05789],[5.69263,48.05835],[5.64663,48.07051],[5.64217,48.06225],[5.61333,48.05904],[5.60955,48.07257],[5.56011,48.1033],[5.54619,48.12024],[5.47667,48.02071],[5.33934,48.00601],[4.97321,48.04002]],[[5.42373,47.0897],[5.45832,47.09595],[5.47025,47.09035],[5.45514,47.07386],[5.42373,47.0897]],[[5.58037,47.95855],[5.58921,47.96993],[5.60183,47.96619],[5.59925,47.94119],[5.58346,47.93946],[5.58037,47.95855]],[[5.59736,47.98774],[5.60157,47.99854],[5.62388,48.00078],[5.68946,47.99406],[5.69409,47.98699],[5.68525,47.97981],[5.62981,47.99078],[5.59736,47.98774]]],[[[5.0752,48.58553],[5.08666,48.58343],[5.1459,48.58192],[5.12341,48.60113],[5.09869,48.60976],[5.09148,48.60863],[5.0853,48.59137],[5.0752,48.58553]]],[[[5.28991,48.47065],[5.31737,48.42693],[5.35033,48.45244],[5.3972,48.44985],[5.4427,48.4818],[5.43892,48.53366],[5.40184,48.54798],[5.40836,48.56048],[5.45505,48.58796],[5.476,48.61226],[5.42793,48.63631],[5.40081,48.62292],[5.39556,48.62285],[5.3723,48.57979],[5.33385,48.51798],[5.28991,48.47065]]],[[[5.42913,47.35633],[5.44098,47.34842],[5.47205,47.36947],[5.44381,47.37127],[5.42913,47.35633]]],[[[5.43273,48.22239],[5.49284,48.19301],[5.50072,48.19882],[5.49248,48.21895],[5.53814,48.24434],[5.5481,48.27611],[5.52269,48.29256],[5.51651,48.32019],[5.53196,48.34028],[5.53265,48.36515],[5.57247,48.38453],[5.59891,48.38772],[5.63393,48.37336],[5.61436,48.32978],[5.69435,48.32887],[5.68474,48.28959],[5.64697,48.25577],[5.64835,48.23359],[5.66448,48.22422],[5.67615,48.22765],[5.67787,48.24068],[5.70465,48.23542],[5.71735,48.20248],[5.75581,48.18303],[5.77263,48.19745],[5.76817,48.21049],[5.74207,48.21552],[5.74551,48.22902],[5.72422,48.25783],[5.74104,48.26537],[5.80147,48.25508],[5.82001,48.26514],[5.84267,48.26194],[5.83305,48.25188],[5.84232,48.24068],[5.89622,48.23817],[5.90618,48.22193],[5.90069,48.20797],[5.88524,48.20523],[5.87254,48.2169],[5.85331,48.20042],[5.87528,48.18806],[5.89622,48.18921],[5.90481,48.1812],[5.90103,48.16357],[5.86292,48.15326],[5.85365,48.12577],[5.88249,48.1166],[5.89004,48.12256],[5.92232,48.11981],[5.93433,48.0939],[5.97416,48.09597],[5.97965,48.07143],[5.93948,48.07303],[5.93983,48.05674],[5.92987,48.05307],[5.94369,48.0234],[5.91537,48.01622],[5.90936,48.00612],[5.92137,47.97286],[5.91725,47.94441],[5.90052,47.92744],[5.92996,47.91197],[5.95953,47.90868],[5.95953,47.98505],[6.05695,47.95721],[6.09869,48.0268],[6.25177,47.95721],[6.23786,48.29121],[5.94562,48.34687],[6.0152,48.65303],[5.84881,48.76822],[5.84747,48.75709],[5.83031,48.76468],[5.80284,48.75732],[5.80593,48.74827],[5.79151,48.74804],[5.78155,48.73966],[5.78464,48.73423],[5.75375,48.72653],[5.72491,48.73264],[5.67409,48.72064],[5.66757,48.71067],[5.62843,48.69345],[5.58311,48.68711],[5.5759,48.66965],[5.55153,48.64924],[5.56732,48.60522],[5.55325,48.57888],[5.56869,48.57615],[5.57242,48.56249],[5.57006,48.60159],[5.59752,48.62339],[5.64696,48.58706],[5.6964,48.5107],[5.66893,48.45608],[5.58654,48.41235],[5.49315,48.39411],[5.52062,48.33572],[5.43273,48.22239]],[[5.74516,48.6599],[5.75512,48.69697],[5.78628,48.71379],[5.80816,48.71249],[5.81065,48.69918],[5.81692,48.67804],[5.81074,48.65287],[5.84644,48.64607],[5.7589,48.62031],[5.76044,48.63246],[5.74516,48.6599]],[[5.81735,48.69753],[5.83709,48.70965],[5.85674,48.70036],[5.87193,48.70558],[5.86344,48.69906],[5.86687,48.69158],[5.85468,48.68756],[5.81735,48.69753]]],[[[5.81726,48.79703],[5.82773,48.78741],[5.81984,48.77429],[5.8388,48.77515],[5.83428,48.77828],[5.8649,48.80124],[5.85039,48.81071],[5.83357,48.80065],[5.83014,48.81308],[5.81898,48.80675],[5.81726,48.79703]]]]}},{"type":"Feature","properties":{"NAME":"Aragón","ABBREVN":"Aragón","INFO_UR":null,"SUBJECTO":"Aragón","BORDERPRECISION":1,"PARTOF":"Aragón"},"geometry":{"type":"Polygon","coordinates":[[[-1.00439,41.91882],[0.34068,42.00034],[1.0336,41.87806],[1.4421,41.18],[2.08072,41.29849],[2.20059,41.44615],[2.62826,41.61954],[3.12888,41.85723],[3.15655,42.07572],[3.08629,42.12072],[3.08708,42.36864],[3.00189,42.77081],[3.03927,42.86919],[2.94888,42.88297],[2.825,42.84975],[2.70112,42.73002],[2.48962,42.71892],[2.48056,42.68562],[2.27209,42.69006],[2.10289,42.61451],[1.72824,42.501],[1.73126,42.54554],[1.79169,42.57892],[1.75543,42.59672],[1.57717,42.64785],[1.45631,42.61895],[1.32046,42.60501],[1.30745,42.63517],[0.7442,42.77189],[0.58414,42.77189],[0.59192,42.62833],[0.34784,42.63517],[0.19627,42.60783],[0.17955,42.66252],[-0.16563,42.64884],[-0.21614,42.7172],[-0.40991,42.78557],[-0.46884,42.75139],[-0.52412,42.7578],[-0.60291,42.41607],[-1.00439,41.91882]]]}},{"type":"Feature","properties":{"NAME":"Kara Khitai Khaganate","ABBREVN":"Kara Khitai Khaganate","INFO_UR":null,"SUBJECTO":"Kara Khitai Khaganate","BORDERPRECISION":1,"PARTOF":"Kara Khitai Khaganate"},"geometry":{"type":"MultiPolygon","coordinates":[[[[53.20941,39.40457],[53.24772,39.29922],[53.33392,39.38542],[53.58295,39.31837],[53.65957,39.31837],[53.67873,39.25133],[53.7745,39.13639],[53.91817,39.05019],[54.03311,38.99272],[54.07142,38.89695],[53.98522,38.6575],[53.93733,38.5713],[53.93733,38.15945],[53.87986,38.02536],[53.92775,37.82422],[54.01511,37.34833],[54.0087,37.34869],[54.06744,36.94152],[54.86755,36.80565],[54.92949,39.15913],[55.48689,39.34493],[60,39.61905],[59.99826,44.35178],[59.9752,44.33599],[59.91992,44.3292],[59.89014,44.31616],[59.88574,44.29692],[59.89844,44.28105],[59.92832,44.26865],[59.93574,44.25317],[59.9208,44.23452],[59.81094,44.18237],[59.71787,44.16313],[59.54102,44.14824],[59.52988,44.16875],[59.53975,44.1979],[59.56699,44.24258],[59.64805,44.31987],[59.64863,44.34033],[59.18051,44.43055],[57.63174,42.06553],[57.68242,42.0104],[57.70029,41.91265],[57.84482,41.83784],[57.86504,41.77314],[57.81777,41.69985],[57.68486,41.63618],[57.52676,41.59448],[57.42959,41.57856],[57.34561,41.57324],[57.25541,41.6459],[55.47239,40.24593],[53.55888,39.84258],[53.5159,39.77811],[53.55421,39.6536],[53.66915,39.64402],[53.81282,39.54824],[53.79366,39.49077],[53.54463,39.53866],[53.37223,39.51951],[53.31477,39.5674],[53.24772,39.45246],[53.20941,39.40457]]],[[[59.99814,44.67026],[59.99826,44.35178],[60,44.35297],[59.99814,44.67026]]]]}}]}