{"type":"FeatureCollection","features":[{"type":"Feature","properties":{"NAME":"Cyprus","ABBREVN":"Cyprus","INFO_UR":null,"SUBJECTO":"Cyprus","BORDERPRECISION":1,"PARTOF":"Cyprus"},"geometry":{"type":"MultiPolygon","coordinates":[[[[33.7805,35.20814],[33.77267,35.12928],[33.92467,34.95323],[33.79196,34.95737],[33.73258,34.90862],[33.68582,34.93487],[33.53851,34.94416],[33.48394,34.79579],[33.13139,34.68034],[32.95862,34.65934],[32.91455,34.63573],[32.91452,34.54126],[32.81666,34.53864],[32.78414,34.62523],[32.60339,34.61473],[32.35718,34.68034],[32.27109,34.7197],[32.27098,34.81416],[32.1985,34.86139],[32.14372,35.04254],[32.18048,35.05831],[32.23446,35.01363],[32.30099,35.01626],[32.48312,35.15294],[32.59698,35.15557],[32.74495,35.11427],[32.77952,35.15294],[32.81907,35.28175],[32.79511,35.36061],[33.07748,35.31861],[33.37371,35.30648],[33.53904,35.3317],[33.90732,35.43685],[34.21734,35.57357],[34.45821,35.64456],[34.24465,35.51184],[34.04843,35.40793],[33.7805,35.20814]]]]}},{"type":"Feature","properties":{"NAME":"Norway","ABBREVN":"Norway","INFO_UR":null,"SUBJECTO":"Norway","BORDERPRECISION":1,"PARTOF":"Norway"},"geometry":{"type":"MultiPolygon","coordinates":[[[[11.17885,59.07029],[11.11205,59.16511],[10.82919,59.10584],[10.76894,59.11769],[10.65681,59.2244],[10.54927,59.37863],[10.63356,59.44985],[10.56974,59.5805],[10.40706,59.49735],[10.37863,59.36675],[10.42959,59.25997],[10.36334,59.21254],[10.21107,59.07029],[10.17234,58.98737],[9.93762,58.94],[9.69758,58.99922],[9.3462,58.84531],[9.37162,58.78615],[9.14589,58.65607],[8.92173,58.53789],[8.17524,58.17205],[8.15375,58.08955],[8.0302,58.06598],[7.90843,58.06598],[6.95864,57.97174],[6.87418,58.07775],[6.72566,58.13669],[6.64366,58.04241],[6.47912,58.08955],[6.65171,58.17205],[6.23133,58.27818],[5.87384,58.4316],[5.61548,58.45522],[5.39974,58.71518],[5.531,58.88081],[5.47465,58.97553],[5.62749,58.96368],[5.66579,58.82165],[5.79366,58.91632],[6.09355,58.79798],[5.98371,58.88672],[6.04116,58.95184],[6.26615,58.99329],[6.05055,58.98144],[5.9404,58.93408],[5.8223,59.01698],[5.77186,59.07622],[6.03258,59.20067],[6.23753,59.28369],[6.0203,59.25404],[5.8775,59.31335],[6.07625,59.42017],[6.11343,59.52705],[5.81591,59.31335],[5.7995,59.43204],[5.68047,59.50923],[5.68291,59.41423],[5.71715,59.33707],[5.52852,59.2659],[5.34384,59.2659],[5.35033,59.39049],[5.28259,59.27183],[5.17665,59.30741],[5.0866,59.50923],[5.38263,59.71127],[5.41856,59.51517],[5.44931,59.65776],[5.64617,59.58645],[5.74112,59.62804],[5.66655,59.6756],[5.9699,59.71127],[6.18539,59.82426],[5.9105,59.75289],[5.69405,59.75289],[5.54334,59.82426],[5.63173,59.88377],[5.80576,59.94925],[5.89406,60.16126],[5.52462,60.16753],[5.27905,60.12534],[5.09623,60.26413],[5.26178,60.32713],[5.55114,60.50889],[5.45583,60.59241],[5.25523,60.56414],[5.07547,60.59169],[4.98038,60.68924],[5.10853,60.90611],[5.38705,61.02558],[5.11961,61.1371],[5.01831,61.30514],[5.14095,61.38956],[5.10115,61.69859],[5.14898,61.74088],[5.59242,61.7897],[5.79709,61.76991],[5.8339,61.81941],[5.71947,61.87955],[5.52818,61.93255],[5.42569,62.00926],[5.46967,62.0937],[5.56459,62.1503],[5.82363,62.17902],[6.05349,62.3348],[6.30839,62.28583],[6.53251,62.3357],[6.61296,62.58334],[6.98868,62.54157],[7.28926,62.48556],[7.54674,62.59925],[7.10156,62.70464],[6.98186,62.84614],[7.08818,62.9102],[7.60649,62.90406],[7.98916,62.94027],[8.23129,62.84141],[8.25797,63.05432],[8.47229,63.17552],[8.6059,63.3251],[8.9572,63.40404],[9.15422,63.31902],[9.21607,63.28356],[9.4409,63.49752],[9.83211,63.68362],[9.87006,63.87643],[10.06616,64.05551],[10.73985,64.38617],[10.8906,64.47251],[10.99662,64.49424],[11.2135,64.41574],[11.36406,64.41602],[11.50772,64.51672],[11.40654,64.61704],[11.46994,64.67464],[11.68973,64.77565],[11.89557,64.91273],[12.11214,65.12992],[12.22221,65.10115],[12.52645,65.10895],[12.49617,65.38447],[12.28409,65.43489],[12.47922,65.61703],[12.70906,65.90888],[13.08739,65.88041],[13.1088,66.03374],[13.15191,66.13613],[13.58101,66.18811],[13.4028,66.34882],[13.2554,66.39254],[13.16865,66.45834],[13.24208,66.56853],[13.38319,66.67895],[13.59203,66.65732],[13.99165,66.68746],[13.74719,66.9224],[13.85907,66.95945],[14.05474,66.97456],[14.37308,67.0931],[14.63927,67.12311],[14.77766,67.21653],[14.61647,67.24527],[14.56921,67.32934],[14.69915,67.37439],[14.97616,67.52294],[15.22666,67.50856],[15.3845,67.46444],[15.57994,67.58332],[15.74567,67.59729],[15.76182,67.67629],[15.57224,67.8207],[15.85421,67.92524],[15.91974,68.04897],[16.07106,68.04467],[16.23273,67.91109],[16.41161,67.87425],[16.64855,68.04575],[16.5219,68.3409],[16.71914,68.31136],[17.03327,68.33763],[17.12642,68.41608],[16.85476,68.55778],[17.03973,68.65853],[17.40691,68.77154],[17.44891,68.887],[17.56586,68.97437],[17.89471,69.03508],[17.92815,69.00508],[18.05155,69.02786],[18.09735,69.058],[18.31905,69.35938],[18.55324,69.24688],[18.98485,69.31544],[19.28917,69.21059],[19.57998,69.18106],[17.00938,67.24776],[14.53605,63.0976],[13.1549,62.02423],[12.79174,61.32995],[12.59738,61.02862],[12.17404,60.95641],[12.43103,60.62585],[12.54796,60.43387],[12.43586,60.2781],[12.42277,60.03878],[12.4879,58.56292],[11.73638,57.69821],[11.60984,57.80695],[11.70914,58.02474],[11.80189,58.17794],[11.61386,58.24735],[11.43109,58.20153],[11.40671,58.33127],[11.22136,58.30832],[11.14039,58.85122],[11.03924,58.9104],[11.17885,59.07029]]]]}},{"type":"Feature","properties":{"NAME":null,"ABBREVN":null,"INFO_UR":null,"SUBJECTO":null,"BORDERPRECISION":1,"PARTOF":null},"geometry":{"type":"MultiPolygon","coordinates":[[[[-25,69.31903],[-24.89656,69.39209],[-24.58354,69.33987],[-24.33329,69.33282],[-23.44435,69.56848],[-22.73233,69.77407],[-22.15753,70.05611],[-22.43398,70.07852],[-23.00889,70.09273],[-23.45946,70.09188],[-23.58745,70.084],[-23.77526,70.14481],[-24.19523,70.24349],[-24.58473,70.30403],[-25,70.29593],[-25,69.31903]]],[[[-25,71.46768],[-24.913,71.43744],[-24.38637,71.18251],[-24.22702,71.05899],[-24.04017,70.77375],[-23.75374,70.58956],[-23.0842,70.46792],[-22.6157,70.4841],[-22.20321,70.4849],[-21.71385,70.38607],[-21.54713,70.44007],[-21.47082,70.53234],[-21.59176,71.21096],[-21.72596,71.40459],[-21.90443,71.49749],[-22.02971,71.43508],[-22.43088,71.34116],[-22.64851,71.74521],[-22.8178,71.86973],[-23.24718,72],[-25,72],[-25,71.46768]]]]}},{"type":"Feature","properties":{"NAME":"Sardinia","ABBREVN":"Sardinia","INFO_UR":null,"SUBJECTO":"Sardinia","BORDERPRECISION":1,"PARTOF":"Sardinia"},"geometry":{"type":"MultiPolygon","coordinates":[[[[8.81956,38.97691],[8.6961,38.99581],[8.58238,39.06577],[8.41717,39.2122],[8.37422,39.30785],[8.46503,39.63994],[8.50848,39.94648],[8.48798,40.2088],[8.42819,40.46485],[8.20155,40.663],[8.15949,40.78468],[8.24071,40.85534],[8.76607,40.8628],[8.91842,40.94002],[9.3062,41.18445],[9.59085,40.90291],[9.79374,40.56368],[9.78785,40.44196],[9.69572,40.31369],[9.6308,40.09586],[9.69801,39.6935],[9.64834,39.45721],[9.47892,39.14416],[9.29628,39.23312],[9.06254,39.21989],[8.99852,39.17509],[8.93137,39.0537],[8.81956,38.97691]]]]}},{"type":"Feature","properties":{"NAME":"Hungary","ABBREVN":"Hungary","INFO_UR":null,"SUBJECTO":"Hungary","BORDERPRECISION":1,"PARTOF":"Hungary"},"geometry":{"type":"Polygon","coordinates":[[[15.91168,45.63098],[16.8077,44.93505],[17.33757,45.13885],[17.82669,45.13885],[17.94897,44.81278],[19.78508,44.93614],[20.31366,44.90109],[20.70533,44.64231],[21.35838,44.77292],[22.07674,44.44639],[22.33796,44.77292],[22.66448,44.64231],[23.05631,45.03414],[26.51748,45.8178],[27.36644,46.34024],[27.62766,46.92798],[27.3911,47.4687],[26.60003,47.66601],[25.63172,48.23593],[24.3113,48.431],[23.72444,48.50882],[21.55309,49.08866],[22.03976,49.50275],[21.77068,49.59171],[21.76806,49.74368],[21.31685,49.864],[21.2866,49.77324],[21.13532,49.83375],[20.98405,49.74298],[20.89328,49.83375],[20.80252,49.83375],[20.89328,49.74298],[20.6815,49.65222],[20.53022,49.80349],[20.34869,49.74298],[20.01589,49.80349],[19.89487,49.47069],[19.71334,49.5312],[19.56206,49.5312],[19.56206,49.71273],[19.38053,49.80349],[19.13849,49.71273],[19.10824,49.59171],[18.92671,49.62196],[18.52218,49.56107],[18.4533,49.46465],[18.46184,49.45474],[18.54569,49.46935],[18.43918,49.39533],[18.4057,49.39801],[18.40558,49.39784],[18.41309,49.3712],[18.38081,49.32602],[18.34975,49.31968],[18.25037,49.18055],[18.22319,48.99028],[18.11447,48.99028],[18.11447,48.85438],[17.86985,48.80002],[17.69153,48.85633],[17.50122,48.81048],[17.46414,48.84032],[17.38106,48.81003],[17.23963,48.86296],[16.9461,48.60463],[16.94126,48.53889],[16.8568,48.46792],[16.84427,48.35944],[16.9107,48.31289],[16.97622,48.17213],[16.90658,48.13035],[16.79809,48.11293],[16.73492,48.1276],[16.65253,48.10835],[16.48511,48.16342],[16.55704,47.49537],[16.64402,47.29967],[16.55704,47.19095],[16.55704,47.06048],[16.44832,46.93001],[16.44832,46.7778],[16.51355,46.62559],[16.29611,46.40815],[16.53529,46.36466],[16.44832,46.10373],[16.20913,46.14722],[16.07866,45.88629],[16.20913,45.73408],[16.12215,45.58187],[15.91168,45.63098]]]}},{"type":"Feature","properties":{"NAME":"Venice","ABBREVN":"Venice","INFO_UR":null,"SUBJECTO":"Venice","BORDERPRECISION":1,"PARTOF":"Venice"},"geometry":{"type":"MultiPolygon","coordinates":[[[[12.15347,45.23883],[12.17619,45.21429],[12.18037,45.27028],[12.25142,45.29028],[12.27974,45.40229],[12.48321,45.46231],[12.44816,45.39429],[12.89865,45.55837],[13.10461,45.58239],[13.11231,45.6039],[12.96717,45.58738],[12.89239,45.55929],[12.82585,45.62364],[12.78053,45.63133],[12.7668,45.64921],[12.43927,45.58858],[12.35533,45.58533],[12.26555,45.55589],[12.16822,45.45748],[12.17285,45.31691],[12.15347,45.23883]]],[[[13.52689,45.45431],[13.64359,45.17909],[13.67206,45.05036],[13.8951,44.75918],[13.99126,44.7831],[14.0604,44.8947],[14.18851,44.94255],[14.17461,45.01039],[13.90806,44.97911],[13.79921,45.30563],[13.95159,45.3927],[13.99513,45.45801],[13.79998,45.56637],[13.74909,45.49433],[13.52689,45.45431]]]]}},{"type":"Feature","properties":{"NAME":"Corsica","ABBREVN":"Corsica","INFO_UR":null,"SUBJECTO":"Corsica","BORDERPRECISION":1,"PARTOF":"Corsica"},"geometry":{"type":"MultiPolygon","coordinates":[[[[8.53793,41.94778],[8.55153,41.91017],[8.55731,41.91785],[8.54194,41.94854],[8.53793,41.94778]]],[[[8.57342,42.4453],[8.59808,42.45504],[8.59683,42.47273],[8.57342,42.4453]]],[[[9.02421,41.42009],[9.03894,41.3695],[9.0561,41.36699],[9.04285,41.38268],[9.0315,41.41766],[9.02421,41.42009]]],[[[9.27556,42.80354],[9.27877,42.75324],[9.287,42.75001],[9.28721,42.78635],[9.27556,42.80354]]],[[[9.28423,42.92475],[9.29746,42.94051],[9.29488,42.95757],[9.28423,42.92475]]]]}},{"type":"Feature","properties":{"NAME":null,"ABBREVN":null,"INFO_UR":null,"SUBJECTO":null,"BORDERPRECISION":1,"PARTOF":null},"geometry":{"type":"MultiPolygon","coordinates":[[[[37.5587,34],[38.03645,34.59719],[38.37216,35.14089],[40.02912,34.39105],[40.42017,34],[37.5587,34]]]]}},{"type":"Feature","properties":{"NAME":"Ghaznavid Emirate","ABBREVN":"Ghaz.Emirate","INFO_UR":null,"SUBJECTO":"Ghaznavid Emirate","BORDERPRECISION":1,"PARTOF":"Ghaznavid Emirate"},"geometry":{"type":"MultiPolygon","coordinates":[[[[60,34],[58.22632,34],[56.53976,35.93858],[55.61076,35.93858],[54.86755,36.80565],[54.92949,39.15913],[55.48689,39.34493],[60,39.61905],[60,34]]]]}},{"type":"Feature","properties":{"NAME":"Byzantine Empire","ABBREVN":"Byzantine E.","INFO_UR":null,"SUBJECTO":"Byzantine Empire","BORDERPRECISION":1,"PARTOF":"Byzantine Empire"},"geometry":{"type":"MultiPolygon","coordinates":[[[[41.51626,41.46201],[42.67113,40.65933],[42.31369,39.98416],[42.01872,39.18353],[41.80803,38.67787],[41.0074,38.34077],[39.61684,37.83511],[37.5942,37.16089],[37.38351,36.6131],[36.87785,35.39108],[35.85192,34.49295],[35.75075,34.74681],[35.80885,35.0138],[35.84138,35.04263],[35.79643,35.27072],[35.60734,35.41754],[35.66396,35.4595],[35.68043,35.52767],[35.73318,35.58536],[35.69143,35.68502],[35.7395,35.69027],[35.85594,35.8345],[35.7185,36.09156],[35.66495,36.13353],[35.70863,36.21223],[35.81414,36.29849],[36.09526,36.48246],[36.10452,36.56117],[36.08243,36.62153],[35.95679,36.74749],[35.89088,36.77111],[35.67174,36.60578],[35.56761,36.58742],[35.50617,36.55856],[35.5476,36.54018],[35.49459,36.4431],[35.41708,36.43261],[35.3887,36.45359],[35.35418,36.41424],[35.22053,36.388],[35.07137,36.48771],[34.86991,36.57692],[34.66238,36.64777],[34.48513,36.62678],[34.10322,36.38032],[33.95171,36.25158],[33.95405,36.15976],[33.89098,36.13877],[33.83588,36.1073],[33.8337,36.07057],[33.75318,36.14664],[33.4817,36.05428],[33.17134,35.97088],[32.90412,35.9767],[32.64034,36.008],[32.33498,36.12837],[31.90201,36.49686],[31.37069,36.71234],[30.90531,36.79422],[30.59359,36.76173],[30.54007,36.64696],[30.47283,36.18825],[30.39486,36.11805],[30.27989,36.11781],[30.16613,36.18762],[29.66196,36.07835],[29.47193,36.09069],[29.29819,36.17312],[29.00225,36.6948],[28.81353,36.53516],[28.46985,36.73831],[28.26692,36.71241],[28.01419,36.52716],[27.9119,36.69894],[27.94186,36.75634],[28.05104,36.83302],[27.99881,36.90937],[27.30811,36.92071],[27.26863,37.04168],[27.52564,37.13141],[27.49252,37.23967],[27.36463,37.32863],[27.16041,37.36008],[27.12256,37.49385],[27.14109,37.64687],[27.17978,37.77443],[27.13977,37.88909],[26.96138,37.94611],[26.67933,38.10494],[26.51232,38.06635],[26.39321,38.10436],[26.3916,38.21913],[26.46871,38.44476],[26.52741,38.41824],[26.74245,38.27839],[26.99743,38.40006],[26.81967,38.52725],[26.82882,38.58296],[26.6957,38.64077],[26.70947,38.69857],[26.96638,38.76993],[27.03491,38.8211],[27.00422,38.88483],[26.9368,38.92456],[26.78534,38.94033],[26.78985,39.02443],[26.87075,39.05597],[26.79714,39.12956],[26.70794,39.18213],[26.70405,39.25047],[26.60224,39.25573],[26.72016,39.33725],[26.85351,39.46077],[26.92615,39.47655],[26.95752,39.54833],[26.80427,39.56715],[26.13898,39.43974],[26.06406,39.45551],[26.08489,39.60401],[26.1419,39.66058],[26.12758,39.87856],[26.18601,39.9972],[26.32033,39.99192],[26.40305,40.17649],[26.48171,40.18704],[26.76528,40.37694],[26.99647,40.37166],[27.05612,40.42969],[27.27175,40.45081],[27.32923,40.35583],[27.44961,40.30979],[27.52599,40.29714],[27.76389,40.28725],[27.83016,40.34528],[27.79984,40.40332],[27.67929,40.46135],[27.80783,40.50357],[27.95381,40.48774],[28.00646,40.45081],[27.90822,40.35056],[28.47772,40.3951],[28.75644,40.37645],[29.05242,40.33473],[29.12229,40.41387],[29.08353,40.45608],[28.87322,40.47191],[28.77796,40.52468],[28.90162,40.62011],[29.5252,40.68829],[29.71315,40.69356],[29.88272,40.74636],[29.68345,40.75164],[29.32036,40.74107],[29.28964,40.80669],[29.01453,40.97867],[29.16121,41.21637],[29.57778,41.15337],[30.13762,41.13184],[30.25609,41.18467],[30.74481,41.04032],[31.21768,41.05409],[31.40413,41.16354],[31.38567,41.28504],[31.66639,41.39481],[32.41898,41.74917],[32.68791,41.84597],[33.15546,41.94961],[33.55554,41.9825],[33.89666,41.95108],[34.3039,41.89412],[34.66291,41.87558],[35.00187,42.04316],[35.09883,41.80586],[35.28607,41.67148],[35.41144,41.62682],[35.67786,41.62093],[35.95779,41.68565],[36.16137,41.3525],[36.3829,41.23752],[36.64125,41.31498],[36.81701,41.28968],[37.25283,41.02772],[37.82184,41.00963],[38.31396,40.9209],[38.65118,40.92157],[39.13864,41.04432],[39.37018,41.064],[39.663,41.0005],[40.00671,40.95633],[40.36101,40.96344],[40.60989,41.02803],[41.29312,41.28582],[41.51626,41.46201]]]]}},{"type":"Feature","properties":{"NAME":"Dutchy of Benevento","ABBREVN":"Benevento","INFO_UR":null,"SUBJECTO":"Dutchy of Benevento","BORDERPRECISION":1,"PARTOF":"Dutchy of Benevento"},"geometry":{"type":"MultiPolygon","coordinates":[[[[12.45415,37.76601],[12.53204,37.63867],[12.63688,37.5815],[13.01157,37.52489],[13.8684,37.15695],[14.21591,37.04932],[14.62202,36.77614],[14.9424,36.73856],[15.02734,36.74512],[15.22063,37.00038],[15.30135,37.0579],[15.11625,37.28694],[15.11218,37.45903],[15.18103,37.68228],[15.42252,38.05257],[15.47289,38.11006],[15.45369,38.16742],[15.38674,38.20555],[14.76587,38.05761],[14.13447,37.97345],[13.80953,37.96642],[13.62796,38.02981],[13.32248,38.22051],[13.06595,38.06693],[12.78284,38.11738],[12.66433,38.0725],[12.51664,37.91917],[12.45415,37.76601]]],[[[13.68395,41.79134],[13.863,41.75001],[13.863,41.78322],[13.92942,41.75001],[13.87961,41.66699],[13.87961,41.63378],[13.92942,41.63378],[13.96263,41.51755],[13.96263,41.46774],[14.02904,41.40132],[13.97923,41.33491],[13.81319,41.3183],[13.76051,41.2067],[13.79701,41.19345],[13.8525,41.09096],[13.94188,40.99804],[14.05087,40.76751],[14.24,40.85294],[14.37031,40.85147],[14.49459,40.72996],[14.34977,40.64252],[14.33413,40.5936],[14.74332,40.70481],[14.95101,40.55148],[14.99232,40.37222],[14.89867,40.24146],[15.02726,40.2122],[15.43203,39.98897],[15.51592,40.06595],[15.6662,40.09186],[15.76654,40.5741],[15.59799,41.07976],[15.44861,41.85673],[14.92241,41.97177],[14.90362,41.97948],[14.84527,41.93702],[14.87961,41.84706],[14.77524,41.87161],[14.62967,41.80101],[14.48685,41.79487],[14.32617,41.7539],[14.21356,41.70573],[14.13734,41.6565],[13.99383,41.68163],[13.9444,41.84604],[13.91803,41.86534],[13.69933,41.85973],[13.68395,41.79134]]]]}},{"type":"Feature","properties":{"NAME":"Fatimid Caliphate","ABBREVN":"Fatimid Cal.","INFO_UR":null,"SUBJECTO":"Fatimid Caliphate","BORDERPRECISION":1,"PARTOF":"Fatimid Caliphate"},"geometry":{"type":"MultiPolygon","coordinates":[[[[0.99136,34],[10.07131,34],[10.01948,34.08147],[10.11642,34.23417],[10.57403,34.64811],[10.83936,34.80115],[11.0828,35.14503],[11.12511,35.24061],[10.98895,35.6223],[10.83083,35.67928],[10.60261,35.88895],[10.51146,36.08617],[10.50924,36.21355],[10.63341,36.42401],[10.92006,36.65394],[11.0394,36.90905],[11.02376,37.06832],[10.84325,36.99149],[10.58058,36.79342],[10.3928,36.71657],[10.27151,36.75455],[10.15887,36.99647],[10.13273,37.10475],[10.02135,37.20013],[9.7322,37.2824],[9.41612,37.27538],[9.15028,37.17287],[8.86552,36.96835],[8.63671,36.88526],[7.91317,36.77525],[7.79204,36.83236],[7.71904,36.95328],[7.54492,37.04214],[7.30698,37.06078],[7.06324,36.88185],[6.92304,36.81784],[6.77054,36.86215],[6.32287,37.09065],[6.04739,36.84156],[5.73016,36.7517],[5.38273,36.67453],[5.14447,36.66768],[4.77719,36.74338],[4.63212,36.79407],[4.39462,36.83819],[4.16392,36.83135],[3.74122,36.83687],[3.58687,36.79195],[3.32384,36.65123],[3.07001,36.61886],[2.80987,36.7139],[2.52436,36.57315],[2.29377,36.54082],[1.57969,36.51389],[1.2374,35.88635],[0.99136,34]]],[[[35.52575,34],[37.5587,34],[38.03645,34.59719],[38.37216,35.14089],[37.02633,35.74993],[36.87785,35.39108],[35.85192,34.49295],[35.87307,34.42229],[35.82101,34.34378],[35.71621,34.31237],[35.53208,34.11871],[35.52575,34]]]]}},{"type":"Feature","properties":{"NAME":"Burgandy","ABBREVN":"Burgandy","INFO_UR":null,"SUBJECTO":"Holy Roman Empire","BORDERPRECISION":1,"PARTOF":"Holy Roman Empire"},"geometry":{"type":"MultiPolygon","coordinates":[[[[5.26828,46.31795],[5.53343,46.097],[5.53343,46.00861],[5.35667,46.0528],[5.35667,45.87604],[5.60708,45.84658],[5.82336,45.39624],[5.93454,45.32212],[5.94689,45.26036],[6.05807,45.2233],[6.03336,45.33448],[6.08278,45.37154],[6.14454,45.32212],[6.21866,45.34683],[6.26807,45.32212],[6.24337,45.29742],[6.28043,45.19859],[6.50732,45.11571],[6.66532,44.95452],[6.9426,44.86865],[7.00347,44.71954],[6.92469,44.71502],[6.78292,44.54787],[6.86978,44.34917],[6.78691,44.29681],[6.78691,44.19799],[6.83632,44.11151],[6.88573,44.14857],[6.93514,44.13622],[6.9722,44.0621],[6.99691,44.04975],[6.92279,43.97563],[6.95985,43.91386],[6.88573,43.90151],[6.92279,43.81504],[7.35515,43.90151],[7.39712,43.76409],[7.50915,43.83847],[7.50776,43.84184],[7.49591,43.85338],[7.49806,43.87185],[7.51009,43.88203],[7.55905,43.89718],[7.57936,43.89083],[7.58453,43.87262],[7.5854,43.87214],[7.68912,43.88705],[7.72933,43.89783],[7.72751,43.90432],[7.74261,43.90977],[7.75875,43.94253],[7.75173,43.95797],[7.67016,43.99849],[7.66162,44.02232],[7.6654,44.03108],[7.70292,44.0434],[7.71175,44.06064],[7.72761,44.05979],[7.73608,44.07623],[7.75451,44.08546],[7.73284,44.08351],[7.71458,44.10663],[7.72579,44.12618],[7.76473,44.14392],[7.81483,44.12399],[7.88154,44.11373],[7.88393,44.10588],[7.92601,44.1118],[7.94252,44.10059],[7.97128,44.11279],[8.00658,44.10232],[8.01225,44.11103],[8.00269,44.11663],[8.0126,44.12012],[7.97963,44.13846],[8.01401,44.15582],[8.04293,44.14283],[8.06731,44.14469],[8.09073,44.17314],[8.151,44.16472],[8.18756,44.18405],[8.1769,44.18863],[8.17888,44.20199],[8.17026,44.21421],[8.14819,44.20636],[8.07592,44.20412],[8.06826,44.22749],[8.07736,44.23458],[8.06316,44.25337],[8.10173,44.2811],[8.15617,44.272],[8.21177,44.32459],[8.22329,44.32285],[8.23466,44.30556],[8.23228,44.29523],[8.25461,44.2998],[8.26738,44.35246],[8.28865,44.36692],[8.31794,44.34349],[8.31648,44.32667],[8.27178,44.31815],[8.27074,44.3023],[8.24781,44.27262],[8.27215,44.27228],[8.30527,44.25671],[8.31305,44.26241],[8.3319,44.2905],[8.29888,44.50364],[8.27188,44.50644],[8.26157,44.51944],[8.1134,44.49063],[8.04336,44.39749],[7.96921,44.42299],[7.91427,44.45829],[7.9129,44.55525],[7.87857,44.63935],[7.89836,44.67236],[7.67747,44.73126],[7.51443,45.38341],[8.49267,46.11709],[8.46718,46.5376],[8.46436,46.53645],[8.42518,46.55763],[8.42789,46.66358],[8.45702,46.70536],[8.45346,46.76413],[8.4526,46.77467],[8.36609,46.81886],[8.35235,47.04393],[8.38806,47.1421],[8.42788,47.18609],[8.42105,47.29887],[8.36059,47.41601],[8.27922,47.46217],[7.626,47.46217],[7.61352,47.43552],[7.5816,47.42948],[7.57473,47.43831],[7.57164,47.4174],[7.53044,47.41415],[7.51877,47.38766],[7.48032,47.38836],[7.47826,47.40184],[7.44358,47.40137],[7.43671,47.37883],[7.4604,47.37046],[7.52426,47.37092],[7.57164,47.32626],[7.53181,47.2946],[7.4865,47.28389],[7.47139,47.26618],[7.41646,47.25314],[7.42195,47.24195],[7.34058,47.21718],[7.34591,47.20733],[7.33938,47.1952],[7.35655,47.18388],[7.36058,47.17075],[7.38934,47.15832],[7.3859,47.14805],[7.37612,47.14093],[7.36565,47.14385],[7.37354,47.14898],[7.36959,47.15856],[7.34367,47.1526],[7.32634,47.16194],[7.29424,47.16124],[7.24147,47.12756],[7.19982,47.13392],[7.13716,47.10682],[7.14214,47.09829],[7.12772,47.08906],[7.13493,47.08386],[7.08841,47.05972],[7.03331,47.0327],[7.03468,47.01397],[7.02713,47.00601],[7.03812,46.98025],[7.00172,46.98775],[6.77925,46.85362],[6.75384,46.86958],[6.73805,46.87052],[6.74148,46.89492],[6.71883,46.90384],[6.72226,46.93432],[6.65428,46.91369],[6.62956,46.88929],[6.48382,46.84687],[6.46065,46.85509],[6.46455,46.89028],[6.43637,46.92132],[6.43266,46.92868],[6.4965,46.97411],[6.50483,46.96566],[6.60879,46.98312],[6.68956,47.00859],[6.71179,47.02211],[6.71368,47.04357],[6.72303,47.04714],[6.69521,47.06251],[6.70651,47.0744],[6.70305,47.0823],[6.73924,47.09057],[6.74667,47.09936],[6.74055,47.10962],[6.8061,47.13077],[6.85464,47.16128],[6.8424,47.17207],[6.874,47.18545],[6.8804,47.20045],[6.95492,47.24265],[6.93023,47.25756],[6.93503,47.27049],[6.9243,47.27463],[6.92842,47.2808],[6.95639,47.29222],[7.00301,47.28855],[7.00979,47.29704],[7.01538,47.31691],[6.97125,47.31817],[6.96713,47.32492],[7.04561,47.32648],[7.06237,47.34403],[7.04577,47.36321],[7.01423,47.37181],[6.97556,47.36097],[6.8793,47.35624],[6.88361,47.37286],[6.91017,47.38504],[6.9132,47.4046],[6.93841,47.40609],[6.94188,47.43391],[6.99587,47.44964],[7.0058,47.45778],[7.00194,47.46851],[7.01129,47.48409],[7.03693,47.49751],[7.07485,47.48818],[7.13023,47.50292],[7.16227,47.49002],[7.16561,47.49013],[7.18918,47.52277],[6.89392,47.65336],[6.83899,47.61218],[6.78955,47.59783],[6.71608,47.67094],[6.76071,47.6996],[6.74148,47.7541],[6.82295,47.81376],[6.65909,47.88228],[6.58074,47.95353],[6.25177,47.95721],[6.09869,48.0268],[6.05695,47.95721],[5.95953,47.98505],[5.95953,47.90868],[5.97296,47.90719],[5.98446,47.89477],[5.95953,47.88464],[5.95953,47.80413],[5.82037,47.73455],[5.91778,47.59539],[5.79254,47.51189],[5.77862,47.35881],[5.73687,47.23356],[5.66729,47.10832],[5.79387,46.99724],[5.75702,46.88667],[5.64644,46.84981],[5.62554,46.64908],[5.73966,46.59783],[5.72493,46.47999],[5.64572,46.45672],[5.41559,46.52418],[5.4051,46.50949],[5.42313,46.50111],[5.39978,46.4666],[5.37998,46.47433],[5.26828,46.31795]],[[6.58905,47.67487],[6.6275,47.68665],[6.66372,47.66458],[6.68587,47.66053],[6.69239,47.63254],[6.67969,47.62607],[6.68587,47.61334],[6.72054,47.60663],[6.74801,47.58417],[6.73187,47.55985],[6.75453,47.54061],[6.78715,47.53297],[6.80191,47.54687],[6.83453,47.54386],[6.89083,47.55498],[6.90971,47.54571],[6.91795,47.53088],[6.91246,47.52508],[6.95435,47.51233],[6.95349,47.48044],[6.93666,47.48345],[6.93117,47.49853],[6.91486,47.49842],[6.90783,47.48856],[6.9116,47.47649],[6.88431,47.46675],[6.84311,47.47243],[6.83796,47.48241],[6.79865,47.48519],[6.77925,47.48241],[6.77359,47.47301],[6.72758,47.48102],[6.71385,47.47127],[6.69273,47.46175],[6.66904,47.47127],[6.67849,47.48601],[6.67591,47.50723],[6.68587,47.51535],[6.65394,47.53957],[6.6687,47.55626],[6.65428,47.57027],[6.66355,47.57768],[6.65428,47.58741],[6.6687,47.59621],[6.65531,47.61658],[6.62613,47.6263],[6.61034,47.66192],[6.58905,47.67487]],[[6.61531,47.47266],[6.61755,47.48438],[6.63866,47.49076],[6.65977,47.47846],[6.6469,47.4657],[6.63016,47.46309],[6.61531,47.47266]],[[6.78715,47.41943],[6.79384,47.45427],[6.82955,47.45328],[6.83298,47.43865],[6.81212,47.41671],[6.79341,47.41008],[6.78715,47.41943]]],[[[7.17022,47.44298],[7.1999,47.43513],[7.23087,47.4394],[7.2494,47.42141],[7.28183,47.43478],[7.33296,47.44097],[7.37576,47.43338],[7.37599,47.41415],[7.43792,47.41287],[7.44864,47.41514],[7.4556,47.42826],[7.438,47.44626],[7.4209,47.44594],[7.43003,47.45949],[7.44302,47.46137],[7.45551,47.44939],[7.52958,47.46175],[7.52963,47.46217],[7.42782,47.46217],[7.33475,47.44667],[7.18562,47.47947],[7.17022,47.44298]]],[[[8.08319,44.08931],[8.09787,44.07359],[8.11612,44.07156],[8.14189,44.09168],[8.14104,44.09295],[8.15074,44.10195],[8.13915,44.10423],[8.13478,44.09153],[8.11855,44.08968],[8.10551,44.09578],[8.08319,44.08931]]],[[[8.13778,44.15179],[8.15289,44.13904],[8.14293,44.12555],[8.14816,44.11323],[8.16779,44.1119],[8.18636,44.1264],[8.19312,44.13046],[8.19168,44.1335],[8.17237,44.14144],[8.17906,44.14132],[8.16464,44.15548],[8.1516,44.16029],[8.13778,44.15179]]]]}},{"type":"Feature","properties":{"NAME":"Croatia","ABBREVN":"Croatia","INFO_UR":null,"SUBJECTO":"Croatia","BORDERPRECISION":1,"PARTOF":"Croatia"},"geometry":{"type":"Polygon","coordinates":[[[14.35449,45.32289],[14.52459,45.26628],[14.81539,45.07787],[14.94553,44.92659],[14.90696,44.72332],[14.98911,44.54003],[15.28594,44.32892],[15.54822,44.22935],[15.14947,44.23993],[15.41232,43.93476],[15.91284,43.65225],[16.05941,43.43348],[16.36675,43.51302],[16.54851,43.46131],[16.63981,43.38974],[16.71152,43.77133],[16.70148,43.84666],[16.8651,44.24474],[16.8077,44.93505],[15.91168,45.63098],[15.46982,45.73408],[15.42362,45.42966],[14.88001,45.48402],[14.79847,45.86455],[14.52667,45.783],[14.35449,45.32289]]]}},{"type":"Feature","properties":{"NAME":"Bulgar Khanate","ABBREVN":"Bulgar Khan.","INFO_UR":null,"SUBJECTO":"Byzantine Empire","BORDERPRECISION":1,"PARTOF":"Bulgar Khanate"},"geometry":{"type":"Polygon","coordinates":[[[16.8077,44.93505],[16.85696,44.34257],[16.81725,44.8202],[18.88873,44.47077],[18.89974,42.48164],[19.87964,42.13967],[19.52026,41.78279],[19.60697,41.76154],[19.61938,41.5593],[19.49892,41.52362],[19.41699,41.34525],[19.52995,41.21844],[19.4454,40.9649],[19.52726,40.86589],[19.33922,40.58874],[19.49448,40.40272],[19.48371,40.29589],[19.38023,40.32358],[19.36907,40.26028],[19.80365,40.01696],[20.02856,39.81378],[20.09083,39.60253],[21.58163,39.68919],[22.6951,39.83448],[22.55513,39.98665],[22.52561,40.06417],[22.46736,40.11848],[22.48962,40.23053],[22.60227,40.39724],[22.49207,40.49829],[23.26716,42.04894],[23.73069,42.17536],[27.4947,42.4009],[27.50195,42.51635],[27.65404,42.68374],[27.83616,42.73552],[27.86991,42.79988],[27.88732,43.06353],[28.03464,43.3919],[28.18706,43.45012],[28.3281,43.43753],[28.44569,43.47636],[28.48054,43.59228],[28.52989,43.84347],[28.57311,44.19782],[28.68625,44.48805],[28.91824,44.76575],[29.08975,44.87573],[29.45752,44.91515],[29.57896,45.0575],[29.71076,45.25833],[29.06437,45.16475],[28.40216,45.35939],[28.36835,45.33088],[28.01861,45.31548],[27.82358,44.83822],[28.0848,44.577],[27.95419,44.25048],[26.45217,44.25048],[25.4726,43.72804],[24.62363,43.98926],[24.2318,43.79335],[23.51345,44.05457],[22.9257,43.79335],[22.9257,44.18518],[22.46857,44.38109],[22.66448,44.64231],[22.33796,44.77292],[22.07674,44.44639],[21.35838,44.77292],[20.70533,44.64231],[20.31366,44.90109],[19.78508,44.93614],[17.94897,44.81278],[17.82669,45.13885],[17.33757,45.13885],[16.8077,44.93505]]]}},{"type":"Feature","properties":{"NAME":"Poland","ABBREVN":"Poland","INFO_UR":null,"SUBJECTO":"Poland","BORDERPRECISION":1,"PARTOF":"Poland"},"geometry":{"type":"MultiPolygon","coordinates":[[[[12.71769,50.40684],[12.79976,50.40983],[12.88147,50.44089],[13.02429,50.43739],[13.04254,50.48462],[12.77246,50.43765],[12.71769,50.40684]]],[[[14.13414,52.40893],[14.17112,52.32944],[14.20806,52.30486],[14.28211,52.29583],[14.41749,52.25236],[14.52652,52.23625],[14.55301,52.24021],[14.58205,52.24875],[14.57917,52.28664],[14.59714,52.27279],[14.69452,52.25476],[14.71581,52.23406],[14.7077,52.2111],[14.686,52.19236],[14.7049,52.17428],[14.68013,52.14484],[14.68243,52.11433],[14.69509,52.10156],[14.73709,52.08764],[14.75612,52.0701],[14.77457,52.08129],[14.78949,52.07063],[14.84251,52.07696],[14.91183,52.0456],[14.94247,52.04627],[14.96281,52.05537],[14.97923,52.05127],[15.01197,52.06794],[15.04788,52.06477],[15.08105,52.04452],[15.0499,52.00237],[15.05917,51.9908],[15.08165,51.98393],[15.11006,51.99783],[15.1232,51.99413],[15.10594,51.98504],[15.10251,51.95839],[15.23529,51.80692],[15.31695,51.60672],[15.33234,51.60912],[15.37087,51.57964],[15.3947,51.57541],[15.3895,51.57144],[15.39473,51.55122],[15.37255,51.53128],[15.37907,51.51655],[15.368,51.49146],[15.37028,51.48019],[15.38944,51.46342],[15.41289,51.39391],[15.13641,51.39535],[15.12886,51.38335],[15.05196,51.37992],[14.95308,51.39278],[14.96269,51.43775],[14.93111,51.48224],[14.87892,51.48438],[14.80064,51.52327],[14.7718,51.52327],[14.75326,51.54676],[14.7567,51.56982],[14.63173,51.56982],[14.62623,51.54804],[14.59259,51.54676],[14.56512,51.58433],[14.53697,51.59243],[14.51725,51.58554],[14.72894,51.13056],[14.67025,50.86648],[14.8645,50.83543],[15.27855,50.89567],[15.35888,50.85451],[15.38694,50.77545],[15.43785,50.81331],[15.71594,50.73733],[15.81825,50.75427],[15.87318,50.67079],[15.98339,50.69575],[16.0124,50.63226],[15.98751,50.61309],[16.02579,50.59849],[16.09978,50.66252],[16.18149,50.62943],[16.21582,50.63466],[16.23161,50.67079],[16.33873,50.66513],[16.38336,50.6377],[16.48292,50.67862],[16.82625,50.39583],[16.87088,50.40852],[16.91002,50.38959],[16.94401,50.31511],[16.96941,50.31516],[17.0216,50.28254],[17.00512,50.25357],[17.01782,50.24721],[17.20459,50.22085],[17.35428,50.25335],[17.40921,50.2393],[17.48337,50.19361],[17.58224,50.20855],[17.66601,50.18306],[17.73193,50.1725],[17.9393,50.26389],[17.99972,50.24545],[18.04092,50.16019],[18.08212,50.12058],[18.12195,50.03068],[18.17551,49.99362],[18.26649,49.99075],[18.34476,49.9426],[18.32056,49.89425],[18.2764,49.8635],[18.28297,49.78769],[18.31833,49.68896],[18.36021,49.66607],[18.36639,49.56553],[18.4533,49.46465],[18.52218,49.56107],[18.92671,49.62196],[19.10824,49.59171],[19.13849,49.71273],[19.38053,49.80349],[19.56206,49.71273],[19.56206,49.5312],[19.71334,49.5312],[19.89487,49.47069],[20.01589,49.80349],[20.34869,49.74298],[20.53022,49.80349],[20.6815,49.65222],[20.89328,49.74298],[20.80252,49.83375],[20.89328,49.83375],[20.98405,49.74298],[21.13532,49.83375],[21.2866,49.77324],[21.31685,49.864],[21.77068,49.74298],[21.77068,49.59171],[22.03976,49.50275],[24.14448,51.2936],[24.34828,51.905],[24.16944,54.28024],[21.46427,53.8191],[21.10495,53.8191],[20.80981,53.63757],[20.7094,53.75807],[20.42825,53.77815],[20.3863,53.5111],[20.0783,53.5111],[20.0783,53.6651],[19.56498,53.45977],[19.20566,53.25444],[18.949,53.25444],[18.58967,53.10045],[16.05312,52.71645],[15.84391,52.71029],[14.13414,52.40893]]],[[[16.9461,48.60463],[17.23963,48.86296],[17.20596,48.87556],[17.11807,48.82902],[17.08717,48.78153],[17.04323,48.7623],[16.9813,48.6826],[16.9471,48.61816],[16.9461,48.60463]]],[[[17.69153,48.85633],[17.86985,48.80002],[18.11447,48.85438],[18.11447,48.99028],[18.22319,48.99028],[18.25037,49.18055],[18.34975,49.31968],[18.18786,49.28662],[18.13431,49.23643],[18.08075,49.04237],[17.93106,49.02256],[17.88574,48.92972],[17.79236,48.92791],[17.71133,48.8611],[17.69153,48.85633]]]]}},{"type":"Feature","properties":{"NAME":"Celtic kingdoms","ABBREVN":"Celtic kingdoms","INFO_UR":null,"SUBJECTO":"Celtic kingdoms","BORDERPRECISION":1,"PARTOF":"Celtic kingdoms"},"geometry":{"type":"MultiPolygon","coordinates":[[[[-10.49733,52.10165],[-9.96377,52.09211],[-10.29403,51.97763],[-10.21691,51.75835],[-9.83542,51.80326],[-9.79524,51.60463],[-9.81911,51.43455],[-9.24331,51.47263],[-8.84776,51.59982],[-8.56523,51.61545],[-8.15881,51.83964],[-7.86165,51.96809],[-7.75065,52.03271],[-7.37241,52.09211],[-6.96168,52.1112],[-6.8939,52.20665],[-6.61682,52.22066],[-6.48915,52.19436],[-6.40597,52.21444],[-6.3409,52.42706],[-6.23211,52.61333],[-6.07068,52.7666],[-6.04306,52.89309],[-6.17221,53.4392],[-6.33498,53.78598],[-6.4434,53.89938],[-6.34315,53.93964],[-6.07171,53.97359],[-5.91215,54.02738],[-5.73139,54.17487],[-5.66151,54.32225],[-5.79993,54.52289],[-5.76368,54.65699],[-5.78489,54.73742],[-6.01819,55.093],[-6.11652,55.16022],[-6.27926,55.13969],[-6.45431,55.18655],[-6.6452,55.20643],[-6.99682,55.17202],[-7.22549,55.10419],[-7.42752,55.0638],[-7.49783,55.04974],[-7.65728,55.11683],[-7.75623,55.25273],[-8.11832,55.17663],[-8.34538,55.09528],[-8.47625,54.87985],[-8.50374,54.74964],[-8.76004,54.70143],[-8.82936,54.63392],[-8.21148,54.63392],[-8.30058,54.48935],[-8.68673,54.36411],[-8.59008,54.20285],[-9.08584,54.25819],[-9.32291,54.27507],[-9.47429,54.24131],[-9.89197,54.32558],[-10.15968,54.13307],[-10.17854,53.91187],[-9.91285,53.96956],[-9.69648,53.87342],[-9.87239,53.76772],[-9.8096,53.63242],[-10.15143,53.57564],[-10.02107,53.51186],[-10.15983,53.37412],[-9.88481,53.2974],[-9.80292,53.34535],[-9.6167,53.34588],[-9.44067,53.26621],[-9.29736,53.2798],[-9.15816,53.2207],[-9.00167,53.30038],[-8.92358,53.16058],[-8.997,53.12044],[-9.30935,53.11527],[-9.52576,52.90456],[-9.44156,52.83328],[-9.61569,52.63663],[-9.13429,52.6809],[-9.19263,52.55446],[-9.50399,52.54055],[-9.73572,52.48028],[-9.784,52.34071],[-9.80161,52.24108],[-9.89064,52.19443],[-10.46924,52.20665],[-10.49733,52.10165]]],[[[-5.75568,55.47727],[-5.69817,55.33073],[-5.62034,55.32952],[-5.4824,55.4427],[-5.51784,55.66802],[-5.68866,55.62812],[-5.75568,55.47727]]],[[[-5.24876,51.86021],[-5.1786,51.78747],[-4.99896,51.7017],[-4.15933,51.67681],[-3.49912,51.45966],[-3.17275,51.46691],[-2.75015,51.64403],[-2.91448,53.26714],[-3.32954,53.23302],[-3.95672,53.20515],[-4.31754,53.09121],[-4.49188,52.99098],[-4.62135,52.83098],[-4.46832,52.8113],[-4.14755,52.8319],[-4.09387,52.74551],[-4.12361,52.37326],[-4.29466,52.20032],[-4.61908,52.09352],[-5.06146,52.00643],[-5.24876,51.86021]]]]}},{"type":"Feature","properties":{"NAME":"England","ABBREVN":"England","INFO_UR":null,"SUBJECTO":"England","BORDERPRECISION":1,"PARTOF":"England"},"geometry":{"type":"Polygon","coordinates":[[[-5.77781,50.13412],[-5.42922,50.06785],[-5.28234,49.96382],[-4.96703,50.21225],[-4.54057,50.35795],[-4.3033,50.32354],[-4.24263,50.39146],[-4.00424,50.31406],[-3.88174,50.2004],[-3.71504,50.21934],[-3.56318,50.36143],[-3.52147,50.61743],[-3.11088,50.65736],[-2.96062,50.7218],[-2.55051,50.57001],[-2.43199,50.64589],[-2.02369,50.57001],[-2.08536,50.70282],[-1.37251,50.76627],[-1.10336,50.81671],[-0.83904,50.7218],[-0.33571,50.81671],[0.19181,50.73128],[0.67257,50.93067],[0.88835,50.89267],[0.88602,50.98189],[1.33496,51.1207],[1.36468,51.3529],[1.18937,51.40547],[1.03007,51.35885],[0.80425,51.37827],[0.25417,51.4536],[0.68622,51.56039],[1.03129,51.81272],[1.51189,52.02576],[1.65687,52.21178],[1.69169,52.31142],[1.58571,52.65004],[1.37593,52.80924],[1.01266,52.88842],[0.74184,52.9012],[0.50467,52.84751],[0.32683,52.70748],[0.0055,52.78667],[0.25087,53.04005],[0.26785,53.12666],[0.17452,53.29306],[0.08102,53.38623],[-0.20366,53.52328],[-0.31922,53.57891],[-0.23488,53.79938],[-0.2955,54.03317],[-0.6048,54.30016],[-0.8706,54.54717],[-1.19206,54.59536],[-1.38889,54.68048],[-1.55562,54.92161],[-1.69599,55.2725],[-1.66598,55.37959],[-1.71901,55.45374],[-1.942,55.55607],[-2.06459,55.30033],[-1.8969,54.33615],[-2.88594,54.16867],[-2.86532,54.02827],[-2.97954,53.82085],[-3.05674,53.51361],[-2.91448,53.26714],[-2.75015,51.64403],[-2.89466,51.39385],[-3.03315,51.32989],[-3.06604,51.17774],[-3.483,51.18111],[-3.82523,51.23478],[-4.28099,51.18724],[-4.27728,51.06367],[-4.44256,50.96866],[-4.55154,50.99716],[-4.60456,50.77875],[-4.81527,50.60417],[-5.01665,50.56052],[-5.23777,50.34629],[-5.77781,50.13412]]]}},{"type":"Feature","properties":{"NAME":"Scotland","ABBREVN":"Scotland","INFO_UR":null,"SUBJECTO":"Scotland","BORDERPRECISION":1,"PARTOF":"Scotland"},"geometry":{"type":"Polygon","coordinates":[[[-4.9152,56.93524],[-4.62176,56.34835],[-4.12161,54.76244],[-3.90768,54.78967],[-3.57668,54.92448],[-3.3087,54.88473],[-3.15253,54.83806],[-3.43041,54.64308],[-3.56923,54.41503],[-3.47927,54.2746],[-3.26147,54.14118],[-2.88594,54.16867],[-1.8969,54.33615],[-2.06459,55.30033],[-1.942,55.55607],[-2.24501,55.81097],[-2.54035,55.8847],[-2.74213,55.95719],[-2.9279,55.94603],[-3.16146,55.84568],[-3.35585,55.84269],[-3.57718,55.8847],[-3.71304,55.8847],[-3.89496,55.98507],[-3.29351,55.97391],[-3.16981,56.06211],[-2.89534,56.0855],[-2.77286,56.17131],[-2.72086,56.17819],[-2.94943,56.25301],[-3.15241,56.33682],[-2.98053,56.35358],[-2.66714,56.471],[-2.51475,56.66734],[-2.41314,56.71725],[-2.15895,57.01432],[-2.20316,57.06481],[-2.10781,57.21033],[-1.94463,57.40166],[-2.15036,57.57198],[-2.85398,57.54332],[-3.09264,57.57703],[-3.40082,57.57645],[-3.79582,57.54153],[-4.14843,57.55453],[-4.2485,57.63633],[-4.15046,57.83482],[-4.83136,57.77366],[-4.9152,56.93524]]]}},{"type":"Feature","properties":{"NAME":null,"ABBREVN":null,"INFO_UR":null,"SUBJECTO":null,"BORDERPRECISION":1,"PARTOF":null},"geometry":{"type":"MultiPolygon","coordinates":[[[[-4.12161,54.76244],[-4.4607,54.8624],[-4.50027,54.77511],[-4.59991,54.68776],[-4.90252,54.73412],[-5.11142,54.79407],[-5.06665,54.94847],[-4.90999,55.11034],[-4.63836,55.42791],[-4.77052,55.48842],[-4.90776,55.66387],[-4.8951,55.77211],[-4.75843,55.81971],[-4.62329,55.90796],[-4.71072,56.13131],[-4.84837,56.09716],[-5.13463,55.89343],[-5.33355,55.87952],[-5.57017,55.75052],[-5.63306,55.93986],[-5.49702,56.17727],[-5.30011,56.42866],[-5.2707,56.54415],[-5.45825,56.63214],[-5.54658,56.65235],[-5.6445,56.51628],[-5.82168,56.4005],[-6.04355,56.47477],[-5.90896,56.73326],[-5.66593,56.93784],[-5.62529,56.99921],[-5.72634,57.25801],[-5.5616,57.29926],[-5.46064,57.38815],[-5.76297,57.61978],[-5.56846,57.77739],[-5.22997,57.70964],[-5.05559,57.75102],[-5.34593,58.09274],[-4.90713,58.16896],[-5.11271,58.39492],[-4.92556,58.56696],[-4.50985,58.40293],[-4.13889,58.44482],[-3.83055,58.50719],[-3.44054,58.52855],[-3.16501,58.5222],[-3.02839,58.40575],[-3.16637,58.27511],[-3.9432,57.95842],[-4.15046,57.83482],[-4.83136,57.77366],[-4.9152,56.93524],[-4.62176,56.34835],[-4.12161,54.76244]]]]}},{"type":"Feature","properties":{"NAME":"Sweden","ABBREVN":"Sweden","INFO_UR":null,"SUBJECTO":"Sweden","BORDERPRECISION":1,"PARTOF":"Sweden"},"geometry":{"type":"MultiPolygon","coordinates":[[[[11.88111,57.50896],[11.76608,57.67268],[11.73638,57.69821],[12.4879,58.56292],[12.42277,60.03878],[12.43586,60.2781],[12.54796,60.43387],[12.43103,60.62585],[12.17404,60.95641],[12.59738,61.02862],[12.79174,61.32995],[13.1549,62.02423],[14.34372,62.94813],[16.19308,62.75566],[17.86817,62.78862],[17.93626,62.548],[17.71811,62.35673],[17.29024,62.44072],[17.38736,62.20077],[17.49677,62.0881],[17.38697,61.65844],[17.16264,61.62991],[17.06518,61.53838],[17.15019,61.19771],[17.14621,60.95283],[17.31763,60.75307],[17.1885,60.67429],[17.60496,60.63754],[17.70646,60.55358],[17.93075,60.59031],[18.22439,60.32297],[18.41687,60.18162],[18.80409,60.1084],[18.89307,59.92569],[19.03732,59.86324],[19.04355,59.71242],[18.86789,59.71242],[18.63925,59.56693],[18.03008,59.35928],[17.79528,59.36447],[17.72995,59.41636],[17.36798,59.46827],[17.0706,59.54615],[16.78554,59.57732],[16.72409,59.53057],[16.52321,59.58252],[16.40758,59.4475],[16.77647,59.47866],[16.99984,59.35928],[17.26578,59.33853],[17.35812,59.24518],[17.57492,59.21407],[17.58441,59.27111],[17.86173,59.23999],[17.97764,59.32815],[18.11138,59.32297],[18.32817,59.36967],[18.42956,59.33335],[18.44137,59.40079],[18.51547,59.40079],[18.61133,59.33335],[18.5982,59.29704],[18.27337,59.28667],[18.37196,59.15707],[18.01567,59.03791],[17.94014,58.90849],[17.76647,58.87227],[17.72642,58.91366],[17.7452,58.98613],[17.73911,59.11042],[17.62318,59.10007],[17.58219,58.89297],[17.35668,58.74297],[17.24539,58.71712],[17.083,58.74813],[17.08073,58.64993],[16.44287,58.63442],[16.51319,58.42812],[16.74404,58.31195],[16.77355,58.0379],[16.72459,57.88932],[16.59776,57.86645],[16.45953,57.89521],[16.47653,57.70213],[16.60721,57.66581],[16.55048,57.54515],[16.65868,57.44295],[16.49416,57.27892],[16.39452,57.0743],[16.37617,56.82242],[16.06315,56.39624],[15.42699,56.76574],[14.48498,56.6801],[14.17541,56.8128],[13.43245,56.52387],[13.22607,57.10173],[12.89586,56.97791],[12.73076,57.43194],[12.52438,57.39066],[12.318,57.67959],[11.87662,57.32521],[11.88111,57.50896]]],[[[18.16889,56.91],[18.14027,56.91499],[18.15833,56.94167],[18.25666,57.03222],[18.25444,57.07916],[18.17333,57.14194],[18.14833,57.23528],[18.15805,57.31583],[18.1425,57.40944],[18.11028,57.49611],[18.11916,57.53111],[18.17917,57.58833],[18.29472,57.64583],[18.38194,57.71861],[18.46722,57.81194],[18.68194,57.91361],[18.725,57.92278],[19.00472,57.90861],[19.03333,57.82694],[18.92944,57.73972],[18.84889,57.72111],[18.80917,57.70361],[18.75972,57.50805],[18.76944,57.46722],[18.78833,57.44833],[18.71194,57.24166],[18.39722,57.13416],[18.34139,57.07388],[18.33583,57.01749],[18.34666,56.9986],[18.3025,56.93749],[18.21555,56.91306],[18.16889,56.91]]]]}},{"type":"Feature","properties":{"NAME":null,"ABBREVN":null,"INFO_UR":null,"SUBJECTO":null,"BORDERPRECISION":1,"PARTOF":null},"geometry":{"type":"MultiPolygon","coordinates":[[[[13.7774,53.94862],[13.82777,53.82972],[14.02872,53.86548],[14.06835,53.84347],[14.20541,53.81321],[14.17417,53.90676],[14.06995,53.91777],[13.77841,54.04441],[13.7774,53.94862]]],[[[14.22724,53.90951],[14.2479,53.81596],[14.33386,53.82972],[14.45907,53.81871],[14.47294,53.87678],[14.42484,53.91502],[14.22724,53.90951]]]]}},{"type":"Feature","properties":{"NAME":"Denmark","ABBREVN":"Denmark","INFO_UR":null,"SUBJECTO":"Denmark","BORDERPRECISION":1,"PARTOF":"Denmark"},"geometry":{"type":"MultiPolygon","coordinates":[[[[8.03457,55.47591],[8.21404,55.3986],[8.31897,55.48107],[8.48134,55.34924],[8.55956,55.35612],[8.64507,55.06905],[8.6161,54.88736],[8.59599,54.76135],[8.74207,54.6078],[8.9506,54.41856],[8.85242,54.33165],[8.55395,54.27544],[8.56995,54.2266],[8.73362,54.24988],[8.79438,54.26923],[8.89687,54.26322],[9.00639,54.37626],[9.09153,54.36516],[9.13479,54.32213],[9.25735,54.32974],[9.28825,54.27004],[9.37614,54.28968],[9.44412,54.25119],[9.44333,54.23146],[9.44868,54.18869],[9.51394,54.18869],[9.54695,54.19539],[9.59724,54.22149],[9.65149,54.3009],[9.71054,54.31652],[9.79225,54.36256],[9.92306,54.36976],[9.92065,54.32233],[9.96322,54.30691],[10.03464,54.31252],[10.0415,54.30451],[10.14173,54.33675],[10.06493,54.43389],[9.86481,54.4114],[9.97801,54.49015],[9.98669,54.59244],[9.86444,54.72629],[9.61026,54.88004],[9.42102,54.97648],[9.51782,55.12868],[9.51656,55.22307],[9.54387,55.35126],[9.63018,55.45941],[9.76074,55.5017],[9.69007,55.60487],[9.97575,55.62035],[10.00712,55.73039],[10.14715,55.76489],[10.22988,55.95089],[10.17516,56.07587],[10.29345,56.13707],[10.44248,56.1509],[10.49609,56.03363],[10.75067,56.09728],[10.88868,56.36875],[10.82582,56.44329],[10.31376,56.46947],[10.22968,56.60513],[10.21619,56.84985],[9.83462,56.88994],[9.37015,56.88227],[9.32206,56.71894],[9.31187,56.48112],[9.13585,56.46042],[9.0027,56.65716],[8.86858,56.61611],[8.67489,56.35775],[8.45224,56.4116],[8.30883,56.47921],[8.18343,56.43146],[8.12448,56.20748],[8.11661,56.09226],[8.31697,55.84891],[8.32003,55.76773],[8.12507,55.63583],[8.03457,55.47591]]],[[[8.18349,56.79848],[8.47093,56.59689],[8.50712,56.64727],[8.66598,56.70046],[8.77808,56.79848],[8.84702,56.98628],[8.97088,57.0003],[9.07855,57.03676],[9.14124,57.00871],[9.33376,57.02274],[9.503,56.97506],[10.25655,57.00591],[10.33329,57.17146],[10.46284,57.24166],[10.45073,57.45803],[10.40118,57.50588],[10.55806,57.74505],[10.47946,57.75913],[10.39014,57.66059],[10.28952,57.67186],[9.84926,57.58179],[9.44869,57.22761],[9.30242,57.16584],[8.6613,57.1041],[8.53404,57.14058],[8.35887,57.02274],[8.18349,56.79848]]],[[[11.10192,55.63367],[11.2301,55.33681],[11.2854,55.18857],[11.58478,55.16218],[11.76722,55.176],[11.96961,54.95419],[12.07697,54.99469],[12.30136,55.17028],[12.42972,55.24469],[12.15843,55.37909],[12.4091,55.54833],[12.46922,55.71063],[12.44405,55.96765],[12.23772,55.98757],[12.088,55.96698],[12.05262,55.70308],[11.96249,55.58126],[11.72805,55.66188],[11.56774,55.88478],[11.29626,55.67459],[11.10192,55.63367]]],[[[11.87662,57.32521],[12.00514,57.32521],[12.28862,56.87986],[12.52603,56.7804],[12.65748,56.61084],[12.78586,56.61668],[12.87158,56.51152],[12.80481,56.4012],[12.61544,56.43561],[12.65238,56.29553],[12.41441,56.24304],[12.69901,55.9051],[12.98587,55.66658],[12.85931,55.53292],[12.88756,55.45161],[12.80192,55.41677],[12.80237,55.35291],[13.30185,55.3007],[13.8233,55.42182],[14.1172,55.34711],[14.28635,55.51549],[14.12602,55.66658],[14.25893,55.89928],[14.49183,56.01804],[14.60523,55.98078],[14.65289,56.12062],[15.2208,56.08036],[15.49704,56.16724],[15.69623,56.06096],[15.77054,56.03321],[16.06315,56.39624],[15.42699,56.76574],[14.48498,56.6801],[14.17541,56.8128],[13.43245,56.52387],[13.22607,57.10173],[12.89586,56.97791],[12.73076,57.43194],[12.52438,57.39066],[12.318,57.67959],[11.87662,57.32521]]]]}},{"type":"Feature","properties":{"NAME":"Holy Roman Empire","ABBREVN":"Holy Roman Empire","INFO_UR":null,"SUBJECTO":"Holy Roman Empire","BORDERPRECISION":1,"PARTOF":"Holy Roman Empire"},"geometry":{"type":"MultiPolygon","coordinates":[[[[3.43844,51.00828],[3.52034,50.8005],[3.55476,50.81939],[3.57639,50.82177],[3.62411,50.85364],[3.63132,50.88073],[3.67836,50.89004],[3.68797,50.9078],[3.65879,50.92035],[3.64986,50.95475],[3.6866,50.95756],[3.72196,51.00015],[3.73844,51.04701],[3.76934,51.04852],[3.81637,50.99129],[3.91972,51.01678],[4.00864,51.00641],[4.067,51.04873],[4.10039,51.03756],[3.52269,50.79454],[3.82033,50.03945],[4.25522,49.88724],[4.79706,49.79391],[4.84752,49.79595],[4.2675,51.33576],[4.24205,51.35392],[4.43573,51.35978],[4.49066,51.39492],[4.47281,51.47454],[4.49341,51.49934],[4.48791,51.6129],[4.64035,51.62654],[4.85269,51.6684],[4.98367,51.64231],[5.21645,51.65254],[5.28305,51.64444],[5.55359,51.6964],[5.75958,51.75233],[5.73555,51.76975],[5.66311,51.7946],[5.6432,51.8188],[5.59414,51.82878],[5.55187,51.82729],[5.53951,51.81753],[5.4911,51.82968],[5.42106,51.91802],[5.4657,51.92395],[5.60028,51.89514],[5.70121,51.89472],[5.86464,51.85105],[5.91682,51.87564],[5.97107,51.85402],[6.01227,51.88285],[6.11252,51.84596],[6.25053,51.82644],[6.30547,51.80522],[6.33499,51.76168],[6.35353,51.75445],[6.41876,51.7519],[6.49017,51.82241],[6.27594,51.89853],[6.23749,51.98657],[6.33018,52.08626],[6.53686,52.17393],[6.73462,52.11157],[6.83075,52.11325],[6.8692,52.17562],[7.02026,52.20593],[7.04773,52.23789],[6.9928,52.51455],[7.08755,52.55131],[7.08687,52.5847],[7.03537,52.62931],[7.03587,52.63388],[6.97606,52.64593],[6.95327,52.63887],[6.91791,52.63965],[6.91422,52.64608],[6.87276,52.65361],[6.81697,52.64741],[6.79007,52.65238],[6.74181,52.64532],[6.70166,52.62765],[6.70775,52.64884],[6.60072,52.67222],[6.51695,52.64681],[6.52245,52.61764],[6.38168,52.61431],[6.33293,52.66056],[6.15234,52.68845],[6.1338,52.73421],[6.21277,52.77245],[6.21483,52.7982],[6.1805,52.80359],[6.11732,52.8513],[6.20659,52.89068],[6.24985,52.92422],[6.29173,52.93002],[6.33774,52.90766],[6.41258,52.94491],[6.43387,52.97594],[6.36383,53.02635],[6.35765,53.06556],[6.30478,53.08165],[6.31233,53.09155],[6.36246,53.09567],[6.381,53.14965],[6.41601,53.1797],[6.48056,53.2085],[6.53206,53.2122],[6.54922,53.25125],[6.59454,53.25618],[6.62201,53.22782],[6.75934,53.14883],[6.76964,53.10062],[6.83182,53.05876],[6.84173,53.07918],[6.91315,53.08248],[6.93924,53.12535],[6.99554,53.13235],[7.03606,53.0965],[7.20277,53.1134],[7.44461,53.08908],[7.53662,53.05566],[7.61215,53.07712],[7.62314,53.11216],[7.62176,53.14512],[7.67807,53.169],[7.76871,53.18217],[7.79205,53.21919],[7.94311,53.33251],[8.02551,53.3653],[8.06853,53.35888],[8.02908,53.37265],[8.09873,53.44393],[7.96854,53.63753],[7.33239,53.60443],[7.16564,53.59167],[7.03733,53.51015],[6.98071,53.31666],[7.18975,53.23014],[7.15994,53.164],[7.04328,53.164],[7.00906,53.24541],[6.86105,53.26576],[6.75072,53.38986],[6.26072,53.32174],[5.96631,53.33501],[5.38952,53.13857],[5.33212,53.01145],[5.34275,52.99631],[5.35802,52.93775],[5.32575,52.79041],[5.65344,52.74978],[5.54689,52.6787],[5.55571,52.58732],[5.61125,52.5315],[5.81714,52.52136],[5.75691,52.33372],[5.57437,52.28302],[5.47319,52.1766],[4.94983,52.27795],[5.03574,52.33372],[5.00609,52.55688],[5.10824,52.5315],[5.23463,52.62285],[5.17329,52.74342],[5.0084,52.85619],[4.71877,52.80242],[4.64101,52.7557],[4.38724,52.23037],[4.26441,52.07089],[3.87814,51.79173],[3.52032,51.57914],[3.74348,51.46045],[3.77505,51.38774],[3.6813,51.32142],[3.43844,51.00828]],[[4.14324,51.05559],[4.18583,51.07349],[4.19746,51.05693],[4.19266,51.03492],[4.17343,51.03146],[4.14324,51.05559]],[[4.17686,51.08627],[4.18236,51.10007],[4.216,51.12033],[4.2572,51.1143],[4.32175,51.13068],[4.18583,51.0735],[4.17686,51.08627]]],[[[6.246,48.09586],[6.25177,47.95721],[6.58074,47.95353],[6.56296,47.9697],[6.51146,47.98579],[6.47507,47.97338],[6.42837,47.98625],[6.38031,48.08634],[6.246,48.09586]]],[[[7.42782,47.46217],[7.52963,47.46217],[7.53589,47.51387],[7.52346,47.51867],[7.53048,47.52976],[7.51728,47.52944],[7.4295,47.46245],[7.42782,47.46217]]],[[[7.51443,45.38341],[7.67747,44.73126],[7.89836,44.67236],[7.91839,44.70576],[8.00766,44.73308],[8.02826,44.79938],[7.93487,44.86998],[7.93213,44.92349],[7.98294,45.02355],[8.05847,45.07207],[8.02963,45.13071],[7.95135,45.19559],[8.0698,45.1997],[8.09383,45.24855],[8.12782,45.25652],[8.52745,45.24395],[8.55534,45.15727],[8.58008,45.15269],[8.5917,45.13134],[8.61367,45.12699],[8.60848,45.10838],[8.6459,45.07489],[8.63691,45.06652],[8.64697,45.05465],[8.63811,45.04931],[8.64131,45.04405],[8.56316,44.93272],[8.56247,44.84565],[8.57689,44.72283],[8.60318,44.64298],[8.61771,44.65084],[8.663,44.656],[8.67452,44.64011],[8.67199,44.62078],[8.68452,44.61076],[8.67285,44.5967],[8.69718,44.57973],[8.72462,44.57862],[8.73894,44.55023],[8.7487,44.55015],[8.75216,44.52552],[8.76477,44.52966],[8.77119,44.48947],[8.7857,44.48754],[8.79986,44.5023],[8.79763,44.52538],[8.82827,44.54579],[8.82151,44.54752],[8.82574,44.55883],[8.81824,44.57115],[8.80378,44.58005],[8.80675,44.59671],[8.79393,44.61786],[8.81978,44.64017],[8.78934,44.66395],[8.78061,44.68302],[8.76279,44.69122],[8.77087,44.71625],[8.78803,44.71356],[8.79313,44.72329],[8.75974,44.74563],[8.72193,44.793],[8.73067,44.80492],[8.74409,44.80693],[8.75875,44.80047],[8.76559,44.78513],[8.79769,44.78275],[8.83027,44.8042],[8.84712,44.79828],[8.84687,44.76136],[8.8251,44.73078],[8.82749,44.71648],[8.84555,44.69489],[8.87215,44.70527],[8.89834,44.69798],[8.94448,44.70831],[8.94814,44.70085],[8.98822,44.71538],[9.00363,44.70909],[9.01943,44.71625],[9.02149,44.72893],[9.00381,44.7434],[9.0076,44.74961],[9.02911,44.74972],[9.07809,44.72177],[9.12789,44.72752],[9.16556,44.69259],[9.20032,44.6864],[9.24295,44.68667],[9.23204,44.70161],[9.23637,44.71498],[9.25974,44.67988],[9.36633,44.69043],[9.40439,44.64192],[9.39614,44.60997],[9.4172,44.59633],[9.42103,44.57359],[9.40867,44.56002],[9.48029,44.56297],[9.5052,44.52934],[9.49622,44.48297],[9.46912,44.48142],[9.47134,44.46864],[9.45767,44.44248],[9.43869,44.4293],[9.44292,44.41655],[9.46395,44.42477],[9.47903,44.40926],[9.49468,44.42362],[9.54094,44.42563],[9.55845,44.43863],[9.58491,44.42932],[9.60573,44.43488],[9.63827,44.41453],[9.65538,44.41231],[9.67506,44.36407],[9.69937,44.36637],[9.71887,44.35492],[9.72946,44.32833],[9.7556,44.32081],[9.78073,44.29412],[9.74765,44.25357],[9.75937,44.23415],[9.75445,44.21967],[9.76537,44.21202],[9.76277,44.20614],[9.80225,44.20574],[9.81677,44.22048],[9.7435,44.39062],[9.83139,44.42397],[9.87121,44.45927],[9.91653,44.46515],[9.95636,44.49259],[10.08957,44.36412],[10.15274,44.3651],[10.18158,44.33269],[10.13489,44.26487],[10.1802,44.24914],[10.26398,44.26291],[10.28664,44.25848],[10.38963,44.29486],[10.43083,44.2924],[10.46036,44.26094],[10.49057,44.32974],[10.58807,44.41711],[10.56747,44.44408],[10.4892,44.4823],[10.44422,44.51732],[10.33127,44.52637],[10.34114,44.56008],[10.36629,44.59242],[10.39307,44.64716],[10.39238,44.7638],[10.44182,44.77209],[10.44182,44.82325],[10.46173,44.83932],[10.46104,44.86755],[10.52147,44.89869],[10.54275,44.8802],[10.58533,44.87485],[10.66017,44.90841],[10.65056,44.9614],[10.6739,44.97063],[10.67459,45.01336],[10.70137,45.03326],[10.6794,45.04636],[10.643,45.03569],[10.61073,45.05364],[10.60181,45.08952],[10.57503,45.11036],[10.53795,45.11133],[10.49538,45.13652],[10.44868,45.13459],[10.42946,45.19462],[10.46516,45.21784],[10.50842,45.21929],[10.50224,45.24685],[10.47203,45.27247],[10.47821,45.31498],[10.53383,45.31063],[10.59082,45.36855],[10.64026,45.3753],[10.7048,45.32077],[10.76935,45.30097],[10.84145,45.29808],[10.79269,45.3157],[10.75905,45.35794],[10.66176,45.41903],[10.57846,45.43701],[10.494,45.47361],[10.45692,45.52319],[10.36148,45.58137],[10.33058,45.66205],[10.33195,45.76082],[10.34981,45.82306],[10.39856,45.83741],[10.44113,45.91581],[10.44765,45.97979],[10.47546,46.08228],[10.41435,46.14036],[10.43014,46.20455],[10.43152,46.25205],[10.51306,46.29542],[10.53005,46.47121],[10.6212,46.44791],[10.59614,46.46908],[10.54584,46.49343],[10.47924,46.49414],[10.4528,46.53069],[10.33333,46.54658],[10.23994,46.63247],[10.10673,46.60511],[10.00854,46.49178],[9.93988,46.48043],[9.86023,46.42555],[9.75586,46.40662],[9.6817,46.34219],[9.55261,46.32797],[9.45373,46.26914],[9.24774,46.253],[9.10766,46.14654],[9.00879,46.14844],[8.92776,46.13036],[8.94562,46.17983],[8.93051,46.28812],[8.86322,46.38483],[8.89343,46.42271],[8.83575,46.6136],[8.74649,46.63152],[8.63251,46.60511],[8.46718,46.5376],[8.49267,46.11709],[7.51443,45.38341]],[[9.52789,45.32029],[9.54369,45.3864],[9.59038,45.38929],[9.65286,45.43894],[9.70642,45.39845],[9.74968,45.40424],[9.76685,45.32174],[9.75929,45.27247],[9.70642,45.22461],[9.69406,45.25652],[9.6611,45.26184],[9.64119,45.24976],[9.62196,45.26184],[9.6357,45.28552],[9.61784,45.29663],[9.57252,45.27537],[9.52789,45.32029]],[[9.90829,44.81643],[9.91173,44.84467],[9.93027,44.86852],[9.9234,44.9123],[9.97147,44.96043],[10.07721,44.97597],[10.10948,44.95897],[10.10536,44.89528],[10.14862,44.84613],[10.08957,44.77209],[10.08888,44.74722],[10.0106,44.77647],[9.94675,44.78232],[9.90829,44.81643]]],[[[7.54421,47.55973],[7.55466,47.56437],[7.56469,47.5573],[7.55585,47.54444],[7.58142,47.54386],[7.59443,47.51932],[7.61353,47.52114],[7.60529,47.46988],[7.62657,47.46338],[7.626,47.46217],[8.27922,47.46217],[8.27545,47.46431],[8.25485,47.59042],[8.18344,47.65706],[7.96509,47.59135],[7.92938,47.61264],[7.85385,47.62005],[7.80304,47.59783],[7.69317,47.57838],[7.61764,47.61913],[7.57233,47.61172],[7.54421,47.55973]]],[[[8.189,53.53052],[8.26077,53.43885],[8.24193,53.35229],[8.21545,53.34021],[8.26309,53.34153],[8.30017,53.36449],[8.48694,53.37268],[8.49506,53.45166],[8.30565,53.52543],[8.189,53.53052]]],[[[8.29888,44.50364],[8.3319,44.2905],[8.33761,44.29901],[8.33897,44.31992],[8.35537,44.33206],[8.34394,44.35061],[8.37691,44.4077],[8.44443,44.43873],[8.46392,44.469],[8.46098,44.49278],[8.44841,44.49866],[8.45104,44.50332],[8.44653,44.49877],[8.41743,44.51283],[8.39915,44.50095],[8.39407,44.47909],[8.35849,44.46494],[8.35005,44.48481],[8.32399,44.48764],[8.30255,44.50326],[8.29888,44.50364]]],[[[8.42105,47.29887],[8.42788,47.18609],[8.44299,47.20278],[8.42926,47.28296],[8.42105,47.29887]]],[[[8.42866,53.61205],[8.49609,53.46175],[8.4993,53.49295],[8.60504,53.54888],[8.58285,53.79353],[8.53954,53.80068],[8.42866,53.61205]]],[[[8.58872,44.52684],[8.61191,44.54791],[8.60006,44.55366],[8.60105,44.54586],[8.58872,44.52684]]],[[[8.59857,44.5655],[8.59953,44.55791],[8.61876,44.57663],[8.62302,44.59689],[8.61736,44.59995],[8.62111,44.58855],[8.60716,44.58258],[8.59857,44.5655]]],[[[9.44103,54.17389],[9.51394,54.18869],[9.44868,54.18869],[9.44333,54.23146],[9.44103,54.17389]]],[[[10.03189,54.21426],[10.08751,54.20503],[10.13763,54.28206],[10.14688,54.28449],[10.14173,54.33675],[10.0415,54.30451],[10.05661,54.28687],[10.03189,54.21426]]],[[[10.03913,43.99306],[10.13675,43.90477],[10.20511,43.81727],[10.18357,43.87085],[10.12988,43.93142],[10.05225,43.989],[10.03913,43.99306]]],[[[10.78857,44.14329],[10.8272,44.13233],[10.86513,44.1327],[10.88779,44.10189],[10.91354,44.10016],[10.99525,44.15955],[11.04332,44.15487],[11.05053,44.13565],[11.03439,44.10435],[11.03611,44.0792],[11.07662,44.07945],[11.1422,44.11816],[11.21223,44.12111],[11.23695,44.05947],[11.35231,44.06095],[11.39969,44.05009],[11.48415,43.98689],[11.54388,43.96762],[11.71074,43.96218],[11.76292,43.93351],[11.79451,43.89888],[11.85287,43.89888],[11.90575,43.86226],[11.99295,43.84493],[12.05887,43.86374],[12.1241,43.86424],[12.15912,43.84295],[12.1598,43.78795],[12.10419,43.70958],[12.11861,43.66489],[12.22916,43.60227],[12.2374,43.57989],[12.2834,43.5973],[12.31293,43.59183],[12.33353,43.56845],[12.32941,43.50374],[12.38955,43.47464],[12.69723,43.93476],[12.34508,44.30104],[12.28073,44.55012],[12.27358,44.67264],[12.47604,44.78709],[12.52309,44.88275],[12.40899,44.98901],[12.32214,45.04237],[12.31251,45.17829],[12.17619,45.21429],[12.15347,45.23883],[12.15294,45.2367],[12.15912,45.12538],[12.14986,45.10117],[12.10419,45.12732],[11.92154,45.15057],[11.77528,45.13604],[11.54526,45.16606],[11.48895,45.14912],[11.3669,45.06249],[11.42647,45.05873],[11.44775,45.04709],[11.50955,45.04515],[11.50955,45.01457],[11.63212,45.00535],[11.72722,44.97597],[11.77185,44.98277],[11.80893,44.96868],[11.8158,44.93516],[11.89751,44.93224],[11.92978,44.91425],[11.91124,44.88117],[11.91055,44.77452],[11.80756,44.72039],[11.79726,44.6369],[11.67641,44.65644],[11.64345,44.68281],[11.62216,44.68135],[11.60362,44.70283],[11.58646,44.70429],[11.54594,44.73161],[11.50062,44.74283],[11.46698,44.79158],[11.41891,44.82276],[11.3269,44.85344],[11.3118,44.86852],[11.29532,44.86536],[11.30939,44.84735],[11.26648,44.83104],[11.24622,44.8118],[11.2009,44.81326],[11.18854,44.8006],[11.19747,44.65864],[11.17104,44.60465],[11.147,44.60465],[11.11267,44.62811],[11.08108,44.60758],[11.09619,44.57531],[11.06804,44.51903],[11.0701,44.4725],[11.04126,44.4676],[11.00967,44.40141],[11.03714,44.38964],[11.03783,44.32925],[10.94582,44.21371],[10.91492,44.25454],[10.88127,44.25159],[10.78857,44.14329]]],[[[10.91189,42.70968],[10.94894,42.67883],[10.94342,42.68909],[10.92599,42.70502],[10.91189,42.70968]]],[[[11.04665,42.59747],[11.10476,42.54908],[11.20138,42.50657],[11.20683,42.5071],[11.227,42.49906],[11.23442,42.49203],[11.49737,42.37635],[11.96013,42.00737],[12.01993,42.0987],[12.00333,42.24814],[12.06975,42.29795],[12.05314,42.53041],[12.16937,42.63004],[12.15277,42.69645],[12.18598,42.91231],[12.16937,42.91231],[12.1662,42.94081],[12.08582,42.9059],[12.04479,42.93142],[12.02574,42.92136],[11.98952,42.93607],[11.94935,42.93355],[11.93012,42.92224],[11.92806,42.90514],[11.91639,42.89232],[11.86283,42.8893],[11.81957,42.87571],[11.79794,42.84476],[11.77082,42.82613],[11.74232,42.83368],[11.69289,42.881],[11.73546,42.92777],[11.71966,42.93883],[11.58234,42.92174],[11.54697,42.86867],[11.47247,42.85281],[11.42715,42.83419],[11.37978,42.77071],[11.32828,42.74348],[11.24313,42.746],[11.23833,42.73188],[11.21086,42.72987],[11.16554,42.6481],[11.04665,42.59747]]],[[[11.4711,50.46013],[11.54251,50.43389],[11.651,50.43389],[11.74576,50.45313],[11.97922,50.45488],[12.09457,50.38225],[12.32666,50.41552],[12.40082,50.36999],[12.49695,50.36649],[12.51137,50.39101],[12.65968,50.42514],[12.70363,50.40633],[12.71769,50.40684],[12.77246,50.43765],[13.04254,50.48462],[13.06412,50.54049],[13.14926,50.51255],[13.30719,50.6242],[13.39508,50.65381],[13.45001,50.6242],[13.53653,50.62159],[13.56399,50.68254],[13.63266,50.74862],[13.82492,50.77121],[14.19708,50.85624],[14.35913,50.91689],[14.38934,50.974],[14.6228,50.97054],[14.64752,50.87011],[14.67025,50.86648],[14.72894,51.13056],[14.51725,51.58554],[14.515,51.58475],[14.50401,51.53908],[14.18609,51.54121],[14.16961,51.519],[14.08996,51.50533],[14.05975,51.46428],[13.95538,51.49336],[13.91418,51.45059],[13.82629,51.45743],[13.68622,51.43175],[13.57086,51.43347],[13.47198,51.47283],[13.42804,51.4523],[13.30169,51.44203],[13.23578,51.40092],[13.13965,51.40092],[13.07922,51.44031],[12.9364,51.37178],[12.79083,51.36321],[12.76886,51.43689],[12.6947,51.49507],[12.63427,51.49165],[12.54089,51.38721],[12.35412,51.38721],[12.16461,51.35806],[12.13714,51.37693],[12.01527,51.34209],[12.03466,51.33072],[12.06161,51.29155],[12.02248,51.23849],[11.97372,51.20581],[11.92617,51.20269],[11.90334,51.18655],[11.86129,51.18655],[11.86729,51.16255],[11.85253,51.15394],[11.83022,51.15749],[11.82936,51.17192],[11.80269,51.17629],[11.77442,51.15685],[11.71966,51.14446],[11.70919,51.1115],[11.66697,51.10913],[11.70954,51.05154],[11.67744,51.04442],[11.69392,51.02455],[11.66817,50.98869],[11.58131,50.91516],[11.61667,50.84671],[11.55624,50.78076],[11.88652,50.8324],[11.98471,50.81288],[11.97029,50.76817],[11.88309,50.69602],[11.77872,50.65991],[11.69151,50.66121],[11.65375,50.63618],[11.6407,50.5998],[11.67073,50.56858],[11.57719,50.53809],[11.53633,50.51452],[11.49685,50.48416],[11.50422,50.44796],[11.4711,50.46013]]],[[[11.64525,52.12284],[11.71452,52.04278],[11.84086,52.00834],[11.85631,52.02483],[11.87897,52.02609],[12.155,52.08457],[12.41455,52.16214],[12.54913,52.16888],[12.56836,52.20256],[12.5148,52.21939],[12.50931,52.24967],[12.6178,52.27152],[12.68509,52.27152],[12.73315,52.22864],[12.92129,52.25135],[13.01536,52.32478],[11.85476,52.34947],[11.78009,52.33198],[11.71692,52.26312],[11.67521,52.15598],[11.64525,52.12284]]],[[[12.13165,47.02427],[12.16186,46.9587],[12.15019,46.91088],[12.19208,46.90478],[12.21886,46.87827],[12.24666,46.89094],[12.27653,46.88507],[12.30503,46.8346],[12.28598,46.78431],[12.31018,46.78408],[12.31052,46.75656],[12.27997,46.73457],[12.28083,46.72786],[12.36048,46.68996],[12.37009,46.6644],[12.32325,46.63062],[12.34219,46.63104],[12.35966,46.61936],[12.38309,46.62292],[12.38995,46.62743],[12.37841,46.63643],[12.38166,46.64365],[12.40554,46.64253],[12.43417,46.66835],[12.50544,46.67947],[12.56903,46.6514],[12.61907,46.66183],[12.64122,46.65221],[12.69064,46.65695],[12.73495,46.63569],[12.76253,46.64795],[12.78432,46.64499],[12.81904,46.62817],[12.83719,46.62747],[12.83364,46.61022],[12.84774,46.60542],[12.91008,46.60965],[13.0215,46.60221],[13.14762,46.57758],[13.20228,46.54591],[13.21086,46.52735],[13.28838,46.51812],[13.352,46.47659],[13.45581,46.47472],[13.46261,46.46479],[13.4392,46.45315],[13.43391,46.43577],[13.50052,46.40913],[13.51691,46.38297],[13.61481,46.41419],[13.77273,46.41325],[13.83865,46.33555],[13.78921,46.29192],[13.93066,46.17222],[13.99761,46.13703],[14.01031,45.98361],[13.74836,45.76848],[13.64945,45.71713],[13.67318,45.71451],[13.79998,45.56637],[13.99513,45.45801],[13.95159,45.3927],[13.79921,45.30563],[13.90806,44.97911],[14.17461,45.01039],[14.23862,45.06235],[14.35449,45.32289],[14.52667,45.783],[14.79847,45.86455],[14.88001,45.48402],[15.42362,45.42966],[15.46982,45.73408],[16.12215,45.58187],[16.20913,45.73408],[16.07866,45.88629],[16.20913,46.14722],[16.44832,46.10373],[16.53529,46.36466],[16.29611,46.40815],[16.51355,46.62559],[16.44832,46.7778],[16.44832,46.93001],[16.55704,47.06048],[16.55704,47.19095],[16.64402,47.29967],[16.55704,47.49537],[16.48511,48.16342],[16.45752,48.1725],[16.34628,48.25028],[16.3298,48.32978],[16.25427,48.36446],[16.15951,48.36264],[16.12518,48.32247],[16.03042,48.26857],[15.95764,48.20546],[15.96451,48.1386],[15.89722,48.06799],[15.93017,48.03402],[15.88623,47.99727],[15.81207,47.989],[15.75858,47.93472],[15.65723,47.90438],[15.6308,47.87675],[15.65277,47.81777],[15.60033,47.79923],[15.49965,47.82653],[15.4406,47.82007],[15.39459,47.84312],[15.29709,47.84635],[15.26138,47.79378],[15.15221,47.78087],[15.07873,47.79471],[15.02655,47.77256],[14.9881,47.77256],[14.92355,47.75872],[14.85077,47.7721],[14.81026,47.76056],[14.75876,47.76979],[14.72854,47.82514],[14.65851,47.82791],[14.52804,47.88965],[14.38934,47.9145],[14.3605,47.86109],[14.2836,47.84358],[14.28085,47.815],[14.33441,47.79009],[14.33166,47.67001],[14.16,47.65059],[14.05701,47.65984],[13.96774,47.61079],[13.83316,47.58116],[13.74664,47.50607],[13.94028,47.41043],[14.03229,47.34627],[14.08035,47.29507],[14.10644,47.23542],[14.15588,47.16918],[14.20532,47.14023],[14.23279,47.10472],[14.21081,47.06919],[14.06731,47.03223],[14.0625,46.99056],[13.98216,46.9512],[13.90938,46.95167],[13.85445,46.92307],[13.74939,47.0018],[13.53515,47.02053],[13.40332,47.06451],[13.36761,47.10285],[13.24333,47.08742],[13.24745,47.05094],[13.06824,47.01772],[12.96249,47.04065],[12.93983,47.07994],[12.74414,47.10192],[12.72972,47.13556],[12.6329,47.11687],[12.60681,47.13649],[12.49969,47.16451],[12.39258,47.16358],[12.33215,47.12715],[12.28546,47.13649],[12.2525,47.08883],[12.19208,47.06825],[12.13165,47.02427]]],[[[13.69933,41.85973],[13.91803,41.86534],[13.86337,41.90534],[13.70407,41.88081],[13.69933,41.85973]]],[[[13.97352,52.38062],[13.99847,52.37266],[13.99872,52.3669],[14.14405,52.34746],[14.17112,52.32944],[14.13414,52.40893],[13.97352,52.38062]]]]}},{"type":"Feature","properties":{"NAME":null,"ABBREVN":null,"INFO_UR":null,"SUBJECTO":null,"BORDERPRECISION":1,"PARTOF":null},"geometry":{"type":"MultiPolygon","coordinates":[[[[22.8699,38.83716],[23.01435,38.96141],[23.24241,39.04412],[23.78977,38.71863],[24.13187,38.65336],[24.2079,38.55236],[24.29152,38.19476],[24.58801,38.15293],[24.52719,37.96737],[24.31433,37.98535],[24.02544,38.3857],[23.66053,38.40357],[23.59972,38.45717],[23.63773,38.52263],[23.46288,38.62367],[23.12078,38.86677],[22.8699,38.83716]]]]}},{"type":"Feature","properties":{"NAME":null,"ABBREVN":null,"INFO_UR":null,"SUBJECTO":null,"BORDERPRECISION":1,"PARTOF":null},"geometry":{"type":"MultiPolygon","coordinates":[[[[25.73594,36.38654],[25.78916,36.40489],[25.87278,36.35593],[25.76635,36.33756],[25.71314,36.34981],[25.73594,36.38654]]],[[[25.33302,36.45994],[25.37104,36.49662],[25.49267,36.42325],[25.49267,36.33144],[25.38624,36.31919],[25.31782,36.39877],[25.33302,36.45994]]],[[[25.75115,36.81376],[25.85758,36.8381],[25.9488,36.91107],[26.02483,36.95969],[26.08564,36.89892],[25.83477,36.78332],[25.75115,36.78332],[25.75115,36.81376]]],[[[24.29912,36.75287],[24.42836,36.7955],[24.58801,36.86851],[24.67923,36.75896],[24.46637,36.64925],[24.29912,36.75287]]],[[[24.82368,36.63705],[24.82368,36.66145],[24.87689,36.67974],[24.97572,36.63705],[24.94531,36.56992],[24.82368,36.63705]]],[[[25.04414,36.66145],[25.16578,36.74069],[25.19618,36.67364],[25.05934,36.61875],[25.04414,36.66145]]],[[[25.2418,36.75287],[25.29501,36.80767],[25.43185,36.69803],[25.38624,36.63705],[25.2646,36.70413],[25.2418,36.75287]]],[[[24.42836,37.20834],[24.53479,37.11746],[24.44356,37.09927],[24.42836,37.20834]]],[[[24.29912,37.66108],[24.39795,37.66709],[24.38275,37.57075],[24.26111,37.54061],[24.29912,37.66108]]],[[[24.39795,37.46824],[24.48918,37.3958],[24.35994,37.30515],[24.35994,37.3958],[24.39795,37.46824]]],[[[24.86169,37.52856],[24.94531,37.51047],[25.04414,37.37768],[24.84648,37.3656],[24.86169,37.52856]]],[[[24.65643,37.90141],[24.76286,38.00332],[25.27221,37.56472],[25.46986,37.43807],[25.31782,37.40184],[24.9225,37.69116],[24.65643,37.90141]]],[[[24.64882,37.01434],[24.71724,37.05075],[24.78566,36.94754],[24.67923,36.905],[24.64882,37.01434]]],[[[25.15057,37.172],[25.31022,37.19623],[25.31022,37.0022],[25.11256,36.94146],[24.93771,36.95969],[25.15057,37.172]]],[[[25.37864,37.11746],[25.53828,37.22045],[25.6067,37.12352],[25.5991,37.02648],[25.54589,36.95969],[25.45466,36.92323],[25.36343,37.00827],[25.34063,37.08715],[25.37864,37.11746]]]]}},{"type":"Feature","properties":{"NAME":"Sweden","ABBREVN":"Sweden","INFO_UR":null,"SUBJECTO":"Sweden","BORDERPRECISION":1,"PARTOF":"Sweden"},"geometry":{"type":"MultiPolygon","coordinates":[[[[19.33444,57.95583],[19.28666,57.93749],[19.25666,57.94944],[19.16278,57.92694],[19.14167,57.90778],[19.12611,57.83972],[19.07777,57.85833],[19.03444,57.90111],[19.03611,57.91861],[19.08889,57.97028],[19.10472,57.97527],[19.29639,57.97666],[19.3325,57.96527],[19.33444,57.95583]]]]}},{"type":"Feature","properties":{"NAME":"Navarre","ABBREVN":"Navarre","INFO_UR":null,"SUBJECTO":"Navarre","BORDERPRECISION":1,"PARTOF":"Navarre"},"geometry":{"type":"Polygon","coordinates":[[[-3.35612,43.39527],[-3.19584,42.39792],[-2.71658,42.42514],[-2.58341,41.35853],[-1.00439,41.91882],[-0.60291,42.41607],[-0.52412,42.7578],[-0.58679,42.76506],[-0.61198,42.73088],[-0.84002,42.90865],[-0.90735,42.8813],[-1.39727,43.03176],[-1.44755,42.98388],[-1.51513,42.99756],[-1.55767,43.04543],[-1.46565,43.15489],[-1.49138,43.20962],[-1.70239,43.19594],[-1.91458,43.30542],[-2.06564,43.33327],[-2.36738,43.32624],[-2.76836,43.53788],[-3.00721,43.55027],[-3.19597,43.44688],[-3.35612,43.39527]]]}},{"type":"Feature","properties":{"NAME":"León","ABBREVN":"León","INFO_UR":null,"SUBJECTO":"León","BORDERPRECISION":1,"PARTOF":"León"},"geometry":{"type":"Polygon","coordinates":[[[-9.2708,43.04869],[-9.24686,42.90078],[-9.17312,42.8559],[-8.94172,42.8242],[-8.64406,42.41975],[-8.79857,42.19453],[-8.86049,42.01453],[-8.80606,41.88918],[-8.92074,41.76702],[-8.85475,41.59685],[-8.85178,41.40783],[-8.69407,40.99217],[-7.77054,40.94058],[-7.77054,40.53298],[-5.56951,40.73678],[-4.44432,40.89431],[-5.0864,43.49486],[-5.2249,43.50725],[-5.53742,43.57745],[-5.82045,43.70569],[-5.97966,43.70538],[-6.46757,43.56272],[-6.80798,43.52342],[-7.1513,43.55494],[-7.63627,43.72141],[-7.97953,43.74005],[-8.22022,43.61721],[-8.2507,43.43043],[-8.31041,43.35305],[-8.84922,43.32624],[-9.01359,43.28086],[-9.19747,43.15821],[-9.2708,43.04869]]]}},{"type":"Feature","properties":{"NAME":"Castile","ABBREVN":"Castilla","INFO_UR":null,"SUBJECTO":"Castilla","BORDERPRECISION":1,"PARTOF":"Castilla"},"geometry":{"type":"Polygon","coordinates":[[[-5.0864,43.49486],[-4.44432,40.89431],[-3.53151,41.0221],[-2.58341,41.35853],[-2.71658,42.42514],[-3.19584,42.39792],[-3.35612,43.39527],[-3.417,43.37565],[-3.84761,43.43916],[-4.80234,43.46944],[-5.0864,43.49486]]]}},{"type":"Feature","properties":{"NAME":"Kingdom of France","ABBREVN":"Kingdom of France","INFO_UR":null,"SUBJECTO":"France","BORDERPRECISION":1,"PARTOF":"Kingdom of France"},"geometry":{"type":"MultiPolygon","coordinates":[[[[-2.32317,47.19943],[-2.26375,47.18288],[-2.26,47.18145],[-2.25222,47.18705],[-2.21196,47.1942],[-2.22692,47.21905],[-2.24481,47.20863],[-2.27749,47.20326],[-2.28309,47.20151],[-2.28935,47.20131],[-2.29902,47.19972],[-2.32317,47.19943]]],[[[-1.91458,43.30542],[-1.70239,43.19594],[-1.49138,43.20962],[-1.46565,43.15489],[-1.55767,43.04543],[-1.51513,42.99756],[-1.44755,42.98388],[-1.39727,43.03176],[-0.90735,42.8813],[-0.84002,42.90865],[-0.61198,42.73088],[-0.58679,42.76506],[-0.46884,42.75139],[-0.40991,42.78557],[-0.21614,42.7172],[-0.16563,42.64884],[0.17955,42.66252],[0.19627,42.60783],[0.34784,42.63517],[0.59192,42.62833],[0.58414,42.77189],[0.7442,42.77189],[1.30745,42.63517],[1.34871,42.53948],[1.3644,42.40964],[0.94168,41.89428],[1.0336,41.87806],[1.4421,41.18],[2.08072,41.29849],[2.20059,41.44615],[2.62826,41.61954],[3.12888,41.85723],[3.15655,42.07572],[3.08629,42.12072],[3.08708,42.36864],[3.00189,42.77081],[3.0679,42.94456],[3.31787,43.19595],[3.47871,43.3121],[3.80747,43.46723],[4.0782,43.48709],[4.41676,43.34615],[4.64651,43.32087],[4.75059,43.35326],[4.90985,43.36644],[5.05182,43.3281],[5.43449,43.10366],[5.64655,43.03332],[5.82857,43.02082],[6.52301,43.15085],[6.92308,43.44767],[7.29762,43.6673],[7.39712,43.76409],[7.35515,43.90151],[6.92279,43.81504],[6.88573,43.90151],[6.95985,43.91386],[6.92279,43.97563],[6.99691,44.04975],[6.9722,44.0621],[6.93514,44.13622],[6.88573,44.14857],[6.83632,44.11151],[6.78691,44.19799],[6.78691,44.29681],[6.86978,44.34917],[6.78292,44.54787],[6.92469,44.71502],[7.00347,44.71954],[6.9426,44.86865],[6.66532,44.95452],[6.50732,45.11571],[6.28043,45.19859],[6.24337,45.29742],[6.26807,45.32212],[6.21866,45.34683],[6.14454,45.32212],[6.08278,45.37154],[6.03336,45.33448],[6.05807,45.2233],[5.94689,45.26036],[5.93454,45.32212],[5.82336,45.39624],[5.60708,45.84658],[5.35667,45.87604],[5.35667,46.0528],[5.53343,46.00861],[5.53343,46.097],[5.26828,46.31795],[5.37998,46.47433],[5.37918,46.47464],[5.36545,46.46092],[5.32794,46.46068],[5.31652,46.44862],[5.26382,46.44921],[5.22331,46.4653],[5.19997,46.50028],[5.11139,46.4965],[4.93669,46.50948],[4.90428,46.57348],[4.84019,46.57899],[4.76007,46.53964],[4.71314,46.57741],[4.65386,46.58339],[4.59549,46.53381],[4.55772,46.57552],[4.50278,46.55428],[4.47394,46.47394],[4.38581,46.44792],[4.3778,46.41953],[4.44532,46.40216],[4.45837,46.34594],[4.41374,46.33251],[4.35994,46.27147],[4.38398,46.21764],[4.26907,46.21827],[4.24732,46.24124],[4.16034,46.23649],[4.08594,46.2505],[4.05514,46.24854],[4.01384,46.23174],[3.98408,46.18183],[3.95661,46.18421],[3.96234,46.2349],[3.92457,46.25944],[3.92571,46.29345],[3.86047,46.30453],[3.84674,46.36221],[3.76433,46.37643],[3.73687,46.43798],[3.58739,46.47047],[3.56793,46.55554],[3.59082,46.60195],[3.69589,46.64299],[3.66018,46.66781],[3.62585,46.76119],[3.53085,46.69639],[3.42647,46.69074],[3.39763,46.71742],[3.26532,46.7306],[3.18978,46.68037],[3.05244,46.73923],[3.03184,46.76668],[3.06503,46.85911],[3.04672,46.95372],[3.06961,46.99043],[3.03733,47.08824],[3.03034,47.13544],[2.9991,47.20391],[2.98194,47.26531],[2.88053,47.32849],[2.92975,47.44751],[2.84093,47.56395],[2.75894,47.60153],[2.69878,47.66024],[2.59692,47.6849],[2.5223,47.65453],[2.4566,47.7174],[2.46072,47.73388],[2.39777,47.7662],[2.5017,47.8108],[2.69718,47.76143],[2.75212,47.78835],[2.88717,47.7522],[2.93707,47.72295],[3.06045,47.73111],[3.11974,47.77528],[3.21382,47.76189],[3.27676,47.79681],[3.33925,47.86458],[3.55306,47.92336],[3.62585,47.87395],[3.68513,47.88285],[3.73755,47.85291],[3.72679,47.78943],[3.85246,47.77543],[3.88268,47.78713],[3.88039,47.86243],[3.92045,47.8807],[3.93418,47.93732],[4.04475,47.93057],[4.0951,47.87257],[4.12051,47.87779],[4.11182,47.93395],[4.21188,47.96694],[4.24618,47.98913],[4.41053,48.00429],[4.43297,47.97518],[4.42633,47.93808],[4.47394,47.87747],[4.57763,47.87533],[4.55131,47.91539],[4.60762,47.93042],[4.61334,47.99357],[4.68179,47.99893],[4.71931,48.02162],[4.71589,48.07423],[4.85666,48.04669],[4.90016,48.07576],[4.96677,48.06108],[4.97936,48.01991],[5.00385,47.99112],[5.0272,47.91293],[5.0613,47.87809],[5.05924,47.84031],[5.07183,47.80957],[5.11281,47.77743],[5.14188,47.70447],[5.18698,47.68998],[5.22475,47.71771],[5.38841,47.75851],[5.45708,47.79466],[5.49371,47.79619],[5.51202,47.77774],[5.67086,47.78625],[5.66482,47.73332],[5.61195,47.6922],[5.53848,47.6788],[5.42244,47.67556],[5.38639,47.65521],[5.37403,47.6138],[5.40871,47.602],[5.45402,47.63093],[5.47874,47.61403],[5.47737,47.56865],[5.4554,47.5376],[5.39085,47.51071],[5.39154,47.47823],[5.50037,47.40356],[5.48973,47.36906],[5.4966,47.33731],[5.48716,47.32637],[5.48046,47.33219],[5.47497,47.32091],[5.49831,47.31055],[5.50484,47.28971],[5.48235,47.24381],[5.48132,47.22307],[5.44939,47.20149],[5.46707,47.16754],[5.43806,47.15354],[5.44132,47.14618],[5.4221,47.13637],[5.38124,47.07889],[5.36407,47.08064],[5.32013,47.06065],[5.29764,47.03913],[5.30069,47.00589],[5.28472,47.00247],[5.25666,46.97604],[5.27039,46.9594],[5.26391,46.9301],[5.30897,46.93016],[5.31888,46.90651],[5.35193,46.88862],[5.40339,46.89164],[5.37841,46.92729],[5.35352,46.92717],[5.36674,46.9403],[5.36699,46.9519],[5.37927,46.95858],[5.36279,46.98306],[5.39377,46.99536],[5.4427,46.99606],[5.45737,46.9799],[5.43806,46.97967],[5.42622,46.95858],[5.4281,46.94774],[5.46244,46.94499],[5.4681,46.93045],[5.48879,46.9202],[5.47789,46.91744],[5.45497,46.92905],[5.44149,46.91428],[5.45033,46.90396],[5.44381,46.89768],[5.41471,46.89528],[5.40948,46.87216],[5.44501,46.84569],[5.45128,46.83771],[5.44673,46.83131],[5.43025,46.82244],[5.33957,46.82573],[5.3306,46.81768],[5.32936,46.80993],[5.34103,46.80793],[5.34794,46.79136],[5.36734,46.78795],[5.37626,46.77796],[5.38193,46.76409],[5.37472,46.74751],[5.39343,46.72362],[5.39377,46.70632],[5.42124,46.65615],[5.41626,46.65026],[5.43411,46.64201],[5.43085,46.62221],[5.4051,46.60417],[5.40579,46.57939],[5.36322,46.57857],[5.36768,46.56972],[5.35858,46.56335],[5.36837,46.55178],[5.36116,46.52993],[5.4051,46.50949],[5.41559,46.52418],[5.64572,46.45672],[5.72493,46.47999],[5.73966,46.59783],[5.62554,46.64908],[5.64644,46.84981],[5.75702,46.88667],[5.79387,46.99724],[5.66729,47.10832],[5.73687,47.23356],[5.77862,47.35881],[5.79254,47.51189],[5.91778,47.59539],[5.82037,47.73455],[5.95953,47.80413],[5.95953,47.88464],[5.95201,47.88159],[5.94172,47.86938],[5.89468,47.8733],[5.87133,47.8703],[5.86224,47.86074],[5.81451,47.87859],[5.8152,47.90392],[5.877,47.90346],[5.8873,47.94901],[5.86739,47.95498],[5.8564,47.98119],[5.84404,47.97981],[5.84129,47.9582],[5.80524,47.95384],[5.78842,47.96004],[5.78773,47.98096],[5.82653,48.03746],[5.74894,48.03654],[5.72903,48.05789],[5.69263,48.05835],[5.67809,48.06219],[5.67718,48.06179],[5.63455,48.0614],[5.61333,48.05904],[5.60955,48.07257],[5.56011,48.1033],[5.54466,48.1221],[5.4966,48.12256],[5.49027,48.13409],[5.47119,48.13585],[5.46418,48.16452],[5.4566,48.16849],[5.46192,48.18173],[5.47394,48.22559],[5.42175,48.28959],[5.36545,48.30329],[5.3421,48.33526],[5.25421,48.35625],[5.25514,48.51221],[5.24752,48.51251],[5.2137,48.52957],[5.18177,48.53366],[5.18005,48.54661],[5.19516,48.56502],[5.18246,48.57434],[5.15877,48.57093],[5.12341,48.60113],[5.09869,48.60976],[5.09148,48.60863],[5.0853,48.59137],[5.0283,48.55843],[5.01595,48.58547],[4.99329,48.60023],[4.98917,48.61589],[5.01183,48.63835],[5.00427,48.65809],[5.01903,48.68008],[5.00736,48.70342],[5.02453,48.72336],[5.01423,48.74555],[4.99432,48.74646],[4.97818,48.77475],[4.90402,48.79578],[4.90299,48.81297],[4.93389,48.84619],[4.9387,48.86855],[4.92428,48.9119],[4.92816,48.91422],[4.92737,48.91709],[4.98093,48.98563],[5.04959,49.05227],[5.0235,49.12602],[4.9411,49.14758],[4.82162,49.16554],[4.73236,49.20055],[4.79141,49.28393],[4.79004,49.35376],[4.82986,49.45831],[4.81613,49.56531],[4.68429,49.65252],[4.61837,49.72714],[4.68155,49.78925],[4.79706,49.79391],[4.25522,49.88724],[3.82033,50.03945],[3.52269,50.79454],[3.46619,50.77077],[3.52034,50.8005],[3.43844,51.00828],[3.6813,51.32142],[3.47202,51.31439],[3.21361,51.35357],[2.99526,51.31348],[2.4426,51.04803],[2.03033,51.00666],[1.82356,50.93456],[1.58892,50.82188],[1.5283,50.57773],[1.54218,50.37326],[1.60727,50.3666],[1.60744,50.38751],[1.64177,50.39407],[1.64314,50.43411],[1.68022,50.43652],[1.72554,50.41114],[1.72554,50.39276],[1.79901,50.38663],[1.81618,50.36561],[1.79558,50.35116],[1.81412,50.32749],[1.89926,50.30162],[1.94904,50.33418],[1.98029,50.32179],[1.97479,50.29066],[2.08534,50.25511],[2.05994,50.22261],[2.0105,50.22832],[1.98646,50.21119],[1.93222,50.20372],[1.93359,50.18349],[1.95076,50.17426],[1.99402,50.17954],[1.98715,50.13863],[2.0153,50.14479],[2.0311,50.16063],[2.06543,50.15579],[2.08534,50.12674],[2.15332,50.14391],[2.18971,50.06331],[2.21992,50.03377],[2.16705,49.99008],[2.16431,49.96006],[2.18285,49.92073],[2.1801,49.88269],[2.14439,49.88358],[2.12036,49.91321],[2.1183,49.96315],[2.14302,49.99935],[2.14233,50.05097],[2.12929,50.06684],[2.10251,50.06816],[2.08809,50.05097],[2.0826,50.01921],[2.02492,49.98964],[2.03384,49.92647],[2.01393,49.92382],[1.98509,49.94283],[1.95007,49.94636],[1.92192,49.92736],[1.87317,49.91807],[1.856,49.9278],[1.85532,49.96094],[1.91437,49.97375],[1.92604,49.99141],[1.92535,50.03862],[1.93703,50.05714],[1.88415,50.06155],[1.8718,49.99582],[1.8457,49.99229],[1.80382,50.07213],[1.77223,50.09944],[1.71936,50.10473],[1.74683,50.05626],[1.72073,50.04832],[1.72897,49.99141],[1.76605,49.98479],[1.77704,49.97551],[1.73241,49.95785],[1.72211,49.93973],[1.73103,49.91984],[1.80382,49.91144],[1.81274,49.89331],[1.84158,49.89021],[1.86012,49.87163],[1.84914,49.81229],[1.78459,49.81761],[1.7688,49.83223],[1.73381,49.83867],[1.73447,49.82115],[1.79352,49.74933],[1.74408,49.72847],[1.73447,49.6116],[1.77429,49.55907],[1.79901,49.49712],[1.77978,49.43599],[1.82922,49.33497],[1.80176,49.31707],[1.81412,49.28483],[1.73859,49.2696],[1.66305,49.12332],[1.50101,49.10444],[1.54358,49.07207],[1.63284,49.07747],[1.65619,49.06037],[1.6452,49.01085],[1.81274,48.97661],[1.75644,48.89994],[1.77017,48.86472],[1.84845,48.84845],[1.89926,48.77882],[1.87454,48.74623],[1.76674,48.73083],[1.73309,48.69821],[1.66855,48.71815],[1.62323,48.77972],[1.6301,48.82857],[1.607,48.85628],[1.52435,48.91618],[1.51474,48.95588],[1.48727,48.9685],[1.41586,48.94505],[1.44195,48.90445],[1.41998,48.85026],[1.36505,48.84032],[1.3623,48.78696],[1.25587,48.74125],[1.21605,48.7503],[1.15562,48.73083],[1.09657,48.72993],[1.03683,48.71226],[0.905,48.71362],[0.91118,48.676],[0.94276,48.64471],[0.95375,48.58706],[1.0231,48.52297],[1.05606,48.51251],[1.09588,48.48294],[1.20163,48.45653],[1.21948,48.4055],[1.25519,48.38818],[1.27716,48.35899],[1.27441,48.31517],[1.33484,48.2448],[1.33209,48.22193],[1.27716,48.18807],[1.14532,48.17708],[1.06018,48.08267],[1.05056,48.03402],[0.97709,47.99774],[0.97096,47.95306],[1.06155,47.96786],[1.10138,47.93751],[1.07391,47.91542],[1.1618,47.86846],[1.20026,47.8233],[1.24832,47.82699],[1.2442,47.76056],[1.21811,47.71346],[1.17416,47.68388],[1.13708,47.66169],[1.08215,47.68573],[1.02585,47.68758],[1.00387,47.66354],[0.96817,47.64226],[1.01656,47.5956],[1.04609,47.58912],[1.06944,47.53598],[1.03923,47.49207],[1.09531,47.41623],[1.0976,47.3395],[1.11705,47.29916],[1.21228,47.28394],[1.28232,47.25738],[1.36976,47.19598],[1.34582,47.1449],[1.38977,47.11126],[1.35818,47.0589],[1.28403,47.08602],[1.23047,47.07761],[1.07391,47.10098],[1.07254,47.06732],[1.11511,47.04673],[1.17279,46.96901],[1.23047,46.9512],[1.34582,46.94276],[1.42822,46.88366],[1.40762,46.83013],[1.37329,46.81228],[1.33346,46.74174],[1.16592,46.7088],[1.08353,46.72292],[1.00113,46.6909],[0.89676,46.6909],[0.88852,46.62115],[0.93658,46.59473],[1.02447,46.58341],[1.03134,46.54092],[1.13022,46.52675],[1.19339,46.55131],[1.28952,46.53525],[1.41037,46.55697],[1.48041,46.51541],[1.52435,46.46719],[1.71661,46.45205],[1.75781,46.4757],[1.9844,46.45016],[2.14371,46.30141],[2.2316,46.26914],[2.30163,46.31089],[2.35382,46.3052],[2.40188,46.31753],[2.48978,46.29382],[2.53784,46.24065],[2.50763,46.22925],[2.56393,46.14178],[2.65182,46.1218],[2.6889,46.17413],[2.75379,46.18221],[2.78641,46.19409],[2.83104,46.1513],[2.81799,46.11609],[2.79053,46.08276],[2.72323,46.05036],[2.6738,46.00364],[2.61474,45.97788],[2.57217,45.97502],[2.47055,45.85654],[2.42935,45.85846],[2.39776,45.83167],[2.42798,45.77327],[2.47879,45.7771],[2.48566,45.74165],[2.44171,45.70714],[2.37442,45.69947],[2.27966,45.66013],[2.1904,45.7033],[2.16843,45.75603],[2.09152,45.76369],[2.00775,45.76082],[1.99402,45.71481],[1.94595,45.72919],[1.9075,45.71098],[1.86561,45.72392],[1.88484,45.75363],[1.88553,45.79721],[1.75644,45.82306],[1.7894,45.87376],[1.6452,45.8422],[1.61911,45.85463],[1.66443,45.90817],[1.67404,45.95211],[1.604,45.92632],[1.55319,45.94829],[1.49414,45.92059],[1.43234,45.94733],[1.27991,45.96738],[1.15768,45.9225],[1.13159,45.86324],[1.10138,45.84794],[1.05331,45.87758],[1.01211,45.87567],[0.98602,45.83454],[0.93658,45.80391],[0.96679,45.72728],[0.93109,45.64669],[0.84045,45.61884],[0.82397,45.63901],[0.81573,45.67452],[0.79101,45.69755],[0.71823,45.70906],[0.6427,45.70618],[0.59326,45.69467],[0.55206,45.6726],[0.51086,45.55541],[0.41061,45.47554],[0.35843,45.41388],[0.37903,45.38591],[0.35019,45.28262],[0.29526,45.25846],[0.26367,45.26329],[0.16754,45.22074],[0.0185,45.22068],[0.00687,45.24589],[-0.04257,45.28358],[0.00549,45.32995],[0.03158,45.41581],[-0.00275,45.43701],[-0.03571,45.48228],[-0.10437,45.5179],[-0.19501,45.53233],[-0.27191,45.56503],[-0.39963,45.64285],[-0.44495,45.75507],[-0.42709,45.78093],[-0.39002,45.76752],[-0.29938,45.77806],[-0.3035,45.80391],[-0.28427,45.81253],[-0.25681,45.77806],[-0.17304,45.80104],[-0.18952,45.84602],[-0.12909,45.87854],[-0.11948,45.95497],[-0.26917,46.04655],[-0.36118,45.99124],[-0.41748,46.0618],[-0.47653,46.05132],[-0.49164,46.07228],[-0.46829,46.10085],[-0.48889,46.14178],[-0.53696,46.15415],[-0.54657,46.18268],[-0.51636,46.23305],[-0.54794,46.3365],[-0.63584,46.31659],[-0.6839,46.33081],[-0.73471,46.31753],[-0.77454,46.32891],[-0.95993,46.31279],[-1.00525,46.32133],[-1.0849,46.29951],[-1.21397,46.24928],[-1.16598,46.18368],[-1.0752,46.01462],[-1.23651,45.80004],[-1.2474,45.68815],[-0.8547,45.32145],[-0.72849,45.01864],[-0.81423,45.12184],[-0.90036,45.29391],[-1.12344,45.43162],[-1.17519,45.5005],[-1.27551,45.12873],[-1.33178,44.61383],[-1.23032,44.73041],[-1.13585,44.6001],[-1.31438,44.55896],[-1.56141,43.52443],[-1.74607,43.36016],[-1.91458,43.30542]],[[1.96793,50.42033],[1.99127,50.43083],[1.98852,50.45576],[2.02148,50.49508],[2.02629,50.51605],[2.10457,50.48941],[2.15744,50.49246],[2.18147,50.47411],[2.23846,50.4846],[2.33528,50.47586],[2.35313,50.44264],[2.3909,50.40502],[2.39365,50.36518],[2.41974,50.33889],[2.46849,50.30908],[2.46574,50.26389],[2.47673,50.22173],[2.43759,50.23183],[2.39502,50.22525],[2.33734,50.24281],[2.20688,50.2415],[2.20276,50.27442],[2.17598,50.28978],[2.18628,50.3196],[2.17598,50.3402],[2.17735,50.36737],[2.19315,50.39145],[2.1904,50.40458],[2.17255,50.40852],[2.10663,50.39101],[2.0826,50.39801],[2.06062,50.38926],[1.9693,50.40261],[1.96793,50.42033]],[[3.09128,50.12102],[3.13076,50.18108],[3.18612,50.18978],[3.64753,50.04648],[3.53142,50.03906],[3.46824,50.05097],[3.36182,50.02848],[3.26088,50.05185],[3.13642,50.05758],[3.10295,50.08226],[3.09128,50.12102]],[[3.64754,50.04648],[3.6557,50.047],[3.79783,49.9998],[3.64754,50.04648]],[[5.42373,47.0897],[5.45832,47.09595],[5.47025,47.09035],[5.45514,47.07386],[5.42373,47.0897]],[[5.58037,47.95855],[5.58921,47.96993],[5.60183,47.96619],[5.59925,47.94119],[5.58346,47.93946],[5.58037,47.95855]],[[5.59736,47.98774],[5.60157,47.99854],[5.62388,48.00078],[5.68946,47.99406],[5.69409,47.98699],[5.68525,47.97981],[5.62981,47.99078],[5.59736,47.98774]]],[[[-1.05709,47.983],[-0.94688,47.99498],[-1.03805,47.98997],[-1.05709,47.983]]],[[[1.35784,50.06636],[1.44676,50.04215],[1.55662,49.96933],[1.61412,49.96085],[1.60194,49.96977],[1.54907,49.97993],[1.49277,50.02715],[1.43852,50.05229],[1.3702,50.06529],[1.36247,50.07024],[1.35784,50.06636]]],[[[5.42913,47.35633],[5.44098,47.34842],[5.47205,47.36947],[5.44381,47.37127],[5.42913,47.35633]]],[[[5.90052,47.92744],[5.92996,47.91197],[5.95953,47.90868],[5.95953,47.98505],[6.05695,47.95721],[6.09869,48.0268],[6.25177,47.95721],[6.246,48.09586],[6.22513,48.09734],[6.13037,48.17799],[6.00815,48.17799],[6.02737,48.11477],[6.08368,48.04963],[6.0878,48.02392],[6.01501,48.01106],[5.93952,48.07117],[5.93983,48.05674],[5.92987,48.05307],[5.94369,48.0234],[5.91537,48.01622],[5.90936,48.00612],[5.92137,47.97286],[5.91725,47.94441],[5.90052,47.92744]]]]}},{"type":"Feature","properties":{"NAME":"Aragón","ABBREVN":"Aragón","INFO_UR":null,"SUBJECTO":"Aragón","BORDERPRECISION":1,"PARTOF":"Aragón"},"geometry":{"type":"Polygon","coordinates":[[[-1.00439,41.91882],[0.34068,42.00034],[0.94168,41.89428],[1.3644,42.40964],[1.34871,42.53948],[1.30745,42.63517],[0.7442,42.77189],[0.58414,42.77189],[0.59192,42.62833],[0.34784,42.63517],[0.19627,42.60783],[0.17955,42.66252],[-0.16563,42.64884],[-0.21614,42.7172],[-0.40991,42.78557],[-0.46884,42.75139],[-0.52412,42.7578],[-0.60291,42.41607],[-1.00439,41.91882]]]}},{"type":"Feature","properties":{"NAME":"Almoravid dynasty","ABBREVN":"Almoravid dynasty","INFO_UR":null,"SUBJECTO":"Almoravid dynasty","BORDERPRECISION":1,"PARTOF":"Almoravid dynasty"},"geometry":{"type":"MultiPolygon","coordinates":[[[[-9.54901,38.77452],[-9.5224,38.68994],[-9.36164,38.67115],[-9.17575,38.73223],[-9.04085,38.92018],[-8.96083,38.81846],[-8.94189,38.74192],[-9.06915,38.64296],[-9.28516,38.61947],[-9.23657,38.41745],[-8.85365,38.49964],[-8.78892,38.43598],[-8.8473,38.38457],[-8.82299,38.20607],[-8.93279,37.96184],[-8.85103,37.91018],[-8.84151,37.52515],[-9.01664,37.0698],[-8.99085,36.99001],[-8.66706,37.12144],[-8.54107,37.08858],[-8.28024,37.08858],[-8.03364,37.00879],[-7.83604,37.03225],[-7.60344,37.16298],[-7.4915,37.20816],[-7.22782,37.22586],[-6.94795,37.14931],[-6.63215,37.02175],[-6.42171,36.79216],[-6.50049,36.71883],[-6.44403,36.62318],[-6.28888,36.57218],[-6.30497,36.45422],[-6.20446,36.2821],[-5.85001,36.07174],[-5.66059,36.00801],[-5.48549,36.06537],[-5.48793,36.17372],[-5.45709,36.16736],[-5.42426,36.07174],[-5.38675,36.10998],[-5.37423,36.23748],[-5.21674,36.4096],[-4.7573,36.48611],[-4.44659,36.72202],[-2.96979,36.74115],[-2.91533,36.69014],[-2.7615,36.69014],[-2.62433,36.8113],[-2.3551,36.82405],[-2.2388,36.7284],[-1.94048,36.9516],[-1.81688,37.29248],[-1.62571,37.43949],[-1.36457,37.54839],[-0.91827,37.57034],[-0.80256,37.61501],[-0.87234,37.7598],[-0.66473,38.17657],[-0.56413,38.21487],[-0.43516,38.43034],[0.17257,38.73835],[0.12612,38.82135],[-0.1657,38.95406],[-0.2359,39.0624],[-0.39485,39.43446],[-0.16063,39.88602],[0.23793,40.2402],[0.50514,40.59276],[0.78756,40.65689],[0.82713,40.72742],[0.70978,40.78515],[0.73375,40.87495],[0.8792,41.02174],[1.31124,41.15725],[1.4421,41.18],[1.0336,41.87806],[0.34068,42.00034],[-1.00439,41.91882],[-3.53151,41.0221],[-5.56951,40.73678],[-7.77054,40.53298],[-7.77054,40.94058],[-8.69407,40.99217],[-8.96967,40.19002],[-8.91559,40.13815],[-9.11792,39.64403],[-9.29927,39.41774],[-9.41527,39.36668],[-9.39771,39.23036],[-9.45976,38.95308],[-9.54901,38.77452]]],[[[-6.87765,34],[0.99136,34],[1.2374,35.88635],[1.57969,36.51389],[1.0576,36.46186],[0.78124,36.38485],[0.47439,36.22496],[0.19867,36.03331],[0.01531,35.80367],[-0.09165,35.73977],[-0.28299,35.75848],[-0.42877,35.86007],[-0.91749,35.66804],[-1.14667,35.62937],[-1.32911,35.48891],[-1.4951,35.2339],[-1.73833,35.11883],[-2.03525,35.05457],[-2.35566,35.05392],[-2.71481,35.09774],[-2.82988,35.14206],[-3.00903,35.38998],[-3.20577,35.26861],[-3.4408,35.16628],[-4.02789,35.13324],[-4.29535,35.15179],[-4.59298,35.15119],[-5.10963,35.37931],[-5.17179,35.42376],[-5.47936,35.80521],[-5.565,35.86234],[-5.80789,35.78542],[-5.92876,35.72786],[-6.30205,34.86144],[-6.51147,34.4543],[-6.75297,34.12335],[-6.87765,34]]],[[[1.21194,38.89833],[1.2225,38.87416],[1.24611,38.86028],[1.27722,38.87971],[1.34639,38.87111],[1.36806,38.8511],[1.37194,38.83083],[1.40583,38.84555],[1.615,39.02833],[1.60528,39.09166],[1.54583,39.11805],[1.51972,39.11833],[1.3625,39.07278],[1.29417,39.03139],[1.22778,38.94805],[1.21194,38.89833]]],[[[1.38306,38.72055],[1.39028,38.64333],[1.45667,38.68694],[1.49444,38.67555],[1.52417,38.65472],[1.57611,38.65555],[1.58806,38.66722],[1.57306,38.69138],[1.44528,38.7411],[1.39917,38.73778],[1.38306,38.72055]]],[[[2.36417,39.55583],[2.38917,39.52499],[2.5425,39.52027],[2.65611,39.56444],[2.69444,39.55194],[2.75361,39.5075],[2.75278,39.49667],[2.72778,39.47305],[2.74556,39.40639],[2.78639,39.36472],[2.98556,39.3186],[3.06361,39.26361],[3.24194,39.36444],[3.30556,39.50222],[3.32028,39.52055],[3.3775,39.55277],[3.46361,39.66139],[3.48028,39.72166],[3.43972,39.75028],[3.38278,39.77333],[3.34389,39.77583],[3.29333,39.74583],[3.24778,39.73472],[3.15194,39.77583],[3.13472,39.79222],[3.08944,39.88583],[3.09694,39.91139],[3.07139,39.92194],[2.98778,39.91111],[2.77778,39.84472],[2.68389,39.79388],[2.38611,39.61278],[2.36417,39.55583]]],[[[3.79694,40.01722],[3.82667,39.92249],[3.88472,39.92027],[3.93833,39.9325],[3.98472,39.93028],[4.07972,39.89916],[4.11639,39.86833],[4.25667,39.81056],[4.28917,39.8075],[4.31389,39.83194],[4.31556,39.87888],[4.27333,39.96139],[4.17444,40.05028],[3.83611,40.05639],[3.79694,40.01722]]]]}},{"type":"Feature","properties":{"NAME":"Paleo-Siberian hunter-gatherers","ABBREVN":"Paleo-Siberian hunter-gatherers","INFO_UR":null,"SUBJECTO":"Paleo-Siberian hunter-gatherers","BORDERPRECISION":1,"PARTOF":"Paleo-Siberian hunter-gatherers"},"geometry":{"type":"MultiPolygon","coordinates":[[[[60,56.22977],[59.09429,56.43184],[60,56.55955],[60,56.22977]]]]}},{"type":"Feature","properties":{"NAME":null,"ABBREVN":null,"INFO_UR":null,"SUBJECTO":null,"BORDERPRECISION":1,"PARTOF":null},"geometry":{"type":"MultiPolygon","coordinates":[[[[55.5674,72],[55.72066,71.64242],[56.15147,71.27099],[56.37879,71.13227],[56.72749,70.99397],[57.25066,70.8178],[57.23775,70.69104],[56.05859,70.73097],[55.6788,70.70719],[55.26625,70.56053],[54.99829,70.52167],[54.69406,70.74377],[54.52245,70.75885],[54.03161,70.71948],[53.72864,70.76506],[53.7147,70.9267],[54.32065,71.08982],[54.35348,71.19802],[54.30787,71.20566],[53.2338,71.51354],[52.55047,71.58989],[52.40185,71.51973],[52.12105,71.46489],[51.81494,71.47982],[51.53354,71.65795],[51.48213,71.84468],[51.58509,71.98525],[51.6126,72],[55.5674,72]]]]}},{"type":"Feature","properties":{"NAME":null,"ABBREVN":null,"INFO_UR":null,"SUBJECTO":null,"BORDERPRECISION":1,"PARTOF":null},"geometry":{"type":"Polygon","coordinates":[[[-4.56917,53.38805],[-4.5675,53.27333],[-4.49444,53.18944],[-4.40222,53.12583],[-4.35139,53.12444],[-4.32556,53.145],[-4.21806,53.20027],[-4.15333,53.22556],[-4.09,53.255],[-4.04667,53.30333],[-4.22222,53.32166],[-4.27695,53.39833],[-4.31389,53.41194],[-4.42917,53.42444],[-4.56,53.39666],[-4.56917,53.38805]]]}},{"type":"Feature","properties":{"NAME":null,"ABBREVN":null,"INFO_UR":null,"SUBJECTO":null,"BORDERPRECISION":1,"PARTOF":null},"geometry":{"type":"MultiPolygon","coordinates":[[[[-5.10361,55.43861],[-5.23167,55.43028],[-5.34028,55.475],[-5.40028,55.60056],[-5.38111,55.66861],[-5.29528,55.71666],[-5.23917,55.71361],[-5.16028,55.67916],[-5.08528,55.55666],[-5.07583,55.45528],[-5.10361,55.43861]]]]}},{"type":"Feature","properties":{"NAME":null,"ABBREVN":null,"INFO_UR":null,"SUBJECTO":null,"BORDERPRECISION":1,"PARTOF":null},"geometry":{"type":"MultiPolygon","coordinates":[[[[-6.12167,55.87888],[-6.0975,55.79666],[-6.08833,55.78388],[-6.05222,55.76722],[-6.03028,55.72055],[-6.02472,55.68083],[-6.07667,55.64999],[-6.27444,55.57278],[-6.32556,55.58666],[-6.32194,55.61527],[-6.28583,55.70722],[-6.25306,55.76361],[-6.25139,55.77139],[-6.26528,55.77777],[-6.33778,55.78027],[-6.37972,55.72805],[-6.44944,55.68028],[-6.485,55.66861],[-6.50917,55.68222],[-6.49528,55.7336],[-6.44972,55.84861],[-6.44167,55.85361],[-6.36972,55.86944],[-6.30972,55.86361],[-6.13667,55.93444],[-6.11861,55.92166],[-6.12167,55.87888]]]]}},{"type":"Feature","properties":{"NAME":null,"ABBREVN":null,"INFO_UR":null,"SUBJECTO":null,"BORDERPRECISION":1,"PARTOF":null},"geometry":{"type":"MultiPolygon","coordinates":[[[[-5.94694,55.82999],[-5.97194,55.78833],[-6.02722,55.79166],[-6.06306,55.80389],[-6.07556,55.81555],[-6.08806,55.8775],[-6.07889,55.90555],[-5.96806,56.02361],[-5.80917,56.10972],[-5.71139,56.15028],[-5.69444,56.14722],[-5.685,56.12583],[-5.69083,56.10667],[-5.74611,56.06361],[-5.94694,55.82999]]]]}},{"type":"Feature","properties":{"NAME":null,"ABBREVN":null,"INFO_UR":null,"SUBJECTO":null,"BORDERPRECISION":1,"PARTOF":null},"geometry":{"type":"MultiPolygon","coordinates":[[[[-7.46694,56.94083],[-7.55028,56.9475],[-7.56,56.96027],[-7.43972,57.05444],[-7.41861,57.04388],[-7.37806,56.98222],[-7.43472,56.945],[-7.46694,56.94083]]]]}},{"type":"Feature","properties":{"NAME":null,"ABBREVN":null,"INFO_UR":null,"SUBJECTO":null,"BORDERPRECISION":1,"PARTOF":null},"geometry":{"type":"MultiPolygon","coordinates":[[[[-7.22306,57.33749],[-7.25222,57.32666],[-7.28528,57.33611],[-7.28806,57.3225],[-7.25917,57.1525],[-7.21472,57.11444],[-7.22583,57.09694],[-7.28722,57.10611],[-7.35611,57.09916],[-7.38139,57.1086],[-7.4175,57.1825],[-7.425,57.38222],[-7.36806,57.40138],[-7.33556,57.39583],[-7.27194,57.37528],[-7.22306,57.33749]]]]}},{"type":"Feature","properties":{"NAME":null,"ABBREVN":null,"INFO_UR":null,"SUBJECTO":null,"BORDERPRECISION":1,"PARTOF":null},"geometry":{"type":"MultiPolygon","coordinates":[[[[-7.26889,57.39889],[-7.31361,57.39972],[-7.38806,57.42388],[-7.40944,57.44833],[-7.40639,57.46417],[-7.35111,57.48944],[-7.24417,57.47639],[-7.20472,57.46083],[-7.20222,57.41888],[-7.26889,57.39889]]]]}},{"type":"Feature","properties":{"NAME":null,"ABBREVN":null,"INFO_UR":null,"SUBJECTO":null,"BORDERPRECISION":1,"PARTOF":null},"geometry":{"type":"MultiPolygon","coordinates":[[[[-7.18861,57.68722],[-7.0675,57.6375],[-7.15389,57.50944],[-7.32139,57.50527],[-7.32528,57.54417],[-7.41167,57.56805],[-7.47694,57.56249],[-7.54333,57.59083],[-7.49139,57.64639],[-7.47278,57.655],[-7.275,57.65639],[-7.24472,57.67694],[-7.18861,57.68722]]]]}},{"type":"Feature","properties":{"NAME":null,"ABBREVN":null,"INFO_UR":null,"SUBJECTO":null,"BORDERPRECISION":1,"PARTOF":null},"geometry":{"type":"MultiPolygon","coordinates":[[[[-7.00639,57.88139],[-7.07361,57.87778],[-7.07667,57.89278],[-7.03278,57.91555],[-6.99361,57.91861],[-6.9975,57.89083],[-7.00639,57.88139]]]]}},{"type":"Feature","properties":{"NAME":null,"ABBREVN":null,"INFO_UR":null,"SUBJECTO":null,"BORDERPRECISION":1,"PARTOF":null},"geometry":{"type":"MultiPolygon","coordinates":[[[[-6.80222,58.20305],[-6.86917,58.20389],[-6.88972,58.2525],[-6.85417,58.25],[-6.80972,58.22861],[-6.79444,58.21805],[-6.79139,58.20694],[-6.80222,58.20305]]]]}},{"type":"Feature","properties":{"NAME":null,"ABBREVN":null,"INFO_UR":null,"SUBJECTO":null,"BORDERPRECISION":1,"PARTOF":null},"geometry":{"type":"MultiPolygon","coordinates":[[[[-6.20417,58.35611],[-6.2325,58.31777],[-6.32389,58.26361],[-6.32828,58.23794],[-6.32528,58.23177],[-6.27694,58.22278],[-6.22083,58.2336],[-6.16778,58.26055],[-6.14806,58.2561],[-6.15833,58.21833],[-6.17222,58.20694],[-6.22472,58.18361],[-6.26378,58.17661],[-6.32911,58.18277],[-6.36667,58.15861],[-6.38222,58.12972],[-6.49722,58.0975],[-6.62028,58.08194],[-6.49694,58.08749],[-6.39611,58.10472],[-6.35389,58.03305],[-6.45778,57.96805],[-6.47389,57.94028],[-6.57056,57.91139],[-6.66222,57.92416],[-6.69861,57.9675],[-6.70611,58.0075],[-6.6975,58.02139],[-6.65278,58.04833],[-6.59361,58.04639],[-6.60028,58.05389],[-6.68444,58.0575],[-6.76139,57.99833],[-6.72583,57.95444],[-6.685,57.93444],[-6.66056,57.88472],[-6.73528,57.82583],[-6.9725,57.72472],[-7.12444,57.82083],[-7.12667,57.83333],[-7.11833,57.83805],[-7.06583,57.82083],[-6.83028,57.90083],[-6.87944,57.9325],[-6.935,57.94972],[-6.985,57.95944],[-7.03556,57.95333],[-7.07528,57.96249],[-7.11278,57.98389],[-7.08417,58.00805],[-7.05556,58.02027],[-7.05778,58.03639],[-7.09389,58.07055],[-7.12833,58.13027],[-7.09444,58.18194],[-7.04056,58.23333],[-7.00111,58.23444],[-6.90806,58.21278],[-6.90806,58.20611],[-6.93611,58.18805],[-6.86194,58.10388],[-6.87328,58.17859],[-6.80518,58.19587],[-6.75037,58.18524],[-6.74473,58.1972],[-6.78658,58.22942],[-6.80806,58.25972],[-6.81778,58.28],[-6.79778,58.30222],[-6.67306,58.34916],[-6.65222,58.34861],[-6.64694,58.34194],[-6.55028,58.36333],[-6.29278,58.48833],[-6.26694,58.5125],[-6.22333,58.49638],[-6.16611,58.42528],[-6.20417,58.35611]]]]}},{"type":"Feature","properties":{"NAME":null,"ABBREVN":null,"INFO_UR":null,"SUBJECTO":null,"BORDERPRECISION":1,"PARTOF":null},"geometry":{"type":"MultiPolygon","coordinates":[[[[-2.91833,58.73194],[-2.94806,58.73055],[-2.97056,58.74194],[-3.03694,58.81805],[-3.00444,58.83305],[-2.91611,58.83888],[-2.88639,58.83194],[-2.87778,58.82417],[-2.91833,58.73194]]]]}},{"type":"Feature","properties":{"NAME":null,"ABBREVN":null,"INFO_UR":null,"SUBJECTO":null,"BORDERPRECISION":1,"PARTOF":null},"geometry":{"type":"MultiPolygon","coordinates":[[[[-3.23139,58.77555],[-3.30083,58.77805],[-3.43111,58.87138],[-3.41806,58.90416],[-3.39806,58.91722],[-3.33556,58.9275],[-3.22833,58.885],[-3.13639,58.80416],[-3.14167,58.78472],[-3.23139,58.77555]]]]}},{"type":"Feature","properties":{"NAME":null,"ABBREVN":null,"INFO_UR":null,"SUBJECTO":null,"BORDERPRECISION":1,"PARTOF":null},"geometry":{"type":"MultiPolygon","coordinates":[[[[-2.79306,58.95139],[-2.75583,58.91777],[-2.82444,58.87888],[-2.97,58.93944],[-3.05722,58.93583],[-3.195,58.91111],[-3.34556,58.96583],[-3.36806,59.01],[-3.35139,59.10638],[-3.3175,59.12944],[-3.21889,59.14861],[-3.07694,59.12167],[-2.99833,59.06972],[-2.99583,59.05583],[-2.94722,58.99833],[-2.85222,58.97556],[-2.79306,58.95139]]]]}},{"type":"Feature","properties":{"NAME":null,"ABBREVN":null,"INFO_UR":null,"SUBJECTO":null,"BORDERPRECISION":1,"PARTOF":null},"geometry":{"type":"MultiPolygon","coordinates":[[[[-2.68139,59.19583],[-2.68583,59.18417],[-2.69361,59.1975],[-2.68444,59.22083],[-2.59278,59.29055],[-2.55556,59.30306],[-2.40722,59.31389],[-2.39028,59.28305],[-2.49556,59.245],[-2.62056,59.23611],[-2.68139,59.19583]]]]}},{"type":"Feature","properties":{"NAME":null,"ABBREVN":null,"INFO_UR":null,"SUBJECTO":null,"BORDERPRECISION":1,"PARTOF":null},"geometry":{"type":"MultiPolygon","coordinates":[[[[-2.89,59.29527],[-2.84972,59.26805],[-2.85306,59.24944],[-2.8775,59.22861],[-2.87694,59.25861],[-2.93667,59.28361],[-2.97194,59.28722],[-2.97694,59.27277],[-2.99917,59.26111],[-3.07639,59.33138],[-2.89,59.29527]]]]}},{"type":"Feature","properties":{"NAME":null,"ABBREVN":null,"INFO_UR":null,"SUBJECTO":null,"BORDERPRECISION":1,"PARTOF":null},"geometry":{"type":"MultiPolygon","coordinates":[[[[-1.29611,60.4911],[-1.28667,60.47111],[-1.03722,60.44416],[-1.10111,60.27583],[-1.16417,60.25833],[-1.18694,60.26972],[-1.20056,60.26333],[-1.18556,60.23055],[-1.12611,60.15167],[-1.14667,60.13194],[-1.17056,60.13722],[-1.21222,60.10278],[-1.22056,60.0225],[-1.26028,59.86222],[-1.26861,59.85111],[-1.30694,59.8575],[-1.37194,59.89166],[-1.37806,59.90222],[-1.33167,59.99694],[-1.30583,60.01277],[-1.26306,60.10694],[-1.26167,60.13083],[-1.29139,60.24139],[-1.41028,60.255],[-1.36361,60.22972],[-1.35306,60.20889],[-1.35833,60.1925],[-1.44861,60.15111],[-1.52028,60.18139],[-1.52722,60.18694],[-1.51972,60.20111],[-1.66472,60.23083],[-1.69306,60.27972],[-1.69139,60.28833],[-1.65528,60.30306],[-1.42694,60.32139],[-1.34583,60.34],[-1.32028,60.35638],[-1.44583,60.46055],[-1.55361,60.47556],[-1.60972,60.47416],[-1.59306,60.50777],[-1.54694,60.53583],[-1.41611,60.605],[-1.30194,60.63667],[-1.2875,60.61333],[-1.29611,60.4911]]]]}},{"type":"Feature","properties":{"NAME":null,"ABBREVN":null,"INFO_UR":null,"SUBJECTO":null,"BORDERPRECISION":1,"PARTOF":null},"geometry":{"type":"MultiPolygon","coordinates":[[[[-1.02944,60.49583],[-1.1275,60.48638],[-1.14,60.48944],[-1.17028,60.52722],[-1.18361,60.60278],[-1.17945,60.6325],[-1.11,60.72583],[-1.09861,60.73],[-0.99111,60.71999],[-0.9825,60.65555],[-1.02944,60.49583]]]]}},{"type":"Feature","properties":{"NAME":null,"ABBREVN":null,"INFO_UR":null,"SUBJECTO":null,"BORDERPRECISION":1,"PARTOF":null},"geometry":{"type":"MultiPolygon","coordinates":[[[[-0.81972,60.68889],[-0.835,60.67333],[-0.93556,60.67444],[-0.96556,60.68805],[-0.93889,60.79444],[-0.87833,60.84444],[-0.80611,60.84055],[-0.76778,60.82889],[-0.75806,60.81777],[-0.76361,60.79333],[-0.81972,60.68889]]]]}},{"type":"Feature","properties":{"NAME":null,"ABBREVN":null,"INFO_UR":null,"SUBJECTO":null,"BORDERPRECISION":1,"PARTOF":null},"geometry":{"type":"MultiPolygon","coordinates":[[[[-6.65528,61.38944],[-6.71917,61.40749],[-6.84583,61.46805],[-6.95833,61.59861],[-6.96278,61.61916],[-6.94472,61.63667],[-6.88944,61.645],[-6.72444,61.57333],[-6.70944,61.55833],[-6.64167,61.40083],[-6.65528,61.38944]]],[[[-6.60417,61.82166],[-6.63,61.76111],[-6.65222,61.74278],[-6.70472,61.7775],[-6.84111,61.8175],[-6.86611,61.83749],[-6.90889,61.90111],[-6.90472,61.90778],[-6.86444,61.90749],[-6.78333,61.89694],[-6.66139,61.85889],[-6.60417,61.82166]]],[[[-7.04972,62.06777],[-7.06278,62.04944],[-7.20167,62.01861],[-7.19222,62.03972],[-7.22667,62.06444],[-7.25111,62.04277],[-7.34556,62.05222],[-7.37806,62.065],[-7.43111,62.1161],[-7.435,62.14027],[-7.22333,62.15944],[-7.16307,62.12882],[-7.045,62.09444],[-7.04028,62.08778],[-7.04972,62.06777]]],[[[-6.70694,61.93749],[-6.72528,61.93444],[-6.77306,61.95],[-6.86917,61.9975],[-6.96111,62.04666],[-7.03458,62.11211],[-7.13031,62.1256],[-7.23222,62.17249],[-7.23361,62.19333],[-7.21083,62.28472],[-7.19556,62.30472],[-7.135,62.30389],[-7.06583,62.28222],[-7.045,62.24333],[-6.99083,62.19305],[-6.84139,62.12444],[-6.72472,62.035],[-6.69639,61.97944],[-6.70694,61.93749]]],[[[-6.62,62.22972],[-6.68583,62.245],[-6.71167,62.29388],[-6.72083,62.33138],[-6.62556,62.25333],[-6.62,62.22972]]],[[[-6.6575,62.0925],[-6.6575,62.05583],[-6.92194,62.16722],[-7.025,62.23778],[-7.0625,62.29583],[-7.06028,62.31361],[-6.95028,62.33805],[-6.80722,62.29028],[-6.60111,62.19694],[-6.58806,62.13416],[-6.6575,62.0925]]],[[[-6.41861,62.18388],[-6.51806,62.16888],[-6.5725,62.21166],[-6.58806,62.23972],[-6.55086,62.25098],[-6.54897,62.3009],[-6.5744,62.34988],[-6.54167,62.3575],[-6.52222,62.31805],[-6.49278,62.29138],[-6.39222,62.25805],[-6.38861,62.25083],[-6.40722,62.19167],[-6.41861,62.18388]]],[[[-6.58583,62.25639],[-6.62,62.26694],[-6.66444,62.3225],[-6.66083,62.3725],[-6.63222,62.37083],[-6.56639,62.29639],[-6.56556,62.26527],[-6.58583,62.25639]]],[[[-6.40611,62.28444],[-6.48028,62.29778],[-6.54694,62.38361],[-6.51917,62.39694],[-6.48917,62.38139],[-6.39167,62.29694],[-6.40611,62.28444]]]]}},{"type":"Feature","properties":{"NAME":null,"ABBREVN":null,"INFO_UR":null,"SUBJECTO":null,"BORDERPRECISION":1,"PARTOF":null},"geometry":{"type":"Polygon","coordinates":[[[-4.78861,54.06305],[-4.77778,54.05555],[-4.70472,54.07972],[-4.62389,54.0686],[-4.49111,54.12666],[-4.39444,54.18639],[-4.30944,54.29333],[-4.35417,54.41083],[-4.36806,54.41666],[-4.44306,54.39805],[-4.5275,54.36722],[-4.55278,54.34389],[-4.57806,54.29694],[-4.61806,54.25417],[-4.71389,54.21444],[-4.78861,54.06305]]]}},{"type":"Feature","properties":{"NAME":"Prussians","ABBREVN":"Prussians","INFO_UR":null,"SUBJECTO":"Prussians","BORDERPRECISION":1,"PARTOF":"Prussians"},"geometry":{"type":"Polygon","coordinates":[[[10.14173,54.33675],[10.14688,54.28449],[10.17265,54.29128],[10.21728,54.35496],[10.26123,54.32533],[10.31616,54.24758],[10.39718,54.23393],[10.40268,54.16806],[10.31616,54.15841],[10.32715,54.11658],[10.3759,54.11255],[10.36972,54.08598],[10.47409,54.03762],[10.4892,53.96417],[10.47134,53.88815],[10.55237,53.77956],[10.5455,53.69264],[10.56885,53.61125],[10.61005,53.57212],[10.68695,53.5501],[10.69107,53.50275],[10.64918,53.44676],[10.62241,53.38169],[10.59489,53.36364],[10.69952,53.36907],[10.72999,53.35227],[10.74257,53.32893],[10.72884,53.3036],[10.80643,53.25946],[10.8926,53.24139],[10.99731,53.17518],[11.09224,53.13761],[11.13147,53.16669],[11.14949,53.16823],[11.1718,53.15665],[11.1864,53.13522],[11.21782,53.14462],[11.24677,53.1361],[11.33995,53.05442],[11.44775,53.07938],[11.51058,53.04761],[11.60019,53.03791],[11.65375,52.99578],[11.84051,52.96022],[11.86798,52.93291],[11.88034,52.89565],[11.92154,52.89731],[12.01355,52.86499],[12.05337,52.74793],[12.02865,52.62473],[11.99982,52.56884],[11.97235,52.5346],[11.9957,52.49031],[12.00119,52.44597],[11.94076,52.39572],[11.86249,52.35128],[11.85476,52.34947],[13.01536,52.32478],[13.02566,52.33282],[13.10669,52.35631],[13.28796,52.33702],[13.38409,52.36051],[13.46237,52.44262],[13.67386,52.45852],[13.92679,52.44225],[13.90114,52.42755],[13.88466,52.4008],[13.89249,52.38991],[13.91479,52.39972],[13.92182,52.38951],[13.93423,52.39315],[13.97353,52.38061],[15.84391,52.71029],[16.05312,52.71645],[18.58967,53.10045],[18.949,53.25444],[19.20566,53.25444],[19.56498,53.45977],[20.0783,53.6651],[20.0783,53.5111],[20.3863,53.5111],[20.42825,53.77815],[20.7094,53.75807],[20.80981,53.63757],[21.10495,53.8191],[21.46427,53.8191],[23.35287,54.14104],[23.09848,54.28251],[21.77085,54.30374],[20.00485,54.43662],[19.73312,54.31027],[19.45682,54.21656],[19.3281,54.16145],[19.23031,54.16697],[19.23206,54.22207],[19.31761,54.27168],[19.75772,54.45917],[19.7336,54.46117],[19.255,54.27719],[18.96498,54.22758],[18.67308,54.25514],[18.51316,54.31578],[18.45381,54.52538],[18.3385,54.60265],[18.36292,54.66889],[18.75953,54.53641],[18.27945,54.72412],[17.65761,54.68546],[16.9759,54.54931],[16.47325,54.41503],[16.11468,54.19961],[15.89836,54.1284],[15.31169,54.071],[15.07968,54.00252],[14.88576,53.97956],[14.46741,53.91035],[14.48252,53.81853],[14.55694,53.75988],[14.5653,53.6936],[14.4953,53.62479],[14.53706,53.53817],[14.43316,53.59421],[14.18958,53.62479],[14.17686,53.68341],[14.00974,53.67321],[13.85017,53.72929],[13.7805,53.77518],[13.73778,54.03029],[13.66761,54.08417],[13.43102,54.03025],[13.06377,54.19369],[13.02581,54.26522],[12.94314,54.34698],[12.7648,54.27033],[12.65252,54.32143],[12.31188,54.20194],[12.04107,54.09666],[11.56502,54.03538],[11.40782,53.85929],[11.20249,53.85678],[11.15138,53.93842],[10.85892,53.87719],[10.71672,53.96393],[11.01589,54.09666],[11.07301,54.21963],[11.03861,54.31325],[10.64859,54.25898],[10.44597,54.29203],[10.34024,54.36232],[10.21288,54.37192],[10.14173,54.33675]]]}},{"type":"Feature","properties":{"NAME":"Principality of Polotsk","ABBREVN":"Principality of Polotsk","INFO_UR":null,"SUBJECTO":"Principality of Polotsk","BORDERPRECISION":1,"PARTOF":"Principality of Polotsk"},"geometry":{"type":"MultiPolygon","coordinates":[[[[27.32564,56.51542],[28.16388,56.15177],[28.96566,55.89718],[29.08542,55.48749],[29.66535,54.32059],[28.73101,53.50461],[27.08788,53.60031],[26.63682,54.52678],[26.70126,55.19434],[26.89131,55.21771],[26.76075,55.93803],[26.52385,56.27337],[27.32564,56.51542]]]]}},{"type":"Feature","properties":{"NAME":null,"ABBREVN":null,"INFO_UR":null,"SUBJECTO":null,"BORDERPRECISION":1,"PARTOF":null},"geometry":{"type":"MultiPolygon","coordinates":[[[[27.56855,58.21479],[27.56133,58.25742],[27.59135,58.31285],[27.57099,58.23531],[27.57484,58.20393],[27.56855,58.21479]]],[[[27.80726,56.30648],[27.32564,56.51542],[26.52385,56.27337],[26.76075,55.93803],[26.89131,55.21771],[26.70126,55.19434],[26.65391,54.70376],[23.35287,54.14104],[23.09848,54.28251],[21.77085,54.30374],[20.00485,54.43662],[20.18865,54.52198],[20.32671,54.56401],[20.19423,54.57505],[20.0057,54.54746],[19.93812,54.60817],[19.88181,54.52538],[19.83325,54.5309],[19.86317,54.75173],[19.94257,54.84986],[20.9852,54.81164],[21.13734,54.84546],[21.19194,54.95958],[21.11335,55.08924],[21.22385,55.11145],[21.14303,55.25584],[21.20093,55.26139],[21.2163,55.34367],[21.01845,55.63401],[20.99596,56.02413],[20.91601,56.09667],[20.96483,56.60902],[21.02205,56.68388],[21.32438,56.85442],[21.33975,57.17707],[21.45959,57.24961],[21.67733,57.46366],[21.81025,57.47538],[22.2854,57.56504],[22.43297,57.61556],[22.56364,57.61556],[22.58542,57.50865],[22.88137,57.33414],[23.07089,57.26132],[23.17466,57.04849],[23.21545,56.98067],[23.41447,56.89241],[23.76781,56.86588],[24.15838,56.97549],[24.26631,57.03015],[24.3465,57.15972],[24.32294,57.33689],[24.23619,57.72816],[24.41564,57.94793],[24.4144,58.10589],[24.49679,58.21315],[24.33109,58.30793],[24.05835,58.11153],[23.90807,58.22445],[23.67086,58.24139],[23.69047,58.66548],[23.51187,58.58088],[23.36082,58.76742],[23.43198,58.85808],[23.33789,58.97239],[23.45698,59.00549],[23.41576,59.11896],[24.03211,59.17574],[24.02956,59.23542],[24.28195,59.28414],[24.34157,59.36888],[24.53757,59.32341],[24.57092,59.37433],[24.71381,59.35183],[24.75122,59.44846],[25.24829,59.3618],[25.44879,59.49396],[25.48999,59.42004],[25.72112,59.45984],[26.34326,59.44665],[26.8619,59.37175],[26.99902,59.31773],[27.26509,59.33804],[27.70204,59.2975],[27.86034,59.33767],[27.74852,58.91165],[27.68301,58.97964],[27.52373,59.00693],[27.29814,58.99492],[27.10732,58.9542],[26.97412,58.88428],[26.96641,58.80557],[27.15674,58.64795],[27.23662,58.45225],[27.32393,58.4019],[27.42549,58.30308],[27.47266,58.21675],[27.59301,58.05556],[27.80726,56.30648]]]]}},{"type":"Feature","properties":{"NAME":null,"ABBREVN":null,"INFO_UR":null,"SUBJECTO":null,"BORDERPRECISION":1,"PARTOF":null},"geometry":{"type":"MultiPolygon","coordinates":[[[[27.91098,59.5306],[27.89666,59.53378],[27.94169,59.6476],[27.91098,59.5306]]]]}},{"type":"Feature","properties":{"NAME":"Alans","ABBREVN":"Alans","INFO_UR":null,"SUBJECTO":"Alans","BORDERPRECISION":1,"PARTOF":"Alans"},"geometry":{"type":"MultiPolygon","coordinates":[[[[30.83286,46.57659],[30.52046,46.25141],[30.06882,45.8614],[29.72975,45.76999],[29.62951,45.75036],[29.50043,45.52337],[29.53609,45.4522],[29.68321,45.37479],[29.71076,45.25833],[29.06437,45.16475],[28.40216,45.35939],[28.36835,45.33088],[28.01861,45.31548],[27.82358,44.83822],[28.0848,44.577],[27.95419,44.25048],[26.45217,44.25048],[25.4726,43.72804],[24.62363,43.98926],[24.2318,43.79335],[23.51345,44.05457],[22.9257,43.79335],[22.9257,44.18518],[22.46857,44.38109],[22.66448,44.64231],[23.05631,45.03414],[26.51748,45.8178],[27.36644,46.34024],[27.62766,46.92798],[27.3911,47.4687],[29.03547,48.35306],[31.08723,46.63554],[30.83286,46.57659]]]]}},{"type":"Feature","properties":{"NAME":"Finno-Ugric taiga hunter-gatherers","ABBREVN":"Finno-Ugric taiga hunter-gatherers","INFO_UR":null,"SUBJECTO":"Finno-Ugric taiga hunter-gatherers","BORDERPRECISION":1,"PARTOF":"Finno-Ugric taiga hunter-gatherers"},"geometry":{"type":"MultiPolygon","coordinates":[[[[35.20176,61.83906],[35.16035,61.85864],[35.19561,61.98794],[35.25176,62.07969],[35.30801,62.07656],[35.33926,62.03281],[35.34707,61.9978],[35.32578,61.93535],[35.27363,61.87031],[35.20176,61.83906]]]]}},{"type":"Feature","properties":{"NAME":"Finno-Ugric taiga hunter-gatherers","ABBREVN":"Finno-Ugric taiga hunter-gatherers","INFO_UR":null,"SUBJECTO":"Finno-Ugric taiga hunter-gatherers","BORDERPRECISION":1,"PARTOF":"Finno-Ugric taiga hunter-gatherers"},"geometry":{"type":"MultiPolygon","coordinates":[[[[46.01021,61.10336],[40.05308,64.52773],[40.32217,64.46293],[40.43979,64.56356],[40.46206,64.75028],[40.36595,64.85793],[39.97939,65.15314],[39.8231,65.43561],[39.95133,65.58116],[40.68141,65.79356],[41.35425,65.95517],[41.62328,66.06517],[42.13344,66.38789],[42.21079,66.41001],[43.24143,66.2509],[43.87622,66.01097],[44.02943,66.01125],[44.05284,66.0405],[44.12211,66.26716],[44.38361,66.61202],[44.36195,66.90596],[44.21916,67.08982],[43.83811,67.16285],[43.7036,67.26593],[44.21583,67.71827],[44.26107,67.82964],[44.16875,68.09703],[43.82217,68.32732],[43.85324,68.4692],[44.01203,68.49191],[44.66781,68.38859],[45.57964,68.44254],[45.86344,68.38335],[46.16195,68.1082],[46.43937,67.90794],[46.63407,67.70051],[45.46258,67.63906],[45.09251,67.54208],[44.87121,67.31242],[44.95714,67.23136],[45.38563,67.09938],[45.71535,66.84963],[46.07678,66.76208],[46.40205,66.7186],[46.97264,66.77846],[47.57119,66.81631],[47.70619,66.89011],[47.95292,67.37729],[48.08066,67.56246],[48.63532,67.65239],[49.18563,67.83882],[49.63012,67.93619],[50.4959,68.15347],[51.13896,68.2664],[51.83081,68.40938],[52.24488,68.54456],[52.33738,68.33573],[52.46267,68.29867],[52.71973,68.35138],[52.93877,68.47118],[53.00575,68.68057],[53.17943,68.75575],[53.50243,68.81626],[53.88912,68.787],[53.80839,68.60727],[53.78208,68.33842],[53.39591,68.30043],[53.31618,68.2332],[53.31684,68.13639],[53.62574,68.04769],[54.37975,68.16071],[54.57596,68.16109],[54.64847,68.07192],[54.7523,68.04979],[54.8772,68.10955],[54.99599,68.20653],[55.1265,68.40061],[55.33539,68.4831],[55.72289,68.53611],[56.1951,68.56687],[56.54026,68.55257],[57.02423,68.44891],[57.36369,68.45702],[57.52587,68.49464],[57.9592,68.70476],[58.40929,68.83286],[58.77038,68.85601],[59.19905,68.77441],[59.34587,68.69986],[59.06196,68.49749],[59.11979,68.39309],[59.21766,68.34854],[59.50186,68.28942],[59.76235,68.29739],[59.89205,68.402],[59.92538,68.58127],[60,68.59957],[60,56.55955],[59.09429,56.43184],[53.92448,57.60138],[53.97646,57.70862],[46.10575,57.70862],[45.78974,58.09821],[45.05265,58.41507],[46.01021,61.10336]]]]}},{"type":"Feature","properties":{"NAME":"Oghuz","ABBREVN":"Oghuz","INFO_UR":null,"SUBJECTO":"Oghuz","BORDERPRECISION":1,"PARTOF":"Oghuz"},"geometry":{"type":"MultiPolygon","coordinates":[[[[50.3258,44.36548],[50.38874,44.29355],[50.70346,44.25758],[50.95523,44.20363],[50.9912,44.07774],[51.17103,43.71807],[51.26095,43.61016],[51.36886,43.55621],[51.45878,43.38537],[51.42281,43.25948],[51.42281,43.16956],[51.73753,43.17855],[51.8814,43.05267],[51.9803,42.9088],[52.07022,42.82787],[52.29502,42.87283],[52.37595,42.8009],[52.58276,42.82787],[52.7626,42.75594],[52.83453,42.64804],[52.75361,42.55812],[52.73562,42.42324],[52.67268,42.27937],[52.58276,42.18945],[52.51982,42.07256],[52.57377,42.0186],[52.60075,41.93768],[52.55927,41.75784],[52.68262,41.69369],[52.71136,41.60749],[52.6922,41.53086],[52.85503,41.3872],[52.96996,41.13817],[52.96038,41.27226],[52.93165,41.37762],[52.99869,41.68411],[52.94123,41.77031],[52.97954,41.9044],[53.06574,42.02892],[53.26688,42.08638],[53.45843,42.09596],[53.73619,42.13427],[53.98522,42.10554],[54.02353,42.04807],[54.02353,41.85651],[54.11931,41.77989],[54.13846,41.62664],[54.1672,41.48297],[54.35876,41.3872],[54.5982,41.24353],[54.75145,41.13817],[54.82807,40.98492],[54.8185,40.87957],[54.60778,40.81252],[54.50243,40.85083],[54.45454,40.91788],[54.36833,40.89872],[54.38749,40.80294],[54.45454,40.71674],[54.41622,40.65928],[54.22467,40.72632],[54.10973,40.67843],[53.97564,40.6497],[53.84155,40.64012],[53.79366,40.72632],[53.76493,40.86999],[53.64999,40.87957],[53.65957,40.81252],[53.61168,40.74548],[53.43928,40.80294],[53.2573,40.76463],[53.18067,40.84125],[53.05616,41.05197],[52.96996,40.8221],[52.9508,40.70716],[52.90292,40.5635],[52.82629,40.46772],[52.84545,40.33363],[52.84545,40.18038],[52.91249,40.04629],[52.98912,39.93136],[53.04658,39.9984],[53.19025,39.96009],[53.36265,39.96009],[53.50632,39.9984],[53.6883,39.97925],[53.59252,39.89305],[53.5159,39.77811],[53.55421,39.6536],[53.66915,39.64402],[53.81282,39.54824],[53.79366,39.49077],[53.54463,39.53866],[53.37223,39.51951],[53.31477,39.5674],[53.24772,39.45246],[53.20941,39.40457],[53.24772,39.29922],[53.33392,39.38542],[53.58295,39.31837],[53.65957,39.31837],[53.67873,39.25133],[53.7745,39.13639],[53.91817,39.05019],[54.03311,38.99272],[54.07142,38.89695],[53.98522,38.6575],[53.93733,38.5713],[53.93733,38.15945],[53.87986,38.02536],[53.92775,37.82422],[54.01511,37.34833],[54.0087,37.34869],[54.06744,36.94152],[54.86755,36.80565],[54.92949,39.15913],[55.48689,39.34493],[60,39.61905],[59.99826,44.35178],[59.9752,44.33599],[59.91992,44.3292],[59.89014,44.31616],[59.88574,44.29692],[59.89844,44.28105],[59.92832,44.26865],[59.93574,44.25317],[59.9208,44.23452],[59.81094,44.18237],[59.71787,44.16313],[59.54102,44.14824],[59.52988,44.16875],[59.53975,44.1979],[59.56699,44.24258],[59.64805,44.31987],[59.64863,44.34033],[59.31016,44.58521],[59.24053,44.65469],[59.20459,44.70811],[59.20215,44.74536],[59.26104,44.85645],[59.38145,45.04141],[59.446,45.16494],[59.45469,45.227],[59.44102,45.30337],[59.40498,45.39399],[59.38887,45.47217],[59.39258,45.53799],[59.37891,45.57026],[59.34795,45.56899],[59.3293,45.58823],[59.32314,45.62798],[59.29893,45.65591],[59.25664,45.67207],[59.2207,45.7043],[59.16045,45.78623],[59.12949,45.80483],[59.10098,45.78315],[59.0748,45.72109],[59.05313,45.69253],[59.03574,45.69746],[59.02764,45.72109],[59.02891,45.76323],[59.0165,45.78193],[58.99043,45.77695],[58.97188,45.73911],[58.96055,45.66831],[58.91094,45.60503],[58.82285,45.54917],[58.76016,45.48955],[58.72285,45.42627],[58.7123,45.35483],[58.72852,45.27544],[58.75459,45.22393],[58.79053,45.20034],[58.77695,45.16558],[58.71357,45.11963],[58.67139,45.07183],[58.65029,45.02217],[58.64717,44.99365],[58.66211,44.98618],[58.80176,45.04951],[58.81289,45.04453],[58.79238,44.97124],[58.77197,44.94585],[58.74844,44.94209],[58.73848,44.90547],[58.74219,44.83599],[58.75391,44.78877],[58.77383,44.76396],[58.76641,44.74727],[58.73154,44.73853],[58.70801,44.74473],[58.69561,44.76587],[58.67578,44.77515],[58.64844,44.77266],[58.62734,44.75469],[58.6124,44.72114],[58.62539,44.70347],[58.68936,44.69292],[58.69434,44.67739],[58.57764,44.54673],[58.51377,44.49087],[58.46533,44.46104],[58.36855,44.42925],[58.31572,44.42632],[58.27803,44.44922],[58.25371,44.4813],[58.24287,44.52422],[58.25713,44.57656],[58.29668,44.63843],[58.29463,44.70835],[58.25098,44.78643],[58.23213,44.85132],[58.23809,44.90313],[58.27217,44.98169],[58.37832,45.17754],[58.4041,45.25303],[58.44922,45.32241],[58.51357,45.38569],[58.56006,45.45723],[58.58867,45.53706],[58.61133,45.58472],[58.62793,45.60024],[58.65527,45.71572],[58.68125,45.78364],[58.7207,45.84766],[58.77158,45.89502],[58.83389,45.92578],[58.88545,45.93818],[58.92627,45.93228],[58.9502,45.94233],[58.95742,45.96821],[58.98164,45.97461],[59.07588,45.95571],[59.14072,45.95723],[59.20176,45.97246],[59.25898,46.00146],[59.30322,46.00205],[59.33457,45.97427],[59.32393,45.93438],[59.27148,45.88232],[59.24102,45.82915],[59.23291,45.7748],[59.25879,45.72983],[59.31855,45.69424],[59.35137,45.69595],[59.35693,45.73506],[59.37432,45.75303],[59.40352,45.7499],[59.41992,45.73379],[59.42363,45.70464],[59.45,45.71084],[59.49912,45.75244],[59.54844,45.77324],[59.59805,45.77324],[59.62471,45.79497],[59.62842,45.83843],[59.65399,45.91003],[57.41921,49.04893],[53.25597,46.70455],[53.28413,46.6764],[53.16723,46.58647],[53.12228,46.49656],[53.18522,46.42462],[53.25715,46.31672],[53.2032,46.19083],[53.14925,45.95705],[53.05034,45.83116],[52.92445,45.73225],[52.83453,45.64233],[52.84352,45.50745],[53.05933,45.4535],[53.28413,45.32761],[53.05933,45.3366],[52.60974,45.39955],[51.99829,45.38156],[51.84543,45.43552],[51.77349,45.39056],[51.62962,45.35459],[51.51273,45.37257],[51.45878,45.30963],[51.37785,45.17475],[51.34188,45.05786],[51.21599,45.03987],[51.0991,44.87802],[51.18902,44.77012],[51.48575,44.62625],[51.57567,44.55431],[51.41382,44.51834],[51.33289,44.48238],[50.8743,44.62625],[50.54161,44.64423],[50.40673,44.61726],[50.33479,44.5633],[50.3258,44.36548]],[[57.05342,41.77339],[57.09375,41.96841],[57.18271,42.18535],[57.27266,42.30332],[57.39229,42.33491],[57.5498,42.26069],[57.62725,42.14961],[57.61309,42.10503],[57.63174,42.06553],[57.68242,42.0104],[57.70029,41.91265],[57.84482,41.83784],[57.86504,41.77314],[57.81777,41.69985],[57.68486,41.63618],[57.52676,41.59448],[57.42959,41.57856],[57.34561,41.57324],[57.24717,41.65254],[57.17441,41.73457],[57.06182,41.72485],[57.05342,41.77339]]],[[[59.73389,45.61885],[59.74492,45.59102],[59.76895,45.57939],[59.88633,45.5837],[59.775,45.74008],[59.73574,45.66289],[59.73389,45.61885]]],[[[59.99814,44.67026],[59.99826,44.35178],[60,44.35297],[59.99814,44.67026]]]]}},{"type":"Feature","properties":{"NAME":"Kievan Rus","ABBREVN":"Kievan Rus","INFO_UR":null,"SUBJECTO":"Kievan Rus","BORDERPRECISION":1,"PARTOF":"Kievan Rus"},"geometry":{"type":"MultiPolygon","coordinates":[[[[28.28723,61.266],[29.66634,62.1285],[29.93042,62.98046],[28.60021,63.61166],[29.76904,66.07486],[32.71757,66.67552],[32.75354,66.64904],[32.97086,66.58339],[33.46967,66.3131],[33.84421,66.18214],[34.25849,66.10983],[34.5437,66.00084],[34.72617,65.79698],[34.72559,65.61499],[34.60119,65.48393],[34.29341,65.39624],[34.33202,65.34551],[34.42566,65.10653],[34.77286,64.68222],[34.81477,64.45982],[34.88461,64.36677],[35.08176,64.28833],[35.62327,64.25357],[36.01547,64.19702],[36.23997,63.91862],[36.42062,63.8761],[36.98754,63.84148],[37.41054,63.7495],[37.59146,63.80694],[37.94492,63.85039],[38.05408,63.98632],[38.05386,64.12928],[37.87986,64.3079],[37.66813,64.34331],[37.46329,64.29996],[37.26195,64.31389],[36.99674,64.40656],[36.56851,64.76458],[36.88391,65.0677],[37.10194,65.06813],[37.60409,64.85277],[38.25292,64.70307],[39.19344,64.51104],[39.6216,64.47596],[39.99705,64.54122],[40.05308,64.52773],[46.01021,61.10336],[45.05265,58.41507],[45.78974,58.09821],[42.59438,55.69651],[38.50423,54.54595],[37.83982,53.98376],[37.7583,53.16856],[37.06538,53.16856],[36.65778,51.94576],[36.20942,51.78272],[33.37819,49.04841],[35.19743,48.4681],[35.22678,47.56526],[34.17044,47.50583],[33.78898,47.04795],[32.96739,47.02796],[33.1141,46.56595],[32.51644,46.12558],[32.20217,46.17036],[32.1141,46.21562],[31.92594,46.40993],[32.18879,46.59224],[31.95127,46.86463],[31.78105,46.70186],[31.53773,46.70138],[31.08723,46.63554],[29.03547,48.35306],[27.3911,47.4687],[26.60003,47.66601],[25.63172,48.23593],[24.3113,48.431],[23.72444,48.50882],[21.55309,49.08866],[24.14448,51.2936],[24.34828,51.905],[24.16944,54.28024],[26.65391,54.70376],[26.63682,54.52678],[27.08788,53.60031],[28.73101,53.50461],[29.66535,54.32059],[29.08542,55.48749],[28.96566,55.89718],[28.16388,56.15177],[27.80726,56.30648],[27.59301,58.05556],[27.62383,58.01426],[27.67832,58.01851],[27.80273,57.99023],[27.88164,57.93701],[27.87539,57.92041],[27.91094,57.89575],[27.99209,57.86812],[28.10176,57.85996],[28.16924,57.9145],[28.14922,57.97466],[28.09697,58.04443],[27.97305,58.13262],[27.86514,58.17349],[27.71436,58.16426],[27.5918,58.17461],[27.57484,58.20393],[27.57099,58.23531],[27.59135,58.31285],[27.74785,58.42993],[27.79814,58.44683],[27.82051,58.48491],[27.81367,58.57134],[27.74852,58.91165],[27.86034,59.33767],[27.8936,59.34611],[28.01585,59.45415],[27.97339,59.51671],[27.91098,59.5306],[27.94169,59.6476],[28.09419,59.66468],[28.1631,59.59068],[28.26634,59.56223],[28.35098,59.60206],[28.3091,59.6644],[28.44436,59.73374],[28.66273,59.64434],[28.79593,59.67222],[28.93627,59.82455],[29.07607,59.90779],[29.41363,59.86003],[29.76545,59.73624],[29.96316,59.73662],[30.12664,59.80605],[29.95287,59.98558],[29.6873,60.131],[29.51074,60.14457],[28.96898,60.10879],[28.69163,60.14998],[28.5694,60.19842],[28.43523,60.33734],[28.55125,60.53264],[28.52151,60.62326],[28.17378,60.54655],[28.28723,61.266]],[[30.80332,60.44663],[30.81689,60.45884],[30.83213,60.45752],[30.84912,60.44263],[30.95684,60.26362],[31.01895,60.19292],[31.10898,60.14644],[31.11494,60.13486],[31.09512,60.08374],[31.10596,60.0563],[31.14287,60.03169],[31.14531,60.00552],[31.04277,59.95098],[31.10625,59.92769],[31.17637,59.92578],[31.27441,59.93765],[31.34932,59.93276],[31.40137,59.91133],[31.45479,59.90718],[31.50977,59.92036],[31.54717,59.94014],[31.56719,59.96655],[31.56504,59.99805],[31.54092,60.03452],[31.54824,60.07188],[31.60645,60.13364],[31.59063,60.15557],[31.59893,60.16963],[31.69941,60.23564],[31.84326,60.24785],[32.05713,60.22651],[32.19609,60.19536],[32.26016,60.15435],[32.36152,60.1481],[32.50039,60.17651],[32.58389,60.20894],[32.6123,60.24536],[32.61436,60.28579],[32.59023,60.33022],[32.59492,60.35459],[32.65586,60.37168],[32.67666,60.39243],[32.66396,60.4271],[32.61787,60.47559],[32.59648,60.51108],[32.5999,60.5335],[32.6417,60.53687],[32.72207,60.52114],[32.78184,60.48823],[32.81572,60.48188],[32.84141,60.49702],[32.94434,60.64258],[32.93652,60.67031],[32.90303,60.69351],[32.84355,60.71221],[32.81191,60.75649],[32.80781,60.82637],[32.76543,60.88604],[32.64072,60.96914],[32.6334,60.98672],[32.59258,60.99761],[32.58057,61.01387],[32.58125,61.04487],[32.56338,61.07944],[32.52686,61.11753],[32.35957,61.18052],[31.89863,61.32397],[31.8707,61.34736],[31.7623,61.38369],[31.69785,61.41548],[31.63691,61.46274],[31.62041,61.46108],[31.61973,61.42695],[31.60361,61.42256],[31.57578,61.43721],[31.48613,61.55083],[31.36484,61.62744],[31.33408,61.62744],[31.30811,61.60503],[31.25752,61.64106],[31.23818,61.64302],[31.17227,61.62979],[31.16064,61.6187],[31.09844,61.62036],[31.07109,61.64512],[31.05674,61.68921],[31.02588,61.71436],[30.90566,61.74224],[30.88818,61.76479],[30.85195,61.77505],[30.75752,61.73345],[30.59434,61.60581],[30.59336,61.57949],[30.6167,61.5603],[30.60586,61.54131],[30.5127,61.5252],[30.48633,61.51494],[30.48066,61.49004],[30.46621,61.48716],[30.28516,61.5166],[30.23877,61.51484],[30.23486,61.49263],[30.25205,61.45864],[30.21689,61.43135],[30.20088,61.38896],[30.1793,61.37266],[30.196,61.3478],[30.19297,61.32725],[30.17393,61.31406],[30.12998,61.3126],[30.09004,61.29927],[30.09414,61.25854],[30.0793,61.24263],[30.0291,61.25449],[29.94941,61.2894],[29.89131,61.29497],[29.85508,61.27124],[29.86455,61.25098],[29.86016,61.23931],[29.825,61.21558],[29.85723,61.18799],[30.1249,61.08735],[30.29268,61.00513],[30.40869,60.92803],[30.43584,60.90269],[30.44121,60.87363],[30.45586,60.86001],[30.50205,60.84321],[30.52793,60.81172],[30.5332,60.76553],[30.52539,60.73887],[30.50449,60.73164],[30.504,60.70356],[30.53389,60.63008],[30.66328,60.59282],[30.72373,60.56177],[30.75859,60.52451],[30.77422,60.49209],[30.77598,60.4481],[30.80332,60.44663]],[[35.53691,61.29224],[35.61143,61.19741],[35.62939,61.14995],[35.63223,61.10781],[35.5834,61.03423],[35.52734,61.0228],[35.44062,61.06265],[35.34531,61.07256],[35.19209,61.06895],[35.14199,61.07729],[35.07998,61.10835],[35.05264,61.14111],[35.07773,61.15132],[35.23105,61.16523],[35.15664,61.19365],[35.07471,61.20708],[34.97422,61.21196],[34.8873,61.2061],[34.83809,61.19365],[34.804,61.14956],[34.79551,61.09648],[34.81494,61.05503],[34.84639,61.02666],[34.86904,61.027],[34.94248,61.07041],[35.02236,61.06445],[35.09287,61.04468],[35.13291,61.00708],[35.18447,61.00488],[35.39961,61.03989],[35.4498,61.023],[35.49941,60.96982],[35.55059,60.93799],[35.71904,60.90454],[35.80078,60.87183],[35.85508,60.87051],[35.88027,60.87832],[35.90986,60.90249],[35.90449,60.91655],[35.88418,60.9311],[35.88027,60.94775],[36.09873,61.06265],[36.2793,61.11382],[36.36387,61.15972],[36.38691,61.18408],[36.39463,61.20615],[36.37119,61.25684],[36.37363,61.27114],[36.4249,61.34912],[36.42793,61.37314],[36.40557,61.41074],[36.24727,61.49326],[36.10869,61.61108],[36.06064,61.65439],[35.98545,61.75586],[35.8707,61.85483],[35.81836,61.95107],[35.68936,62.04023],[35.67441,62.07939],[35.73018,62.13916],[35.80039,62.28145],[35.82266,62.3522],[35.82188,62.41177],[35.80293,62.46113],[35.73984,62.52021],[35.58457,62.57603],[35.50371,62.62471],[35.4876,62.60591],[35.46387,62.6042],[35.32598,62.66616],[35.08301,62.74116],[34.91045,62.81543],[34.70332,62.84424],[34.60537,62.87275],[34.53252,62.91572],[34.48945,62.90361],[34.47959,62.87383],[34.53555,62.81846],[34.62109,62.71235],[34.73926,62.62129],[34.77607,62.62231],[34.83857,62.59116],[34.94336,62.64282],[34.96699,62.63896],[35.14717,62.55918],[35.2709,62.54541],[35.35176,62.52266],[35.43311,62.4686],[35.54023,62.35425],[35.56719,62.28711],[35.55352,62.23594],[35.45498,62.18071],[35.38721,62.15781],[35.34131,62.14902],[35.0459,62.22876],[35.05176,62.21157],[35.16777,62.09668],[35.16504,62.08066],[35.11455,62.05361],[35.0749,62.05361],[35.02861,62.07793],[34.89248,62.18706],[34.8708,62.21938],[34.85195,62.29443],[34.84053,62.31006],[34.64063,62.48906],[34.55664,62.53989],[34.53203,62.54629],[34.52021,62.54165],[34.54697,62.49775],[34.65957,62.4063],[34.69561,62.36455],[34.68154,62.33882],[34.6332,62.34834],[34.60898,62.33882],[34.61484,62.30435],[34.65811,62.24521],[34.63242,62.18193],[34.65322,62.10854],[34.63564,62.09502],[34.59141,62.09648],[34.51416,62.11958],[34.41699,62.1582],[34.34287,62.19893],[34.32119,62.227],[34.32949,62.2457],[34.32754,62.26396],[34.13691,62.41401],[34.05391,62.49453],[34.02715,62.51182],[34.00293,62.51606],[33.97871,62.51587],[33.94404,62.50049],[33.94727,62.45298],[33.97754,62.40801],[34.09834,62.37886],[34.16494,62.33916],[34.25654,62.2623],[34.26543,62.23823],[34.25518,62.16855],[34.5373,61.99897],[34.58594,61.93784],[34.59434,61.87402],[34.58291,61.84604],[34.5624,61.82383],[34.53125,61.81157],[34.49443,61.80762],[34.44531,61.81875],[34.31455,61.8687],[34.34453,61.8312],[34.38799,61.79614],[34.53145,61.70435],[34.62998,61.65439],[34.77246,61.60088],[35.15391,61.48516],[35.30391,61.42959],[35.45742,61.35591],[35.53691,61.29224]],[[39.00527,58.35806],[39.00039,58.38677],[38.97031,58.44082],[39.00371,58.47563],[38.98926,58.49561],[38.75283,58.54692],[38.42734,58.74702],[38.11943,58.95459],[38.04697,58.99419],[37.91992,59.04209],[37.85771,59.07515],[37.86641,59.09409],[37.91016,59.10273],[38.17051,59.06504],[38.23945,59.0627],[38.33154,59.09258],[38.40732,59.15229],[38.41465,59.17344],[38.29404,59.16133],[38.18291,59.20308],[38.14326,59.20977],[38.12402,59.20288],[38.17637,59.14824],[38.18047,59.13213],[38.17969,59.11333],[38.15937,59.10156],[38.11621,59.10259],[38.02725,59.12808],[38.00742,59.14375],[37.9873,59.17676],[37.84287,59.15527],[37.64492,59.15679],[37.64004,59.1377],[37.67627,59.10234],[37.69561,59.06396],[37.67324,59.0252],[37.60889,58.98896],[37.49912,58.94419],[37.48438,58.9272],[37.46582,58.87456],[37.47129,58.85708],[37.50137,58.84478],[37.58125,58.89883],[37.64238,58.9189],[37.71367,58.92773],[37.77725,58.92622],[37.82832,58.91406],[37.86943,58.89707],[37.91758,58.85825],[37.9959,58.86167],[38.02393,58.7459],[37.96133,58.7436],[37.9417,58.7355],[37.94531,58.72031],[37.98418,58.69238],[37.9877,58.67222],[38.09551,58.63447],[38.10313,58.61948],[38.07383,58.59155],[38.07393,58.54194],[37.99492,58.55044],[37.76777,58.61763],[37.71484,58.61753],[37.63232,58.63623],[37.6209,58.62622],[37.6666,58.57246],[37.66113,58.55747],[37.60869,58.54531],[37.56465,58.55283],[37.5377,58.6127],[37.45918,58.63394],[37.41035,58.66997],[37.42285,58.72656],[37.37227,58.73145],[37.30791,58.76001],[37.15078,58.84873],[37.16924,58.72563],[37.15459,58.70654],[37.15527,58.69497],[37.3168,58.65742],[37.41689,58.61309],[37.50713,58.53535],[37.89717,58.2918],[37.94404,58.30088],[38.14873,58.24863],[38.22051,58.2373],[38.25098,58.19873],[38.24961,58.10269],[38.25918,58.0709],[38.31016,58.04058],[38.41533,58.01558],[38.43711,58.01753],[38.43691,58.03564],[38.35703,58.1001],[38.38311,58.12188],[38.68096,58.1082],[38.704,58.11313],[38.69795,58.13296],[38.61924,58.20127],[38.63828,58.22031],[38.6917,58.20703],[38.77949,58.13477],[38.80518,58.12197],[38.81875,58.13481],[38.81211,58.25073],[38.83047,58.29556],[38.8709,58.33105],[39.00527,58.35806]],[[31.29834,58.47656],[31.25166,58.42544],[31.17021,58.35947],[31.01943,58.31973],[30.85703,58.23911],[30.87617,58.21411],[31.39404,58.14199],[31.44648,58.20591],[31.53096,58.23018],[31.63057,58.20728],[31.68828,58.20229],[31.64697,58.3084],[31.6457,58.35142],[31.65342,58.36875],[31.63711,58.38799],[31.51816,58.37256],[31.51074,58.38887],[31.37432,58.42925],[31.29834,58.47656]]]]}},{"type":"Feature","properties":{"NAME":"Kievan Rus","ABBREVN":"Kievan Rus","INFO_UR":null,"SUBJECTO":"Kievan Rus","BORDERPRECISION":1,"PARTOF":"Kievan Rus"},"geometry":{"type":"MultiPolygon","coordinates":[[[[42.4304,47.57516],[42.32771,47.31719],[41.68217,47.41656],[41.73352,47.64934],[42.1003,47.72341],[42.4304,47.57516]]],[[[38.92371,44.21186],[38.55609,44.3851],[38.277,44.42321],[38.10918,44.49377],[37.88037,44.71895],[37.77405,44.74454],[37.62175,44.67331],[37.47389,44.69236],[37.31794,44.92421],[36.95987,45.22736],[37.22775,45.31202],[37.46097,45.31248],[37.66127,45.34523],[37.7061,45.5784],[37.86788,45.79251],[37.98994,46.00666],[38.22715,46.02009],[38.33244,46.04681],[39.76022,45.43475],[39.12151,44.07176],[38.92371,44.21186]]],[[[36.32316,45.4397],[36.52105,45.38829],[36.41513,45.27157],[36.36711,45.16148],[36.26475,45.09659],[36.0047,45.04433],[35.86545,45.03112],[35.79349,45.05023],[35.8484,45.44493],[36.32316,45.4397]]],[[[34.13496,44.5375],[34.01372,44.49212],[33.66016,44.52366],[33.3955,44.60049],[33.4595,44.73158],[34.29137,44.68231],[34.13496,44.5375]]]]}},{"type":"Feature","properties":{"NAME":"Sámi","ABBREVN":"Sámi","INFO_UR":null,"SUBJECTO":"Sámi","BORDERPRECISION":1,"PARTOF":"Sámi"},"geometry":{"type":"MultiPolygon","coordinates":[[[[26.61308,60.34783],[26.52588,60.39647],[26.55164,60.5707],[26.44284,60.33334],[26.32271,60.27024],[25.8901,60.23584],[25.84553,60.11548],[25.58054,60.26234],[25.44989,60.1384],[25.14579,60.10975],[24.99298,60.02957],[24.96947,60.08683],[24.51596,59.9895],[24.42105,59.86975],[24.28136,59.93815],[23.97895,59.88115],[23.96111,59.93245],[23.66466,59.83555],[23.20144,59.81846],[22.98213,59.93245],[22.882,60.05556],[23.0052,60.20876],[22.62462,60.2011],[22.39207,60.1212],[22.42147,60.29319],[22.22065,60.25877],[21.93095,60.38077],[21.74681,60.40827],[21.56015,60.51249],[21.44318,60.69365],[21.42726,61.0151],[21.49831,61.18327],[21.52079,61.37957],[21.56101,61.48492],[21.40522,61.70243],[21.2112,61.87091],[21.34644,62.16713],[21.33756,62.3436],[21.20014,62.43518],[21.03373,62.4773],[21.06181,62.61174],[21.19481,62.76068],[21.48128,62.88881],[21.54597,62.97406],[21.49466,63.12303],[21.66648,63.18731],[22.07504,63.10282],[22.29236,63.20269],[22.42877,63.39497],[22.47583,63.60162],[22.56902,63.72301],[22.70422,63.58064],[22.82553,63.58088],[23.58029,64.08206],[24.09404,64.37657],[24.47009,64.63552],[24.93192,64.81604],[25.32509,64.80239],[25.3519,64.9391],[25.29341,65.00389],[25.13256,65.07595],[25.25151,65.41689],[25.10361,65.54013],[24.59114,65.58278],[24.2148,65.78591],[23.84408,65.79847],[23.40569,65.72483],[23.20402,65.68075],[22.79816,65.85482],[22.64555,65.93479],[22.4898,65.88342],[22.20157,65.71529],[21.95748,65.44574],[21.81873,65.38014],[21.52233,65.37231],[21.27735,65.21228],[21.42371,65.10389],[21.48945,65.01716],[21.32944,64.89435],[20.92119,64.71382],[21.06432,64.592],[21.23705,64.52054],[21.38583,64.38456],[21.0489,64.21917],[20.86648,64.02562],[20.70066,63.81813],[19.67028,63.38854],[19.46501,63.4807],[19.31822,63.44483],[19.07593,63.2025],[18.78499,63.13801],[18.48662,62.98124],[18.38895,62.85337],[18.30319,62.78942],[17.96744,62.77462],[17.86817,62.78862],[16.19308,62.75566],[14.34372,62.94813],[14.53605,63.0976],[17.00938,67.24776],[19.57998,69.18106],[19.82121,69.36973],[20.15765,69.74783],[20.28638,69.78591],[20.35832,69.71038],[20.27816,69.58179],[20.1965,69.31769],[20.55269,69.52191],[20.73394,69.77919],[21.10273,69.81769],[21.41196,70.01541],[21.60856,69.96254],[21.90807,69.80404],[22.16331,70.09311],[22.30645,70.21562],[22.74557,70.1706],[23.20361,69.94278],[23.29247,70.01129],[23.50841,70.27907],[23.82729,70.47884],[23.95485,70.50206],[24.20772,70.47187],[24.35961,70.61029],[24.57051,70.74138],[24.84904,70.8266],[25.38903,70.90463],[25.83206,70.89776],[25.23069,70.55819],[25.12242,70.43525],[25.07408,70.14438],[25.26302,70.10655],[25.57404,70.36714],[26.26272,70.79074],[26.60652,70.91462],[26.61911,70.79908],[26.61742,70.39205],[26.93435,70.46929],[27.13108,70.57708],[27.51601,70.97031],[27.94754,71.01741],[28.21116,71.01791],[28.30841,70.94865],[28.13644,70.83273],[27.98529,70.71701],[28.01893,70.60945],[27.8754,70.42506],[28.28973,70.37221],[28.38891,70.57175],[28.79481,70.86477],[28.98434,70.85741],[29.74123,70.60498],[30.04144,70.54414],[30.46196,70.53725],[30.7542,70.43042],[30.79884,70.30796],[30.25188,70.13115],[29.7349,70.11489],[28.73008,70.13593],[29.08002,69.96123],[29.55593,69.8334],[29.72858,69.69757],[30.05581,69.72086],[30.36129,69.76681],[30.73536,69.75236],[31.05378,69.63959],[31.33128,69.66276],[31.7822,69.77702],[32.07156,69.88349],[32.07601,69.81536],[32.19056,69.64171],[32.35173,69.51368],[32.59631,69.42362],[33.00963,69.38669],[33.28057,69.34201],[33.3156,69.07128],[33.62838,69.21469],[33.81805,69.19248],[34.30515,69.17083],[34.69889,69.16405],[34.93414,69.14944],[35.43655,69.15036],[36.01828,69.02371],[37.24586,68.7935],[37.68858,68.62961],[38.40644,68.24269],[38.66845,68.14634],[39.91807,67.94038],[40.82605,67.66005],[40.97339,67.53437],[40.95083,67.33466],[41.01687,67.20186],[41.20883,67.06946],[41.2553,66.93698],[41.14697,66.78227],[40.83638,66.5614],[40.34515,66.31865],[39.97752,66.20092],[39.19003,66.03871],[38.78211,66.00145],[38.04787,66.00737],[37.42243,66.09382],[36.50523,66.17249],[35.77175,66.25887],[35.16772,66.4115],[34.15295,66.62963],[33.43749,66.70174],[33.15773,66.91448],[32.99095,66.98782],[32.64434,67.0461],[32.21944,66.99375],[32.42473,66.89103],[32.71757,66.67552],[29.76904,66.07486],[28.60021,63.61166],[29.93042,62.98046],[29.66634,62.1285],[28.28723,61.266],[28.17378,60.54655],[28.01144,60.51073],[27.47362,60.42608],[27.40622,60.34482],[27.17848,60.44239],[26.94557,60.37631],[26.92231,60.31612],[26.61308,60.34783]]]]}},{"type":"Feature","properties":{"NAME":"Volga Bulgars","ABBREVN":"Volga Bulgars","INFO_UR":null,"SUBJECTO":"Volga Bulgars","BORDERPRECISION":1,"PARTOF":"Bulgars"},"geometry":{"type":"MultiPolygon","coordinates":[[[[45.78974,58.09821],[46.10575,57.70862],[53.97646,57.70862],[53.92448,57.60138],[55.70906,57.19767],[54.18215,52.27838],[51.6867,52.04729],[46.22354,52.56488],[45.37934,52.84915],[43.26667,54.00301],[42.59438,55.69651],[45.78974,58.09821]],[[48.46807,54.12441],[48.5668,54.09751],[48.81338,53.93867],[48.88281,53.86592],[48.90313,53.82754],[48.87676,53.7543],[48.86543,53.64766],[49.00879,53.45967],[48.99189,53.43979],[49.20498,53.36758],[49.20586,53.33755],[49.13652,53.30894],[48.9248,53.30903],[48.75938,53.32378],[48.80078,53.28057],[49.09414,53.26958],[49.22988,53.28423],[49.25771,53.3521],[49.31611,53.40225],[49.49473,53.43599],[49.85186,53.42603],[49.90479,53.45674],[49.88164,53.4856],[49.24668,53.5021],[49.08672,53.53403],[49.06299,53.60659],[49.07188,53.71328],[49.09111,53.79395],[49.12676,53.82476],[49.18984,53.80742],[49.2793,53.72813],[49.31035,53.72231],[49.34453,53.69824],[49.36895,53.69482],[49.37178,53.73047],[49.35068,53.77017],[49.26973,53.81802],[49.21914,53.87803],[49.21787,53.93442],[49.44121,54.0377],[49.53682,54.12666],[49.66641,54.15938],[49.74219,54.19072],[49.72734,54.2251],[49.56328,54.17944],[49.2752,54.0707],[49.02031,54.01519],[48.84766,54.04541],[48.80889,54.09868],[48.79805,54.13081],[48.75586,54.15034],[48.65898,54.1709],[48.54941,54.24053],[48.49941,54.33438],[48.52959,54.39424],[48.63125,54.43501],[48.78652,54.44736],[48.86406,54.46226],[48.86299,54.50098],[48.90879,54.54956],[48.89551,54.58154],[48.97314,54.64121],[48.98633,54.72764],[49.08066,54.77573],[49.09785,54.80049],[49.03027,54.80869],[48.96934,54.82813],[48.93984,54.90166],[49.0085,54.97007],[49.22441,55.02334],[49.31973,55.01377],[49.39609,55.01606],[49.44551,55.05161],[49.46074,55.11411],[49.69248,55.19072],[49.81074,55.24365],[49.89199,55.2937],[50.73447,55.40708],[50.76357,55.42886],[50.87715,55.45205],[51.07109,55.41504],[51.12979,55.39302],[51.18428,55.35742],[51.21875,55.40015],[51.19844,55.44116],[51.17422,55.46348],[51.20586,55.48872],[51.41045,55.44102],[51.52373,55.50303],[51.5502,55.5584],[51.61504,55.56538],[51.71445,55.59282],[51.72773,55.64302],[51.74844,55.67529],[51.79961,55.68394],[51.88584,55.67085],[51.93652,55.69907],[51.76348,55.72046],[51.63496,55.6459],[51.52148,55.63232],[51.46084,55.70098],[51.48027,55.83271],[51.44814,55.8123],[51.41367,55.77446],[51.39805,55.68491],[51.4666,55.58984],[51.46914,55.51128],[51.41387,55.49438],[51.33105,55.49893],[51.25498,55.52617],[51.12578,55.50112],[50.83389,55.47954],[50.6752,55.45063],[50.48145,55.45996],[50.3791,55.43052],[50.2248,55.43843],[50.08955,55.46279],[49.9999,55.41504],[49.78828,55.3835],[49.58281,55.39023],[49.45488,55.40361],[49.37129,55.46479],[49.36738,55.54438],[49.329,55.51777],[49.32813,55.37891],[49.35801,55.33906],[49.30332,55.32339],[49.2335,55.33794],[49.18887,55.3812],[49.11953,55.47593],[49.05898,55.48267],[49.04766,55.44282],[49.10352,55.35288],[49.17227,55.29268],[49.15947,55.16309],[48.85947,55.01162],[48.86377,54.8708],[48.8082,54.73291],[48.74512,54.67505],[48.55146,54.6522],[48.41582,54.59717],[48.39873,54.33667],[48.37803,54.23115],[48.3873,54.16797],[48.46807,54.12441]]]]}},{"type":"Feature","properties":{"NAME":"Karakalpaks","ABBREVN":"Karakalpaks","INFO_UR":null,"SUBJECTO":"Karakalpaks","BORDERPRECISION":1,"PARTOF":"Karakalpaks"},"geometry":{"type":"MultiPolygon","coordinates":[[[[43.24905,54.04741],[41.41808,53.29867],[37.89882,54.03369],[38.50423,54.54595],[42.59438,55.69651],[43.24905,54.04741]]]]}},{"type":"Feature","properties":{"NAME":"Karkhanids","ABBREVN":"Karkhanids","INFO_UR":null,"SUBJECTO":"Karkhanids","BORDERPRECISION":1,"PARTOF":"Karkhanids"},"geometry":{"type":"MultiPolygon","coordinates":[[[[60,45.57775],[59.96055,45.58643],[59.88633,45.5837],[59.81119,45.68924],[60,45.65267],[60,45.57775]]]]}},{"type":"Feature","properties":{"NAME":"Maskat","ABBREVN":"Maskat","INFO_UR":null,"SUBJECTO":"Maskat","BORDERPRECISION":1,"PARTOF":"Maskat"},"geometry":{"type":"MultiPolygon","coordinates":[[[[47.87792,41.16768],[48.64856,41.904],[48.6623,41.90171],[48.68324,41.83591],[48.8925,41.68698],[48.99887,41.51679],[49.11588,41.43169],[49.24353,41.2934],[49.28608,41.05938],[49.3499,40.95301],[49.47755,40.836],[49.6052,40.76154],[49.6052,40.68708],[49.6585,40.65902],[49.5404,40.5039],[47.87792,41.16768]]]]}},{"type":"Feature","properties":{"NAME":"Shirvan","ABBREVN":"Shirvan","INFO_UR":null,"SUBJECTO":"Shirvan","BORDERPRECISION":1,"PARTOF":"Shirvan"},"geometry":{"type":"MultiPolygon","coordinates":[[[[47.84926,41.17912],[49.5404,40.5039],[49.6585,40.65902],[49.8073,40.5807],[50.02005,40.60198],[50.19025,40.57007],[50.3179,40.49561],[50.42427,40.41051],[50.46682,40.32541],[50.46682,40.26158],[50.30726,40.32541],[50.12643,40.34668],[50.03069,40.34668],[49.91368,40.32541],[49.84986,40.27222],[49.66902,40.24031],[49.57328,40.17649],[49.55201,40.09139],[49.54137,39.87864],[49.44564,39.65526],[49.40349,39.48667],[49.07455,39.4782],[48.89448,39.95398],[48.53433,40.06192],[48.3387,39.94615],[48.08022,40.07091],[46.8738,40.84698],[46.87251,40.85605],[47.03109,40.79497],[47.13679,40.80979],[46.86119,40.93531],[46.84888,41.02142],[47.84926,41.17912]]]]}},{"type":"Feature","properties":{"NAME":"Seljuk Empire","ABBREVN":"Seljuk Empire","INFO_UR":null,"SUBJECTO":"Seljuk Empire","BORDERPRECISION":1,"PARTOF":"Seljuk Empire"},"geometry":{"type":"MultiPolygon","coordinates":[[[[46.52738,38.931],[47.81747,39.67297],[47.9393,39.67433],[48.37319,39.96656],[48.53433,40.06192],[48.89448,39.95398],[49.07455,39.4782],[49.40349,39.48667],[49.49882,39.37869],[49.48818,39.29359],[49.38181,39.3255],[49.33926,39.28295],[49.27544,39.01702],[49.22225,39.0383],[49.17971,39.14467],[49.11588,39.18722],[49.04142,39.14467],[49.02014,39.00638],[49.05206,38.93192],[48.94568,38.83619],[48.98823,38.71918],[48.82495,38.30958],[48.83151,38.30631],[48.80919,37.98857],[48.74478,37.72702],[48.83723,37.51097],[49.05953,37.39756],[49.47581,37.29161],[49.84801,37.26821],[50.03871,37.2247],[50.11132,37.09776],[50.25221,36.89479],[50.56095,36.68643],[51.41704,36.45569],[51.79552,36.43235],[51.99305,36.4589],[52.60216,36.57688],[53.13901,36.64353],[53.79965,36.67904],[53.98449,36.78191],[54.06744,36.94152],[54.86755,36.80565],[55.61076,35.93858],[56.53976,35.93858],[58.22632,34],[40.42017,34],[40.02912,34.39105],[37.02633,35.74993],[37.38351,36.6131],[37.5942,37.16089],[39.61684,37.83511],[41.0074,38.34077],[42.01872,38.13008],[44.46274,36.82379],[44.84199,36.78165],[45.5162,37.03448],[46.82249,37.66655],[46.90677,37.91938],[46.82249,38.34077],[46.52738,38.931]]]]}},{"type":"Feature","properties":{"NAME":"Derbent","ABBREVN":"Derbent","INFO_UR":null,"SUBJECTO":"Derbent","BORDERPRECISION":1,"PARTOF":"Derbent"},"geometry":{"type":"MultiPolygon","coordinates":[[[[48.40756,41.67373],[47.92255,42.16492],[48.2217,42.27937],[48.41952,42.09054],[48.50045,41.92868],[48.64856,41.904],[48.40756,41.67373]]]]}},{"type":"Feature","properties":{"NAME":"Byzantine Empire","ABBREVN":"Byzantine E.","INFO_UR":null,"SUBJECTO":"Byzantine Empire","BORDERPRECISION":1,"PARTOF":"Byzantine Empire"},"geometry":{"type":"MultiPolygon","coordinates":[[[[15.44861,41.85673],[15.59799,41.07976],[15.76654,40.5741],[15.6662,40.09186],[15.75702,39.93363],[15.82467,39.66063],[15.98955,39.42835],[16.08256,39.01247],[16.17721,38.93099],[16.21223,38.77795],[16.15221,38.70127],[15.98985,38.73476],[15.8273,38.62273],[15.93347,38.53992],[15.79087,38.2964],[15.62658,38.23308],[15.62748,38.00421],[15.71023,37.94144],[15.78524,37.90971],[16.05294,37.93117],[16.33069,38.32074],[16.572,38.45712],[16.5222,38.72502],[16.61333,38.82733],[16.7977,38.92586],[17.09469,38.91502],[17.18071,39.02221],[17.121,39.08602],[17.10742,39.28047],[17.14907,39.4218],[16.5321,39.69751],[16.53501,39.83157],[16.62385,39.96775],[16.60441,40.08991],[16.72756,40.1836],[16.84413,40.36314],[16.94871,40.48109],[17.08408,40.52511],[17.2428,40.49576],[17.20417,40.39794],[17.40165,40.29193],[17.61915,40.28784],[17.8496,40.2435],[17.96775,40.16689],[18.01707,39.94789],[18.16013,39.87313],[18.36492,39.74672],[18.52265,40.09413],[18.38361,40.30775],[18.05994,40.51353],[18.03392,40.59665],[17.31927,40.92925],[16.94596,41.09381],[16.42027,41.27872],[15.99104,41.40614],[15.87325,41.50214],[15.98915,41.63465],[16.19841,41.74567],[16.18741,41.84086],[16.01284,41.90432],[15.44861,41.85673]]],[[[20.09083,39.60253],[20.21181,39.40493],[20.67775,39.08042],[20.90115,39.06173],[21.00718,39.11299],[21.15952,39.00483],[21.10469,38.92178],[21.00651,38.87054],[20.8926,38.89583],[20.77183,38.85093],[21.1724,38.34784],[21.36446,38.41201],[21.66126,38.43811],[21.82647,38.46396],[22.33374,38.42671],[22.87564,38.2046],[23.11635,38.15739],[22.89866,37.99755],[22.74721,37.95261],[21.99669,38.25078],[21.90577,38.26974],[21.7145,38.13544],[21.44045,38.17952],[21.22843,37.90491],[21.22113,37.8284],[21.29635,37.72654],[21.51731,37.53576],[21.61371,37.41485],[21.6265,37.30652],[21.53144,37.11515],[21.58817,36.98144],[21.78092,36.82254],[21.98417,37.02048],[22.19141,36.85524],[22.3903,36.52437],[22.52445,36.72213],[22.67355,36.75428],[22.98255,36.61475],[22.88689,37.04668],[22.79311,37.13856],[22.81335,37.21205],[22.72624,37.28851],[22.63875,37.49229],[22.64232,37.58487],[22.71329,37.54343],[22.94207,37.51839],[23.02535,37.47984],[22.97098,37.38532],[23.10956,37.34664],[23.18579,37.37483],[23.18498,37.42733],[23.41812,37.46934],[23.31216,37.54811],[23.32171,37.63738],[23.22055,37.60183],[23.15138,37.59012],[23.04887,37.64263],[23.03997,37.85797],[22.89806,37.89999],[22.98061,37.95777],[23.19584,38.00504],[23.41926,38.06808],[23.4957,38.06808],[23.63415,37.87898],[23.73368,37.85786],[23.83551,37.68464],[23.91818,37.68464],[23.9873,37.76343],[23.88002,38.11536],[23.96699,38.15213],[23.96074,38.20991],[23.80395,38.34651],[23.55577,38.35176],[23.49384,38.48313],[23.35616,38.4895],[23.191,38.61034],[23.16949,38.66704],[23.0998,38.6723],[22.98423,38.66704],[22.89937,38.76689],[22.72329,38.79317],[22.60231,38.85624],[22.4905,38.87685],[22.78421,38.94033],[22.87106,39.02435],[22.83488,39.16636],[22.76606,39.20279],[22.72026,39.28727],[22.85085,39.36613],[22.9813,39.32933],[23.04525,39.2715],[23.09981,39.18739],[23.05192,39.10329],[23.1585,39.14008],[23.23608,39.20316],[23.07417,39.41345],[22.81343,39.60274],[22.75447,39.81835],[22.6951,39.83448],[21.58163,39.68919],[20.09083,39.60253]]],[[[22.49207,40.49829],[22.70125,40.57745],[22.76997,40.66717],[22.85195,40.65134],[22.87546,40.59632],[22.8639,40.53523],[22.74806,40.48247],[22.96016,40.31471],[23.14114,40.26615],[23.21478,40.18177],[23.27631,40.04992],[23.26053,39.97087],[23.59689,39.93405],[23.63859,39.96034],[23.59219,40.00246],[23.43647,40.04465],[23.36684,40.10793],[23.25906,40.22923],[23.29314,40.24506],[23.29176,40.28726],[23.34908,40.28198],[23.44249,40.25561],[23.59577,40.19232],[23.79603,39.98665],[23.90662,39.9972],[23.92011,40.0552],[23.86866,40.16067],[23.80366,40.15539],[23.65175,40.22923],[23.6588,40.28726],[23.62723,40.34528],[23.72217,40.34824],[23.77477,40.39276],[24.04778,40.30836],[24.05478,40.26088],[24.22064,40.14485],[24.29535,40.17649],[23.9237,40.45081],[23.78517,40.47719],[23.70906,40.63004],[23.63298,40.71317],[23.6347,40.77275],[23.74839,40.80443],[23.88595,40.73289],[24.02516,40.74636],[24.21906,40.82968],[24.3543,40.97096],[24.50495,40.98407],[24.51913,40.87307],[24.70066,40.87834],[24.81212,40.93342],[25.01893,41.01715],[25.04632,40.95227],[25.30111,40.89594],[25.99288,40.85246],[26.02072,40.66932],[26.12404,40.60285],[26.41806,40.57782],[26.45484,40.58431],[26.55648,40.49829],[26.45755,40.43497],[26.19482,40.30307],[26.2228,40.22396],[26.21429,40.16067],[26.14089,40.04465],[26.25516,40.08156],[26.37586,40.21341],[26.51394,40.28197],[26.61357,40.39804],[26.88893,40.52468],[27.26376,40.66717],[27.31305,40.78991],[27.47417,40.96283],[27.93218,40.95755],[28.02637,41.02621],[28.17331,41.0579],[28.59615,40.94699],[28.82781,40.9147],[28.96445,40.98924],[29.0811,41.20051],[29.01237,41.25483],[28.74022,41.32483],[28.37146,41.43313],[28.1044,41.59297],[28.06984,41.62497],[28.01818,41.75321],[28.0262,41.88238],[27.91795,41.97767],[27.91341,42.0781],[27.73771,42.247],[27.72253,42.31622],[27.60787,42.41678],[27.4947,42.4009],[23.73069,42.17536],[23.26716,42.04894],[22.49207,40.49829]]],[[[23.46689,35.31791],[23.51313,35.27596],[23.56772,35.25498],[23.78559,35.26285],[24.0132,35.21041],[24.32436,35.20779],[24.69007,35.09244],[24.71564,35.03477],[24.69347,34.94047],[25.59072,35.01642],[25.74174,35.00885],[25.89868,35.04526],[26.16049,35.02428],[26.24267,35.14487],[26.23604,35.22876],[26.27351,35.31266],[26.16883,35.24711],[26.09935,35.21565],[26.06415,35.23925],[25.93549,35.21304],[25.78897,35.137],[25.7418,35.137],[25.66847,35.18682],[25.71353,35.32701],[25.67321,35.34937],[25.51164,35.29477],[25.0136,35.36248],[24.99748,35.42102],[24.76857,35.42803],[24.38828,35.37297],[24.2296,35.39132],[24.2197,35.449],[24.17774,35.46999],[24.07332,35.4962],[24.09146,35.5198],[24.13582,35.52243],[24.15268,35.56438],[24.08186,35.61158],[24.03326,35.59847],[24.039,35.56176],[23.95681,35.52767],[23.87945,35.55242],[23.74288,35.56176],[23.73368,35.62732],[23.69666,35.69812],[23.66513,35.66666],[23.67147,35.57225],[23.52944,35.56963],[23.46689,35.31791]]]]}},{"type":"Feature","properties":{"NAME":"Khundzi","ABBREVN":"Khundzi","INFO_UR":null,"SUBJECTO":"Khundzi","BORDERPRECISION":1,"PARTOF":"Khundzi"},"geometry":{"type":"MultiPolygon","coordinates":[[[[46.41416,42.0723],[47.47982,42.5947],[47.92255,42.16492],[46.82062,41.74336],[46.41416,42.0723]]]]}},{"type":"Feature","properties":{"NAME":"Tashir","ABBREVN":"Tashir","INFO_UR":null,"SUBJECTO":"Tashir","BORDERPRECISION":1,"PARTOF":"Tashir"},"geometry":{"type":"MultiPolygon","coordinates":[[[[44.81147,41.34979],[46.11114,41.00801],[46.49478,40.59314],[46.78447,40.4503],[46.54959,40.01397],[45.62572,40.52176],[44.47481,40.81275],[44.81147,41.34979]]]]}},{"type":"Feature","properties":{"NAME":"Arran","ABBREVN":"","INFO_UR":null,"SUBJECTO":"Arran","BORDERPRECISION":1,"PARTOF":"Arran"},"geometry":{"type":"MultiPolygon","coordinates":[[[[46.47521,40.77718],[46.42432,40.93411],[46.53424,40.94276],[46.53001,40.93116],[46.81578,40.8779],[46.87251,40.85605],[46.8738,40.84698],[48.08022,40.07091],[48.3387,39.94615],[48.37319,39.96656],[47.9393,39.67433],[47.12896,39.66529],[47.06241,40.44136],[46.78447,40.4503],[46.49478,40.59314],[46.47521,40.77718]]]]}},{"type":"Feature","properties":{"NAME":"Artsakh","ABBREVN":"","INFO_UR":null,"SUBJECTO":"Artsakh","BORDERPRECISION":1,"PARTOF":"Artsakh"},"geometry":{"type":"MultiPolygon","coordinates":[[[[46.85868,40.44791],[47.06241,40.44136],[47.12896,39.66529],[47.81747,39.67297],[46.52738,38.931],[46.14828,39.68919],[45.86438,40.39058],[46.54959,40.01397],[46.78447,40.4503],[46.85868,40.44791]]]]}},{"type":"Feature","properties":{"NAME":"Durdzuks","ABBREVN":"Durdzuks","INFO_UR":null,"SUBJECTO":"Durdzuks","BORDERPRECISION":1,"PARTOF":"Durdzuks"},"geometry":{"type":"MultiPolygon","coordinates":[[[[47.47982,42.5947],[46.41416,42.0723],[45.9389,42.45691],[47.09914,42.96423],[47.47982,42.5947]]]]}},{"type":"Feature","properties":{"NAME":"Leks","ABBREVN":"Leks","INFO_UR":null,"SUBJECTO":"Leks","BORDERPRECISION":1,"PARTOF":"Leks"},"geometry":{"type":"MultiPolygon","coordinates":[[[[47.74498,41.16268],[46.77176,41.72467],[47.92255,42.16492],[48.40756,41.67373],[47.87792,41.16768],[47.84926,41.17912],[47.74498,41.16268]]]]}},{"type":"Feature","properties":{"NAME":"Kakheti-Hereti","ABBREVN":"","INFO_UR":null,"SUBJECTO":"Kakheti-Hereti","BORDERPRECISION":1,"PARTOF":"Kakheti-Hereti"},"geometry":{"type":"MultiPolygon","coordinates":[[[[45.86843,42.06288],[46.22154,42.22818],[46.82062,41.74336],[46.77176,41.72467],[47.74498,41.16268],[46.84888,41.02142],[46.86119,40.93531],[46.57307,41.04935],[46.53424,40.94276],[46.42432,40.93411],[46.47521,40.77718],[46.49478,40.59314],[46.11114,41.00801],[45.77373,41.09788],[45.86843,42.06288]]]]}},{"type":"Feature","properties":{"NAME":"Emirate of Tiflis","ABBREVN":"Emirate of Tiflis","INFO_UR":null,"SUBJECTO":"Emirate of Tiflis","BORDERPRECISION":1,"PARTOF":"Emirate of Tiflis"},"geometry":{"type":"MultiPolygon","coordinates":[[[[45.33604,41.21447],[44.89118,41.32923],[45.43193,41.459],[45.51495,41.70809],[45.83234,41.69511],[45.77373,41.09788],[45.33604,41.21447]]]]}},{"type":"Feature","properties":{"NAME":"Alans","ABBREVN":"Alans","INFO_UR":null,"SUBJECTO":"Alans","BORDERPRECISION":1,"PARTOF":"Alans"},"geometry":{"type":"MultiPolygon","coordinates":[[[[45.97922,42.42428],[45.29401,42.36979],[45.25984,42.43852],[43.62539,42.81632],[43.0577,43.02615],[42.4784,43.13325],[42.40003,44.30604],[46.06417,43.96891],[47.09914,42.96423],[45.9389,42.45691],[45.97922,42.42428]]]]}},{"type":"Feature","properties":{"NAME":"Kingdom of Georgia","ABBREVN":"Georgia","INFO_UR":null,"SUBJECTO":"Kingdom of Georgia","BORDERPRECISION":1,"PARTOF":"Kingdom of Georgia"},"geometry":{"type":"MultiPolygon","coordinates":[[[[44.02926,41.12236],[43.32501,40.95334],[42.69293,40.70051],[42.67113,40.65933],[41.51626,41.46201],[41.66611,41.72915],[41.68047,41.79334],[41.65184,42.12064],[41.50272,42.60848],[41.40974,42.78824],[41.12255,43.01909],[40.96934,43.07666],[40.55709,43.14659],[40.25162,43.26818],[39.73795,43.63404],[43.0577,43.02615],[43.62539,42.81632],[45.25984,42.43852],[45.29401,42.36979],[45.97922,42.42428],[46.22154,42.22818],[45.86843,42.06288],[45.83234,41.69511],[45.51495,41.70809],[45.43193,41.459],[44.89118,41.32923],[44.81147,41.34979],[44.55202,40.93592],[44.02926,41.12236]]]]}},{"type":"Feature","properties":{"NAME":"Goghtn","ABBREVN":"Goghtn","INFO_UR":null,"SUBJECTO":"Goghtn","BORDERPRECISION":1,"PARTOF":"Goghtn"},"geometry":{"type":"MultiPolygon","coordinates":[[[[44.65482,39.73798],[45.5396,39.54767],[46.02596,38.82061],[45.54743,38.92001],[44.65482,39.73798]]]]}},{"type":"Feature","properties":{"NAME":"Armenia","ABBREVN":"Armenia","INFO_UR":null,"SUBJECTO":"Seljuk Empire","BORDERPRECISION":1,"PARTOF":"Armenia"},"geometry":{"type":"MultiPolygon","coordinates":[[[[45.54743,38.92001],[46.24587,38.77493],[46.51251,38.96072],[46.82249,38.34077],[46.90677,37.91938],[46.82249,37.66655],[45.5162,37.03448],[44.84199,36.78165],[44.46274,36.82379],[42.01872,38.13008],[41.0074,38.34077],[41.80803,38.67787],[42.01872,39.18353],[42.31369,39.98416],[42.69293,40.70051],[43.32501,40.95334],[44.02926,41.12236],[44.55202,40.93592],[44.47481,40.81275],[44.5882,40.78408],[44.52394,39.85792],[45.54743,38.92001]],[[45.44746,37.93242],[45.4873,38.07295],[45.4584,38.17344],[45.35693,38.26426],[45.10557,38.26426],[45.02598,38.19272],[45.01543,38.14438],[45.17119,38.14385],[45.18818,38.10786],[45.15547,38.04453],[45.08027,37.9876],[45.08701,37.8854],[45.23418,37.76367],[45.29248,37.43804],[45.36455,37.22661],[45.44854,37.14946],[45.53555,37.13486],[45.6125,37.21172],[45.66279,37.28813],[45.83115,37.34053],[45.85771,37.42646],[45.75498,37.57773],[45.74668,37.70117],[45.66631,37.74189],[45.4832,37.75356],[45.43594,37.8062],[45.44746,37.93242]],[[43.23457,38.40723],[43.31836,38.48872],[43.28711,38.548],[43.18643,38.60313],[43.20996,38.71592],[43.29189,38.81279],[43.38281,38.83608],[43.53105,38.89751],[43.61074,38.94702],[43.56016,38.97764],[43.43594,38.98784],[43.15215,38.94756],[43.0752,38.91611],[43.0876,38.8814],[43.12646,38.88184],[43.15879,38.86899],[43.16279,38.84619],[43.07939,38.80933],[42.72285,38.78208],[42.52598,38.74517],[42.45801,38.69219],[42.4584,38.64277],[42.43398,38.6105],[42.36455,38.54854],[42.35313,38.4998],[42.53848,38.4897],[42.6833,38.45654],[42.78096,38.45859],[42.85645,38.48374],[42.88223,38.47681],[42.91162,38.42612],[42.92275,38.39004],[42.98867,38.34561],[43.0877,38.32607],[43.14766,38.33662],[43.23457,38.40723]]]]}},{"type":"Feature","properties":{"NAME":"Syunik","ABBREVN":"Syunik","INFO_UR":null,"SUBJECTO":"Syunik","BORDERPRECISION":1,"PARTOF":"Syunik"},"geometry":{"type":"MultiPolygon","coordinates":[[[[46.02596,38.82061],[45.5396,39.54767],[44.65482,39.73798],[44.52394,39.85792],[44.5882,40.78408],[45.62572,40.52176],[45.86438,40.39058],[46.14828,39.68919],[46.51251,38.96072],[46.24587,38.77493],[46.02596,38.82061]],[[45.15332,40.40356],[45.1835,40.38525],[45.24844,40.19746],[45.27588,40.16382],[45.3127,40.14883],[45.54316,40.15552],[45.60762,40.17217],[45.65137,40.19497],[45.65918,40.21543],[45.65576,40.24268],[45.60195,40.31826],[45.37295,40.47915],[45.31084,40.48828],[45.2417,40.51021],[45.09531,40.59033],[45.01455,40.61436],[44.98623,40.61157],[44.98887,40.58232],[44.97227,40.54233],[44.98965,40.51499],[45.09531,40.46108],[45.15332,40.40356]]]]}},{"type":"Feature","properties":{"NAME":"Cuman-Kipchak confederation","ABBREVN":"","INFO_UR":null,"SUBJECTO":"Cuman-Kipchak confederation","BORDERPRECISION":1,"PARTOF":"Cuman-Kipchak confederation"},"geometry":{"type":"MultiPolygon","coordinates":[[[[32.50324,45.4451],[32.5753,45.36108],[32.64345,45.38063],[32.92629,45.38767],[33.01349,45.38137],[33.39787,45.25268],[33.51667,45.12351],[33.55938,44.93614],[33.4595,44.73158],[34.29137,44.68231],[34.37224,44.75718],[34.61416,44.84147],[35.06732,44.86172],[35.38666,45.08192],[35.59956,45.10174],[35.79349,45.05023],[35.8484,45.44493],[35.54622,45.37989],[35.31668,45.32118],[35.06342,45.3401],[34.99001,45.45002],[35.0319,45.53427],[35.00805,45.61195],[34.12726,46.0639],[33.83908,46.19305],[34.06422,46.26487],[34.49565,46.2787],[34.69235,46.25313],[34.90681,46.27302],[35.04637,46.35765],[35.21237,46.63714],[35.4161,46.49469],[35.62433,46.52106],[35.85056,46.66439],[36.35397,46.7758],[36.86456,46.80929],[37.19263,46.89442],[37.42214,47.07688],[37.85925,47.10374],[38.80025,47.22917],[39.15985,47.26889],[39.19409,47.24295],[39.28236,47.07403],[38.72274,46.87792],[38.40109,46.72135],[38.03186,46.66868],[37.8666,46.65536],[37.7571,46.60319],[37.97017,46.44128],[38.26491,46.31856],[38.45898,46.07891],[38.33244,46.04681],[39.76022,45.43475],[39.12151,44.07176],[39.73795,43.63404],[42.4784,43.13325],[42.40003,44.30604],[46.06417,43.96891],[47.47982,42.5947],[47.92255,42.16492],[48.2217,42.27937],[48.13178,42.40525],[47.96993,42.59409],[47.84404,42.62106],[47.79009,42.85485],[47.73614,42.89981],[47.5653,43.00771],[47.58328,43.18755],[47.65521,43.27747],[47.60126,43.32243],[47.57429,43.50226],[47.6732,43.66412],[47.73614,43.86194],[47.66421,43.85295],[47.61026,43.75404],[47.5653,43.60117],[47.52034,43.51126],[47.49336,43.58319],[47.53832,43.67311],[47.5653,43.84396],[47.43941,44.03278],[47.33151,44.18565],[47.2236,44.20363],[47.14268,44.33851],[46.99881,44.35649],[46.84595,44.44641],[46.80998,44.53633],[46.87292,44.6802],[47.02578,44.7881],[47.16965,44.86004],[47.25058,44.98592],[47.39445,45.17475],[47.5563,45.4535],[47.65521,45.54342],[47.60126,45.66031],[47.62824,45.73225],[47.6732,45.75023],[47.75412,45.71426],[47.87102,45.6783],[48.01489,45.71426],[48.30263,45.76821],[48.63533,45.97503],[48.77021,45.88511],[48.83315,45.92108],[48.83315,46.08293],[48.8871,46.08293],[49.05794,46.13688],[49.23778,46.26277],[49.3132,46.35269],[49.53451,46.54152],[49.72335,46.53252],[49.94814,46.5595],[50.27185,46.68539],[50.63152,46.91018],[50.82035,46.91918],[51.11708,47.06305],[51.36886,47.09002],[51.67458,47.03607],[51.79148,47.00909],[51.93535,46.8922],[52.14216,46.83825],[52.37595,46.87422],[52.46587,46.91018],[52.55579,46.98212],[53.02336,46.91918],[53.18522,46.86523],[53.23018,46.73035],[53.25597,46.70455],[57.41921,49.04893],[59.65547,45.91416],[59.70576,46.02212],[59.67773,46.13691],[59.57168,46.25859],[59.52266,46.3272],[59.53076,46.34268],[59.54883,46.34478],[59.57695,46.3335],[59.69883,46.3313],[59.74941,46.32212],[59.77891,46.30146],[59.80078,46.25454],[59.81543,46.1814],[59.81084,46.12607],[59.7874,46.08853],[59.80488,46.07134],[59.86348,46.07451],[60,46.11457],[60,56.22977],[55.70906,57.19767],[54.18215,52.27838],[51.6867,52.04729],[46.22354,52.56488],[45.37934,52.84915],[43.26667,54.00301],[43.24905,54.04741],[41.41808,53.29867],[37.89882,54.03369],[37.83982,53.98376],[37.7583,53.16856],[37.06538,53.16856],[36.65778,51.94576],[36.20942,51.78272],[33.37819,49.04841],[35.19743,48.4681],[35.22678,47.56526],[34.17044,47.50583],[33.78898,47.04795],[32.96739,47.02796],[33.1141,46.56595],[32.51644,46.12558],[33.33253,46.16611],[33.52795,46.13406],[33.63884,45.92677],[33.53946,45.87471],[33.19165,45.78978],[32.90226,45.67258],[32.50324,45.4451]],[[41.68217,47.41656],[41.73352,47.64934],[42.1003,47.72341],[42.4304,47.57516],[42.32771,47.31719],[41.68217,47.41656]]],[[[59.775,45.74008],[59.81119,45.68924],[60,45.65267],[60,45.91033],[59.88262,45.92061],[59.84727,45.9147],[59.8293,45.90229],[59.84199,45.85791],[59.82334,45.83496],[59.81836,45.79585],[59.79268,45.77788],[59.775,45.74008]]]]}},{"type":"Feature","properties":{"NAME":"Icelandic Commonwealth","ABBREVN":"Iceland","INFO_UR":null,"SUBJECTO":"Icelandic Commonwealth","BORDERPRECISION":1,"PARTOF":"Icelandic Commonwealth"},"geometry":{"type":"MultiPolygon","coordinates":[[[[-24.21885,65.53374],[-24.16154,65.60662],[-23.97264,65.68711],[-23.57052,65.68057],[-23.26697,65.72486],[-23.42614,65.82667],[-23.60829,65.97963],[-23.46557,66.13343],[-23.3411,66.13366],[-22.91092,65.94441],[-22.6093,65.92308],[-22.47414,65.99638],[-22.56006,66.11319],[-22.84109,66.28104],[-22.67637,66.39131],[-22.20982,66.28955],[-21.77907,66.25373],[-21.44325,66.12992],[-21.24249,65.88182],[-21.29617,65.69941],[-21.49472,65.56797],[-21.07972,65.20545],[-20.83062,65.3656],[-20.67248,65.42405],[-20.38893,65.47545],[-20.16845,65.5559],[-20.14128,65.65057],[-20.21739,66.0006],[-19.97331,66.11073],[-19.74766,65.90653],[-19.55601,65.76826],[-19.336,65.67393],[-19.23918,65.66684],[-19.15589,65.72528],[-19.27453,65.9293],[-19.16544,66.00257],[-19.04412,66.01741],[-18.6763,66.0912],[-18.36903,65.8945],[-18.12793,65.78553],[-17.88377,65.75682],[-17.86104,65.83709],[-18.02248,66.07779],[-17.56967,66.01287],[-16.92214,65.97755],[-16.56799,66.02935],[-16.37569,66.13209],[-16.38522,66.45442],[-15.85989,66.41872],[-15.57399,66.20677],[-15.07075,66.06139],[-14.76334,66.05466],[-14.64068,65.94529],[-14.75407,65.69707],[-14.40011,65.56669],[-13.6469,65.49534],[-13.58979,65.43004],[-13.52557,65.18335],[-13.55737,65.00939],[-13.69419,64.77863],[-13.89342,64.72071],[-14.26032,64.71283],[-14.34812,64.66954],[-14.3659,64.47556],[-14.59754,64.26713],[-14.8212,64.19503],[-15.07681,64.2089],[-15.26654,64.28021],[-15.63414,64.05748],[-15.8765,63.99266],[-16.53384,63.78413],[-16.91754,63.73341],[-17.24438,63.73283],[-17.59146,63.68934],[-17.9441,63.42484],[-18.15692,63.36746],[-18.64186,63.32382],[-18.96079,63.33746],[-19.55309,63.41468],[-19.82675,63.4783],[-20.40395,63.69834],[-20.87988,63.74029],[-21.07912,63.71134],[-21.54751,63.71762],[-22.37291,63.77319],[-22.50659,63.86582],[-22.31134,63.95198],[-21.80411,64.11036],[-21.48847,64.37614],[-21.85671,64.38262],[-22.08618,64.43959],[-22.27861,64.6188],[-22.39242,64.6617],[-22.55359,64.62545],[-23.50831,64.55902],[-23.67458,64.65931],[-23.61117,64.7457],[-23.43667,64.80359],[-23.13565,64.84734],[-22.77842,64.8552],[-22.45029,64.90623],[-21.97829,64.95034],[-21.80916,65.03736],[-21.72895,65.18245],[-21.79376,65.29845],[-21.9548,65.37805],[-22.14649,65.38492],[-22.36159,65.44995],[-22.81372,65.4709],[-23.18324,65.42659],[-23.37423,65.35359],[-23.67845,65.3167],[-24.14689,65.43932],[-24.21885,65.53374]]]]}},{"type":"Feature","properties":{"NAME":"Papal States","ABBREVN":"Papal States","INFO_UR":null,"SUBJECTO":"Papal States","BORDERPRECISION":1,"PARTOF":"Papal States"},"geometry":{"type":"MultiPolygon","coordinates":[[[[11.96343,42.00474],[12.39485,41.72955],[12.64152,41.5311],[12.97678,41.37138],[13.27145,41.31424],[13.49839,41.30186],[13.76051,41.2067],[13.81319,41.3183],[13.97923,41.33491],[14.02904,41.40132],[13.96263,41.46774],[13.96263,41.51755],[13.92942,41.63378],[13.87961,41.63378],[13.87961,41.66699],[13.92942,41.75001],[13.863,41.78322],[13.863,41.75001],[13.68395,41.79134],[13.66562,41.70983],[13.62579,41.65445],[13.57635,41.74365],[13.43216,41.82353],[13.32641,41.91863],[13.14239,42.01155],[13.07922,42.11758],[13.10394,42.14813],[13.04901,42.1746],[12.96524,42.1349],[12.88421,42.14406],[12.88284,42.29763],[12.74277,42.38898],[12.60612,42.42295],[12.51205,42.38188],[12.45506,42.39811],[12.43652,42.46197],[12.50244,42.53892],[12.57523,42.56016],[12.60784,42.71927],[12.55188,42.76214],[12.59582,42.82764],[12.56973,42.89106],[12.46673,42.8981],[12.42554,42.94738],[12.42524,42.97803],[12.42004,42.972],[12.42279,42.94285],[12.3912,42.91319],[12.30949,42.91168],[12.24014,42.94788],[12.18731,42.94998],[12.1662,42.94081],[12.16937,42.91231],[12.18598,42.91231],[12.15277,42.69645],[12.16937,42.63004],[12.05314,42.53041],[12.06975,42.29795],[12.00333,42.24814],[12.01993,42.0987],[11.96343,42.00474]]],[[[12.32877,43.35991],[12.36305,43.33167],[12.40837,43.31094],[12.42451,43.27121],[12.47189,43.30569],[12.53677,43.26671],[12.56973,43.27071],[12.5869,43.2492],[12.5687,43.22769],[12.55907,43.18899],[12.5766,43.2342],[12.64252,43.2872],[12.84164,43.39507],[12.94876,43.42799],[13.03528,43.39008],[13.11905,43.43298],[13.14377,43.423],[13.20007,43.34516],[13.34289,43.33217],[13.41705,43.35215],[13.44864,43.3022],[13.4967,43.2862],[13.74417,43.29206],[13.75089,43.29343],[13.73156,43.37416],[13.65073,43.47351],[13.54153,43.4353],[13.33603,43.46563],[13.30513,43.54606],[13.34796,43.59917],[13.32667,43.61184],[13.25809,43.58275],[13.23904,43.59307],[13.23853,43.60401],[13.24419,43.61495],[13.26239,43.62017],[13.29723,43.61644],[13.33599,43.65204],[12.69723,43.93476],[12.38955,43.47464],[12.44888,43.44594],[12.32877,43.35991]]]]}},{"type":"Feature","properties":{"NAME":"Serbia","ABBREVN":"Serbia","INFO_UR":null,"SUBJECTO":"Serbia","BORDERPRECISION":1,"PARTOF":"Serbia"},"geometry":{"type":"Polygon","coordinates":[[[16.63981,43.38974],[16.99226,43.32272],[17.07509,43.22275],[17.59568,42.8889],[18.00137,42.69446],[18.24871,42.52744],[18.52864,42.35274],[18.9099,42.21779],[19.13554,41.99954],[19.14304,41.93209],[19.33847,41.86202],[19.45789,41.79808],[19.52026,41.78279],[19.87964,42.13967],[18.89974,42.48164],[18.88873,44.47077],[16.81725,44.8202],[16.8651,44.24474],[16.70148,43.84666],[16.71152,43.77133],[16.63981,43.38974]]]}}],"metadata":{"source":"historical-basemaps (aourednik)","sourceUrl":"https://github.com/aourednik/historical-basemaps","license":"GPL-3.0","commit":"62d8f1a03a71f2d3ff17f2d166f7553f256bce68","borderPrecision":"概略（出典が全境界を概略と宣言）"}}