{"type":"FeatureCollection","features":[{"type":"Feature","properties":{"NAME":"Cyprus","ABBREVN":"Cyprus","SUBJECTO":"Cyprus","BORDERPRECISION":1,"PARTOF":"Cyprus"},"geometry":{"type":"MultiPolygon","coordinates":[[[[33.7805,35.20814],[33.77267,35.12928],[33.92467,34.95323],[33.79196,34.95737],[33.73258,34.90862],[33.68582,34.93487],[33.53851,34.94416],[33.48394,34.79579],[33.13139,34.68034],[32.95862,34.65934],[32.91455,34.63573],[32.91452,34.54126],[32.81666,34.53864],[32.78414,34.62523],[32.60339,34.61473],[32.35718,34.68034],[32.27109,34.7197],[32.27098,34.81416],[32.1985,34.86139],[32.14372,35.04254],[32.18048,35.05831],[32.23446,35.01363],[32.30099,35.01626],[32.48312,35.15294],[32.59698,35.15557],[32.74495,35.11427],[32.77952,35.15294],[32.81907,35.28175],[32.79511,35.36061],[33.07748,35.31861],[33.37371,35.30648],[33.53904,35.3317],[33.90732,35.43685],[34.21734,35.57357],[34.45821,35.64456],[34.24465,35.51184],[34.04843,35.40793],[33.7805,35.20814]]]]}},{"type":"Feature","properties":{"NAME":"Denmark-Norway","ABBREVN":"DenmarkNorwa","SUBJECTO":"Denmark-Norway","BORDERPRECISION":1,"PARTOF":"Denmark-Norway"},"geometry":{"type":"MultiPolygon","coordinates":[[[[-24.21885,65.53374],[-24.14689,65.43932],[-23.67845,65.3167],[-23.37423,65.35359],[-23.18324,65.42659],[-22.81372,65.4709],[-22.36159,65.44995],[-22.14649,65.38492],[-21.9548,65.37805],[-21.79376,65.29845],[-21.72895,65.18245],[-21.80916,65.03736],[-21.97829,64.95034],[-22.45029,64.90623],[-22.77842,64.8552],[-23.13565,64.84734],[-23.43667,64.80359],[-23.61117,64.7457],[-23.67458,64.65931],[-23.50831,64.55902],[-22.55359,64.62545],[-22.39242,64.6617],[-22.27861,64.6188],[-22.08618,64.43959],[-21.85671,64.38262],[-21.48847,64.37614],[-21.80411,64.11036],[-22.31134,63.95198],[-22.50659,63.86582],[-22.37291,63.77319],[-21.54751,63.71762],[-21.07912,63.71134],[-20.87988,63.74029],[-20.40395,63.69834],[-19.82675,63.4783],[-19.55309,63.41468],[-18.96079,63.33746],[-18.64186,63.32382],[-18.15692,63.36746],[-17.9441,63.42484],[-17.59146,63.68934],[-17.24438,63.73283],[-16.91754,63.73341],[-16.53384,63.78413],[-15.8765,63.99266],[-15.63414,64.05748],[-15.26654,64.28021],[-15.07681,64.2089],[-14.8212,64.19503],[-14.59754,64.26713],[-14.3659,64.47556],[-14.34812,64.66954],[-14.26032,64.71283],[-13.89342,64.72071],[-13.69419,64.77863],[-13.55737,65.00939],[-13.52557,65.18335],[-13.58979,65.43004],[-13.6469,65.49534],[-14.40011,65.56669],[-14.75407,65.69707],[-14.64068,65.94529],[-14.76334,66.05466],[-15.07075,66.06139],[-15.57399,66.20677],[-15.85989,66.41872],[-16.38522,66.45442],[-16.37569,66.13209],[-16.56799,66.02935],[-16.92214,65.97755],[-17.56967,66.01287],[-18.02248,66.07779],[-17.86104,65.83709],[-17.88377,65.75682],[-18.12793,65.78553],[-18.36903,65.8945],[-18.6763,66.0912],[-19.04412,66.01741],[-19.16544,66.00257],[-19.27453,65.9293],[-19.15589,65.72528],[-19.23918,65.66684],[-19.336,65.67393],[-19.55601,65.76826],[-19.74766,65.90653],[-19.97331,66.11073],[-20.21739,66.0006],[-20.14128,65.65057],[-20.16845,65.5559],[-20.38893,65.47545],[-20.67248,65.42405],[-20.83062,65.3656],[-21.07972,65.20545],[-21.49472,65.56797],[-21.29617,65.69941],[-21.24249,65.88182],[-21.44325,66.12992],[-21.77907,66.25373],[-22.20982,66.28955],[-22.67637,66.39131],[-22.84109,66.28104],[-22.56006,66.11319],[-22.47414,65.99638],[-22.6093,65.92308],[-22.91092,65.94441],[-23.3411,66.13366],[-23.46557,66.13343],[-23.60829,65.97963],[-23.42614,65.82667],[-23.26697,65.72486],[-23.57052,65.68057],[-23.97264,65.68711],[-24.16154,65.60662],[-24.21885,65.53374]]],[[[4.98038,60.68924],[5.07547,60.59169],[5.25523,60.56414],[5.45583,60.59241],[5.55114,60.50889],[5.26178,60.32713],[5.09623,60.26413],[5.27905,60.12534],[5.52462,60.16753],[5.89406,60.16126],[5.80576,59.94925],[5.63173,59.88377],[5.54334,59.82426],[5.69405,59.75289],[5.9105,59.75289],[6.18539,59.82426],[5.9699,59.71127],[5.66655,59.6756],[5.74112,59.62804],[5.64617,59.58645],[5.44931,59.65776],[5.41856,59.51517],[5.38263,59.71127],[5.0866,59.50923],[5.17665,59.30741],[5.28259,59.27183],[5.35033,59.39049],[5.34384,59.2659],[5.52852,59.2659],[5.71715,59.33707],[5.68291,59.41423],[5.68047,59.50923],[5.7995,59.43204],[5.81591,59.31335],[6.11343,59.52705],[6.07625,59.42017],[5.8775,59.31335],[6.0203,59.25404],[6.23753,59.28369],[6.03258,59.20067],[5.77186,59.07622],[5.8223,59.01698],[5.9404,58.93408],[6.05055,58.98144],[6.26615,58.99329],[6.04116,58.95184],[5.98371,58.88672],[6.09355,58.79798],[5.79366,58.91632],[5.66579,58.82165],[5.62749,58.96368],[5.47465,58.97553],[5.531,58.88081],[5.39974,58.71518],[5.61548,58.45522],[5.87384,58.4316],[6.23133,58.27818],[6.65171,58.17205],[6.47912,58.08955],[6.64366,58.04241],[6.72566,58.13669],[6.87418,58.07775],[6.95864,57.97174],[7.90843,58.06598],[8.0302,58.06598],[8.15375,58.08955],[8.17524,58.17205],[8.92173,58.53789],[9.14589,58.65607],[9.37162,58.78615],[9.3462,58.84531],[9.69758,58.99922],[9.93762,58.94],[10.17234,58.98737],[10.21107,59.07029],[10.36334,59.21254],[10.42959,59.25997],[10.37863,59.36675],[10.40706,59.49735],[10.56974,59.5805],[10.63356,59.44985],[10.54927,59.37863],[10.65681,59.2244],[10.76894,59.11769],[10.82919,59.10584],[11.11205,59.16511],[11.17885,59.07029],[11.03924,58.9104],[11.14039,58.85122],[11.22136,58.30832],[11.40671,58.33127],[11.43109,58.20153],[11.61386,58.24735],[11.80189,58.17794],[11.70914,58.02474],[11.60984,57.80695],[11.73638,57.69821],[12.4879,58.56292],[12.42277,60.03878],[12.43586,60.2781],[12.54796,60.43387],[12.43103,60.62585],[12.17404,60.95641],[12.59738,61.02862],[12.79174,61.32995],[13.1549,62.02423],[15.04965,63.52576],[16.66071,63.75591],[17.73118,64.55876],[17.32975,64.82638],[18.53403,66.43208],[18.40022,67.23493],[18.95871,68.2937],[19.82121,69.36973],[19.57998,69.18106],[19.28917,69.21059],[18.98485,69.31544],[18.55324,69.24688],[18.31905,69.35938],[18.09735,69.058],[18.05155,69.02786],[17.92815,69.00508],[17.89471,69.03508],[17.56586,68.97437],[17.44891,68.887],[17.40691,68.77154],[17.03973,68.65853],[16.85476,68.55778],[17.12642,68.41608],[17.03327,68.33763],[16.71914,68.31136],[16.5219,68.3409],[16.64855,68.04575],[16.41161,67.87425],[16.23273,67.91109],[16.07106,68.04467],[15.91974,68.04897],[15.85421,67.92524],[15.57224,67.8207],[15.76182,67.67629],[15.74567,67.59729],[15.57994,67.58332],[15.3845,67.46444],[15.22666,67.50856],[14.97616,67.52294],[14.69915,67.37439],[14.56921,67.32934],[14.61647,67.24527],[14.77766,67.21653],[14.63927,67.12311],[14.37308,67.0931],[14.05474,66.97456],[13.85907,66.95945],[13.74719,66.9224],[13.99165,66.68746],[13.59203,66.65732],[13.38319,66.67895],[13.24208,66.56853],[13.16865,66.45834],[13.2554,66.39254],[13.4028,66.34882],[13.58101,66.18811],[13.15191,66.13613],[13.1088,66.03374],[13.08739,65.88041],[12.70906,65.90888],[12.47922,65.61703],[12.28409,65.43489],[12.49617,65.38447],[12.52645,65.10895],[12.22221,65.10115],[12.11214,65.12992],[11.89557,64.91273],[11.68973,64.77565],[11.46994,64.67464],[11.40654,64.61704],[11.50772,64.51672],[11.36406,64.41602],[11.2135,64.41574],[10.99662,64.49424],[10.8906,64.47251],[10.73985,64.38617],[10.06616,64.05551],[9.87006,63.87643],[9.83211,63.68362],[9.4409,63.49752],[9.21607,63.28356],[9.15422,63.31902],[8.9572,63.40404],[8.6059,63.3251],[8.47229,63.17552],[8.25797,63.05432],[8.23129,62.84141],[7.98916,62.94027],[7.60649,62.90406],[7.08818,62.9102],[6.98186,62.84614],[7.10156,62.70464],[7.54674,62.59925],[7.28926,62.48556],[6.98868,62.54157],[6.61296,62.58334],[6.53251,62.3357],[6.30839,62.28583],[6.05349,62.3348],[5.82363,62.17902],[5.56459,62.1503],[5.46967,62.0937],[5.42569,62.00926],[5.52818,61.93255],[5.71947,61.87955],[5.8339,61.81941],[5.79709,61.76991],[5.59242,61.7897],[5.14898,61.74088],[5.10115,61.69859],[5.14095,61.38956],[5.01831,61.30514],[5.11961,61.1371],[5.38705,61.02558],[5.10853,60.90611],[4.98038,60.68924]]],[[[8.03457,55.47591],[8.21404,55.3986],[8.31897,55.48107],[8.48134,55.34924],[8.55956,55.35612],[8.64507,55.06905],[8.6161,54.88736],[8.59599,54.76135],[8.74207,54.6078],[8.9506,54.41856],[8.85242,54.33165],[8.55395,54.27544],[8.58073,54.19369],[8.88401,54.22945],[8.96168,54.27591],[9.05618,54.3486],[9.13613,54.29772],[9.16521,54.31952],[9.21609,54.29045],[9.2597,54.30498],[9.29604,54.24683],[9.44141,54.24683],[9.44868,54.18869],[9.67401,54.18869],[9.73943,54.27591],[9.82665,54.27591],[9.8848,54.2541],[10.14173,54.33675],[10.06493,54.43389],[9.86481,54.4114],[9.97801,54.49015],[9.98669,54.59244],[9.86444,54.72629],[9.61026,54.88004],[9.42102,54.97648],[9.51782,55.12868],[9.51656,55.22307],[9.54387,55.35126],[9.63018,55.45941],[9.76074,55.5017],[9.69007,55.60487],[9.97575,55.62035],[10.00712,55.73039],[10.14715,55.76489],[10.22988,55.95089],[10.17516,56.07587],[10.29345,56.13707],[10.44248,56.1509],[10.49609,56.03363],[10.75067,56.09728],[10.88868,56.36875],[10.82582,56.44329],[10.31376,56.46947],[10.22968,56.60513],[10.21619,56.84985],[9.83462,56.88994],[9.37015,56.88227],[9.32206,56.71894],[9.31187,56.48112],[9.13585,56.46042],[9.0027,56.65716],[8.86858,56.61611],[8.67489,56.35775],[8.45224,56.4116],[8.30883,56.47921],[8.18343,56.43146],[8.12448,56.20748],[8.11661,56.09226],[8.31697,55.84891],[8.32003,55.76773],[8.12507,55.63583],[8.03457,55.47591]]],[[[8.18349,56.79848],[8.47093,56.59689],[8.50712,56.64727],[8.66598,56.70046],[8.77808,56.79848],[8.84702,56.98628],[8.97088,57.0003],[9.07855,57.03676],[9.14124,57.00871],[9.33376,57.02274],[9.503,56.97506],[10.25655,57.00591],[10.33329,57.17146],[10.46284,57.24166],[10.45073,57.45803],[10.40118,57.50588],[10.55806,57.74505],[10.47946,57.75913],[10.39014,57.66059],[10.28952,57.67186],[9.84926,57.58179],[9.44869,57.22761],[9.30242,57.16584],[8.6613,57.1041],[8.53404,57.14058],[8.35887,57.02274],[8.18349,56.79848]]],[[[11.10192,55.63367],[11.2301,55.33681],[11.2854,55.18857],[11.58478,55.16218],[11.76722,55.176],[11.96961,54.95419],[12.07697,54.99469],[12.30136,55.17028],[12.42972,55.24469],[12.15843,55.37909],[12.4091,55.54833],[12.46922,55.71063],[12.44405,55.96765],[12.23772,55.98757],[12.088,55.96698],[12.05262,55.70308],[11.96249,55.58126],[11.72805,55.66188],[11.56774,55.88478],[11.29626,55.67459],[11.10192,55.63367]]],[[[11.87662,57.32521],[12.00514,57.32521],[12.28862,56.87986],[12.52603,56.7804],[12.65748,56.61084],[12.78586,56.61668],[12.87158,56.51152],[12.80481,56.4012],[12.61544,56.43561],[12.65238,56.29553],[12.41441,56.24304],[12.69901,55.9051],[12.98587,55.66658],[12.85931,55.53292],[12.88756,55.45161],[12.80192,55.41677],[12.80237,55.35291],[13.30185,55.3007],[13.8233,55.42182],[14.1172,55.34711],[14.28635,55.51549],[14.12602,55.66658],[14.25893,55.89928],[14.49183,56.01804],[14.60523,55.98078],[14.65289,56.12062],[15.2208,56.08036],[15.49704,56.16724],[15.69623,56.06096],[15.77054,56.03321],[16.06315,56.39624],[15.42699,56.76574],[14.48498,56.6801],[14.17541,56.8128],[13.43245,56.52387],[13.22607,57.10173],[12.89586,56.97791],[12.73076,57.43194],[12.52438,57.39066],[12.318,57.67959],[11.87662,57.32521]]]]}},{"type":"Feature","properties":{"NAME":"England","ABBREVN":"England","SUBJECTO":"England","BORDERPRECISION":1,"PARTOF":"England"},"geometry":{"type":"MultiPolygon","coordinates":[[[[-6.34315,53.93964],[-6.4434,53.89938],[-6.33498,53.78598],[-6.17221,53.4392],[-6.04306,52.89309],[-6.07068,52.7666],[-6.23211,52.61333],[-6.3409,52.42706],[-6.40597,52.21444],[-6.48915,52.19436],[-6.61682,52.22066],[-6.8939,52.20665],[-6.96168,52.1112],[-7.37241,52.09211],[-7.75065,52.03271],[-7.86165,51.96809],[-8.15881,51.83964],[-8.56523,51.61545],[-8.84776,51.59982],[-9.24331,51.47263],[-9.81911,51.43455],[-9.79524,51.60463],[-9.83542,51.80326],[-10.21691,51.75835],[-10.29403,51.97763],[-9.96377,52.09211],[-10.49733,52.10165],[-10.46924,52.20665],[-9.89064,52.19443],[-9.80161,52.24108],[-9.784,52.34071],[-9.73572,52.48028],[-9.50399,52.54055],[-9.19263,52.55446],[-9.13429,52.6809],[-9.61569,52.63663],[-9.44156,52.83328],[-9.52576,52.90456],[-9.30935,53.11527],[-8.997,53.12044],[-8.92358,53.16058],[-9.00167,53.30038],[-9.15816,53.2207],[-9.29736,53.2798],[-9.44067,53.26621],[-9.6167,53.34588],[-9.80292,53.34535],[-9.88481,53.2974],[-10.15983,53.37412],[-10.02107,53.51186],[-10.15143,53.57564],[-9.8096,53.63242],[-9.87239,53.76772],[-9.69648,53.87342],[-9.91285,53.96956],[-10.17854,53.91187],[-10.15968,54.13307],[-9.89197,54.32558],[-9.47429,54.24131],[-9.32291,54.27507],[-9.08584,54.25819],[-8.59008,54.20285],[-8.68673,54.36411],[-8.30058,54.48935],[-8.21148,54.63392],[-8.82936,54.63392],[-8.76004,54.70143],[-8.50374,54.74964],[-8.47625,54.87985],[-8.34538,55.09528],[-8.11832,55.17663],[-7.75623,55.25273],[-7.65728,55.11683],[-7.49783,55.04974],[-7.22549,55.10419],[-6.99682,55.17202],[-6.6452,55.20643],[-6.45431,55.18655],[-6.27926,55.13969],[-6.11652,55.16022],[-6.01819,55.093],[-5.78489,54.73742],[-5.76368,54.65699],[-5.79993,54.52289],[-5.66151,54.32225],[-5.73139,54.17487],[-5.91215,54.02738],[-6.07171,53.97359],[-6.34315,53.93964]]],[[[-1.98196,55.58969],[-1.942,55.55607],[-1.71901,55.45374],[-1.66598,55.37959],[-1.69599,55.2725],[-1.55562,54.92161],[-1.38889,54.68048],[-1.19206,54.59536],[-0.8706,54.54717],[-0.6048,54.30016],[-0.2955,54.03317],[-0.23488,53.79938],[-0.31922,53.57891],[0.08102,53.38623],[0.17452,53.29306],[0.26785,53.12666],[0.25087,53.04005],[0.0055,52.78667],[0.32683,52.70748],[0.50467,52.84751],[0.74184,52.9012],[1.01266,52.88842],[1.37593,52.80924],[1.58571,52.65004],[1.69169,52.31142],[1.65687,52.21178],[1.51189,52.02576],[1.03129,51.81272],[0.68622,51.56039],[0.25417,51.4536],[0.80425,51.37827],[1.03007,51.35885],[1.18937,51.40547],[1.36468,51.3529],[1.33496,51.1207],[0.88602,50.98189],[0.88835,50.89267],[0.67257,50.93067],[0.19181,50.73128],[-0.33571,50.81671],[-0.83904,50.7218],[-1.10336,50.81671],[-1.37251,50.76627],[-2.08536,50.70282],[-2.02369,50.57001],[-2.43199,50.64589],[-2.55051,50.57001],[-2.96062,50.7218],[-3.11088,50.65736],[-3.52147,50.61743],[-3.56318,50.36143],[-3.71504,50.21934],[-3.88174,50.2004],[-4.00424,50.31406],[-4.24263,50.39146],[-4.3033,50.32354],[-4.54057,50.35795],[-4.96703,50.21225],[-5.28234,49.96382],[-5.42922,50.06785],[-5.77781,50.13412],[-5.23777,50.34629],[-5.01665,50.56052],[-4.81527,50.60417],[-4.60456,50.77875],[-4.55154,50.99716],[-4.44256,50.96866],[-4.27728,51.06367],[-4.28099,51.18724],[-3.82523,51.23478],[-3.483,51.18111],[-3.06604,51.17774],[-3.03315,51.32989],[-2.89466,51.39385],[-2.75015,51.64403],[-3.17275,51.46691],[-3.49912,51.45966],[-4.15933,51.67681],[-4.99896,51.7017],[-5.1786,51.78747],[-5.24876,51.86021],[-5.06146,52.00643],[-4.61908,52.09352],[-4.29466,52.20032],[-4.12361,52.37326],[-4.09387,52.74551],[-4.14755,52.8319],[-4.46832,52.8113],[-4.62135,52.83098],[-4.49188,52.99098],[-4.31754,53.09121],[-3.95672,53.20515],[-3.32954,53.23302],[-2.91448,53.26714],[-3.05674,53.51361],[-2.97954,53.82085],[-2.86532,54.02827],[-2.88594,54.16867],[-3.26147,54.14118],[-3.47927,54.2746],[-3.56923,54.41503],[-3.43041,54.64308],[-3.15253,54.83806],[-3.31929,54.88631],[-1.98196,55.58969]]]]}},{"type":"Feature","properties":{"NAME":"Scotland","ABBREVN":"Scottland","SUBJECTO":"Scottland","BORDERPRECISION":1,"PARTOF":"Scottland"},"geometry":{"type":"MultiPolygon","coordinates":[[[[-3.31929,54.88631],[-3.57668,54.92448],[-3.90768,54.78967],[-4.12161,54.76244],[-4.4607,54.8624],[-4.50027,54.77511],[-4.59991,54.68776],[-4.90252,54.73412],[-5.11142,54.79407],[-5.06665,54.94847],[-4.90999,55.11034],[-4.63836,55.42791],[-4.77052,55.48842],[-4.90776,55.66387],[-4.8951,55.77211],[-4.75843,55.81971],[-4.62329,55.90796],[-4.71072,56.13131],[-4.84837,56.09716],[-5.13463,55.89343],[-5.33355,55.87952],[-5.57017,55.75052],[-5.63306,55.93986],[-5.49702,56.17727],[-5.30011,56.42866],[-5.2707,56.54415],[-5.45825,56.63214],[-5.54658,56.65235],[-5.6445,56.51628],[-5.82168,56.4005],[-6.04355,56.47477],[-5.90896,56.73326],[-5.66593,56.93784],[-5.62529,56.99921],[-5.72634,57.25801],[-5.5616,57.29926],[-5.46064,57.38815],[-5.76297,57.61978],[-5.56846,57.77739],[-5.22997,57.70964],[-5.05559,57.75102],[-5.34593,58.09274],[-4.90713,58.16896],[-5.11271,58.39492],[-4.92556,58.56696],[-4.50985,58.40293],[-4.13889,58.44482],[-3.83055,58.50719],[-3.44054,58.52855],[-3.16501,58.5222],[-3.02839,58.40575],[-3.16637,58.27511],[-3.9432,57.95842],[-4.15046,57.83482],[-4.2485,57.63633],[-4.14843,57.55453],[-3.79582,57.54153],[-3.40082,57.57645],[-3.09264,57.57703],[-2.85398,57.54332],[-2.15036,57.57198],[-1.94463,57.40166],[-2.10781,57.21033],[-2.20316,57.06481],[-2.15895,57.01432],[-2.41314,56.71725],[-2.51475,56.66734],[-2.66714,56.471],[-2.98053,56.35358],[-3.15241,56.33682],[-2.94943,56.25301],[-2.72086,56.17819],[-2.77286,56.17131],[-2.89534,56.0855],[-3.16981,56.06211],[-3.29351,55.97391],[-3.89496,55.98507],[-3.71304,55.8847],[-3.57718,55.8847],[-3.35585,55.84269],[-3.16146,55.84568],[-2.9279,55.94603],[-2.74213,55.95719],[-2.54035,55.8847],[-2.24501,55.81097],[-1.98196,55.58969],[-3.31929,54.88631]]],[[[-5.75568,55.47727],[-5.68866,55.62812],[-5.51784,55.66802],[-5.4824,55.4427],[-5.62034,55.32952],[-5.69817,55.33073],[-5.75568,55.47727]]]]}},{"type":"Feature","properties":{"NAME":"Portugal","ABBREVN":"Portugal","SUBJECTO":"Portugal","BORDERPRECISION":1,"PARTOF":"Portugal"},"geometry":{"type":"MultiPolygon","coordinates":[[[[-7.4915,37.20816],[-7.60344,37.16298],[-7.83604,37.03225],[-8.03364,37.00879],[-8.28024,37.08858],[-8.54107,37.08858],[-8.66706,37.12144],[-8.99085,36.99001],[-9.01664,37.0698],[-8.84151,37.52515],[-8.85103,37.91018],[-8.93279,37.96184],[-8.82299,38.20607],[-8.8473,38.38457],[-8.78892,38.43598],[-8.85365,38.49964],[-9.23657,38.41745],[-9.28516,38.61947],[-9.06915,38.64296],[-8.94189,38.74192],[-8.96083,38.81846],[-9.04085,38.92018],[-9.17575,38.73223],[-9.36164,38.67115],[-9.5224,38.68994],[-9.54901,38.77452],[-9.45976,38.95308],[-9.39771,39.23036],[-9.41527,39.36668],[-9.29927,39.41774],[-9.11792,39.64403],[-8.91559,40.13815],[-8.96967,40.19002],[-8.69407,40.99217],[-8.85178,41.40783],[-8.85475,41.59685],[-8.92074,41.76702],[-8.80606,41.88918],[-8.40505,42.00214],[-8.15726,42.08704],[-7.91856,41.88917],[-7.09844,41.86795],[-6.85952,41.98491],[-6.7087,41.96004],[-6.58608,41.85792],[-6.51843,41.7491],[-6.1395,41.52644],[-6.11154,41.41746],[-6.24115,41.32048],[-6.79663,41.09283],[-6.83445,41.06054],[-6.85717,40.86158],[-6.82486,40.65657],[-6.88417,40.21403],[-6.85868,39.79192],[-6.87832,39.7024],[-7.0842,39.59907],[-7.30126,39.57871],[-7.431,39.52052],[-7.21144,39.29821],[-6.93338,38.96135],[-7.08942,38.7945],[-7.31734,38.49963],[-7.39388,38.29499],[-7.0281,38.23958],[-6.84478,38.10021],[-7.24251,37.8109],[-7.35144,37.64444],[-7.4915,37.20816]]]]}},{"type":"Feature","properties":{"NAME":"Papal States","ABBREVN":"Papal States","SUBJECTO":"Papal States","BORDERPRECISION":1,"PARTOF":"Papal States"},"geometry":{"type":"MultiPolygon","coordinates":[[[[11.13991,44.34027],[11.20111,44.14536],[11.20365,44.1588],[11.29112,44.17079],[11.30868,44.18537],[11.28935,44.22404],[11.45539,44.27385],[11.57162,44.22404],[11.55502,44.19083],[11.70445,44.22404],[11.68785,44.25725],[11.73766,44.35687],[11.80408,44.34027],[11.85389,44.35687],[11.90371,44.32366],[11.8871,44.25725],[11.90555,44.19574],[11.91497,44.20925],[11.97379,44.25471],[12.03164,44.33028],[12.04307,44.32831],[12.06449,44.30214],[12.10802,44.28833],[12.10318,44.2718],[12.17354,44.24326],[12.20894,44.25551],[12.20096,44.23009],[12.21876,44.21488],[12.26306,44.23156],[12.28747,44.22876],[12.3475,44.19189],[12.38261,44.22689],[12.4085,44.23508],[12.34508,44.30104],[12.28073,44.55012],[12.27601,44.63102],[12.26943,44.62969],[12.22381,44.58369],[12.17774,44.5642],[12.05478,44.55071],[12.02903,44.55948],[12.00207,44.59959],[11.99446,44.60037],[11.87963,44.57975],[11.8525,44.55594],[11.82749,44.56091],[11.78934,44.55484],[11.79043,44.5655],[11.77031,44.56542],[11.74962,44.58002],[11.78562,44.58505],[11.78665,44.60685],[11.80483,44.62419],[11.79546,44.63227],[11.79996,44.63459],[11.72702,44.65331],[11.72292,44.63583],[11.70037,44.63705],[11.68818,44.62987],[11.67254,44.63355],[11.63246,44.67295],[11.59273,44.7117],[11.58227,44.70772],[11.45515,44.75956],[11.40206,44.76735],[11.38835,44.77865],[11.35508,44.77035],[11.28664,44.71193],[11.25798,44.71201],[11.27255,44.74882],[11.25961,44.76682],[11.26537,44.78192],[11.28667,44.80283],[11.27424,44.80306],[11.25614,44.78858],[11.17312,44.60594],[11.28935,44.4565],[11.28935,44.37348],[11.13991,44.34027]]],[[[11.65869,44.95867],[11.72447,44.94427],[11.74432,44.95783],[11.787,44.96367],[11.81085,44.97827],[11.83875,44.9728],[11.84944,44.99734],[11.83468,45.01336],[11.8903,45.03035],[11.92738,44.99613],[12.00325,45.01239],[11.99913,44.99758],[12.02316,45.00705],[12.05955,44.97694],[12.0908,44.98908],[12.06779,45.00681],[12.07466,45.01894],[12.21664,44.97997],[12.13616,45.10406],[12.03654,45.13727],[12.05314,45.02104],[11.97012,45.03765],[11.8871,45.08746],[11.77087,45.07085],[11.65869,44.95867]]],[[[11.96343,42.00474],[12.39485,41.72955],[12.64152,41.5311],[12.97678,41.37138],[13.27145,41.31424],[13.49839,41.30186],[13.76051,41.2067],[13.81319,41.3183],[13.97923,41.33491],[14.02904,41.40132],[13.96263,41.46774],[13.96263,41.51755],[13.92942,41.63378],[13.87961,41.63378],[13.87961,41.66699],[13.92942,41.75001],[13.863,41.78322],[13.863,41.75001],[13.64715,41.79983],[13.64715,41.75001],[13.59733,41.79983],[13.56413,41.86624],[13.63054,41.93266],[13.63054,42.01568],[13.58073,42.04889],[13.58073,42.0987],[13.41469,42.19833],[13.4645,42.23153],[13.41469,42.36437],[13.54752,42.43079],[13.63054,42.53041],[13.71356,42.39758],[13.76338,42.46399],[13.82979,42.4806],[13.82979,42.56362],[13.92942,42.53041],[13.99583,42.61343],[14.0764,42.63378],[13.91509,42.87276],[13.79163,43.12334],[13.73156,43.37416],[13.65073,43.47351],[13.54153,43.4353],[13.33603,43.46563],[13.30513,43.54606],[13.34796,43.59917],[13.32667,43.61184],[13.25809,43.58275],[13.23904,43.59307],[13.23853,43.60401],[13.24419,43.61495],[13.26239,43.62017],[13.29723,43.61644],[13.33599,43.65204],[12.72892,43.92073],[12.72826,43.91954],[12.7323,43.9008],[12.72303,43.88063],[12.73393,43.87111],[12.72569,43.86251],[12.68191,43.8513],[12.68148,43.82784],[12.62175,43.82462],[12.58827,43.88379],[12.56424,43.88292],[12.56166,43.87067],[12.54089,43.86473],[12.51763,43.88082],[12.49935,43.8734],[12.4874,43.89647],[12.49376,43.91952],[12.5162,43.94074],[12.50593,43.9711],[12.51551,43.9863],[12.50804,43.9909],[12.43529,43.9567],[12.40395,43.95518],[12.41506,43.92944],[12.40827,43.92152],[12.40961,43.90193],[12.44013,43.90581],[12.46174,43.88827],[12.44579,43.87191],[12.40063,43.87278],[12.39412,43.86139],[12.39773,43.82611],[12.38262,43.81372],[12.367,43.81248],[12.35344,43.80071],[12.31583,43.80561],[12.28563,43.7952],[12.28992,43.78659],[12.28257,43.76516],[12.32705,43.75102],[12.36998,43.713],[12.36956,43.70656],[12.35575,43.70351],[12.32979,43.70427],[12.33628,43.67813],[12.33122,43.67358],[12.31571,43.67801],[12.32111,43.69426],[12.30963,43.73009],[12.301,43.71998],[12.30576,43.69791],[12.29949,43.68784],[12.2734,43.67603],[12.24442,43.68143],[12.2495,43.6689],[12.23998,43.66091],[12.1859,43.64241],[12.21383,43.61089],[12.13748,43.53161],[12.11371,43.52367],[12.11637,43.5024],[12.12953,43.49631],[12.13386,43.48117],[12.12159,43.47414],[12.21919,43.34402],[12.30221,43.34402],[12.30221,43.2776],[12.21919,43.22779],[12.15277,43.06175],[12.16937,42.91231],[12.18598,42.91231],[12.15277,42.69645],[12.16937,42.63004],[12.05314,42.53041],[12.06975,42.29795],[12.00333,42.24814],[12.01993,42.0987],[11.96343,42.00474]]],[[[12.28982,44.69593],[12.29382,44.68408],[12.37777,44.73153],[12.3639,44.75292],[12.30416,44.76251],[12.28982,44.69593]]]]}},{"type":"Feature","properties":{"NAME":"France","ABBREVN":"France","SUBJECTO":"France","BORDERPRECISION":1,"PARTOF":"France"},"geometry":{"type":"MultiPolygon","coordinates":[[[[-2.57648,47.32487],[-2.49371,47.24692],[-2.26375,47.18288],[-2.10948,47.12404],[-2.00465,47.0425],[-2.12966,46.85084],[-1.94248,46.7058],[-1.71073,46.44879],[-1.40267,46.40393],[-1.25606,46.30683],[-1.16598,46.18368],[-1.0752,46.01462],[-1.23651,45.80004],[-1.2474,45.68815],[-0.8547,45.32145],[-0.72849,45.01864],[-0.81423,45.12184],[-0.90036,45.29391],[-1.12344,45.43162],[-1.17519,45.5005],[-1.27551,45.12873],[-1.33178,44.61383],[-1.23032,44.73041],[-1.13585,44.6001],[-1.31438,44.55896],[-1.56141,43.52443],[-1.74607,43.36016],[-1.91458,43.30542],[-1.70239,43.19594],[-1.49138,43.20962],[-1.46565,43.15489],[-1.55767,43.04543],[-1.51513,42.99756],[-1.44755,42.98388],[-1.39727,43.03176],[-0.90735,42.8813],[-0.84002,42.90865],[-0.61198,42.73088],[-0.58679,42.76506],[-0.46884,42.75139],[-0.40991,42.78557],[-0.21614,42.7172],[-0.16563,42.64884],[0.17955,42.66252],[0.19627,42.60783],[0.34784,42.63517],[0.59192,42.62833],[0.58414,42.77189],[0.7442,42.77189],[1.30745,42.63517],[1.32046,42.60501],[1.45631,42.61895],[1.57717,42.64785],[1.75543,42.59672],[1.79169,42.57892],[1.73126,42.54554],[1.72824,42.501],[2.10289,42.61451],[2.27209,42.69006],[2.48056,42.68562],[2.48962,42.71892],[2.70112,42.73002],[2.825,42.84975],[2.94888,42.88297],[3.03927,42.86919],[3.0679,42.94456],[3.31787,43.19595],[3.47871,43.3121],[3.80747,43.46723],[4.0782,43.48709],[4.41676,43.34615],[4.64651,43.32087],[4.75059,43.35326],[4.90985,43.36644],[5.05182,43.3281],[5.43449,43.10366],[5.64655,43.03332],[5.82857,43.02082],[6.52301,43.15085],[6.92308,43.44767],[7.29762,43.6673],[7.39712,43.76409],[7.35515,43.90151],[6.92279,43.81504],[6.88573,43.90151],[6.95985,43.91386],[6.92279,43.97563],[6.99691,44.04975],[6.9722,44.0621],[6.93514,44.13622],[6.88573,44.14857],[6.83632,44.11151],[6.78691,44.19799],[6.78691,44.29681],[6.86978,44.34917],[6.8639,44.36262],[6.81427,44.37001],[6.79367,44.50336],[6.77977,44.53788],[6.78471,44.54378],[6.78292,44.54787],[6.92469,44.71502],[7.00347,44.71954],[6.9426,44.86865],[6.66532,44.95452],[6.50732,45.11571],[6.28043,45.19859],[6.24337,45.29742],[6.26807,45.32212],[6.21866,45.34683],[6.14454,45.32212],[6.08278,45.37154],[6.03336,45.33448],[6.05807,45.2233],[5.94689,45.26036],[5.93454,45.32212],[5.82336,45.39624],[5.60708,45.84658],[5.35667,45.87604],[5.35667,46.0528],[5.53343,46.00861],[5.53343,46.097],[5.26828,46.31795],[5.41559,46.52418],[5.64572,46.45672],[5.72493,46.47999],[5.73966,46.59783],[5.62554,46.64908],[5.64644,46.84981],[5.75702,46.88667],[5.79387,46.99724],[5.66729,47.10832],[5.73687,47.23356],[5.77862,47.35881],[5.79254,47.51189],[5.91778,47.59539],[5.82037,47.73455],[5.95953,47.80413],[5.95953,47.88229],[5.9333,47.86915],[5.86224,47.86074],[5.81451,47.87859],[5.8152,47.90392],[5.877,47.90346],[5.8873,47.94901],[5.86739,47.95498],[5.8564,47.98119],[5.84129,47.9582],[5.78842,47.96004],[5.82653,48.03746],[5.74894,48.03654],[5.72903,48.05789],[5.61333,48.05904],[5.54466,48.1221],[5.4966,48.12256],[5.4566,48.16849],[5.46432,48.18772],[5.50072,48.19882],[5.49248,48.21895],[5.53814,48.24434],[5.5481,48.27611],[5.52269,48.29256],[5.51651,48.32019],[5.53265,48.36515],[5.59891,48.38772],[5.63393,48.37336],[5.61436,48.32978],[5.69435,48.32887],[5.67341,48.3316],[5.67238,48.37541],[5.69916,48.39183],[5.64217,48.40687],[5.625,48.42647],[5.63187,48.44378],[5.70396,48.44788],[5.76199,48.50114],[5.83099,48.47315],[5.81657,48.45585],[5.82756,48.44674],[5.80284,48.42669],[5.85709,48.42282],[5.90927,48.45881],[5.89622,48.46632],[5.90618,48.51137],[5.87048,48.51479],[5.87872,48.55548],[5.85022,48.55502],[5.90034,48.60772],[6.00538,48.60983],[6.0152,48.65303],[6.0049,48.66016],[5.96111,48.64992],[5.95425,48.66421],[5.93193,48.66285],[5.92609,48.68801],[5.94272,48.70321],[5.84698,48.76949],[5.84129,48.75664],[5.83031,48.76468],[5.78464,48.73423],[5.72491,48.73264],[5.58311,48.68711],[5.55153,48.64924],[5.56732,48.60522],[5.55325,48.57888],[5.6123,48.54571],[5.62946,48.56411],[5.65041,48.55366],[5.63942,48.5423],[5.66792,48.51479],[5.64766,48.4736],[5.60234,48.45904],[5.57041,48.47201],[5.58758,48.48316],[5.57659,48.49158],[5.50896,48.48771],[5.48424,48.45972],[5.51685,48.44401],[5.51891,48.42487],[5.47325,48.44013],[5.41214,48.39912],[5.38296,48.42943],[5.4427,48.4818],[5.43892,48.53366],[5.40184,48.54798],[5.476,48.61226],[5.42793,48.63631],[5.3294,48.62202],[5.31017,48.60545],[5.35343,48.57365],[5.35515,48.55275],[5.31738,48.50978],[5.18177,48.53366],[5.19516,48.56502],[5.15877,48.57093],[5.12341,48.60113],[5.09148,48.60863],[5.0283,48.55843],[4.99329,48.60023],[5.01903,48.68008],[5.00736,48.70342],[5.02453,48.72336],[4.97818,48.77475],[4.90402,48.79578],[4.9387,48.86855],[4.92428,48.9119],[4.96479,48.93445],[5.10899,48.94979],[5.12444,48.96399],[5.08942,48.99374],[5.09354,49.00657],[5.15293,49.02234],[5.15018,49.03629],[5.13714,49.05317],[5.075,49.03697],[5.04307,49.048],[5.04204,49.07139],[4.98505,49.15432],[4.8666,49.16195],[4.82197,49.22971],[4.86591,49.25974],[4.92187,49.27139],[4.95621,49.25167],[5.05062,49.28259],[5.14503,49.2306],[5.17971,49.23935],[5.18211,49.26736],[5.28236,49.28752],[5.32219,49.2436],[5.30365,49.22029],[5.23567,49.20324],[5.2391,49.1835],[5.3112,49.16195],[5.30846,49.14399],[5.26794,49.16016],[5.22949,49.14264],[5.21233,49.10759],[5.16563,49.10085],[5.19653,49.07926],[5.25352,49.08331],[5.28236,49.05587],[5.31326,49.05857],[5.3009,49.08016],[5.32082,49.10579],[5.36888,49.11433],[5.41626,49.06442],[5.37643,49.05002],[5.35034,49.06847],[5.31052,49.02751],[5.35858,48.99689],[5.33386,48.96985],[5.39223,48.93603],[5.46638,48.93062],[5.44853,48.96309],[5.46364,48.98608],[5.42313,49.02076],[5.43755,49.03112],[5.57144,49.03742],[5.58723,49.02571],[5.67989,49.05608],[5.65672,49.10822],[5.57968,49.11074],[5.58037,49.13096],[5.64629,49.12152],[5.65021,49.12286],[5.62365,49.18261],[5.59753,49.19292],[5.59753,49.21625],[5.6353,49.23867],[5.64354,49.26153],[5.61882,49.30185],[5.64835,49.31214],[5.65521,49.3334],[5.63736,49.34772],[5.64096,49.36796],[5.55479,49.39679],[5.56831,49.41991],[5.5006,49.40887],[5.50094,49.40842],[5.47746,49.38698],[5.44737,49.40433],[5.41583,49.40047],[5.42862,49.41633],[5.38708,49.39857],[5.29713,49.4304],[5.38124,49.39098],[5.33094,49.36237],[5.37987,49.35465],[5.42999,49.36879],[5.49522,49.33474],[5.51376,49.29737],[5.47394,49.28505],[5.42519,49.29782],[5.40596,49.27609],[5.31944,49.32266],[5.31017,49.35756],[5.27584,49.36561],[5.20203,49.33541],[5.18143,49.37299],[5.08392,49.40383],[5.11208,49.41857],[5.10727,49.46232],[5.09285,49.46009],[5.05783,49.50403],[5.10023,49.53769],[5.20859,49.57469],[5.23361,49.56798],[5.16357,49.59269],[5.144,49.61738],[5.09697,49.62072],[5.0865,49.64385],[5.10993,49.68063],[5.09706,49.69712],[5.07208,49.69551],[5.07774,49.71738],[5.11173,49.73347],[5.12765,49.7131],[5.15925,49.71669],[5.17237,49.69334],[5.24302,49.68552],[5.28331,49.68884],[5.29259,49.70856],[5.27499,49.7116],[5.27567,49.70861],[5.26331,49.70639],[5.26123,49.71397],[4.83599,49.78721],[4.8527,49.7531],[4.78257,49.77328],[4.78202,49.79651],[4.25522,49.88724],[3.82033,50.03945],[3.48268,49.92046],[2.90727,49.94348],[2.67711,50.15062],[2.40091,50.19666],[2.14774,50.05856],[1.98662,50.08157],[1.98662,50.21967],[1.82551,50.24269],[1.79618,50.92141],[1.58892,50.82188],[1.5283,50.57773],[1.55199,50.22881],[1.41623,50.10984],[1.27452,50.0043],[0.52856,49.8258],[0.18937,49.68103],[0.11505,49.60228],[0.09037,49.51055],[0.33085,49.45496],[0.03287,49.33371],[-0.23936,49.28549],[-0.46495,49.35138],[-1.02319,49.39846],[-1.17714,49.33255],[-1.28866,49.52097],[-1.25097,49.69988],[-1.52425,49.65277],[-1.94128,49.7093],[-1.89154,49.52635],[-1.639,49.21961],[-1.57978,49.22901],[-1.56341,49.03624],[-1.58841,48.88095],[-1.57555,48.76814],[-1.45659,48.68355],[-1.59136,48.6375],[-1.85761,48.60837],[-1.87057,48.71174],[-1.99911,48.67696],[-1.75197,48.17821],[-2.01036,47.74565],[-2.57648,47.32487]],[[5.40047,49.22567],[5.40596,49.23822],[5.51582,49.23509],[5.41557,49.21625],[5.40047,49.22567]],[[5.43617,49.07791],[5.47256,49.12557],[5.45265,49.14713],[5.46432,49.1624],[5.56183,49.17856],[5.54535,49.16734],[5.55359,49.14039],[5.5014,49.12557],[5.52269,49.10849],[5.51857,49.09186],[5.44372,49.05587],[5.43617,49.07791]],[[5.58028,47.94406],[5.58921,47.96993],[5.60183,47.96619],[5.59204,47.93929],[5.58028,47.94406]],[[5.59736,47.98774],[5.62388,48.00078],[5.69409,47.98699],[5.59736,47.98774]],[[5.74516,48.6599],[5.75512,48.69697],[5.78628,48.71379],[5.80816,48.71249],[5.81065,48.69918],[5.81074,48.65287],[5.84644,48.64607],[5.7589,48.62031],[5.74516,48.6599]],[[5.81735,48.69753],[5.87193,48.70558],[5.85468,48.68756],[5.81735,48.69753]]],[[[5.34277,49.48535],[5.38742,49.45072],[5.41008,49.44938],[5.34277,49.48535]]],[[[5.47979,49.46799],[5.50532,49.45654],[5.51558,49.46172],[5.47979,49.46799]]],[[[5.81984,48.77429],[5.8388,48.77515],[5.83428,48.77828],[5.86153,48.79872],[5.83014,48.81308],[5.81984,48.77429]]],[[[5.84232,48.24068],[5.89622,48.23817],[5.84247,48.24984],[5.84232,48.24068]]],[[[5.85022,48.41166],[5.9206,48.36309],[5.95099,48.37052],[5.96542,48.43397],[5.96043,48.44697],[5.90172,48.44583],[5.90549,48.43216],[5.85022,48.41166]]],[[[5.85331,48.20042],[5.89622,48.18921],[5.90103,48.16357],[5.86292,48.15326],[5.85365,48.12577],[5.92232,48.11981],[5.97931,48.15967],[6.01501,48.14639],[6.03424,48.11637],[6.06136,48.13516],[6.07407,48.16517],[6.05587,48.17524],[6.0593,48.20454],[6.03733,48.23496],[6.01982,48.22902],[6.0181,48.20637],[5.95631,48.18921],[5.92747,48.20935],[5.90927,48.20134],[5.89622,48.23817],[5.90069,48.20797],[5.87254,48.2169],[5.85331,48.20042]]],[[[5.90052,47.92744],[5.95953,47.90447],[5.95953,47.93777],[5.94729,47.93969],[5.94987,48.00284],[5.93248,48.01732],[5.90704,48.00353],[5.92137,47.97286],[5.90052,47.92744]]],[[[6.01669,47.96871],[6.05695,47.95721],[6.0857,48.00515],[6.03355,47.99199],[6.03699,47.97407],[6.01669,47.96871]]],[[[6.11423,48.01974],[6.16317,47.99749],[6.16384,48.00348],[6.24384,48.00979],[6.24934,48.01545],[6.24755,48.05854],[6.19595,48.07705],[6.11423,48.01974]]]]}},{"type":"Feature","properties":{"NAME":"Venice","ABBREVN":"Venice","SUBJECTO":"Venice","BORDERPRECISION":1,"PARTOF":"Venice"},"geometry":{"type":"MultiPolygon","coordinates":[[[[9.50605,45.51484],[9.84642,45.70394],[9.92206,45.66612],[9.99769,45.40139],[10.57735,45.36008],[10.58035,45.36385],[10.58383,45.3829],[10.6385,45.38579],[10.66176,45.41903],[10.70243,45.42281],[10.70429,45.40219],[10.69599,45.38462],[10.72745,45.35839],[10.72029,45.35312],[10.82443,45.35312],[10.83205,45.28029],[10.84608,45.25688],[10.93558,45.23264],[10.93328,45.21409],[10.991,45.19605],[10.99835,45.1845],[10.99279,45.15302],[11.01046,45.14899],[11.02848,45.1589],[11.03182,45.1496],[11.05043,45.14989],[11.04172,45.14317],[11.04409,45.13401],[11.02857,45.12725],[11.04023,45.11429],[11.0747,45.09776],[11.09456,45.09964],[11.10187,45.11345],[11.12735,45.10291],[11.138,45.1238],[11.14674,45.12599],[11.2055,45.10942],[11.20365,45.09958],[11.22631,45.08285],[11.26837,45.09304],[11.31815,45.08855],[11.32193,45.07995],[11.35574,45.06988],[11.36003,45.05752],[11.40329,45.05327],[11.44604,45.06891],[11.54526,44.9835],[11.65869,44.95867],[11.77087,45.07085],[11.8871,45.08746],[11.97012,45.03765],[12.05314,45.02104],[12.03654,45.13727],[12.13616,45.10406],[12.21664,44.97997],[12.2374,44.97427],[12.26938,44.94225],[12.29324,44.92965],[12.28213,44.90759],[12.29398,44.86072],[12.29401,44.86068],[12.33842,44.85124],[12.35396,44.81621],[12.44308,44.77176],[12.39209,44.74839],[12.3639,44.75292],[12.37777,44.73153],[12.47604,44.78709],[12.52309,44.88275],[12.40899,44.98901],[12.32214,45.04237],[12.31251,45.17829],[12.17619,45.21429],[12.18037,45.27028],[12.25142,45.29028],[12.27974,45.40229],[12.48321,45.46231],[12.44816,45.39429],[12.89865,45.55837],[13.10461,45.58239],[13.15617,45.72652],[13.3677,45.69449],[13.60634,46.13214],[13.6211,46.42088],[13.72515,46.64641],[13.70909,46.83906],[13.58066,46.83906],[13.51644,46.99961],[13.29168,47.06382],[13.24935,47.05581],[13.24951,47.05188],[13.15503,47.03797],[13.08013,47.0238],[13.0727,47.0135],[13.06013,47.02001],[12.69768,46.95144],[12.58832,46.9562],[12.57523,46.93034],[12.60784,46.90712],[12.57729,46.90431],[12.53471,46.85385],[12.5069,46.85103],[12.51583,46.86841],[12.46056,46.86512],[12.45609,46.88507],[12.38811,46.86911],[12.32391,46.87991],[12.3373,46.92588],[12.32597,46.95167],[12.34314,46.96151],[12.42485,46.93807],[12.42313,46.89915],[12.45438,46.92612],[12.42554,46.94792],[12.50278,46.95237],[12.50301,46.95991],[12.32843,46.9675],[12.21781,46.88432],[12.07475,46.92751],[11.73965,46.75166],[11.90841,46.41413],[11.57089,46.24537],[11.57089,45.97535],[11.33462,46.00911],[11.23336,46.00911],[11.16586,45.73909],[10.92959,45.84034],[10.79458,45.63783],[10.65957,45.80659],[10.52456,45.73909],[10.45706,46.21162],[10.55832,46.31288],[10.55832,46.71791],[10.3957,46.88741],[10.33872,46.74835],[10.38919,46.65276],[10.37211,46.5663],[10.23034,46.58926],[10.15124,46.66186],[10.02365,46.6209],[9.98743,46.49805],[10.09711,46.43891],[9.99453,46.25248],[9.88496,46.40253],[9.67374,46.37979],[9.64205,46.32522],[9.54487,46.31158],[9.58169,45.89303],[9.69514,45.77957],[9.50605,45.51484]],[[12.85735,46.76021],[12.87267,46.81084],[12.90567,46.82268],[12.96584,46.78734],[12.93155,46.76409],[12.89943,46.7768],[12.85735,46.76021]],[[12.99065,46.71091],[13.00438,46.72551],[13.18256,46.72857],[13.21484,46.74857],[13.28642,46.75292],[13.28419,46.78255],[13.22548,46.83659],[13.31526,46.85432],[13.34375,46.87639],[13.4174,46.8474],[13.37654,46.75562],[13.31474,46.73121],[13.26024,46.73604],[13.20848,46.69667],[13.10429,46.68489],[13.09055,46.69855],[12.99065,46.71091]],[[13.01906,46.88877],[13.03734,46.89299],[13.04635,46.88014],[13.01906,46.88877]]],[[[13.52689,45.45431],[13.64359,45.17909],[13.67206,45.05036],[13.8951,44.75918],[13.99126,44.7831],[14.0604,44.8947],[14.18851,44.94255],[14.17461,45.01039],[14.23862,45.06235],[14.34855,45.30954],[14.33212,45.29503],[14.2586,45.14789],[14.20466,45.16226],[14.20618,45.21881],[14.18884,45.25882],[14.20449,45.29777],[14.0759,45.27623],[13.98981,45.41972],[14.12021,45.45232],[14.10717,45.45983],[14.00482,45.47048],[13.9262,45.54615],[13.8711,45.53774],[13.85942,45.54555],[13.88329,45.5601],[13.81097,45.60758],[13.84496,45.63115],[13.91865,45.64645],[13.94388,45.63853],[13.94405,45.62448],[13.9171,45.61362],[13.93281,45.60905],[14.07271,45.6165],[14.08507,45.6457],[14.02619,45.6454],[13.9916,45.66996],[13.96208,45.67008],[13.98127,45.68658],[13.80654,45.70242],[13.75278,45.70201],[13.74181,45.70829],[13.67318,45.71451],[13.79998,45.56637],[13.74909,45.49433],[13.52689,45.45431]]],[[[14.02645,45.56623],[14.05203,45.56923],[14.05289,45.58461],[14.02645,45.56623]]],[[[14.0952,45.61878],[14.12341,45.61148],[14.11097,45.6289],[14.0952,45.61878]]],[[[14.0976,45.53431],[14.1158,45.52686],[14.11443,45.50593],[14.13056,45.50665],[14.12644,45.52637],[14.15367,45.56912],[14.13954,45.58891],[14.0976,45.53431]]],[[[14.19537,45.48294],[14.20341,45.47312],[14.21939,45.47712],[14.21279,45.48635],[14.19537,45.48294]]],[[[15.49437,43.88844],[15.91284,43.65225],[16.05941,43.43348],[16.36675,43.51302],[16.54851,43.46131],[16.63981,43.38974],[16.71152,43.77133],[16.70148,43.84666],[16.18467,43.90756],[15.74978,44.09782],[15.49437,43.88844]]],[[[16.99226,43.32272],[17.07509,43.22275],[17.30407,43.07621],[17.32624,43.33677],[17.16316,43.39113],[17.05444,43.47268],[16.99226,43.32272]]]]}},{"type":"Feature","properties":{"NAME":null,"ABBREVN":null,"SUBJECTO":null,"BORDERPRECISION":1,"PARTOF":null},"geometry":{"type":"MultiPolygon","coordinates":[[[[55.5674,72],[55.72066,71.64242],[56.15147,71.27099],[56.37879,71.13227],[56.72749,70.99397],[57.25066,70.8178],[57.23775,70.69104],[56.05859,70.73097],[55.6788,70.70719],[55.26625,70.56053],[54.99829,70.52167],[54.69406,70.74377],[54.52245,70.75885],[54.03161,70.71948],[53.72864,70.76506],[53.7147,70.9267],[54.32065,71.08982],[54.35348,71.19802],[54.30787,71.20566],[53.2338,71.51354],[52.55047,71.58989],[52.40185,71.51973],[52.12105,71.46489],[51.81494,71.47982],[51.53354,71.65795],[51.48213,71.84468],[51.58509,71.98525],[51.6126,72],[55.5674,72]]]]}},{"type":"Feature","properties":{"NAME":"Sweden","ABBREVN":"Sweden","SUBJECTO":"Sweden","BORDERPRECISION":1,"PARTOF":"Sweden"},"geometry":{"type":"MultiPolygon","coordinates":[[[[29.51074,60.14457],[28.96898,60.10879],[28.69163,60.14998],[28.5694,60.19842],[28.43523,60.33734],[28.55125,60.53264],[28.52151,60.62326],[28.01144,60.51073],[27.47362,60.42608],[27.40622,60.34482],[27.17848,60.44239],[26.94557,60.37631],[26.92231,60.31612],[26.61308,60.34783],[26.52588,60.39647],[26.55164,60.5707],[26.44284,60.33334],[26.32271,60.27024],[25.8901,60.23584],[25.84553,60.11548],[25.58054,60.26234],[25.44989,60.1384],[25.14579,60.10975],[24.99298,60.02957],[24.96947,60.08683],[24.51596,59.9895],[24.42105,59.86975],[24.28136,59.93815],[23.97895,59.88115],[23.96111,59.93245],[23.66466,59.83555],[23.20144,59.81846],[22.98213,59.93245],[22.882,60.05556],[23.0052,60.20876],[22.62462,60.2011],[22.39207,60.1212],[22.42147,60.29319],[22.22065,60.25877],[21.93095,60.38077],[21.74681,60.40827],[21.56015,60.51249],[21.44318,60.69365],[21.42726,61.0151],[21.49831,61.18327],[21.52079,61.37957],[21.56101,61.48492],[21.40522,61.70243],[21.2112,61.87091],[21.34644,62.16713],[21.33756,62.3436],[21.20014,62.43518],[21.03373,62.4773],[21.06181,62.61174],[21.19481,62.76068],[21.48128,62.88881],[21.54597,62.97406],[21.49466,63.12303],[21.66648,63.18731],[22.07504,63.10282],[22.29236,63.20269],[22.42877,63.39497],[22.47583,63.60162],[22.56902,63.72301],[22.70422,63.58064],[22.82553,63.58088],[23.58029,64.08206],[24.09404,64.37657],[24.47009,64.63552],[24.93192,64.81604],[25.32509,64.80239],[25.3519,64.9391],[25.29341,65.00389],[25.13256,65.07595],[25.25151,65.41689],[25.10361,65.54013],[24.59114,65.58278],[24.2148,65.78591],[23.84408,65.79847],[23.40569,65.72483],[23.20402,65.68075],[22.79816,65.85482],[22.64555,65.93479],[22.4898,65.88342],[22.20157,65.71529],[21.95748,65.44574],[21.81873,65.38014],[21.52233,65.37231],[21.27735,65.21228],[21.42371,65.10389],[21.48945,65.01716],[21.32944,64.89435],[20.92119,64.71382],[21.06432,64.592],[21.23705,64.52054],[21.38583,64.38456],[21.0489,64.21917],[20.86648,64.02562],[20.70066,63.81813],[19.67028,63.38854],[19.46501,63.4807],[19.31822,63.44483],[19.07593,63.2025],[18.78499,63.13801],[18.48662,62.98124],[18.38895,62.85337],[18.30319,62.78942],[17.96744,62.77462],[17.86817,62.78862],[17.93626,62.548],[17.71811,62.35673],[17.29024,62.44072],[17.38736,62.20077],[17.49677,62.0881],[17.38697,61.65844],[17.16264,61.62991],[17.06518,61.53838],[17.15019,61.19771],[17.14621,60.95283],[17.31763,60.75307],[17.1885,60.67429],[17.60496,60.63754],[17.70646,60.55358],[17.93075,60.59031],[18.22439,60.32297],[18.41687,60.18162],[18.80409,60.1084],[18.89307,59.92569],[19.03732,59.86324],[19.04355,59.71242],[18.86789,59.71242],[18.63925,59.56693],[18.03008,59.35928],[17.79528,59.36447],[17.72995,59.41636],[17.36798,59.46827],[17.0706,59.54615],[16.78554,59.57732],[16.72409,59.53057],[16.52321,59.58252],[16.40758,59.4475],[16.77647,59.47866],[16.99984,59.35928],[17.26578,59.33853],[17.35812,59.24518],[17.57492,59.21407],[17.58441,59.27111],[17.86173,59.23999],[17.97764,59.32815],[18.11138,59.32297],[18.32817,59.36967],[18.42956,59.33335],[18.44137,59.40079],[18.51547,59.40079],[18.61133,59.33335],[18.5982,59.29704],[18.27337,59.28667],[18.37196,59.15707],[18.01567,59.03791],[17.94014,58.90849],[17.76647,58.87227],[17.72642,58.91366],[17.7452,58.98613],[17.73911,59.11042],[17.62318,59.10007],[17.58219,58.89297],[17.35668,58.74297],[17.24539,58.71712],[17.083,58.74813],[17.08073,58.64993],[16.44287,58.63442],[16.51319,58.42812],[16.74404,58.31195],[16.77355,58.0379],[16.72459,57.88932],[16.59776,57.86645],[16.45953,57.89521],[16.47653,57.70213],[16.60721,57.66581],[16.55048,57.54515],[16.65868,57.44295],[16.49416,57.27892],[16.39452,57.0743],[16.37617,56.82242],[16.06315,56.39624],[15.42699,56.76574],[14.48498,56.6801],[14.17541,56.8128],[13.43245,56.52387],[13.22607,57.10173],[12.89586,56.97791],[12.73076,57.43194],[12.52438,57.39066],[12.318,57.67959],[11.87662,57.32521],[11.88111,57.50896],[11.76608,57.67268],[11.73638,57.69821],[12.4879,58.56292],[12.42277,60.03878],[12.43586,60.2781],[12.54796,60.43387],[12.43103,60.62585],[12.17404,60.95641],[12.59738,61.02862],[12.79174,61.32995],[13.1549,62.02423],[15.04965,63.52576],[16.66071,63.75591],[17.73118,64.55876],[17.32975,64.82638],[18.53403,66.43208],[21.87925,66.96731],[25.62589,66.6997],[26.42874,65.62923],[26.47931,65.57183],[27.23159,63.35448],[28.66571,62.20875],[29.6873,60.131],[29.51074,60.14457]]]]}},{"type":"Feature","properties":{"NAME":"Ryazan","ABBREVN":"Ryazan","SUBJECTO":"Ryazan","BORDERPRECISION":1,"PARTOF":"Ryazan"},"geometry":{"type":"MultiPolygon","coordinates":[[[[43.6731,53.47696],[41.40207,51.79837],[40.41466,51.35404],[37.69931,52.7364],[36.86001,52.09459],[36.5982,54.25549],[37.25497,54.21751],[37.45246,55.10617],[38.39049,55.0568],[38.68671,55.45176],[39.37789,55.84672],[40.76026,55.45176],[40.56278,54.76058],[41.99451,54.76058],[43.08065,54.90869],[44.80861,54.66184],[43.6731,53.47696]]]]}},{"type":"Feature","properties":{"NAME":"Georgia","ABBREVN":"Georgia","SUBJECTO":"Georgia","BORDERPRECISION":1,"PARTOF":"Georgia"},"geometry":{"type":"MultiPolygon","coordinates":[[[[45.38219,42.62307],[45.29708,42.67625],[45.20135,42.67625],[45.13753,42.7188],[45.03115,42.77199],[44.97797,42.77199],[44.93542,42.74008],[44.87159,42.66562],[44.78649,42.72944],[44.66948,42.76135],[44.50992,42.76135],[44.41419,42.72944],[44.29718,42.61243],[44.16953,42.61243],[44.05252,42.55925],[43.95679,42.59116],[42.87842,41.54551],[42.69378,41.56372],[42.35152,41.40158],[42.25011,41.36897],[42.02904,41.39981],[41.48396,41.43654],[41.52111,41.46584],[41.66611,41.72915],[41.68047,41.79334],[41.65184,42.12064],[41.50272,42.60848],[41.40974,42.78824],[41.12255,43.01909],[41.30961,43.55717],[43.61691,43.77276],[45.38219,42.62307]]]]}},{"type":"Feature","properties":{"NAME":"Teutonic Knights","ABBREVN":"TeutonicLand","SUBJECTO":"Teutonic Knights","BORDERPRECISION":1,"PARTOF":"Teutonic Knights"},"geometry":{"type":"Polygon","coordinates":[[[18.28168,53.35711],[18.58967,53.10045],[18.949,53.25444],[19.20566,53.25444],[19.56498,53.45977],[20.0783,53.6651],[20.0783,53.5111],[20.3863,53.5111],[20.42825,53.77815],[20.7094,53.75807],[20.80981,53.63757],[21.10495,53.8191],[21.46427,53.8191],[22.23425,54.12709],[22.18292,54.53775],[22.08026,54.58908],[22.13159,54.79441],[21.92626,54.9484],[22.02893,55.2564],[21.6696,55.51306],[21.31028,55.51306],[21.1418,56.1273],[21.9045,56.35004],[24.71496,56.34042],[25.3074,56.48854],[26.24543,55.89609],[27.37053,55.71934],[27.65084,56.27996],[27.51069,57.61143],[27.70204,59.2975],[27.26509,59.33804],[26.99902,59.31773],[26.8619,59.37175],[26.34326,59.44665],[25.72112,59.45984],[25.48999,59.42004],[25.44879,59.49396],[25.24829,59.3618],[24.75122,59.44846],[24.71381,59.35183],[24.57092,59.37433],[24.53757,59.32341],[24.34157,59.36888],[24.28195,59.28414],[24.02956,59.23542],[24.03211,59.17574],[23.41576,59.11896],[23.45698,59.00549],[23.33789,58.97239],[23.43198,58.85808],[23.36082,58.76742],[23.51187,58.58088],[23.69047,58.66548],[23.67086,58.24139],[23.90807,58.22445],[24.05835,58.11153],[24.33109,58.30793],[24.49679,58.21315],[24.4144,58.10589],[24.41564,57.94793],[24.23619,57.72816],[24.32294,57.33689],[24.3465,57.15972],[24.26631,57.03015],[24.15838,56.97549],[23.76781,56.86588],[23.41447,56.89241],[23.21545,56.98067],[23.17466,57.04849],[23.07089,57.26132],[22.88137,57.33414],[22.58542,57.50865],[22.56364,57.61556],[22.43297,57.61556],[22.2854,57.56504],[21.81025,57.47538],[21.67733,57.46366],[21.45959,57.24961],[21.33975,57.17707],[21.32438,56.85442],[21.02205,56.68388],[20.96483,56.60902],[20.91601,56.09667],[20.99596,56.02413],[21.01845,55.63401],[21.2163,55.34367],[21.20093,55.26139],[21.14303,55.25584],[21.22385,55.11145],[21.11335,55.08924],[21.19194,54.95958],[21.13734,54.84546],[20.9852,54.81164],[19.94257,54.84986],[19.86317,54.75173],[19.83325,54.5309],[19.88181,54.52538],[19.93812,54.60817],[20.0057,54.54746],[20.19423,54.57505],[20.32671,54.56401],[20.18865,54.52198],[19.73312,54.31027],[19.45682,54.21656],[19.3281,54.16145],[19.23031,54.16697],[19.23206,54.22207],[19.31761,54.27168],[19.75772,54.45917],[19.7336,54.46117],[19.255,54.27719],[18.96498,54.22758],[18.68493,54.25402],[18.28168,53.35711]]]}},{"type":"Feature","properties":{"NAME":"Pskov","ABBREVN":"Pskov","SUBJECTO":"Pskov","BORDERPRECISION":1,"PARTOF":"Pskov"},"geometry":{"type":"MultiPolygon","coordinates":[[[[28.31898,58.66082],[28.41772,57.92027],[28.81268,57.57468],[28.81268,56.8835],[28.09257,56.7924],[28.01741,56.56692],[27.82271,56.72547],[27.6059,56.70689],[27.51069,57.61143],[27.66119,58.93756],[28.31898,58.66082]]]]}},{"type":"Feature","properties":{"NAME":"Grand Duchy of Moscow","ABBREVN":"Muscovy","SUBJECTO":"Grand Duchy of Moscow","BORDERPRECISION":1,"PARTOF":"Grand Duchy of Moscow"},"geometry":{"type":"MultiPolygon","coordinates":[[[[27.66119,58.93756],[27.70204,59.2975],[27.8936,59.34611],[28.01585,59.45415],[27.97339,59.51671],[27.89666,59.53378],[27.94169,59.6476],[28.09419,59.66468],[28.1631,59.59068],[28.26634,59.56223],[28.35098,59.60206],[28.3091,59.6644],[28.44436,59.73374],[28.66273,59.64434],[28.79593,59.67222],[28.93627,59.82455],[29.07607,59.90779],[29.41363,59.86003],[29.76545,59.73624],[29.96316,59.73662],[30.12664,59.80605],[29.95287,59.98558],[29.6873,60.131],[28.66571,62.20875],[27.23159,63.35448],[26.47931,65.57183],[27.09779,66.83351],[31.24585,67.63636],[32.64434,67.0461],[32.21944,66.99375],[32.42473,66.89103],[32.75354,66.64904],[32.97086,66.58339],[33.46967,66.3131],[33.84421,66.18214],[34.25849,66.10983],[34.5437,66.00084],[34.72617,65.79698],[34.72559,65.61499],[34.60119,65.48393],[34.29341,65.39624],[34.33202,65.34551],[34.42566,65.10653],[34.77286,64.68222],[34.81477,64.45982],[34.88461,64.36677],[35.08176,64.28833],[35.62327,64.25357],[36.01547,64.19702],[36.23997,63.91862],[36.42062,63.8761],[36.98754,63.84148],[37.41054,63.7495],[37.59146,63.80694],[37.94492,63.85039],[38.05408,63.98632],[38.05386,64.12928],[37.87986,64.3079],[37.66813,64.34331],[37.46329,64.29996],[37.26195,64.31389],[36.99674,64.40656],[36.56851,64.76458],[36.88391,65.0677],[37.10194,65.06813],[37.60409,64.85277],[38.25292,64.70307],[39.19344,64.51104],[39.6216,64.47596],[39.99705,64.54122],[40.32217,64.46293],[40.43979,64.56356],[40.46206,64.75028],[40.36595,64.85793],[39.97939,65.15314],[39.8231,65.43561],[39.95133,65.58116],[40.68141,65.79356],[41.35425,65.95517],[41.62328,66.06517],[42.13344,66.38789],[42.21079,66.41001],[43.24143,66.2509],[43.87622,66.01097],[44.02943,66.01125],[44.05284,66.0405],[44.12211,66.26716],[44.38361,66.61202],[44.36195,66.90596],[44.21916,67.08982],[43.83811,67.16285],[43.7036,67.26593],[44.21583,67.71827],[44.26107,67.82964],[44.16875,68.09703],[43.82217,68.32732],[43.85324,68.4692],[44.01203,68.49191],[44.66781,68.38859],[45.57964,68.44254],[45.86344,68.38335],[46.16195,68.1082],[46.43937,67.90794],[46.63407,67.70051],[45.46258,67.63906],[45.09251,67.54208],[44.87121,67.31242],[44.95714,67.23136],[45.38563,67.09938],[45.71535,66.84963],[46.07678,66.76208],[46.40205,66.7186],[46.97264,66.77846],[47.57119,66.81631],[47.70619,66.89011],[47.95292,67.37729],[48.08066,67.56246],[48.63532,67.65239],[49.18563,67.83882],[49.63012,67.93619],[50.4959,68.15347],[51.13896,68.2664],[51.83081,68.40938],[52.24488,68.54456],[52.33738,68.33573],[52.46267,68.29867],[52.71973,68.35138],[52.93877,68.47118],[53.00575,68.68057],[53.17943,68.75575],[53.50243,68.81626],[53.88912,68.787],[53.80839,68.60727],[53.78208,68.33842],[53.39591,68.30043],[53.31618,68.2332],[53.31684,68.13639],[53.62574,68.04769],[54.37975,68.16071],[54.57596,68.16109],[54.64847,68.07192],[54.7523,68.04979],[54.8772,68.10955],[54.99599,68.20653],[55.1265,68.40061],[55.33539,68.4831],[55.72289,68.53611],[56.1951,68.56687],[56.54026,68.55257],[57.02423,68.44891],[57.36369,68.45702],[57.52587,68.49464],[57.9592,68.70476],[58.40929,68.83286],[58.77038,68.85601],[59.19905,68.77441],[59.34587,68.69986],[59.06196,68.49749],[59.11979,68.39309],[59.21766,68.34854],[59.50186,68.28942],[59.76235,68.29739],[59.89205,68.402],[59.92538,68.58127],[60,68.59957],[60,59.1034],[58.29314,58.4245],[55.46522,58.13594],[45.96481,57.73452],[45.42957,57.4669],[44.80861,54.66184],[43.08065,54.90869],[41.99451,54.76058],[40.56278,54.76058],[40.76026,55.45176],[39.37789,55.84672],[38.68671,55.45176],[38.39049,55.0568],[37.45246,55.10617],[37.25497,54.21751],[36.5982,54.25549],[36.2182,54.26688],[36.16883,54.76058],[34.49025,54.71121],[34.09528,55.10617],[34.44088,56.24168],[33.25599,56.48854],[32.4167,57.27846],[31.28119,57.27846],[30.73811,56.98224],[30.9356,56.38979],[30.68874,55.89609],[29.94819,56.53791],[29.05953,56.53791],[28.81268,56.8835],[28.81268,57.57468],[28.41772,57.92027],[28.31898,58.66082],[27.66119,58.93756]],[[34.61092,61.6406],[34.90381,61.52348],[35.29281,61.4198],[35.53945,61.30918],[35.64372,61.19163],[35.66472,61.09894],[35.60244,61.03112],[35.54781,60.99798],[35.50082,60.99951],[35.49763,60.97739],[35.53824,60.93161],[35.67166,60.92228],[35.89787,60.9494],[36.03324,60.99291],[36.07778,61.05283],[36.18482,61.11158],[36.35434,61.16917],[36.41474,61.21654],[36.36601,61.2537],[36.37068,61.2897],[36.42875,61.32454],[36.45561,61.36201],[36.45125,61.40212],[36.39863,61.43772],[36.29775,61.46881],[36.1908,61.53144],[36.07776,61.62563],[36.01707,61.70053],[36.00871,61.75614],[35.96147,61.80005],[35.87537,61.83227],[35.85141,61.86764],[35.88958,61.90617],[35.85006,61.95433],[35.73283,62.01213],[35.72335,62.13379],[35.82161,62.3193],[35.83918,62.44424],[35.77604,62.5086],[35.69398,62.54523],[35.59301,62.55412],[35.54789,62.57533],[35.55864,62.60887],[35.54287,62.62128],[35.50058,62.61255],[35.49898,62.58919],[35.53808,62.55119],[35.52406,62.55133],[35.45692,62.5896],[35.42157,62.62079],[35.41801,62.6449],[35.17288,62.71674],[34.68618,62.83629],[34.60154,62.75729],[34.91895,62.47973],[35.05341,62.37538],[35.00491,62.44426],[34.94118,62.51174],[34.8622,62.5778],[34.8652,62.6067],[34.95016,62.59846],[34.98205,62.60723],[34.96085,62.63303],[35.04632,62.6091],[35.23843,62.53543],[35.34391,62.51325],[35.36273,62.54253],[35.43055,62.47632],[35.54736,62.31461],[35.54775,62.20626],[35.43173,62.1513],[35.28526,62.15527],[35.10834,62.2182],[35.06924,62.19945],[35.16795,62.09904],[35.20404,62.03608],[35.17753,62.01057],[35.10196,62.03301],[34.97734,62.10338],[34.89249,62.16882],[34.84742,62.22934],[34.83976,62.24994],[34.86951,62.23061],[34.86798,62.25316],[34.81482,62.351],[34.80695,62.35343],[34.84141,62.28648],[34.82983,62.26184],[34.81797,62.26854],[34.82655,62.30373],[34.79913,62.34587],[34.73688,62.41029],[34.6395,62.48363],[34.507,62.56588],[34.5332,62.51196],[34.7181,62.32185],[34.71279,62.28922],[34.51728,62.41407],[34.48754,62.41686],[34.70089,62.21934],[34.71947,62.18212],[34.68244,62.18223],[34.58981,62.21967],[34.59244,62.18404],[34.72975,62.02201],[34.54309,62.09216],[34.29512,62.16668],[34.25629,62.19093],[34.24907,62.17665],[34.27347,62.12382],[34.37189,62.04697],[34.54434,61.94611],[34.59772,61.89735],[34.5054,61.89783],[34.59779,61.85877],[34.55908,61.8626],[34.54766,61.84619],[34.56351,61.80953],[34.50752,61.80251],[34.37969,61.82512],[34.41415,61.77115],[34.61092,61.6406]],[[30.07932,61.26448],[30.07884,61.23889],[30.04187,61.24474],[29.9684,61.28201],[29.92102,61.29934],[29.89971,61.29671],[29.89161,61.29074],[29.89671,61.28143],[29.88271,61.28011],[29.8973,61.2585],[29.88373,61.254],[29.82282,61.26275],[29.89732,61.24061],[29.90365,61.23364],[29.86849,61.22904],[29.8666,61.21723],[29.89796,61.19819],[29.81879,61.21269],[30.06315,61.11429],[30.24902,61.01212],[30.43678,60.87872],[30.52508,60.76437],[30.51392,60.66908],[30.55077,60.61076],[30.63564,60.58941],[30.74843,60.48368],[30.88915,60.29358],[30.98222,60.19298],[31.02764,60.1819],[31.06603,60.14055],[31.09739,60.06892],[31.09204,60.01392],[31.04999,59.97555],[31.04414,59.94855],[31.0745,59.93292],[31.41763,59.92418],[31.53559,59.94003],[31.55288,59.97235],[31.53947,60.01125],[31.49536,60.05671],[31.53451,60.1207],[31.65692,60.20322],[31.82386,60.2356],[32.03532,60.21783],[32.16582,60.18679],[32.21538,60.14247],[32.31998,60.13458],[32.47963,60.16313],[32.57774,60.19444],[32.61431,60.22853],[32.62091,60.27226],[32.59755,60.32563],[32.61241,60.36296],[32.66551,60.38424],[32.66499,60.42397],[32.61085,60.48216],[32.64754,60.51321],[32.85039,60.52414],[32.90433,60.55273],[32.94894,60.61285],[32.92643,60.65107],[32.85592,60.69041],[32.81785,60.74253],[32.81221,60.80745],[32.75348,60.87672],[32.64167,60.95034],[32.56934,61.02116],[32.53651,61.08918],[32.36707,61.1665],[32.06102,61.25312],[31.83157,61.34549],[31.67872,61.44361],[31.62132,61.46698],[31.65938,61.41562],[31.66111,61.39466],[31.6265,61.40412],[31.55625,61.45281],[31.54621,61.47745],[31.56146,61.49741],[31.52894,61.53895],[31.44866,61.60205],[31.37902,61.62148],[31.32001,61.59725],[31.25999,61.60574],[31.16388,61.6627],[31.15476,61.653],[31.17284,61.61175],[31.16254,61.59893],[31.12684,61.59756],[31.10597,61.61968],[31.09994,61.6653],[31.01378,61.71238],[30.84751,61.76092],[30.7372,61.75491],[30.68286,61.69436],[30.67183,61.65166],[30.70411,61.6268],[30.67448,61.60773],[30.58294,61.59444],[30.56271,61.57774],[30.61379,61.55766],[30.58171,61.54591],[30.46648,61.54249],[30.42359,61.52509],[30.45305,61.4937],[30.40351,61.49007],[30.27496,61.5142],[30.22028,61.50007],[30.23948,61.44768],[30.22205,61.40644],[30.16799,61.37634],[30.17345,61.34713],[30.23842,61.31879],[30.22307,61.29779],[30.12739,61.28411],[30.07932,61.26448]]]]}},{"type":"Feature","properties":{"NAME":"Poland-Lithuania","ABBREVN":"Pol.-Lith.","SUBJECTO":"Poland-Lithuania","BORDERPRECISION":1,"PARTOF":"Poland-Lithuania"},"geometry":{"type":"MultiPolygon","coordinates":[[[[15.76017,52.57074],[15.76453,52.26547],[16.0951,52.12417],[16.50591,52.00381],[16.50591,52.17825],[16.85479,51.91659],[16.85479,51.65493],[17.20367,51.61132],[17.29089,51.78576],[17.55255,51.65493],[17.63977,51.43688],[18.14006,50.98766],[18.64604,50.64451],[18.76325,50.19912],[18.77018,50.19847],[18.80168,50.15513],[18.82318,50.19207],[18.84992,50.20179],[18.79632,50.24627],[18.92794,50.22912],[18.95584,50.239],[18.96387,50.2758],[19.00927,50.2643],[19.02025,50.27925],[19.05853,50.26937],[19.09776,50.2821],[19.18732,50.20368],[19.14016,50.1867],[19.1911,50.19196],[19.23462,50.16947],[19.2399,50.16039],[19.14436,50.15925],[19.15373,50.12295],[19.17284,50.11418],[19.16245,50.09835],[19.22599,50.06693],[19.14978,50.05196],[19.11718,50.00254],[19.11857,49.96039],[19.04608,49.95491],[18.96098,49.91958],[18.91053,49.93513],[18.82584,49.93849],[18.7839,49.92469],[18.79632,49.71345],[18.89645,49.71273],[18.92671,49.62196],[19.10824,49.59171],[19.13849,49.71273],[19.38053,49.80349],[19.56206,49.71273],[19.56206,49.5312],[19.71334,49.5312],[19.89487,49.47069],[20.01589,49.80349],[20.34869,49.74298],[20.53022,49.80349],[20.6815,49.65222],[20.89328,49.74298],[20.80252,49.83375],[20.89328,49.83375],[20.98405,49.74298],[21.13532,49.83375],[21.2866,49.77324],[21.31685,49.864],[21.77068,49.74298],[21.77068,49.59171],[23.88853,49.2589],[24.16083,48.9866],[25.66633,48.69198],[25.90191,46.87634],[26.69896,45.79235],[26.73084,45.47353],[26.53955,45.25036],[28.36835,45.33088],[30.88622,47.4538],[31.95127,46.86463],[36.07009,47.89813],[37.50183,48.4412],[37.69931,48.9349],[38.13611,49.04904],[38.29175,51.20593],[37.60057,51.40341],[36.86001,52.09459],[36.5982,54.25549],[36.2182,54.26688],[36.16883,54.76058],[34.49025,54.71121],[34.09528,55.10617],[34.44088,56.24168],[33.25599,56.48854],[32.4167,57.27846],[31.28119,57.27846],[30.73811,56.98224],[30.9356,56.38979],[30.68874,55.89609],[29.94819,56.53791],[29.05953,56.53791],[28.81268,56.8835],[28.09257,56.7924],[28.01741,56.56692],[27.82271,56.72547],[27.6059,56.70689],[27.65084,56.27996],[27.37053,55.71934],[26.24543,55.89609],[25.3074,56.48854],[24.71496,56.34042],[21.9045,56.35004],[21.1418,56.1273],[21.31028,55.51306],[21.6696,55.51306],[22.02893,55.2564],[21.92626,54.9484],[22.13159,54.79441],[22.08026,54.58908],[22.18292,54.53775],[22.23425,54.12709],[21.46427,53.8191],[21.10495,53.8191],[20.80981,53.63757],[20.7094,53.75807],[20.42825,53.77815],[20.3863,53.5111],[20.0783,53.5111],[20.0783,53.6651],[19.56498,53.45977],[19.20566,53.25444],[18.949,53.25444],[18.58967,53.10045],[18.28168,53.35711],[18.68493,54.25402],[18.51316,54.31578],[18.45381,54.52538],[18.3385,54.60265],[18.36292,54.66889],[18.75953,54.53641],[18.27945,54.72412],[17.65761,54.68546],[17.74676,54.43251],[17.71822,54.41892],[17.72704,54.40614],[17.71674,54.35421],[17.75455,54.33875],[17.73211,54.32015],[17.64572,54.33462],[17.61289,54.32428],[17.61349,54.29729],[17.56371,54.28327],[17.54208,54.2572],[17.42239,54.26891],[17.33964,54.23864],[17.28035,54.21041],[17.27703,54.14555],[17.31171,54.13328],[17.24785,54.07329],[17.27016,54.04538],[17.21103,54.03555],[17.20485,54.00459],[17.12116,54.0111],[17.09902,53.97578],[17.01935,53.96966],[17.00615,53.95341],[17.01954,53.93972],[16.98201,53.90484],[16.90895,53.92519],[16.89491,53.95265],[16.87429,53.96673],[16.87843,53.95689],[16.77827,53.92739],[16.7694,53.91685],[16.79417,53.8797],[16.81792,53.89271],[16.82376,53.86842],[16.80795,53.85902],[16.80886,53.85766],[16.80886,53.78985],[16.86813,53.72947],[16.8932,53.62852],[16.94379,53.5695],[16.95005,53.52587],[16.89373,53.44712],[16.86307,53.44339],[16.85225,53.46184],[16.81775,53.46746],[16.77599,53.44502],[16.74814,53.39674],[16.70677,53.42027],[16.72042,53.43971],[16.6518,53.45379],[16.65201,53.48314],[16.59365,53.51663],[16.49962,53.54406],[16.46852,53.53252],[16.35212,53.63589],[16.28277,53.65288],[16.24758,53.68054],[16.26492,53.72038],[16.26152,53.72564],[16.20376,53.70639],[16.41554,53.52486],[16.20376,53.34333],[16.05312,52.71645],[15.84391,52.71029],[15.81599,52.57074],[15.76017,52.57074]],[[18.95931,50.38313],[18.98026,50.39003],[18.96996,50.41191],[19.00154,50.48154],[19.09561,50.51343],[19.08462,50.55227],[19.10816,50.57736],[19.07338,50.61612],[19.10831,50.62058],[19.09896,50.6444],[19.15269,50.69831],[19.19346,50.68428],[19.23843,50.62377],[19.32959,50.56678],[19.30813,50.52238],[19.25388,50.48504],[19.33628,50.45401],[19.33594,50.40173],[19.18676,50.36824],[19.172,50.34382],[19.13767,50.33681],[19.14265,50.28912],[19.08548,50.28051],[19.04583,50.30085],[19.05622,50.34908],[18.95931,50.38313]]],[[[16.73211,53.99159],[16.7411,53.98433],[16.82243,53.99963],[16.83372,53.99444],[16.82247,54.00212],[16.7363,53.98824],[16.73211,53.99159]]]]}},{"type":"Feature","properties":{"NAME":"Imperial Hungary","ABBREVN":"Hungary","SUBJECTO":"Imperial Hungary","BORDERPRECISION":1,"PARTOF":"Imperial Hungary"},"geometry":{"type":"Polygon","coordinates":[[[14.36116,45.32067],[14.52459,45.26628],[14.81539,45.07787],[14.94553,44.92659],[14.90696,44.72332],[14.98911,44.54003],[15.28594,44.32892],[15.54822,44.22935],[15.14947,44.23993],[15.41232,43.93476],[15.49437,43.88844],[15.74978,44.09782],[16.18467,43.90756],[16.70148,43.84666],[16.8651,44.24474],[17.45754,44.146],[17.75376,44.39285],[18.93865,44.39285],[19.78508,44.93614],[20.29067,44.89966],[20.80078,44.93154],[23.54264,45.85612],[24.18028,45.85612],[26.53955,45.25036],[26.73084,45.47353],[26.69896,45.79235],[25.90191,46.87634],[25.66633,48.69198],[24.16083,48.9866],[23.88853,49.2589],[21.77068,49.59171],[21.77068,49.74298],[21.31685,49.864],[21.2866,49.77324],[21.13532,49.83375],[20.98405,49.74298],[20.89328,49.83375],[20.80252,49.83375],[20.89328,49.74298],[20.6815,49.65222],[20.53022,49.80349],[20.34869,49.74298],[20.01589,49.80349],[19.89487,49.47069],[19.71334,49.5312],[19.56206,49.5312],[19.56206,49.71273],[19.38053,49.80349],[19.13849,49.71273],[19.10824,49.59171],[18.92671,49.62196],[18.52218,49.56107],[18.45368,49.46518],[18.46053,49.4573],[18.5199,49.46929],[18.54095,49.4925],[18.54391,49.46504],[18.47542,49.40841],[18.40396,49.39557],[18.40392,49.39551],[18.41433,49.36651],[18.37688,49.32973],[18.35323,49.32454],[18.25037,49.18055],[18.22319,48.99028],[18.11447,48.99028],[18.11447,48.85438],[17.86985,48.80002],[17.68401,48.85871],[17.63345,48.85494],[17.5936,48.82776],[17.52431,48.81246],[17.45013,48.84551],[17.39966,48.81519],[17.35937,48.81517],[17.32167,48.8453],[17.31658,48.84644],[17.19034,48.44668],[17.21752,48.06615],[17.46214,48.06615],[17.40778,47.82153],[16.79622,47.84327],[16.62227,47.73455],[16.55704,47.49537],[16.64402,47.29967],[16.55704,47.19095],[16.55704,47.06048],[16.44832,46.93001],[16.44832,46.7778],[16.51355,46.62559],[16.29611,46.40815],[16.53529,46.36466],[16.44832,46.10373],[16.20913,46.14722],[16.07866,45.88629],[16.20913,45.73408],[16.12215,45.58187],[15.46982,45.73408],[15.42362,45.42966],[15.2479,45.44723],[15.2177,45.42534],[15.15176,45.42753],[15.09496,45.46253],[14.90813,45.48121],[14.90751,45.47709],[14.82282,45.46046],[14.79647,45.50281],[14.72038,45.53415],[14.6918,45.52722],[14.69055,45.58],[14.60152,45.62413],[14.60753,45.66473],[14.56889,45.67083],[14.53958,45.61884],[14.50134,45.60783],[14.49873,45.54854],[14.47356,45.5325],[14.45756,45.47945],[14.40617,45.43987],[14.42537,45.41078],[14.4174,45.40094],[14.43734,45.38792],[14.36116,45.32067]],[[17.1267,46.10718],[17.13598,46.19071],[17.17259,46.18789],[17.1267,46.10718]]]}},{"type":"Feature","properties":{"NAME":"Navarre","ABBREVN":"Navarre","SUBJECTO":"Navarre","BORDERPRECISION":1,"PARTOF":"Navarre"},"geometry":{"type":"MultiPolygon","coordinates":[[[[-2.14292,43.33147],[-2.06564,43.33327],[-1.91458,43.30542],[-1.70239,43.19594],[-1.49138,43.20962],[-1.46565,43.15489],[-1.55767,43.04543],[-1.51513,42.99756],[-1.44755,42.98388],[-1.39727,43.03176],[-0.90735,42.8813],[-1.6643,42.12542],[-1.60487,41.76883],[-2.25861,41.82826],[-2.31804,42.06599],[-2.08032,42.06599],[-2.19918,42.24428],[-2.67463,42.42258],[-2.55577,43.07632],[-2.13975,43.13576],[-2.14292,43.33147]]]]}},{"type":"Feature","properties":{"NAME":"Castile","ABBREVN":"Castille","SUBJECTO":"Castille","BORDERPRECISION":1,"PARTOF":"Castille"},"geometry":{"type":"MultiPolygon","coordinates":[[[[-8.80606,41.88918],[-8.86049,42.01453],[-8.79857,42.19453],[-8.64406,42.41975],[-8.94172,42.8242],[-9.17312,42.8559],[-9.24686,42.90078],[-9.2708,43.04869],[-9.19747,43.15821],[-9.01359,43.28086],[-8.84922,43.32624],[-8.31041,43.35305],[-8.2507,43.43043],[-8.22022,43.61721],[-7.97953,43.74005],[-7.63627,43.72141],[-7.1513,43.55494],[-6.80798,43.52342],[-6.46757,43.56272],[-5.97966,43.70538],[-5.82045,43.70569],[-5.53742,43.57745],[-5.2249,43.50725],[-4.80234,43.46944],[-3.84761,43.43916],[-3.417,43.37565],[-3.19597,43.44688],[-3.00721,43.55027],[-2.76836,43.53788],[-2.36738,43.32624],[-2.14292,43.33147],[-2.13975,43.13576],[-2.55577,43.07632],[-2.67463,42.42258],[-2.19918,42.24428],[-2.08032,42.06599],[-2.31804,42.06599],[-2.25861,41.82826],[-2.13001,41.81657],[-2.14926,41.49307],[-2.3014,41.49307],[-2.3014,41.26485],[-2.03515,41.22681],[-1.92104,40.61824],[-2.3014,40.39002],[-2.3014,40.23787],[-1.99711,40.08573],[-1.99711,39.97162],[-1.80693,39.85751],[-1.99711,39.7434],[-1.99711,39.59126],[-1.80693,39.47715],[-1.80693,39.17286],[-2.03515,39.24893],[-2.03515,38.60232],[-1.80693,38.52625],[-1.80693,38.25999],[-1.65479,38.18392],[-1.65479,37.91767],[-1.88301,37.9557],[-2.03515,37.8416],[-1.92104,37.65142],[-2.14926,37.23302],[-1.94048,36.9516],[-2.2388,36.7284],[-2.3551,36.82405],[-2.62433,36.8113],[-2.7615,36.69014],[-2.91533,36.69014],[-2.96979,36.74115],[-4.44659,36.72202],[-4.7573,36.48611],[-5.21674,36.4096],[-5.37423,36.23748],[-5.38675,36.10998],[-5.42426,36.07174],[-5.45709,36.16736],[-5.48793,36.17372],[-5.48549,36.06537],[-5.66059,36.00801],[-5.85001,36.07174],[-6.20446,36.2821],[-6.30497,36.45422],[-6.28888,36.57218],[-6.44403,36.62318],[-6.50049,36.71883],[-6.42171,36.79216],[-6.63215,37.02175],[-6.94795,37.14931],[-7.22782,37.22586],[-7.4915,37.20816],[-7.35144,37.64444],[-7.24251,37.8109],[-6.84478,38.10021],[-7.0281,38.23958],[-7.39388,38.29499],[-7.31734,38.49963],[-7.08942,38.7945],[-6.93338,38.96135],[-7.21144,39.29821],[-7.431,39.52052],[-7.30126,39.57871],[-7.0842,39.59907],[-6.87832,39.7024],[-6.85868,39.79192],[-6.88417,40.21403],[-6.82486,40.65657],[-6.85717,40.86158],[-6.83445,41.06054],[-6.79663,41.09283],[-6.24115,41.32048],[-6.11154,41.41746],[-6.1395,41.52644],[-6.51843,41.7491],[-6.58608,41.85792],[-6.7087,41.96004],[-6.85952,41.98491],[-7.09844,41.86795],[-7.91856,41.88917],[-8.15726,42.08704],[-8.40505,42.00214],[-8.80606,41.88918]]]]}},{"type":"Feature","properties":{"NAME":"Wattasid Caliphate","ABBREVN":"Wattasid C.","SUBJECTO":"Wattasid Caliphate","BORDERPRECISION":1,"PARTOF":"Wattasid Caliphate"},"geometry":{"type":"MultiPolygon","coordinates":[[[[-2.19297,35.05425],[-2.07658,34.82568],[-1.82328,34.69997],[-1.73815,34.60509],[-1.66399,34.20505],[-1.66942,34],[-6.87765,34],[-6.75297,34.12335],[-6.51147,34.4543],[-6.30205,34.86144],[-5.92876,35.72786],[-5.80789,35.78542],[-5.565,35.86234],[-5.47936,35.80521],[-5.17179,35.42376],[-5.10963,35.37931],[-4.59298,35.15119],[-4.29535,35.15179],[-4.02789,35.13324],[-3.4408,35.16628],[-3.20577,35.26861],[-3.00903,35.38998],[-2.82988,35.14206],[-2.71481,35.09774],[-2.35566,35.05392],[-2.19297,35.05425]]]]}},{"type":"Feature","properties":{"NAME":"Zayyanid Caliphate","ABBREVN":"Zayyanid C.","SUBJECTO":"Zayyanid Caliphate","BORDERPRECISION":1,"PARTOF":"Zayyanid Caliphate"},"geometry":{"type":"MultiPolygon","coordinates":[[[[-1.66942,34],[-1.66399,34.20505],[-1.73815,34.60509],[-1.82328,34.69997],[-2.07658,34.82568],[-2.19297,35.05425],[-2.03525,35.05457],[-1.73833,35.11883],[-1.4951,35.2339],[-1.32911,35.48891],[-1.14667,35.62937],[-0.91749,35.66804],[-0.42877,35.86007],[-0.28299,35.75848],[-0.09165,35.73977],[0.01531,35.80367],[0.19867,36.03331],[0.47439,36.22496],[0.78124,36.38485],[1.0576,36.46186],[1.57969,36.51389],[2.29377,36.54082],[2.52436,36.57315],[2.80987,36.7139],[3.07001,36.61886],[3.32384,36.65123],[3.58687,36.79195],[3.74122,36.83687],[4.16392,36.83135],[4.39462,36.83819],[4.63212,36.79407],[4.77719,36.74338],[5.14447,36.66768],[5.38273,36.67453],[5.73016,36.7517],[6.04739,36.84156],[6.32287,37.09065],[6.77054,36.86215],[6.92304,36.81784],[6.63324,34],[-1.66942,34]]]]}},{"type":"Feature","properties":{"NAME":"Hafsid Caliphate","ABBREVN":"Hafsid Cal.","SUBJECTO":"Hafsid Caliphate","BORDERPRECISION":1,"PARTOF":"Hafsid Caliphate"},"geometry":{"type":"MultiPolygon","coordinates":[[[[8.63671,36.88526],[8.86552,36.96835],[9.15028,37.17287],[9.41612,37.27538],[9.7322,37.2824],[10.02135,37.20013],[10.13273,37.10475],[10.15887,36.99647],[10.27151,36.75455],[10.3928,36.71657],[10.58058,36.79342],[10.84325,36.99149],[11.02376,37.06832],[11.0394,36.90905],[10.92006,36.65394],[10.63341,36.42401],[10.50924,36.21355],[10.51146,36.08617],[10.60261,35.88895],[10.83083,35.67928],[10.98895,35.6223],[11.12511,35.24061],[11.0828,35.14503],[10.83936,34.80115],[10.57403,34.64811],[10.11642,34.23417],[10.01948,34.08147],[10.07131,34],[6.63324,34],[6.92304,36.81784],[7.06324,36.88185],[7.30698,37.06078],[7.54492,37.04214],[7.71904,36.95328],[7.79204,36.83236],[7.91317,36.77525],[8.63671,36.88526]]]]}},{"type":"Feature","properties":{"NAME":"Mamluke Sultanate","ABBREVN":"Mamluke Sul.","SUBJECTO":"Mamluke Sultanate","BORDERPRECISION":1,"PARTOF":"Mamluke Sultanate"},"geometry":{"type":"MultiPolygon","coordinates":[[[[35.52575,34],[35.53208,34.11871],[35.71621,34.31237],[35.82101,34.34378],[35.87307,34.42229],[35.85192,34.49295],[35.75075,34.74681],[35.80885,35.0138],[35.84138,35.04263],[35.79643,35.27072],[35.60734,35.41754],[35.66396,35.4595],[35.68043,35.52767],[35.73318,35.58536],[35.69143,35.68502],[35.7395,35.69027],[35.85594,35.8345],[35.7185,36.09156],[35.66495,36.13353],[35.70863,36.21223],[35.81724,36.30103],[36.09526,36.48246],[36.10452,36.56117],[36.08243,36.62153],[35.95679,36.74749],[35.89088,36.77111],[36.78926,37.00063],[36.49442,37.36917],[38.60969,38.36804],[39.20551,38.2076],[38.98438,37.61793],[37.95247,37.3231],[37.95247,37.10198],[38.39472,36.58602],[38.09988,35.99635],[38.90607,36.00557],[38.03645,34.59719],[37.5587,34],[35.52575,34]]]]}},{"type":"Feature","properties":{"NAME":"Arabs","ABBREVN":"Arabs","SUBJECTO":"Arabs","BORDERPRECISION":1,"PARTOF":"Arabs"},"geometry":{"type":"MultiPolygon","coordinates":[[[[37.5587,34],[38.03645,34.59719],[39.34199,34.59719],[40.02912,34.39105],[40.42017,34],[37.5587,34]]]]}},{"type":"Feature","properties":{"NAME":"Emirate of the White Sheep Turks","ABBREVN":"Turks","SUBJECTO":"Emirate of the White Sheep Turks","BORDERPRECISION":1,"PARTOF":"Emirate of the White Sheep Turks"},"geometry":{"type":"MultiPolygon","coordinates":[[[[40.42017,34],[40.02912,34.39105],[39.34199,34.59719],[38.03645,34.59719],[38.90607,36.00557],[38.09988,35.99635],[38.39472,36.58602],[37.95247,37.10198],[37.95247,37.3231],[38.98438,37.61793],[39.20551,38.2076],[38.60969,38.36804],[39.14792,38.62221],[41.21175,40.24379],[41.48396,41.43654],[42.02904,41.39981],[42.25011,41.36897],[42.35152,41.40158],[42.69378,41.56372],[42.87842,41.54551],[43.95679,42.59116],[44.05252,42.55925],[44.16953,42.61243],[44.29718,42.61243],[44.41419,42.72944],[44.50992,42.76135],[44.66948,42.76135],[44.78649,42.72944],[44.87159,42.66562],[44.93542,42.74008],[44.97797,42.77199],[45.03115,42.77199],[45.13753,42.7188],[45.20135,42.67625],[45.29708,42.67625],[45.38219,42.62307],[45.47792,42.54861],[45.64812,42.54861],[45.80768,42.53797],[45.86086,42.47415],[45.80768,42.38905],[45.75449,42.25076],[45.91405,42.12312],[46.0417,42.04865],[46.15871,42.0061],[46.28636,41.98483],[46.39273,41.99547],[46.4991,41.96355],[46.55578,41.87846],[46.65866,41.88909],[46.6693,41.81463],[46.76504,41.83591],[46.85013,41.83591],[46.91396,41.75081],[47.1267,41.62316],[47.16925,41.56998],[47.22244,41.56998],[47.35009,41.44233],[47.35009,41.30404],[47.61602,41.26149],[47.81813,41.19767],[47.98833,41.21894],[48.06279,41.31468],[48.20107,41.4636],[48.22371,41.47115],[47.24856,42.78491],[47.19484,43.37586],[47.49336,43.58319],[47.52034,43.51126],[47.5653,43.60117],[47.61026,43.75404],[47.66421,43.85295],[47.73614,43.86194],[47.6732,43.66412],[47.57429,43.50226],[47.60126,43.32243],[47.65521,43.27747],[47.58328,43.18755],[47.5653,43.00771],[47.73614,42.89981],[47.79009,42.85485],[47.84404,42.62106],[47.96993,42.59409],[48.13178,42.40525],[48.2217,42.27937],[48.41952,42.09054],[48.50045,41.92868],[48.6623,41.90171],[48.68324,41.83591],[48.8925,41.68698],[48.99887,41.51679],[49.11588,41.43169],[49.24353,41.2934],[49.28608,41.05938],[49.3499,40.95301],[49.47755,40.836],[49.6052,40.76154],[49.6052,40.68708],[49.8073,40.5807],[50.02005,40.60198],[50.19025,40.57007],[50.3179,40.49561],[50.42427,40.41051],[50.46682,40.32541],[50.46682,40.26158],[50.30726,40.32541],[50.12643,40.34668],[50.03069,40.34668],[49.91368,40.32541],[49.84986,40.27222],[49.66902,40.24031],[49.57328,40.17649],[49.55201,40.09139],[49.54137,39.87864],[49.44564,39.65526],[49.40309,39.48506],[49.49882,39.37869],[49.48818,39.29359],[49.38181,39.3255],[49.33926,39.28295],[49.27544,39.01702],[49.22225,39.0383],[49.17971,39.14467],[49.11588,39.18722],[49.04142,39.14467],[49.02014,39.00638],[49.05206,38.93192],[48.94568,38.83619],[48.98823,38.71918],[48.82495,38.30958],[48.83151,38.30631],[48.80919,37.98857],[48.74478,37.72702],[48.83723,37.51097],[49.05953,37.39756],[49.47581,37.29161],[49.84801,37.26821],[50.03871,37.2247],[50.11132,37.09776],[50.25221,36.89479],[50.56095,36.68643],[51.41704,36.45569],[51.79552,36.43235],[51.99305,36.4589],[52.60216,36.57688],[53.13901,36.64353],[53.79965,36.67904],[53.98449,36.78191],[55.46622,34],[40.42017,34]]]]}},{"type":"Feature","properties":{"NAME":"Golden Horde","ABBREVN":"Golden Horde","SUBJECTO":"Golden Horde","BORDERPRECISION":1,"PARTOF":"Golden Horde"},"geometry":{"type":"MultiPolygon","coordinates":[[[[56.6739,58.25928],[52.8539,46.93828],[52.55579,46.98212],[52.46587,46.91018],[52.37595,46.87422],[52.14216,46.83825],[51.93535,46.8922],[51.79148,47.00909],[51.67458,47.03607],[51.36886,47.09002],[51.11708,47.06305],[50.82035,46.91918],[50.63152,46.91018],[50.27185,46.68539],[49.94814,46.5595],[49.72335,46.53252],[49.53451,46.54152],[49.3132,46.35269],[49.23778,46.26277],[49.05794,46.13688],[48.8871,46.08293],[48.83315,46.08293],[48.83315,45.92108],[48.77021,45.88511],[48.63533,45.97503],[48.30263,45.76821],[48.01489,45.71426],[47.87102,45.6783],[47.75412,45.71426],[47.6732,45.75023],[47.62824,45.73225],[47.60126,45.66031],[47.65521,45.54342],[47.5563,45.4535],[47.39445,45.17475],[47.25058,44.98592],[47.16965,44.86004],[47.02578,44.7881],[46.87292,44.6802],[46.80998,44.53633],[46.84595,44.44641],[46.99881,44.35649],[47.14268,44.33851],[47.2236,44.20363],[47.33151,44.18565],[47.5653,43.84396],[47.53832,43.67311],[47.49336,43.58319],[47.19484,43.37586],[47.24856,42.78491],[48.22371,41.47115],[48.20107,41.4636],[48.06279,41.31468],[47.98833,41.21894],[47.81813,41.19767],[47.61602,41.26149],[47.35009,41.30404],[47.35009,41.44233],[47.22244,41.56998],[47.16925,41.56998],[47.1267,41.62316],[46.91396,41.75081],[46.85013,41.83591],[46.76504,41.83591],[46.6693,41.81463],[46.65866,41.88909],[46.55578,41.87846],[46.4991,41.96355],[46.39273,41.99547],[46.28636,41.98483],[46.15871,42.0061],[46.0417,42.04865],[45.91405,42.12312],[45.75449,42.25076],[45.80768,42.38905],[45.86086,42.47415],[45.80768,42.53797],[45.64812,42.54861],[45.47792,42.54861],[45.38219,42.62307],[43.61691,43.77276],[41.30961,43.55717],[42.52417,47.05099],[44.36428,49.4286],[43.6731,50.86034],[42.58695,50.90971],[40.02647,49.08037],[38.13611,49.04904],[38.29175,51.20593],[37.60057,51.40341],[36.86001,52.09459],[37.69931,52.7364],[40.41466,51.35404],[41.40207,51.79837],[43.6731,53.47696],[44.80861,54.66184],[45.42957,57.4669],[45.96481,57.73452],[55.46522,58.13594],[56.6739,58.25928]]]]}},{"type":"Feature","properties":{"NAME":"Holy Roman Empire","ABBREVN":"Holy Roman E","SUBJECTO":"Holy Roman Empire","BORDERPRECISION":1,"PARTOF":"Holy Roman Empire"},"geometry":{"type":"MultiPolygon","coordinates":[[[[1.79618,50.92141],[1.82551,50.24269],[1.98662,50.21967],[1.98662,50.08157],[2.14774,50.05856],[2.40091,50.19666],[2.67711,50.15062],[2.90727,49.94348],[3.48268,49.92046],[3.82033,50.03945],[4.25522,49.88724],[4.78202,49.79651],[4.78176,49.80736],[4.81493,49.84938],[4.83064,49.84938],[4.81287,49.82398],[4.83553,49.78814],[4.83599,49.78721],[5.26123,49.71397],[5.25696,49.72947],[5.22614,49.73264],[5.21833,49.8001],[5.19859,49.80659],[5.1798,49.78963],[5.16375,49.83012],[5.20776,49.85753],[5.20666,49.83106],[5.25773,49.81971],[5.29833,49.86859],[5.37489,49.88606],[5.36699,49.89336],[5.31996,49.88673],[5.31644,49.91376],[5.25078,49.91271],[5.21719,49.9515],[5.17233,49.93609],[5.15791,49.95691],[5.12177,49.96188],[5.13456,49.98512],[5.12349,49.98412],[5.09997,49.96801],[5.09886,49.93647],[5.11448,49.92034],[5.07251,49.91216],[5.04667,49.89005],[5.05543,49.88158],[5.00825,49.8899],[5.00227,49.88874],[5.00232,49.88852],[5.00194,49.88867],[4.99712,49.88774],[4.99734,49.88978],[4.99671,49.88984],[4.99712,49.88773],[4.95071,49.87871],[4.95011,49.85625],[4.97063,49.8454],[4.93303,49.82242],[4.91149,49.84446],[4.91775,49.85464],[4.90222,49.84191],[4.85729,49.84638],[4.85316,49.86502],[4.89021,49.90891],[4.85011,49.946],[4.79956,49.95698],[4.79733,49.98305],[4.82081,50.01021],[4.85201,49.99477],[4.91552,50.02583],[4.90102,49.97794],[4.95569,49.96254],[4.99663,49.99847],[4.99088,50.01645],[5.01268,49.99715],[4.99303,50.03013],[4.93793,50.01767],[4.96204,50.0395],[4.95913,50.06491],[5.01449,50.07196],[5.03483,50.0529],[5.06453,50.09272],[5.13285,50.09823],[5.19413,50.04226],[5.21138,50.04193],[5.19636,50.10605],[5.24348,50.054],[5.27198,50.06904],[5.28983,50.09911],[5.24486,50.12999],[5.25086,50.13984],[5.29601,50.14671],[5.33489,50.12336],[5.34373,50.1537],[5.2667,50.15961],[5.24868,50.17987],[5.21645,50.17959],[5.19662,50.21064],[5.24039,50.2013],[5.22752,50.22695],[5.25773,50.22854],[5.25713,50.23958],[5.29447,50.2387],[5.29944,50.25643],[5.32159,50.24852],[5.35043,50.2663],[5.37343,50.24375],[5.43583,50.28205],[5.40648,50.3162],[5.36571,50.31998],[5.28528,50.26954],[5.29558,50.27755],[5.26932,50.29],[5.28369,50.3042],[5.27464,50.31267],[5.29142,50.31357],[5.28271,50.32409],[5.3318,50.30762],[5.38669,50.3402],[5.36871,50.34226],[5.39793,50.36416],[5.39167,50.38152],[5.40087,50.38684],[5.38055,50.39216],[5.38812,50.40337],[5.36201,50.38149],[5.35935,50.40223],[5.29996,50.42509],[5.32506,50.432],[5.31262,50.44791],[5.31892,50.45235],[5.31828,50.4522],[5.31073,50.47021],[5.32979,50.47734],[5.34262,50.4578],[5.32431,50.45359],[5.33275,50.45062],[5.32551,50.43213],[5.37935,50.44696],[5.42004,50.43012],[5.41392,50.42499],[5.45252,50.4171],[5.4231,50.39968],[5.42789,50.40245],[5.51291,50.4249],[5.51309,50.42428],[5.53584,50.44791],[5.48741,50.46664],[5.48183,50.48722],[5.52503,50.49345],[5.52506,50.49336],[5.52994,50.50327],[5.59135,50.51103],[5.63084,50.48923],[5.64083,50.49504],[5.62936,50.46728],[5.65169,50.48605],[5.64203,50.49574],[5.6515,50.50125],[5.66253,50.49544],[5.66137,50.49419],[5.66304,50.49559],[5.66895,50.47441],[5.74029,50.4931],[5.70375,50.49724],[5.67581,50.5274],[5.7162,50.54327],[5.74126,50.57381],[5.76578,50.57303],[5.77351,50.56265],[5.75169,50.54071],[5.75941,50.49093],[5.75432,50.49151],[5.80009,50.44406],[5.75671,50.44383],[5.83644,50.43796],[6.05866,50.52161],[6.09655,50.5131],[6.15234,50.46078],[6.09072,50.53362],[6.13947,50.55325],[6.21835,50.52546],[6.28165,50.45824],[6.38314,50.53514],[6.4588,50.5274],[6.48717,50.54368],[6.54866,50.54625],[6.54605,50.55099],[6.60862,50.55031],[6.64124,50.56776],[6.63849,50.58738],[6.59626,50.57277],[6.5839,50.59021],[6.62338,50.63945],[6.70784,50.60285],[6.67591,50.57452],[6.7123,50.55489],[6.64295,50.51998],[6.66527,50.48919],[6.65531,50.47936],[6.63574,50.48394],[6.6069,50.45117],[6.52498,50.48381],[6.53115,50.48839],[6.4799,50.47628],[6.45998,50.49473],[6.43717,50.4917],[6.42357,50.47504],[6.36233,50.4675],[6.3737,50.42164],[6.40563,50.43389],[6.42134,50.42039],[6.45164,50.4258],[6.49026,50.44728],[6.54081,50.40595],[6.57154,50.4083],[6.57969,50.39112],[6.55377,50.36834],[6.52925,50.36932],[6.48504,50.33844],[6.50906,50.34743],[6.50249,50.3222],[6.42125,50.31346],[6.38919,50.37166],[6.39859,50.3776],[6.36881,50.40965],[6.27628,50.35773],[6.26513,50.32486],[6.2792,50.30579],[6.26616,50.3116],[6.25019,50.28583],[6.21243,50.27815],[6.20749,50.24948],[6.17329,50.2194],[6.23719,50.18358],[6.2553,50.1963],[6.30735,50.18987],[6.32156,50.20492],[6.40876,50.17528],[6.41687,50.16197],[6.40378,50.15548],[6.42945,50.10437],[6.38894,50.09082],[6.39739,50.06857],[6.4791,50.03002],[6.48331,50.05383],[6.50219,50.06193],[6.5294,50.04215],[6.54339,50.10093],[6.56407,50.1066],[6.60476,50.04904],[6.54957,50.04248],[6.55781,50.02633],[6.62716,50.01789],[6.64347,50.03118],[6.61437,50.07582],[6.63239,50.11535],[6.596,50.11612],[6.60836,50.14116],[6.6184,50.12729],[6.6475,50.12883],[6.67583,50.10737],[6.66299,50.09468],[6.69497,50.08587],[6.76423,50.11513],[6.80843,50.06562],[6.75496,50.06133],[6.75771,50.03096],[6.66973,49.99748],[6.67522,49.96006],[6.71196,49.94017],[6.80225,49.95166],[6.83521,49.92426],[6.80225,49.89375],[6.72295,49.88225],[6.68964,49.85658],[6.64638,49.85923],[6.61961,49.88402],[6.60587,49.87672],[6.60364,49.89917],[6.5427,49.90436],[6.55283,49.88534],[6.49215,49.84844],[6.49841,49.83455],[6.52742,49.84153],[6.54828,49.82863],[6.53515,49.815],[6.55695,49.80282],[6.52674,49.76907],[6.56721,49.74778],[6.5603,49.69212],[6.50953,49.68834],[6.50024,49.65968],[6.50292,49.65907],[6.52416,49.64282],[6.49336,49.64526],[6.42735,49.62639],[6.48623,49.62862],[6.52039,49.60148],[6.48056,49.5938],[6.47112,49.56163],[6.45258,49.56575],[6.47095,49.58401],[6.46494,49.6037],[6.43573,49.59943],[6.44305,49.58974],[6.43052,49.59347],[6.435,49.59933],[6.39868,49.59402],[6.40606,49.56753],[6.35735,49.57235],[6.42151,49.54855],[6.40027,49.54278],[6.41308,49.53745],[6.40348,49.51203],[6.43867,49.50988],[6.45245,49.49063],[6.54331,49.53793],[6.60554,49.5167],[6.60033,49.508],[6.66063,49.49422],[6.65394,49.48028],[6.58493,49.49128],[6.58674,49.49451],[6.55085,49.49572],[6.62746,49.45401],[6.64947,49.40835],[6.7023,49.41667],[6.71084,49.42862],[6.66707,49.4312],[6.67042,49.44469],[6.71599,49.46712],[6.79281,49.44313],[6.83401,49.4563],[6.84972,49.48073],[6.90053,49.47878],[6.94023,49.49746],[6.98061,49.47593],[7.04846,49.4945],[7.0594,49.50186],[7.0503,49.52571],[7.07017,49.53565],[7.15364,49.52811],[7.11053,49.46624],[7.05494,49.44112],[7.00765,49.44902],[6.98936,49.43672],[6.98284,49.42303],[7.00138,49.40539],[6.98593,49.38327],[6.93769,49.39908],[6.93194,49.45529],[6.88499,49.42661],[6.83976,49.44123],[6.74539,49.42049],[6.72887,49.40003],[6.75496,49.39668],[6.73857,49.37069],[6.78655,49.33871],[6.84667,49.32677],[6.76594,49.28337],[6.80191,49.26094],[6.78893,49.24444],[6.72147,49.25685],[6.68909,49.24596],[6.69634,49.21535],[6.72832,49.21081],[6.63076,49.20728],[6.68484,49.19046],[6.6148,49.16689],[6.56536,49.1817],[6.5506,49.201],[6.55798,49.23015],[6.52039,49.24304],[6.47713,49.20044],[6.52107,49.20122],[6.52897,49.18664],[6.50871,49.14983],[6.47507,49.17138],[6.45876,49.15623],[6.4658,49.14107],[6.50631,49.13208],[6.34289,49.14017],[6.36486,49.15252],[6.34563,49.16577],[6.40675,49.15207],[6.4016,49.16554],[6.41808,49.16913],[6.41121,49.18642],[6.38752,49.1817],[6.38203,49.21737],[6.46648,49.23531],[6.43524,49.24428],[6.33121,49.2102],[6.27079,49.23015],[6.26118,49.24719],[6.27034,49.25482],[6.26701,49.25436],[6.2471,49.27072],[6.23989,49.25369],[6.22341,49.25615],[6.22856,49.26556],[6.13651,49.24887],[6.13203,49.24089],[6.13638,49.24035],[6.13947,49.22231],[6.06789,49.2139],[6.11904,49.21984],[6.13123,49.2047],[6.12162,49.19797],[6.14393,49.16543],[6.1199,49.16218],[6.12471,49.14758],[6.08574,49.14769],[6.06377,49.15987],[6.0684,49.17907],[5.98901,49.15538],[5.96831,49.10863],[6.00952,49.10523],[5.93536,49.08848],[5.94395,49.07207],[6.00506,49.08444],[6.03012,49.0534],[6.07441,49.05745],[6.0878,49.04034],[6.06445,48.99903],[6.07741,48.95644],[6.08909,48.94184],[6.12994,48.94612],[6.1659,48.91269],[6.12556,48.8979],[6.14445,48.88933],[6.12213,48.8812],[6.08471,48.89204],[6.06548,48.87443],[6.08196,48.87465],[6.02875,48.84777],[6.01617,48.8044],[6.10599,48.80234],[6.1211,48.81455],[6.07956,48.82947],[6.10908,48.83489],[6.11698,48.85907],[6.13346,48.85794],[6.12694,48.83422],[6.1702,48.82065],[6.15269,48.88436],[6.18565,48.91144],[6.22461,48.91099],[6.25895,48.93254],[6.24762,48.95559],[6.30907,48.98754],[6.32229,48.98022],[6.32521,48.92758],[6.31156,48.92069],[6.32521,48.90445],[6.38143,48.93073],[6.38503,48.95824],[6.42559,48.96689],[6.42447,48.98419],[6.50614,48.98416],[6.49687,48.97112],[6.41001,48.95965],[6.41258,48.94325],[6.43215,48.93896],[6.50322,48.94562],[6.4976,48.96829],[6.54485,48.97453],[6.50579,48.98934],[6.46897,49.04642],[6.46331,49.03337],[6.44812,49.03505],[6.44992,49.05295],[6.40932,49.04591],[6.37962,49.0287],[6.38709,49.02037],[6.34512,49.03365],[6.34649,49.04665],[6.50459,49.07229],[6.50597,49.04732],[6.52657,49.04597],[6.54716,49.06689],[6.56158,49.06307],[6.54579,49.02841],[6.59454,49.02661],[6.58267,49.08668],[6.6251,49.10411],[6.60175,49.1213],[6.60965,49.13562],[6.71488,49.16397],[6.80946,49.14107],[6.81041,49.15797],[6.83418,49.15134],[6.85925,49.17497],[6.83633,49.21098],[6.92516,49.22343],[6.95915,49.20279],[7.0349,49.19079],[7.02781,49.1721],[7.05112,49.11344],[7.1024,49.15558],[7.15689,49.12099],[7.23875,49.1288],[7.29355,49.11503],[7.32046,49.14107],[7.3562,49.14396],[7.36528,49.17207],[7.4456,49.18434],[7.43749,49.16422],[7.49401,49.16947],[7.50589,49.15151],[7.4889,49.14118],[7.53568,49.09368],[7.6308,49.06553],[7.63726,49.04553],[7.58719,48.98933],[7.55808,49.0211],[7.4462,48.96555],[7.32745,48.94375],[7.28928,48.9742],[7.20985,48.9801],[7.17199,49.00613],[7.12741,49.01229],[7.10585,49.05512],[7.14789,49.06549],[7.13594,49.08161],[7.07082,49.06931],[7.0767,49.04932],[7.04816,49.01759],[7.02763,48.95594],[6.99254,48.96053],[7.00095,48.9761],[6.97958,48.99768],[6.89993,48.98788],[6.92019,48.95824],[6.98552,48.94645],[6.95473,48.8939],[7.057,48.85896],[7.09627,48.86186],[7.09189,48.84946],[7.05118,48.84465],[7.05145,48.81598],[7.08957,48.80688],[7.07026,48.79284],[7.07791,48.78563],[7.1477,48.82212],[7.14445,48.84196],[7.18538,48.85036],[7.22003,48.81883],[7.22085,48.80008],[7.1842,48.80392],[7.18901,48.7795],[7.21364,48.77429],[7.27896,48.79838],[7.30958,48.76226],[7.27752,48.73477],[7.28003,48.71302],[7.26243,48.70301],[7.246,48.71637],[7.25553,48.67251],[7.17768,48.68569],[7.13802,48.67804],[7.14395,48.66313],[7.12515,48.64465],[7.07768,48.66104],[7.07008,48.63883],[6.99863,48.68779],[7.01597,48.69561],[6.99778,48.71838],[7.01786,48.72506],[6.99778,48.73706],[6.95812,48.71622],[6.91263,48.73095],[6.92774,48.73638],[6.93993,48.79205],[6.99863,48.81342],[6.9425,48.83309],[6.92413,48.7985],[6.84088,48.8011],[6.828,48.78787],[6.83298,48.75936],[6.81118,48.74906],[6.78783,48.75608],[6.76878,48.73842],[6.70166,48.73162],[6.64845,48.74861],[6.62699,48.74544],[6.63231,48.73208],[6.57755,48.78391],[6.58991,48.8176],[6.57635,48.84292],[6.60759,48.84755],[6.63008,48.87668],[6.62046,48.87194],[6.60364,48.90738],[6.55678,48.90467],[6.57429,48.86144],[6.55403,48.84371],[6.56227,48.8098],[6.54219,48.80087],[6.47232,48.78662],[6.45138,48.8228],[6.37808,48.81964],[6.37576,48.7834],[6.40906,48.77952],[6.44382,48.75166],[6.43352,48.74827],[6.44588,48.72857],[6.49979,48.73649],[6.51489,48.75378],[6.5427,48.74827],[6.54613,48.70897],[6.62484,48.7139],[6.68724,48.64221],[6.70492,48.64164],[6.71574,48.66767],[6.7596,48.66257],[6.78337,48.64198],[6.88465,48.66704],[6.88345,48.64164],[6.90594,48.62009],[6.92997,48.63518],[6.96018,48.60159],[6.90182,48.60181],[6.91143,48.58456],[6.86714,48.57911],[6.85787,48.54366],[6.87881,48.56025],[7.02421,48.52434],[7.06893,48.53829],[7.15832,48.52961],[7.16622,48.5195],[7.06547,48.52427],[7.01855,48.50899],[6.94224,48.53337],[6.8553,48.52326],[6.86748,48.5112],[6.92774,48.5145],[6.96705,48.4723],[6.92705,48.43057],[6.97743,48.36212],[7.01958,48.36537],[7.12768,48.33297],[7.17236,48.34133],[7.2034,48.30993],[7.27518,48.30541],[7.29878,48.27947],[7.29074,48.27205],[7.33374,48.27274],[7.30986,48.25383],[7.42581,48.21495],[7.28436,48.24531],[7.2296,48.22696],[7.21853,48.25908],[7.17733,48.24057],[7.15914,48.25577],[7.13408,48.24788],[7.06284,48.14868],[7.08223,48.12004],[7.00035,48.02133],[6.94353,47.99865],[6.92088,47.9475],[6.92886,47.91073],[6.89777,47.88442],[6.91763,47.84802],[6.88787,47.83307],[6.82295,47.81376],[6.59746,47.94372],[6.56776,47.93912],[6.54579,47.92163],[6.55592,47.91093],[6.47455,47.88734],[6.42666,47.94728],[6.38134,47.96533],[6.15543,47.92865],[6.16317,47.99749],[6.11423,48.01974],[6.09776,48.00819],[6.0857,48.00515],[6.05695,47.95721],[6.01669,47.96871],[6.003,47.9651],[6.03913,47.95033],[6.00334,47.93089],[5.95953,47.93777],[5.95953,47.90447],[5.98446,47.89477],[5.95953,47.88229],[5.95953,47.80413],[5.82037,47.73455],[5.91778,47.59539],[5.79254,47.51189],[5.77862,47.35881],[5.73687,47.23356],[5.66729,47.10832],[5.79387,46.99724],[5.75702,46.88667],[5.64644,46.84981],[5.62554,46.64908],[5.73966,46.59783],[5.72493,46.47999],[5.64572,46.45672],[5.41559,46.52418],[5.26828,46.31795],[5.53343,46.097],[5.53343,46.00861],[5.35667,46.0528],[5.35667,45.87604],[5.60708,45.84658],[5.82336,45.39624],[5.93454,45.32212],[5.94689,45.26036],[6.05807,45.2233],[6.03336,45.33448],[6.08278,45.37154],[6.14454,45.32212],[6.21866,45.34683],[6.26807,45.32212],[6.24337,45.29742],[6.28043,45.19859],[6.50732,45.11571],[6.66532,44.95452],[6.9426,44.86865],[7.00347,44.71954],[6.92469,44.71502],[6.78292,44.54787],[6.78471,44.54378],[6.8389,44.60856],[6.85461,44.61491],[6.8583,44.62951],[6.88199,44.63055],[6.91555,44.66005],[6.94825,44.6545],[6.96283,44.67808],[6.98974,44.69038],[7.02877,44.69169],[7.0771,44.68163],[7.06535,44.71383],[7.12085,44.7259],[7.12921,44.73904],[7.14918,44.74308],[7.21664,44.71454],[7.26381,44.71548],[7.28816,44.70565],[7.31077,44.68438],[7.33646,44.68086],[7.34076,44.70589],[7.42607,44.72454],[7.45107,44.73922],[7.44777,44.75528],[7.47826,44.75819],[7.46933,44.65742],[7.50847,44.65009],[7.50023,44.62371],[7.43568,44.56161],[7.42538,44.52491],[7.38144,44.52882],[7.35741,44.50336],[7.37595,44.46662],[7.37732,44.39013],[7.43019,44.39896],[7.45422,44.33367],[7.40959,44.32139],[7.33131,44.27176],[7.27982,44.28699],[7.22282,44.28601],[7.19742,44.2752],[7.14935,44.19008],[7.12601,44.17531],[7.02988,44.22454],[6.96396,44.23831],[6.96121,44.28552],[6.91864,44.33858],[6.88019,44.36019],[6.8639,44.36262],[6.86978,44.34917],[6.78691,44.29681],[6.78691,44.19799],[6.83632,44.11151],[6.88573,44.14857],[6.93514,44.13622],[6.9722,44.0621],[6.99691,44.04975],[6.92279,43.97563],[6.95985,43.91386],[6.88573,43.90151],[6.92279,43.81504],[7.35515,43.90151],[7.39712,43.76409],[7.50915,43.83847],[7.50776,43.84184],[7.49591,43.85338],[7.49806,43.87185],[7.51009,43.88203],[7.55905,43.89718],[7.57936,43.89083],[7.58453,43.87262],[7.5854,43.87214],[7.68912,43.88705],[7.72933,43.89783],[7.72751,43.90432],[7.74261,43.90977],[7.75875,43.94253],[7.75173,43.95797],[7.67016,43.99849],[7.66162,44.02232],[7.6654,44.03108],[7.70292,44.0434],[7.71175,44.06064],[7.72761,44.05979],[7.73608,44.07623],[7.75451,44.08546],[7.73284,44.08351],[7.71458,44.10663],[7.72579,44.12618],[7.76473,44.14392],[7.81483,44.12399],[7.88154,44.11373],[7.88393,44.10588],[7.92601,44.1118],[7.94252,44.10059],[7.97128,44.11279],[8.00658,44.10232],[8.01225,44.11103],[8.00269,44.11663],[8.0126,44.12012],[7.97963,44.13846],[8.01401,44.15582],[8.04293,44.14283],[8.06731,44.14469],[8.09073,44.17314],[8.151,44.16472],[8.18756,44.18405],[8.1769,44.18863],[8.17888,44.20199],[8.17026,44.21421],[8.14819,44.20636],[8.07592,44.20412],[8.06826,44.22749],[8.07736,44.23458],[8.06316,44.25337],[8.10173,44.2811],[8.15617,44.272],[8.21177,44.32459],[8.22329,44.32285],[8.23466,44.30556],[8.23228,44.29523],[8.25461,44.2998],[8.26738,44.35246],[8.28865,44.36692],[8.31794,44.34349],[8.31648,44.32667],[8.27178,44.31815],[8.27074,44.3023],[8.24781,44.27262],[8.27215,44.27228],[8.30527,44.25671],[8.31305,44.26241],[8.33761,44.29901],[8.33897,44.31992],[8.35537,44.33206],[8.34394,44.35061],[8.37691,44.4077],[8.44443,44.43873],[8.46392,44.469],[8.46098,44.49278],[8.44841,44.49866],[8.45104,44.50332],[8.44653,44.49877],[8.41743,44.51283],[8.39915,44.50095],[8.39407,44.47909],[8.35849,44.46494],[8.35005,44.48481],[8.32399,44.48764],[8.30255,44.50326],[8.27188,44.50644],[8.26157,44.51944],[8.1134,44.49063],[8.04336,44.39749],[7.96921,44.42299],[7.91427,44.45829],[7.9129,44.55525],[7.87857,44.63935],[7.91839,44.70576],[8.00766,44.73308],[8.02826,44.79938],[7.93487,44.86998],[7.93213,44.92349],[7.98294,45.02355],[8.05847,45.07207],[8.02963,45.13071],[7.95135,45.19559],[8.0698,45.1997],[8.09383,45.24855],[8.12782,45.25652],[8.52745,45.24395],[8.55534,45.15727],[8.58008,45.15269],[8.5917,45.13134],[8.61367,45.12699],[8.60848,45.10838],[8.6459,45.07489],[8.63691,45.06652],[8.64697,45.05465],[8.63811,45.04931],[8.64131,45.04405],[8.56316,44.93272],[8.56247,44.84565],[8.57689,44.72283],[8.60318,44.64298],[8.61771,44.65084],[8.663,44.656],[8.67452,44.64011],[8.67199,44.62078],[8.68452,44.61076],[8.67285,44.5967],[8.69718,44.57973],[8.72462,44.57862],[8.73894,44.55023],[8.7487,44.55015],[8.75216,44.52552],[8.76477,44.52966],[8.77119,44.48947],[8.7857,44.48754],[8.79986,44.5023],[8.79763,44.52538],[8.82827,44.54579],[8.82151,44.54752],[8.82574,44.55883],[8.81824,44.57115],[8.80378,44.58005],[8.80675,44.59671],[8.79393,44.61786],[8.81978,44.64017],[8.78934,44.66395],[8.78061,44.68302],[8.76279,44.69122],[8.77087,44.71625],[8.78803,44.71356],[8.79313,44.72329],[8.75974,44.74563],[8.72193,44.793],[8.73067,44.80492],[8.74409,44.80693],[8.75875,44.80047],[8.76559,44.78513],[8.79769,44.78275],[8.83027,44.8042],[8.84712,44.79828],[8.84687,44.76136],[8.8251,44.73078],[8.82749,44.71648],[8.84555,44.69489],[8.87215,44.70527],[8.89834,44.69798],[8.94448,44.70831],[8.94814,44.70085],[8.98822,44.71538],[9.00363,44.70909],[9.01943,44.71625],[9.02149,44.72893],[9.00381,44.7434],[9.0076,44.74961],[9.02911,44.74972],[9.07809,44.72177],[9.12789,44.72752],[9.16556,44.69259],[9.20032,44.6864],[9.24295,44.68667],[9.23204,44.70161],[9.23637,44.71498],[9.25974,44.67988],[9.36633,44.69043],[9.40439,44.64192],[9.39614,44.60997],[9.4172,44.59633],[9.42103,44.57359],[9.40867,44.56002],[9.48029,44.56297],[9.5052,44.52934],[9.49622,44.48297],[9.46912,44.48142],[9.47134,44.46864],[9.45767,44.44248],[9.43869,44.4293],[9.44292,44.41655],[9.46395,44.42477],[9.47903,44.40926],[9.49468,44.42362],[9.54094,44.42563],[9.55845,44.43863],[9.58491,44.42932],[9.60573,44.43488],[9.63827,44.41453],[9.65538,44.41231],[9.67506,44.36407],[9.69937,44.36637],[9.71887,44.35492],[9.72946,44.32833],[9.7556,44.32081],[9.78073,44.29412],[9.74765,44.25357],[9.75937,44.23415],[9.75445,44.21967],[9.76537,44.21202],[9.76277,44.20614],[9.80225,44.20574],[9.82096,44.22474],[9.82476,44.19796],[9.85247,44.19694],[9.86608,44.18337],[9.89121,44.20781],[9.90868,44.20848],[9.9149,44.19932],[9.93269,44.19604],[9.89215,44.16733],[9.97412,44.16682],[9.98077,44.14342],[9.97465,44.13755],[9.99506,44.11896],[9.99358,44.10462],[9.98356,44.09923],[9.99339,44.09269],[10.00512,44.1106],[10.02837,44.11903],[10.0549,44.10925],[10.04738,44.11512],[10.05983,44.12983],[10.13718,44.11862],[10.15054,44.1074],[10.18959,44.12182],[10.21402,44.11909],[10.23298,44.10748],[10.24271,44.08614],[10.22392,44.05156],[10.19993,44.03451],[10.1845,44.03925],[10.16795,44.03341],[10.14913,44.01239],[10.15061,43.98847],[10.0962,43.95893],[10.04734,43.99145],[10.03789,43.99418],[10.13675,43.90477],[10.20521,43.81714],[10.18357,43.87085],[10.16659,43.8927],[10.22181,43.91613],[10.2788,43.96171],[10.27586,43.95664],[10.35584,43.97511],[10.34976,43.98504],[10.36388,43.99367],[10.3913,44.00084],[10.41765,43.99149],[10.46705,44.00183],[10.47287,44.01138],[10.46075,44.02235],[10.46721,44.02781],[10.44666,44.03478],[10.4277,44.02378],[10.409,44.05216],[10.43608,44.07432],[10.44729,44.07032],[10.46162,44.04607],[10.48295,44.03678],[10.49688,44.04047],[10.51074,44.06199],[10.52997,44.07408],[10.54464,44.10651],[10.5734,44.11994],[10.58691,44.11729],[10.58035,44.12955],[10.59906,44.14514],[10.55915,44.16681],[10.54243,44.1499],[10.52687,44.1556],[10.51972,44.16678],[10.52329,44.17514],[10.48535,44.20473],[10.48425,44.22301],[10.46352,44.23116],[10.42731,44.22893],[10.38088,44.26435],[10.31809,44.2755],[10.30771,44.28408],[10.25085,44.27249],[10.22537,44.30015],[10.20809,44.30251],[10.19919,44.32075],[10.18475,44.32104],[10.14259,44.35378],[10.14997,44.36781],[10.21973,44.40628],[10.26335,44.45081],[10.3241,44.47884],[10.34389,44.52631],[10.36319,44.54311],[10.38299,44.54455],[10.40174,44.56351],[10.39822,44.60807],[10.41575,44.63192],[10.41366,44.66781],[10.44808,44.71863],[10.44699,44.72762],[10.42615,44.7417],[10.43516,44.75435],[10.42961,44.76559],[10.47471,44.76837],[10.48985,44.78739],[10.52878,44.79888],[10.5384,44.83146],[10.58408,44.84253],[10.56686,44.84749],[10.58333,44.87693],[10.57752,44.8785],[10.49769,44.88216],[10.47939,44.85325],[10.46598,44.85489],[10.46973,44.87625],[10.49145,44.88338],[10.4801,44.8868],[10.48907,44.9039],[10.50755,44.91463],[10.51396,44.91331],[10.48611,44.92419],[10.47094,44.94538],[10.49718,44.94898],[10.50954,44.9723],[10.52318,44.97154],[10.56099,44.99437],[10.60103,45.00541],[10.60215,45.01245],[10.55735,45.01688],[10.55756,45.02354],[10.5314,45.05134],[10.54075,45.06341],[10.53331,45.07464],[10.4902,45.08197],[10.49442,45.05665],[10.46702,45.05929],[10.42044,45.04118],[10.41175,45.04623],[10.41731,45.09191],[10.46321,45.09366],[10.45835,45.11992],[10.49247,45.13242],[10.47873,45.14497],[10.45839,45.14764],[10.41863,45.13988],[10.42195,45.13184],[10.41582,45.13042],[10.38658,45.14396],[10.3777,45.13937],[10.36442,45.16189],[10.30907,45.19196],[10.3177,45.20472],[10.34438,45.20427],[10.34398,45.21069],[10.36098,45.2153],[10.38362,45.19256],[10.37384,45.18494],[10.39118,45.183],[10.40354,45.16933],[10.39633,45.1951],[10.42328,45.18421],[10.45109,45.18688],[10.4583,45.17417],[10.48559,45.1795],[10.47941,45.18845],[10.48765,45.18966],[10.48302,45.19426],[10.50465,45.21603],[10.49538,45.21893],[10.49469,45.22751],[10.51271,45.24057],[10.51443,45.25761],[10.50413,45.27537],[10.43495,45.27392],[10.42439,45.29687],[10.42899,45.32144],[10.46608,45.32535],[10.46491,45.33477],[10.50396,45.30544],[10.53932,45.31232],[10.57735,45.36008],[9.99769,45.40139],[9.92206,45.66612],[9.84642,45.70394],[9.50605,45.51484],[9.69514,45.77957],[9.58169,45.89303],[9.54487,46.31158],[9.64205,46.32522],[9.67374,46.37979],[9.88496,46.40253],[9.99453,46.25248],[10.09711,46.43891],[9.98743,46.49805],[10.02365,46.6209],[10.15124,46.66186],[10.23034,46.58926],[10.37211,46.5663],[10.38919,46.65276],[10.33872,46.74835],[10.3957,46.88741],[10.55832,46.71791],[10.55832,46.31288],[10.45706,46.21162],[10.52456,45.73909],[10.65957,45.80659],[10.79458,45.63783],[10.92959,45.84034],[11.16586,45.73909],[11.23336,46.00911],[11.33462,46.00911],[11.57089,45.97535],[11.57089,46.24537],[11.90841,46.41413],[11.73965,46.75166],[12.07475,46.92751],[12.21781,46.88432],[12.32843,46.9675],[12.50301,46.95991],[12.50416,46.99805],[12.48665,47.0032],[12.48733,47.02942],[12.50553,47.0451],[12.42382,47.09186],[12.34577,47.10923],[12.25124,47.07118],[12.19794,47.08872],[12.09192,47.07605],[12.07688,47.059],[11.97939,47.05048],[11.79099,46.9895],[11.7334,47.03094],[11.74353,47.061],[11.72825,47.07795],[11.69151,47.1018],[11.67486,47.09537],[11.69306,47.1303],[11.63933,47.13018],[11.67332,47.16007],[11.66765,47.19671],[11.74799,47.21222],[11.74473,47.28284],[11.78679,47.3522],[11.88941,47.37928],[11.92326,47.36069],[11.93562,47.33208],[12.05312,47.32748],[12.08342,47.37069],[12.06264,47.42542],[12.15208,47.48415],[12.20495,47.46222],[12.25611,47.47603],[12.34177,47.45781],[12.36151,47.41159],[12.34194,47.37882],[12.33833,47.32416],[12.37455,47.31194],[12.48012,47.32626],[12.49557,47.34766],[12.48184,47.37278],[12.50244,47.38905],[12.6178,47.4095],[12.63977,47.46524],[12.70637,47.48009],[12.63427,47.54734],[12.66518,47.58116],[12.57385,47.60408],[12.5751,47.63254],[12.60578,47.67394],[12.78431,47.67198],[12.75959,47.65001],[12.79112,47.59715],[12.79186,47.59829],[12.77985,47.6337],[12.82173,47.65706],[12.85057,47.64642],[12.83684,47.66631],[12.89791,47.69157],[12.90948,47.69466],[12.90439,47.72732],[12.94237,47.77092],[12.92775,47.76986],[12.89014,47.74515],[12.84842,47.75496],[12.83074,47.77908],[12.76637,47.78813],[12.68466,47.90098],[12.70989,47.92491],[12.64621,47.96924],[12.54441,47.99636],[12.54544,48.01404],[12.57591,48.02966],[12.58947,48.065],[12.66629,48.07527],[12.71419,48.11121],[12.74871,48.1067],[12.7699,48.0668],[12.86053,47.99705],[12.89125,47.9913],[12.93599,48.03576],[12.97392,48.02354],[13.04678,48.04005],[13.04438,48.02828],[13.11132,47.9809],[13.37924,47.98309],[13.35744,47.95404],[13.30661,47.96432],[13.27821,47.94945],[13.28281,47.89494],[13.27114,47.89126],[13.29586,47.85809],[13.29027,47.82417],[13.39065,47.79381],[13.45121,47.80416],[13.53026,47.79309],[13.53551,47.77585],[13.5143,47.77204],[13.46519,47.78633],[13.43605,47.73859],[13.55006,47.7139],[13.48469,47.6411],[13.52172,47.61998],[13.50563,47.58324],[13.47977,47.56926],[13.47844,47.52611],[13.59017,47.46625],[13.56408,47.4138],[13.59996,47.33749],[13.60519,47.28389],[13.713,47.26013],[13.7178,47.27783],[13.76106,47.26659],[13.78956,47.28907],[13.82286,47.28913],[13.82389,47.267],[13.86406,47.25296],[13.84955,47.23018],[13.89668,47.17606],[13.99384,47.13982],[13.93959,47.13655],[13.88294,47.10513],[13.90217,47.0624],[13.85719,46.99237],[13.80913,46.95097],[13.79097,46.99038],[13.70544,46.99735],[13.69377,47.03995],[13.45825,47.07947],[13.39783,47.07059],[13.35525,47.09794],[13.27766,47.09514],[13.24814,47.08625],[13.24935,47.05581],[13.29168,47.06382],[13.51644,46.99961],[13.58066,46.83906],[13.70909,46.83906],[13.72515,46.64641],[13.6211,46.42088],[13.60634,46.13214],[13.3677,45.69449],[13.43773,45.63843],[13.56461,45.72652],[13.62674,45.72062],[13.58116,45.75507],[13.58511,45.80002],[13.56073,45.81432],[13.54923,45.8978],[13.58022,45.87916],[13.62938,45.88396],[13.63614,45.87586],[13.61188,45.85671],[13.64277,45.81978],[13.7254,45.81307],[13.74408,45.78879],[13.73554,45.75958],[13.81454,45.73566],[13.84398,45.7607],[13.79733,45.76769],[13.80557,45.77773],[13.86539,45.7613],[13.81233,45.70301],[13.98169,45.68694],[14.00089,45.70345],[13.95641,45.72194],[13.95113,45.74821],[13.89966,45.78243],[13.92066,45.79829],[13.87273,45.82953],[13.89153,45.84545],[13.87145,45.85077],[13.9043,45.86855],[13.90539,45.89888],[13.99469,45.97215],[14.01958,45.96833],[14.02782,45.98504],[14.06078,45.96905],[14.10596,45.98266],[14.0498,46.01079],[14.02974,46.07003],[14.00496,46.08534],[14.01847,46.1285],[14.07334,46.1559],[14.0338,46.17189],[13.99158,46.16317],[13.97417,46.1771],[13.99453,46.20735],[14.05907,46.25965],[14.11056,46.26107],[14.19157,46.33192],[14.2115,46.35119],[14.15791,46.4347],[14.2832,46.4435],[14.31126,46.43044],[14.42995,46.44669],[14.44226,46.42369],[14.40137,46.36967],[14.40463,46.35021],[14.41809,46.3456],[14.43633,46.36625],[14.63911,46.36446],[14.63825,46.33093],[14.71155,46.2587],[14.82974,46.25638],[14.88575,46.23831],[15.01037,46.18666],[15.03385,46.12953],[15.14153,46.10133],[15.21185,46.04492],[15.26224,46.04711],[15.26705,46.02212],[15.34172,45.99428],[15.46669,45.9879],[15.49836,45.94297],[15.53879,45.93897],[15.5399,45.92387],[15.69658,45.85785],[15.70081,45.84609],[15.64605,45.82371],[15.57083,45.85061],[15.51895,45.82133],[15.49098,45.83112],[15.4675,45.81468],[15.46864,45.79513],[15.39674,45.78998],[15.25323,45.72676],[15.24557,45.71608],[15.26424,45.69813],[15.2833,45.71026],[15.31473,45.68094],[15.33843,45.7123],[15.35832,45.71313],[15.35238,45.67176],[15.37096,45.68367],[15.40599,45.65034],[15.30542,45.63207],[15.30606,45.61278],[15.27966,45.60099],[15.30011,45.5767],[15.30408,45.5341],[15.32674,45.51709],[15.30596,45.49272],[15.3497,45.47769],[15.3476,45.45966],[15.27381,45.46601],[15.2479,45.44723],[15.42362,45.42966],[15.46982,45.73408],[16.12215,45.58187],[16.20913,45.73408],[16.07866,45.88629],[16.20913,46.14722],[16.44832,46.10373],[16.53529,46.36466],[16.29611,46.40815],[16.51355,46.62559],[16.44832,46.7778],[16.44832,46.93001],[16.55704,47.06048],[16.55704,47.19095],[16.64402,47.29967],[16.55704,47.49537],[16.62227,47.73455],[16.79622,47.84327],[17.40778,47.82153],[17.46214,48.06615],[17.21752,48.06615],[17.19034,48.44668],[17.31658,48.84644],[17.19229,48.87416],[17.14592,48.83675],[17.10582,48.83271],[17.0884,48.78748],[17.04387,48.76496],[17.00216,48.72138],[17.00441,48.6981],[16.98274,48.6901],[16.97313,48.67847],[16.97639,48.68824],[16.93566,48.68636],[16.91922,48.71444],[16.89546,48.71646],[16.86721,48.7883],[16.60644,48.78087],[16.54429,48.8112],[16.46246,48.80944],[16.43761,48.76851],[16.3838,48.73067],[16.08196,48.74943],[15.99534,48.77901],[15.95144,48.80373],[15.95959,48.82104],[15.93323,48.8198],[15.92965,48.83427],[15.8508,48.85777],[15.8369,48.87682],[15.78437,48.87446],[15.75168,48.85213],[15.69024,48.85559],[15.62071,48.89381],[15.52009,48.91282],[15.47358,48.9474],[15.35001,48.98434],[15.30117,48.97974],[15.28555,49.0159],[15.21156,49.05927],[15.22707,49.08522],[15.26405,49.07754],[15.23447,49.0893],[15.2597,49.11916],[15.22623,49.15072],[15.23475,49.17582],[15.20898,49.18352],[15.27619,49.20331],[15.21041,49.21198],[15.18172,49.17305],[15.13729,49.18724],[15.19148,49.23645],[15.21982,49.22677],[15.23819,49.25415],[15.27932,49.24666],[15.26855,49.24935],[15.27762,49.27681],[15.33508,49.27089],[15.34601,49.3146],[15.38383,49.31949],[15.3581,49.33678],[15.413,49.31752],[15.46703,49.34546],[15.5134,49.41002],[15.58714,49.40966],[15.60921,49.43208],[15.63987,49.42848],[15.64795,49.4535],[15.69238,49.43127],[15.70031,49.44954],[15.77892,49.45],[15.79247,49.46961],[15.81294,49.46767],[15.88322,49.55883],[15.87847,49.58813],[15.94893,49.59233],[15.98448,49.6111],[15.98727,49.63179],[15.94658,49.6384],[15.91636,49.66299],[15.93102,49.67864],[15.97905,49.67079],[16.02067,49.70654],[16.05049,49.70847],[16.09581,49.67136],[16.13916,49.69133],[16.19541,49.67564],[16.22336,49.66536],[16.23026,49.63058],[16.34867,49.6117],[16.40564,49.57235],[16.42423,49.59476],[16.44302,49.58583],[16.46469,49.60542],[16.53157,49.60845],[16.51448,49.65506],[16.47744,49.66625],[16.47374,49.68591],[16.36655,49.71668],[16.41165,49.78914],[16.50373,49.78867],[16.53318,49.74074],[16.5742,49.74343],[16.56977,49.83517],[16.62628,49.8602],[16.65515,49.85212],[16.6526,49.896],[16.68281,49.90406],[16.69298,49.93016],[16.73378,49.95478],[16.69512,50.05252],[16.80548,50.05229],[16.81712,50.08767],[16.80148,50.13222],[16.84051,50.20105],[16.87508,50.19878],[16.84729,50.20743],[16.70256,50.0964],[16.63208,50.11355],[16.5624,50.16305],[16.55789,50.21264],[16.53865,50.23696],[16.43705,50.32051],[16.38323,50.32881],[16.36215,50.34975],[16.35908,50.37977],[16.30513,50.38254],[16.27862,50.368],[16.23713,50.41406],[16.21535,50.4045],[16.19559,50.43643],[16.21092,50.45012],[16.23008,50.44269],[16.22335,50.45941],[16.25899,50.48014],[16.29789,50.48355],[16.29818,50.50316],[16.34648,50.49622],[16.39333,50.52531],[16.39158,50.54307],[16.41111,50.54876],[16.40659,50.56896],[16.44923,50.57315],[16.37986,50.63796],[16.40969,50.65396],[16.44246,50.64761],[16.48672,50.67952],[16.57959,50.62898],[16.63356,50.56992],[16.62592,50.56258],[16.68437,50.5148],[16.70319,50.4785],[16.73638,50.47749],[16.7705,50.42529],[16.8085,50.40064],[16.85946,50.40749],[16.90906,50.39039],[16.94487,50.31832],[17.01159,50.29167],[17.01809,50.27134],[17.0033,50.25312],[17.025,50.22776],[16.99895,50.21766],[17.00078,50.21608],[17.03025,50.23023],[17.07354,50.18726],[17.11298,50.18067],[17.15382,50.12392],[17.22047,50.10194],[17.23941,50.05466],[17.31558,50.01284],[17.3219,49.98353],[17.38471,49.9375],[17.41075,49.94795],[17.39878,49.97175],[17.42906,49.96901],[17.4597,49.95979],[17.47471,49.92636],[17.49412,49.93158],[17.53949,49.90112],[17.55903,49.90837],[17.5996,49.87703],[17.69426,49.90739],[17.71041,49.89545],[17.73828,49.9121],[17.80439,49.91562],[17.85426,49.93238],[17.84674,49.95844],[17.87632,49.95618],[17.88227,49.93707],[17.84877,49.90845],[17.83699,49.87267],[17.65295,49.86573],[17.65525,49.81898],[17.64142,49.80464],[17.69901,49.72546],[17.75747,49.71217],[17.7625,49.69272],[17.74417,49.67676],[17.76624,49.647],[17.83588,49.60669],[17.86776,49.60654],[17.84123,49.6424],[17.92971,49.62066],[17.88044,49.65584],[17.8457,49.65568],[17.86987,49.70124],[17.84278,49.73146],[17.87088,49.78297],[17.89094,49.78101],[17.91676,49.71189],[17.97963,49.73581],[17.99084,49.68689],[18.0094,49.67832],[18.18483,49.75479],[18.19509,49.78209],[18.22196,49.79582],[18.21416,49.82521],[18.22743,49.85314],[18.27588,49.86699],[18.29983,49.83495],[18.2752,49.80123],[18.29861,49.77905],[18.30597,49.72831],[18.36503,49.65743],[18.3566,49.60973],[18.36948,49.56204],[18.45368,49.46518],[18.52218,49.56107],[18.92671,49.62196],[18.89645,49.71273],[18.79632,49.71345],[18.7839,49.92469],[18.77686,49.92237],[18.71313,49.93133],[18.72036,49.89725],[18.66484,49.88072],[18.61788,49.90647],[18.6311,49.92139],[18.62062,49.9394],[18.66577,49.95685],[18.62217,49.96017],[18.59161,49.9988],[18.61333,50.01794],[18.65247,50.02031],[18.77357,50.00079],[18.77435,50.02004],[18.74954,50.02555],[18.75418,50.05408],[18.73032,50.06022],[18.73444,50.08534],[18.75915,50.10142],[18.74199,50.10296],[18.72963,50.15546],[18.75074,50.15931],[18.74662,50.17173],[18.71684,50.20347],[18.76325,50.19912],[18.64604,50.64451],[18.14006,50.98766],[17.63977,51.43688],[17.55255,51.65493],[17.29089,51.78576],[17.20367,51.61132],[16.85479,51.65493],[16.85479,51.91659],[16.50591,52.17825],[16.50591,52.00381],[16.0951,52.12417],[15.76453,52.26547],[15.76017,52.57074],[15.81599,52.57074],[15.84391,52.71029],[16.05312,52.71645],[16.20376,53.34333],[16.41554,53.52486],[16.20376,53.70639],[16.26152,53.72564],[16.24535,53.75069],[16.18526,53.76416],[16.10596,53.70346],[16.03237,53.67729],[16.0245,53.72226],[15.98064,53.72455],[15.96365,53.68532],[15.90837,53.67414],[15.88331,53.71347],[15.89696,53.73485],[15.88554,53.74795],[15.89396,53.78078],[15.82993,53.81667],[15.89095,53.83214],[15.85808,53.88628],[15.81525,53.90752],[15.79602,53.89261],[15.73268,53.89822],[15.76813,53.95447],[15.71204,53.86898],[15.68324,53.88003],[15.60084,53.86543],[15.50789,53.91283],[15.55793,53.84159],[15.56565,53.793],[15.68264,53.69523],[15.78263,53.66076],[15.80006,53.63955],[15.78083,53.63726],[15.77259,53.61222],[15.82203,53.6031],[15.75989,53.56336],[15.72212,53.49336],[15.59784,53.53072],[15.5769,53.51745],[15.5484,53.53031],[15.56488,53.54979],[15.54256,53.55948],[15.49931,53.54775],[15.51681,53.51316],[15.42386,53.50939],[15.42918,53.49616],[15.36489,53.48365],[15.36919,53.45065],[15.38464,53.4441],[15.36386,53.42355],[15.38343,53.41424],[15.46068,53.41864],[15.4775,53.40482],[15.59411,53.39743],[15.57295,53.36418],[15.50926,53.35465],[15.55252,53.3157],[15.54634,53.27014],[15.47253,53.23358],[15.3815,53.25001],[15.36159,53.24118],[15.35198,53.20896],[15.37957,53.19904],[15.34842,53.11268],[15.40086,53.08923],[15.38944,53.06288],[15.42137,53.05195],[15.45845,53.00962],[15.41226,52.98041],[15.39471,53.00147],[15.35866,52.98917],[15.37549,52.97739],[15.28159,52.96467],[15.22769,53.02883],[15.20228,53.03627],[15.21155,53.06774],[15.19899,53.08495],[15.13117,53.03031],[15.08213,53.04005],[15.07247,53.05819],[15.02535,53.05267],[15.01814,53.07835],[15.05071,53.10281],[15.0408,53.11263],[15.00762,53.11255],[14.96879,53.08676],[14.88544,53.1218],[14.84974,53.10268],[14.84974,53.06298],[14.80957,53.03306],[14.81609,53.01809],[14.73245,53.03672],[14.65134,52.98395],[14.52088,52.96343],[14.42707,53.00056],[14.42848,53.02222],[14.37149,53.03946],[14.33956,53.07526],[14.35415,53.07897],[14.3708,53.13647],[14.32484,53.15537],[14.30055,53.18523],[14.26373,53.12087],[14.12121,53.16427],[14.10679,53.18505],[14.09306,53.22207],[14.10747,53.28102],[14.22729,53.36387],[14.24412,53.39418],[14.22879,53.43572],[14.28592,53.44901],[14.30471,53.4858],[14.2763,53.48371],[14.27373,53.46102],[14.24077,53.45474],[14.25669,53.48227],[14.17142,53.47599],[14.1661,53.51393],[14.1049,53.52031],[14.04516,53.49775],[14.0237,53.46649],[13.96903,53.48181],[13.96045,53.49571],[13.97435,53.49913],[13.89427,53.51357],[13.89316,53.49862],[13.87972,53.504],[13.89755,53.53275],[13.8829,53.54194],[13.90238,53.56896],[13.86835,53.58137],[13.786,53.56287],[13.81694,53.59217],[13.7763,53.59836],[13.76123,53.62168],[13.86131,53.67038],[13.64227,53.70425],[13.54687,53.69597],[13.50237,53.74353],[13.43679,53.75105],[13.41259,53.70778],[13.26831,53.6632],[13.24908,53.6169],[13.22634,53.61619],[13.17441,53.64525],[13.12137,53.63008],[13.0691,53.66926],[13.08369,53.6807],[13.07433,53.69193],[13.11081,53.6935],[13.11673,53.73495],[13.09442,53.74343],[13.09999,53.75221],[13.06626,53.76104],[12.97691,53.73308],[12.93056,53.74374],[12.87838,53.71652],[12.81795,53.72394],[12.77873,53.76678],[12.89254,53.84149],[12.89083,53.8711],[13.00077,53.89038],[12.9461,53.92001],[12.90104,53.92193],[12.92361,53.95811],[12.90928,53.96608],[12.85967,53.97507],[12.74345,54.03308],[12.74174,54.07802],[12.68795,54.11948],[12.59518,54.15938],[12.53151,54.23026],[12.45155,54.25093],[12.31188,54.20194],[12.04107,54.09666],[11.56502,54.03538],[11.40782,53.85929],[11.20249,53.85678],[11.15138,53.93842],[10.85892,53.87719],[10.77983,53.92543],[10.66335,53.89781],[10.63202,53.91728],[10.57056,53.90639],[10.57636,53.921],[10.5425,53.92618],[10.55097,53.93847],[10.53522,53.955],[10.55649,53.96538],[10.57966,53.92709],[10.60129,53.9238],[10.64137,53.94391],[10.6285,53.94361],[10.6291,53.96856],[10.66197,53.96285],[10.66978,53.97128],[10.62326,54.00898],[10.63434,54.02692],[10.66601,54.00817],[10.70446,54.01301],[10.69137,54.02592],[10.75759,54.03971],[10.75544,54.0542],[10.84032,54.03781],[10.84378,54.0203],[11.01589,54.09666],[11.07301,54.21963],[11.03861,54.31325],[10.64859,54.25898],[10.44597,54.29203],[10.34024,54.36232],[10.21288,54.37192],[10.14173,54.33675],[9.8848,54.2541],[9.82665,54.27591],[9.73943,54.27591],[9.67401,54.18869],[9.44868,54.18869],[9.44141,54.24683],[9.29604,54.24683],[9.2597,54.30498],[9.21609,54.29045],[9.16521,54.31952],[9.13613,54.29772],[9.05618,54.3486],[8.96168,54.27591],[8.88401,54.22945],[8.8533,54.16816],[8.77879,54.1324],[8.83265,54.06602],[8.94634,54.01497],[8.81897,53.96904],[8.8571,53.86699],[8.9596,53.83772],[8.95935,53.84929],[9.10656,53.87896],[9.24911,53.8752],[9.32156,53.84989],[9.37808,53.79523],[9.35022,53.75856],[9.3849,53.72749],[9.46867,53.69417],[9.55051,53.61593],[9.66728,53.5502],[9.74951,53.52613],[9.79208,53.48856],[9.7344,53.48376],[9.69256,53.4622],[9.67065,53.42885],[9.67664,53.40958],[9.62188,53.38891],[9.61673,53.36674],[9.58191,53.35606],[9.56466,53.33577],[9.61561,53.23707],[9.83122,53.17502],[9.89113,53.14142],[9.9258,53.09949],[9.85971,53.02196],[9.78607,53.0217],[9.64574,52.96224],[9.50755,52.9466],[9.42266,52.90373],[9.37258,52.82472],[9.29332,52.8175],[9.19281,52.81563],[9.22062,52.85068],[9.18148,52.86395],[9.21204,52.87452],[9.17496,52.88716],[9.16603,52.91284],[9.18869,52.92112],[9.17814,52.92714],[9.17727,52.91863],[9.11857,52.89981],[9.02089,52.92627],[8.99868,52.91978],[8.98196,52.88868],[8.95,52.89527],[8.93064,52.92255],[8.96542,52.94847],[8.96673,52.99389],[8.89561,53.01316],[8.86977,53.03087],[8.87193,53.05811],[8.83262,53.06822],[8.85816,53.06992],[8.8402,53.10338],[8.88385,53.06311],[8.96081,53.04681],[8.96425,53.08921],[8.99718,53.10916],[8.95504,53.1579],[8.91127,53.13257],[8.84581,53.14284],[8.82357,53.12957],[8.8076,53.15109],[8.77044,53.14919],[8.75473,53.12561],[8.69748,53.11896],[8.63812,53.13166],[8.62949,53.14751],[8.6828,53.14041],[8.69881,53.15982],[8.63092,53.16026],[8.62737,53.15142],[8.61834,53.16801],[8.52494,53.19143],[8.48162,53.23543],[8.50144,53.35111],[8.49325,53.41879],[8.52762,53.42293],[8.56642,53.47538],[8.55577,53.48723],[8.57071,53.49387],[8.56689,53.5386],[8.64933,53.55194],[8.69568,53.53337],[8.71902,53.54439],[8.86597,53.54072],[8.93463,53.49969],[8.97549,53.50357],[8.95866,53.59414],[8.94218,53.61328],[8.95454,53.65919],[8.936,53.66539],[8.96261,53.69701],[8.96113,53.7663],[8.84848,53.74968],[8.5856,53.79308],[8.58359,53.79341],[8.5854,53.79088],[8.70315,53.76888],[8.76196,53.69101],[8.73799,53.65324],[8.69156,53.64097],[8.64555,53.6597],[8.62598,53.65074],[8.62564,53.62611],[8.60607,53.6084],[8.56934,53.60249],[8.50211,53.60413],[8.46703,53.63283],[8.46977,53.66092],[8.47157,53.68505],[8.42866,53.61205],[8.5018,53.44903],[8.30565,53.52543],[8.189,53.53052],[8.26077,53.43885],[8.24193,53.35229],[8.17499,53.32174],[8.02908,53.37265],[8.09873,53.44393],[7.96854,53.63753],[7.52302,53.61435],[7.52151,53.60391],[7.54211,53.58639],[7.5531,53.51745],[7.57988,53.50316],[7.6355,53.52684],[7.82154,53.50102],[7.89679,53.51517],[7.94844,53.50683],[7.98002,53.52514],[8.00202,53.51647],[7.99357,53.47745],[8.02389,53.47199],[8.02597,53.46217],[7.98903,53.47424],[7.96679,53.4438],[7.85861,53.39866],[7.88536,53.35189],[7.85031,53.29394],[7.70768,53.22418],[7.71139,53.17897],[7.64121,53.18553],[7.6088,53.04235],[7.56758,53.0385],[7.38144,53.07927],[7.36464,53.10534],[7.3347,53.11125],[7.20277,53.1134],[7.18592,53.141],[7.21745,53.00704],[7.18145,52.94159],[7.0873,52.84996],[7.05572,52.64342],[7.04179,52.63269],[6.97435,52.6374],[7.07444,52.61957],[7.1424,52.58767],[7.14631,52.53491],[7.15768,52.47996],[7.21244,52.44682],[7.25866,52.33933],[7.31724,52.28003],[7.29853,52.26406],[7.15605,52.26637],[7.06579,52.24124],[7.02604,52.28347],[7.06128,52.23471],[6.98886,52.2263],[6.94951,52.1805],[6.90955,52.17645],[6.85547,52.12046],[6.75957,52.11889],[6.76057,52.11878],[6.74492,52.08096],[6.69531,52.06429],[6.68788,52.03987],[6.75298,52.0284],[6.83234,51.97432],[6.79883,51.95873],[6.77005,51.91618],[6.722,51.89609],[6.68475,51.91743],[6.46858,51.85458],[6.39046,51.87226],[6.40921,51.85236],[6.39984,51.82867],[6.34327,51.851],[6.34077,51.8504],[6.40175,51.82732],[6.40902,51.84679],[6.51443,51.81799],[6.62959,51.73646],[6.70587,51.74972],[6.75013,51.77506],[6.77256,51.7459],[6.84802,51.74529],[6.8822,51.67209],[6.95973,51.65749],[6.92306,51.64288],[7.19364,51.735],[7.29612,51.71735],[7.34648,51.69514],[7.339,51.68756],[7.44395,51.65955],[7.45955,51.63512],[7.45852,51.61407],[7.39689,51.5872],[7.32333,51.59412],[7.40787,51.56736],[7.43156,51.50068],[7.45903,51.48673],[7.53765,51.50661],[7.47585,51.62057],[7.53593,51.61024],[7.65078,51.65834],[7.92234,51.70533],[7.97333,51.69129],[8.02549,51.63799],[8.03824,51.6377],[8.00983,51.66694],[8.05847,51.65552],[8.25854,51.66159],[8.29317,51.67613],[8.34566,51.64157],[8.37433,51.64556],[8.36695,51.66015],[8.3743,51.67222],[8.37429,51.68477],[8.38332,51.68702],[8.38536,51.69036],[8.38921,51.68849],[8.39602,51.69018],[8.40391,51.68522],[8.39278,51.69469],[8.40165,51.71952],[8.35021,51.72315],[8.36678,51.75615],[8.363,51.81074],[8.5096,51.89408],[8.51187,51.92003],[8.55673,51.92346],[8.43474,51.93728],[8.45106,51.91177],[8.44282,51.89101],[8.39321,51.88539],[8.35133,51.90065],[8.25743,51.80257],[8.20035,51.82777],[8.22061,51.8432],[8.20189,51.86277],[8.14259,51.85402],[8.12439,51.89366],[8.1661,51.90806],[8.19752,51.94956],[8.24593,51.93643],[8.31386,51.96778],[8.35245,51.97246],[8.31207,51.96989],[8.24759,52.01106],[8.09499,51.99769],[8.07774,52.00894],[8.09648,52.05718],[8.18574,52.07233],[8.2679,52.13201],[8.39549,52.10916],[8.41283,52.13772],[8.49832,52.17267],[8.51276,52.18665],[8.45636,52.19953],[8.44445,52.216],[8.46666,52.24637],[8.47078,52.31555],[8.44633,52.36041],[8.49469,52.35653],[8.32317,52.40074],[8.30069,52.45708],[8.41503,52.4456],[8.65225,52.53147],[8.68299,52.51883],[8.69817,52.48699],[8.71701,52.42511],[8.70821,52.39941],[8.7467,52.38783],[8.93528,52.40451],[9.05007,52.49653],[9.1383,52.47544],[9.09471,52.44314],[9.1253,52.41203],[9.09342,52.36797],[9.09874,52.37303],[9.12312,52.36963],[9.16174,52.4109],[9.26598,52.43998],[9.27598,52.46987],[9.36263,52.49979],[9.42266,52.46595],[9.40721,52.46208],[9.41451,52.4422],[9.39833,52.4319],[9.36623,52.43128],[9.33116,52.40796],[9.37553,52.39572],[9.40854,52.40752],[9.45116,52.37859],[9.40069,52.3281],[9.41391,52.29305],[9.35121,52.2952],[9.34769,52.27572],[9.3128,52.27646],[9.311,52.25439],[9.33048,52.24323],[9.31156,52.22107],[9.38722,52.16746],[9.35898,52.14265],[9.31503,52.13012],[9.26701,52.16003],[9.22242,52.12274],[9.17543,52.11742],[9.15513,52.0976],[9.13374,52.09854],[9.15856,52.12124],[9.14335,52.13515],[9.06548,52.14924],[9.01154,52.1396],[9.01493,52.17269],[8.99034,52.19138],[8.98815,52.18147],[8.93239,52.18569],[8.87565,52.16624],[8.90427,52.15976],[8.89618,52.12047],[8.8658,52.10279],[8.80773,52.12616],[8.75433,52.11989],[8.71596,52.09031],[8.67304,52.08728],[8.64806,52.03419],[8.66105,52.00954],[8.6424,51.95409],[8.59349,51.92628],[8.60698,51.92731],[8.64161,51.88439],[8.61487,51.93031],[8.71937,51.89238],[8.79061,51.798],[8.93152,51.80884],[8.9383,51.83667],[8.99188,51.84241],[9.01662,51.86538],[9.01154,51.87713],[9.05771,51.87387],[9.12365,51.90944],[9.13402,51.8727],[9.2092,51.85265],[9.2736,51.86489],[9.30205,51.84969],[9.26998,51.79619],[9.32304,51.85493],[9.46107,51.85971],[9.43168,51.81839],[9.44454,51.79165],[9.37511,51.74366],[9.39369,51.7324],[9.39869,51.69677],[9.25888,51.67449],[9.26293,51.67149],[9.37761,51.68839],[9.39412,51.67203],[9.37447,51.64986],[9.44543,51.64391],[9.35226,51.61874],[9.34025,51.60922],[9.37037,51.59119],[9.31767,51.5503],[9.30276,51.512],[9.22888,51.4896],[9.21333,51.46157],[9.17712,51.46409],[9.15494,51.44258],[9.16951,51.39401],[9.10749,51.38291],[9.08695,51.38547],[9.09041,51.40188],[9.06131,51.41969],[9.06222,51.43793],[9.08925,51.44669],[9.09319,51.44644],[9.07981,51.46838],[9.09249,51.49444],[9.0178,51.51777],[8.89427,51.48333],[8.89099,51.4838],[8.91858,51.43023],[8.95158,51.41315],[8.93081,51.38997],[8.8624,51.37971],[8.80413,51.39066],[8.68909,51.37557],[8.56374,51.28476],[8.59762,51.24693],[8.68516,51.2736],[8.73708,51.26111],[8.72731,51.25004],[8.741,51.21885],[8.76838,51.20895],[8.74941,51.1979],[8.75765,51.17708],[8.69192,51.12897],[8.71775,51.10959],[8.65824,51.09481],[8.5486,51.10268],[8.49535,51.13911],[8.50681,51.16075],[8.47786,51.16581],[8.34124,51.09282],[8.23481,51.10235],[8.22646,51.08569],[8.24494,51.06132],[8.21522,51.02233],[8.16351,51.00885],[8.09212,51.02396],[8.04478,51.00548],[8.02033,51.04092],[7.94957,51.02662],[7.92548,50.93398],[7.89726,50.91835],[7.85263,50.91856],[7.7855,50.94693],[7.78599,50.93999],[7.73577,50.91568],[7.75944,50.90076],[7.75849,50.8434],[7.72991,50.85142],[7.70039,50.82567],[7.65952,50.82008],[7.67721,50.78163],[7.59748,50.76361],[7.5816,50.7383],[7.5519,50.74721],[7.4366,50.70988],[7.41568,50.71255],[7.46487,50.68401],[7.48229,50.64075],[7.45405,50.61189],[7.48529,50.59806],[7.47096,50.59724],[7.47594,50.57572],[7.42332,50.56716],[7.43182,50.5562],[7.39414,50.52412],[7.3423,50.53613],[7.33337,50.55609],[7.28823,50.54848],[7.26783,50.57274],[7.21004,50.59451],[7.21576,50.62383],[7.21259,50.62335],[7.23124,50.69287],[7.2179,50.69397],[7.22128,50.6573],[7.16738,50.61799],[7.12189,50.60786],[7.09116,50.63389],[7.04206,50.60154],[6.96825,50.59577],[6.93512,50.60427],[6.91658,50.64326],[6.93598,50.65447],[6.93169,50.67547],[6.89856,50.69657],[6.91177,50.70853],[6.90165,50.71994],[6.87075,50.72961],[6.87538,50.76328],[6.81461,50.76915],[6.76809,50.75492],[6.79024,50.73982],[6.7868,50.71809],[6.7178,50.7194],[6.719,50.74732],[6.67625,50.78803],[6.68776,50.79595],[6.67883,50.81732],[6.69994,50.82871],[6.69325,50.84508],[6.73908,50.86924],[6.81118,50.86318],[6.87504,50.90065],[6.87469,50.91104],[6.7923,50.91494],[6.7487,50.94394],[6.82285,50.99042],[6.83178,51.02866],[6.58527,50.96491],[6.56605,50.97789],[6.57429,50.99258],[6.53721,51.04031],[6.64089,51.04506],[6.6687,51.08067],[6.7123,51.07506],[6.72398,51.11128],[6.69617,51.12098],[6.69754,51.16643],[6.65188,51.13994],[6.65291,51.11904],[6.58253,51.09231],[6.54304,51.11904],[6.53309,51.10977],[6.4912,51.13132],[6.42117,51.13175],[6.42803,51.16793],[6.49532,51.18193],[6.51661,51.2114],[6.47644,51.20839],[6.50391,51.25354],[6.38168,51.2922],[6.3501,51.39406],[6.3755,51.30637],[6.30684,51.28253],[6.28452,51.28318],[6.27972,51.32375],[6.22272,51.31817],[6.21242,51.33597],[6.13964,51.35238],[6.11737,51.3268],[6.15381,51.3074],[6.09993,51.2576],[6.10728,51.22911],[6.21019,51.2401],[6.23641,51.19801],[6.30662,51.16493],[6.3016,51.15066],[6.26976,51.15997],[6.30409,51.13235],[6.28834,51.10659],[6.26513,51.12279],[6.24547,51.11581],[6.21157,51.16745],[6.16766,51.19532],[6.10763,51.16888],[6.06184,51.18776],[5.99071,51.17698],[6.00094,51.14915],[6.0684,51.14258],[6.155,51.16605],[6.17672,51.15674],[5.99235,51.0811],[5.95802,51.036],[5.85365,51.08714],[5.81863,51.05866],[5.79546,51.08962],[5.83267,51.09662],[5.81031,51.11807],[5.91261,51.17043],[5.87378,51.16619],[5.85859,51.18222],[5.88352,51.19779],[5.89344,51.23008],[5.88996,51.23141],[5.85752,51.18096],[5.85485,51.14678],[5.80988,51.17267],[5.87116,51.21355],[5.83541,51.24126],[5.84825,51.24542],[5.85636,51.24421],[5.84335,51.24916],[5.83426,51.27437],[5.85829,51.3113],[5.90635,51.30025],[5.93056,51.34262],[5.93124,51.38475],[5.87219,51.4493],[5.83855,51.56619],[5.90584,51.55231],[6.00334,51.57024],[6.04819,51.55832],[6.02068,51.62143],[5.99193,51.6385],[5.97458,51.64426],[5.97251,51.6679],[5.91897,51.65941],[5.89494,51.68828],[5.9339,51.71618],[5.91933,51.71763],[5.88713,51.72533],[5.88036,51.7488],[5.86473,51.75764],[5.70019,51.75509],[5.69401,51.76635],[5.72731,51.78844],[5.66105,51.79227],[5.63599,51.8239],[5.53848,51.81753],[5.49316,51.83153],[5.4554,51.80946],[5.40665,51.82093],[5.37025,51.79418],[5.35995,51.75509],[5.24769,51.73405],[5.18417,51.74201],[5.14435,51.70703],[4.97749,51.68788],[4.92256,51.63379],[4.73579,51.65296],[4.56413,51.62889],[4.51705,51.6071],[4.445,51.61354],[4.36231,51.66253],[4.24285,51.64701],[4.15626,51.68277],[4.04434,51.69852],[4.0107,51.75849],[3.92761,51.77124],[3.88092,51.74744],[3.83216,51.76441],[3.52032,51.57914],[3.74348,51.46045],[3.77505,51.38774],[3.6813,51.32142],[3.47202,51.31439],[3.21361,51.35357],[2.99526,51.31348],[2.4426,51.04803],[2.03033,51.00666],[1.79618,50.92141]],[[6.38314,50.53515],[6.35799,50.55113],[6.39593,50.61004],[6.4652,50.58416],[6.38314,50.53515]],[[4.82575,50.06693],[4.84166,50.07599],[4.83783,50.09334],[4.87313,50.09053],[4.87999,50.14689],[4.92411,50.18031],[4.95385,50.1656],[4.94743,50.14825],[4.94059,50.15018],[4.92127,50.11662],[4.93891,50.108],[4.97397,50.13742],[4.97659,50.10492],[4.95247,50.10261],[4.92908,50.04364],[4.89098,50.03669],[4.83097,50.04756],[4.82575,50.06693]],[[4.86196,49.78909],[4.86278,49.80308],[4.86918,49.83397],[4.88454,49.83461],[4.87836,49.79506],[4.86196,49.78909]],[[4.95479,50.17257],[4.95857,50.17253],[4.95904,50.17581],[4.96271,50.17304],[4.95655,50.18984],[4.9847,50.16695],[4.96436,50.16854],[4.9632,50.17171],[4.95835,50.17095],[4.95852,50.17218],[4.95513,50.17162],[4.95479,50.17257]],[[4.98711,50.14039],[5.0032,50.14146],[5.01277,50.11359],[4.98711,50.14039]],[[5.01056,50.10908],[5.02388,50.11152],[5.02079,50.13995],[5.04032,50.13948],[5.04234,50.18292],[5.06744,50.13411],[5.03099,50.0971],[5.01056,50.10908]],[[5.10066,50.21165],[5.1186,50.23834],[5.14649,50.22319],[5.13422,50.20509],[5.10066,50.21165]],[[5.11611,50.18877],[5.14246,50.19663],[5.17696,50.17146],[5.1731,50.15117],[5.11611,50.18877]],[[5.15029,50.11378],[5.17962,50.11034],[5.15164,50.09718],[5.15029,50.11378]],[[5.16194,50.23365],[5.16598,50.25461],[5.18735,50.25077],[5.16194,50.23365]],[[5.16445,50.12424],[5.18091,50.14578],[5.22331,50.15326],[5.2131,50.12526],[5.16445,50.12424]],[[5.21085,50.24981],[5.23007,50.28214],[5.21806,50.28383],[5.23376,50.29443],[5.26691,50.25774],[5.24065,50.25906],[5.22108,50.23694],[5.21085,50.24981]],[[5.34983,50.63433],[5.37437,50.64587],[5.40236,50.62878],[5.39206,50.61102],[5.34983,50.63433]],[[5.40776,50.62992],[5.44364,50.61674],[5.43025,50.59038],[5.40776,50.62992]],[[5.66032,51.19188],[5.73864,51.20215],[5.74778,51.19562],[5.69105,51.16855],[5.66032,51.19188]],[[5.77014,51.21078],[5.79396,51.23457],[5.81555,51.20538],[5.79486,51.19484],[5.77014,51.21078]],[[5.83443,51.03103],[5.84541,51.05298],[5.86631,51.05181],[5.87671,51.03178],[5.83443,51.03103]],[[6.0853,50.75831],[6.11178,50.7708],[6.12297,50.75625],[6.11145,50.73037],[6.0853,50.75831]],[[6.13913,49.23116],[6.15372,49.24405],[6.18462,49.23946],[6.17311,49.22029],[6.13913,49.23116]],[[6.1478,46.20674],[6.17135,46.29583],[6.24822,46.38606],[6.27412,46.39014],[6.29127,46.42266],[6.34687,46.46095],[6.39937,46.45869],[6.44864,46.47363],[6.51109,46.51589],[6.55879,46.5072],[6.59204,46.5177],[6.68944,46.50022],[6.72087,46.4856],[6.74266,46.48865],[6.7765,46.47344],[6.83204,46.46683],[6.8579,46.44947],[6.90091,46.43969],[6.93087,46.40835],[6.91868,46.39521],[6.86053,46.39567],[6.85691,46.38533],[6.72551,46.40831],[6.63677,46.40672],[6.54507,46.39479],[6.51488,46.40487],[6.4843,46.39338],[6.47732,46.37561],[6.41351,46.36003],[6.38925,46.34005],[6.36094,46.34786],[6.34353,46.37011],[6.30354,46.36605],[6.27785,46.35038],[6.23532,46.28911],[6.19913,46.26397],[6.19382,46.23842],[6.17222,46.21187],[6.1478,46.20674]],[[6.1611,47.89275],[6.17844,47.90679],[6.20436,47.88861],[6.1611,47.89275]],[[6.19217,48.99238],[6.22341,48.99937],[6.21517,49.0086],[6.26118,49.0104],[6.23989,48.99959],[6.24676,48.98179],[6.20007,48.97098],[6.19217,48.99238]],[[6.28418,51.08908],[6.32881,51.10826],[6.33259,51.09555],[6.34289,51.0798],[6.32606,51.06405],[6.29414,51.06513],[6.28418,51.08908]],[[6.30272,49.10826],[6.32435,49.12062],[6.34186,49.10692],[6.3525,49.12107],[6.36555,49.10512],[6.38752,49.11298],[6.38889,49.08893],[6.34426,49.07881],[6.30272,49.10826]],[[6.31988,49.00657],[6.36761,49.01175],[6.36314,48.99374],[6.31988,49.00657]],[[6.36383,51.24129],[6.36829,51.27072],[6.40366,51.28425],[6.44932,51.26514],[6.39954,51.23548],[6.36383,51.24129]],[[6.43637,46.92132],[6.4965,46.97411],[6.60179,46.98256],[6.7146,47.03286],[6.71962,47.05203],[6.69219,47.06794],[6.70305,47.0823],[6.85414,47.16172],[6.8424,47.17207],[6.95492,47.24265],[6.93023,47.25756],[6.92842,47.2808],[7.00979,47.29704],[7.00929,47.3203],[6.96713,47.32492],[7.04561,47.32648],[7.06237,47.34403],[7.01818,47.37262],[6.88245,47.36118],[6.91718,47.40537],[6.93841,47.40609],[6.94188,47.43391],[6.99587,47.44964],[7.01129,47.48409],[7.03693,47.49751],[7.08137,47.48975],[7.12798,47.50393],[7.19496,47.48906],[7.17559,47.44295],[7.19579,47.43539],[7.23087,47.4394],[7.24542,47.42104],[7.33857,47.44116],[7.33893,47.44104],[7.46891,47.48498],[7.51931,47.53359],[7.50015,47.54015],[7.5483,47.56154],[7.57145,47.58387],[7.72524,47.60363],[7.73257,47.52456],[8.50887,47.59869],[8.40634,47.69244],[8.53085,47.80569],[8.80182,47.74663],[8.89703,47.65298],[8.91823,47.65641],[8.94618,47.66424],[9.00635,47.69476],[8.9943,47.70671],[8.93997,47.72618],[8.95924,47.73739],[9.01402,47.71961],[8.98718,47.74341],[9.10092,47.70242],[9.10902,47.69016],[9.08447,47.68972],[9.04818,47.70827],[9.04332,47.69346],[9.08139,47.68321],[9.11252,47.68572],[9.12427,47.6707],[9.21788,47.66631],[9.21148,47.68279],[9.18805,47.69931],[9.20132,47.70741],[9.1798,47.70459],[9.17365,47.73444],[9.06687,47.77953],[9.03061,47.80499],[9.04297,47.81762],[9.1057,47.79245],[9.13238,47.77234],[9.22578,47.73935],[9.23725,47.71148],[9.2878,47.68377],[9.34763,47.66092],[9.42118,47.66595],[9.46608,47.64798],[9.50226,47.64637],[9.53393,47.59678],[9.56336,47.58475],[9.60088,47.58531],[9.60671,47.57248],[9.62819,47.5704],[9.65315,47.55618],[9.68024,47.55631],[9.68034,47.54266],[9.71242,47.55062],[9.75237,47.51077],[9.74281,47.50464],[9.69925,47.50628],[9.67807,47.48883],[9.66583,47.49599],[9.64783,47.48811],[9.64135,47.50711],[9.61686,47.49582],[9.68066,47.43546],[9.5708,47.26676],[9.48292,47.18221],[9.51954,47.07259],[9.50489,47.03766],[9.49757,46.79253],[8.82379,46.58153],[8.99956,46.30903],[8.8897,46.2736],[8.65535,46.53117],[8.35508,46.43031],[8.28916,46.38991],[8.27452,46.33937],[8.15001,46.29385],[8.07678,46.29385],[8.14269,46.15197],[7.97425,46.02499],[7.82045,45.92829],[7.63736,45.96394],[7.43962,45.9232],[7.25653,46.4404],[7.00752,46.63687],[7.21259,47.12244],[7.11648,47.07378],[7.1097,47.06615],[7.10117,47.06603],[7.0334,47.03171],[7.03812,46.98025],[7.00172,46.98775],[6.77925,46.85362],[6.73805,46.87052],[6.73981,46.88306],[6.72923,46.8777],[6.65201,46.91145],[6.62956,46.88929],[6.48382,46.84687],[6.46019,46.85129],[6.46455,46.89028],[6.43637,46.92132]],[[6.43661,48.99283],[6.4579,49.01265],[6.45653,48.99621],[6.43661,48.99283]],[[6.4397,49.54696],[6.44322,49.56224],[6.46052,49.55673],[6.4397,49.54696]],[[6.49652,50.27864],[6.53154,50.31132],[6.58287,50.27947],[6.49652,50.27864]],[[6.49944,49.09028],[6.51352,49.14107],[6.56699,49.13528],[6.53841,49.12029],[6.54871,49.10894],[6.57008,49.11669],[6.57171,49.09084],[6.5094,49.08129],[6.49944,49.09028]],[[6.53875,50.33023],[6.57978,50.34447],[6.593,50.33078],[6.55043,50.32157],[6.53875,50.33023]],[[6.55884,49.64607],[6.5863,49.67957],[6.6645,49.6141],[6.62484,49.60693],[6.61068,49.62011],[6.62441,49.6319],[6.55884,49.64607]],[[6.58905,47.67487],[6.6275,47.68665],[6.68999,47.65521],[6.68587,47.61334],[6.73943,47.58926],[6.74801,47.5756],[6.73187,47.55985],[6.75453,47.54061],[6.77547,47.53227],[6.89083,47.55498],[6.91246,47.52508],[6.94765,47.51535],[6.95675,47.49204],[6.95349,47.48044],[6.91486,47.49842],[6.9116,47.47649],[6.88431,47.46675],[6.82268,47.48403],[6.71385,47.47127],[6.6814,47.46245],[6.67059,47.47881],[6.68587,47.51535],[6.65394,47.53957],[6.6687,47.55626],[6.65428,47.58741],[6.6687,47.59621],[6.58905,47.67487]],[[6.59351,50.71472],[6.64021,50.73189],[6.67488,50.71255],[6.67763,50.69472],[6.64673,50.66557],[6.60519,50.67275],[6.61617,50.68689],[6.59351,50.71472]],[[6.61531,47.47266],[6.64681,47.4907],[6.65977,47.47846],[6.63016,47.46309],[6.61531,47.47266]],[[6.64583,50.25824],[6.68769,50.2688],[6.6702,50.25316],[6.64583,50.25824]],[[6.79341,47.41008],[6.79384,47.45427],[6.83427,47.43697],[6.79341,47.41008]],[[6.80008,50.36309],[6.8109,50.38135],[6.86519,50.44626],[6.80328,50.47084],[6.8074,50.50338],[6.95366,50.55249],[7.03606,50.5592],[7.09442,50.52871],[7.09064,50.50382],[7.14884,50.51294],[7.20641,50.49574],[7.28618,50.54038],[7.35199,50.46776],[7.44094,50.4406],[7.4771,50.40524],[7.39603,50.38696],[7.3447,50.43105],[7.28497,50.43641],[7.22832,50.41202],[7.18884,50.36485],[7.16326,50.38411],[7.12292,50.38357],[7.17888,50.41683],[7.14111,50.43236],[7.16137,50.43039],[7.14764,50.43958],[7.16034,50.44898],[7.13064,50.4504],[7.0594,50.42657],[7.04213,50.39048],[7.01202,50.38704],[6.97949,50.35131],[7.03357,50.33393],[6.97163,50.30629],[6.94322,50.31625],[6.94342,50.33105],[6.85392,50.32711],[6.83036,50.3634],[6.80008,50.36309]],[[6.81234,50.11941],[6.86611,50.12294],[6.89823,50.10266],[6.90532,50.07847],[6.88499,50.08336],[6.84448,50.0384],[6.85375,50.02605],[6.83968,50.02759],[6.81942,50.03906],[6.81234,50.11941]],[[6.91195,49.5455],[6.94013,49.58547],[6.97679,49.57565],[6.96204,49.56127],[6.91195,49.5455]],[[6.94508,48.6964],[6.97906,48.71271],[6.98524,48.70252],[6.95847,48.68348],[6.94508,48.6964]],[[6.95366,49.68896],[6.97443,49.71493],[7.02936,49.71682],[6.97323,49.68074],[6.95366,49.68896]],[[6.97323,49.66429],[7.07653,49.70755],[7.11004,49.69984],[7.22197,49.75854],[7.31556,49.74797],[7.28934,49.79063],[7.26093,49.79739],[7.27201,49.80659],[7.32196,49.78985],[7.38015,49.80575],[7.38547,49.78642],[7.36693,49.78309],[7.36436,49.76591],[7.41543,49.74756],[7.46409,49.78442],[7.56392,49.73646],[7.54014,49.7171],[7.498,49.72637],[7.49169,49.70295],[7.43568,49.69273],[7.44959,49.70139],[7.42744,49.72681],[7.40238,49.71038],[7.31346,49.70894],[7.30865,49.66674],[7.32084,49.65652],[7.27823,49.62281],[7.22626,49.63518],[7.12506,49.6225],[7.0503,49.65229],[7.0079,49.62973],[6.97323,49.66429]],[[7.15167,49.79041],[7.20634,49.82403],[7.23724,49.7949],[7.19416,49.77794],[7.15167,49.79041]],[[7.16978,48.01772],[7.20849,48.04504],[7.2272,48.02765],[7.21527,48.02449],[7.16978,48.01772]],[[7.21544,49.91232],[7.27467,49.9626],[7.27587,49.97662],[7.25286,49.9839],[7.27518,50.02208],[7.24068,50.04391],[7.28994,50.03289],[7.31844,50.05967],[7.34942,50.02397],[7.40272,50.01436],[7.38831,49.99957],[7.41302,49.98589],[7.3914,49.97176],[7.40341,49.96403],[7.50126,49.96779],[7.47594,49.91354],[7.43714,49.89563],[7.54203,49.89115],[7.53928,49.87202],[7.68283,49.90225],[7.69028,49.89452],[7.66382,49.88573],[7.68459,49.86543],[7.6403,49.8537],[7.65644,49.82846],[7.58374,49.83261],[7.58692,49.78453],[7.56958,49.77328],[7.55413,49.78038],[7.55499,49.81639],[7.51825,49.81151],[7.46744,49.83765],[7.39796,49.89342],[7.40238,49.90619],[7.33801,49.89569],[7.30741,49.90906],[7.2811,49.88313],[7.29372,49.87893],[7.25166,49.87871],[7.26128,49.90083],[7.24325,49.91122],[7.2163,49.90127],[7.21544,49.91232]],[[7.22686,49.83466],[7.26325,49.85508],[7.30917,49.82613],[7.22686,49.83466]],[[7.2552,52.5825],[7.46461,52.61769],[7.59818,52.61512],[7.61891,52.59335],[7.61212,52.47109],[7.68286,52.45784],[7.69258,52.41111],[7.7136,52.40095],[7.80664,52.37141],[7.89192,52.38066],[7.94277,52.35943],[7.9659,52.32356],[7.98929,52.30349],[7.9329,52.29777],[7.95738,52.27264],[7.92436,52.26243],[7.9202,52.22186],[7.89977,52.20803],[7.93582,52.17683],[8.00697,52.17625],[8.02345,52.15972],[8.00328,52.15966],[8.00775,52.11557],[7.88175,52.08531],[7.79411,52.10434],[7.74965,52.09485],[7.70648,52.11879],[7.72339,52.14287],[7.7142,52.18056],[7.64623,52.21791],[7.67841,52.25676],[7.60082,52.33754],[7.67412,52.37832],[7.67077,52.39598],[7.6167,52.42101],[7.5448,52.36626],[7.43139,52.36493],[7.35475,52.45512],[7.29745,52.47217],[7.28668,52.49553],[7.29971,52.51306],[7.26909,52.53332],[7.2552,52.5825]],[[7.33415,48.32484],[7.36118,48.32624],[7.36178,48.30812],[7.33415,48.32484]],[[7.46452,50.33494],[7.4968,50.3459],[7.55447,50.32618],[7.50297,50.30645],[7.46933,50.31697],[7.46452,50.33494]],[[7.51949,47.6735],[7.54883,47.68101],[7.56487,47.66624],[7.539,47.64766],[7.51949,47.6735]],[[7.52357,49.3334],[7.55962,49.35666],[7.58194,49.34459],[7.56409,49.3108],[7.56804,49.27643],[7.55628,49.2729],[7.52357,49.3334]],[[7.5509,47.74401],[7.57356,47.77555],[7.60465,47.77509],[7.63081,47.72408],[7.58039,47.73465],[7.5509,47.74401]],[[7.70142,49.49846],[7.75944,49.48664],[7.73815,49.47348],[7.70142,49.49846]],[[7.76115,49.54504],[7.81128,49.58712],[7.84767,49.59402],[7.86346,49.62806],[7.90003,49.60303],[7.93994,49.59864],[7.93982,49.59809],[7.9771,49.60821],[7.93754,49.58807],[7.94449,49.56664],[7.87411,49.56152],[7.86346,49.54526],[7.76974,49.53412],[7.76115,49.54504]],[[7.83136,49.37287],[7.83325,49.38707],[7.93041,49.42058],[7.93934,49.40852],[7.91943,49.38751],[7.88544,49.38841],[7.84836,49.36684],[7.83136,49.37287]],[[7.83892,49.6834],[7.84269,49.70615],[7.89196,49.71849],[7.90835,49.68612],[7.8566,49.66241],[7.83892,49.6834]],[[7.84475,49.13439],[7.90123,49.17463],[7.89883,49.14882],[7.92054,49.12927],[7.90569,49.11849],[7.85952,49.11658],[7.84475,49.13439]],[[7.88836,49.19057],[7.91771,49.2102],[7.9511,49.18619],[7.91479,49.17811],[7.88836,49.19057]],[[7.92664,49.8776],[7.95959,49.86986],[7.92973,49.86477],[7.92664,49.8776]],[[7.93015,50.56743],[7.93844,50.58808],[7.97916,50.59647],[7.99315,50.57539],[8.02617,50.57314],[8.04038,50.55254],[7.99592,50.52511],[7.93015,50.56743]],[[7.94311,49.45273],[7.9565,49.48909],[8.04234,49.51875],[8.0801,49.53301],[8.04199,49.52298],[8.08044,49.54526],[8.12757,49.57427],[8.08671,49.57571],[8.08765,49.61116],[8.18825,49.6185],[8.19099,49.65163],[8.20747,49.65274],[8.23151,49.61783],[8.20473,49.61204],[8.23391,49.60448],[8.18584,49.58067],[8.21588,49.52465],[8.16833,49.52599],[8.18859,49.51797],[8.19477,49.4945],[8.25829,49.49534],[8.22052,49.46322],[8.12782,49.46612],[8.12473,49.44558],[8.08662,49.43799],[8.0595,49.40248],[8.02448,49.39668],[8.0492,49.37477],[8.02448,49.36605],[7.99496,49.39466],[8.02483,49.40941],[7.99496,49.42348],[8.02139,49.43286],[7.99496,49.43308],[8.02757,49.44558],[8.01693,49.45764],[7.99461,49.44201],[7.94311,49.45273]],[[7.94809,49.6185],[7.97856,49.61922],[7.94904,49.60821],[7.94809,49.6185]],[[7.97401,49.85215],[8.0056,49.90171],[8.03581,49.86499],[8.02826,49.85127],[7.97401,49.85215]],[[8.03032,49.80941],[8.04028,49.83953],[8.05813,49.83577],[8.04989,49.80121],[8.03032,49.80941]],[[8.03345,49.68479],[8.05354,49.69923],[8.11615,49.68673],[8.0777,49.67829],[8.03345,49.68479]],[[8.05126,49.25212],[8.0825,49.25638],[8.10894,49.24697],[8.05126,49.25212]],[[8.15014,50.41274],[8.17177,50.4213],[8.17756,50.40909],[8.16246,50.40679],[8.15014,50.41274]],[[8.15392,49.77273],[8.21743,49.77694],[8.23322,49.76253],[8.18481,49.75166],[8.15495,49.75965],[8.15392,49.77273]],[[8.19683,49.72204],[8.21571,49.72981],[8.33828,49.73713],[8.33828,49.72426],[8.20301,49.71338],[8.19683,49.72204]],[[8.21194,49.58735],[8.23287,49.5879],[8.28087,49.58671],[8.27494,49.53925],[8.21983,49.54638],[8.21194,49.58735]],[[8.22395,49.82226],[8.27064,49.80454],[8.33004,49.82957],[8.3321,49.81096],[8.38457,49.81736],[8.40002,49.80347],[8.3551,49.78348],[8.25871,49.78769],[8.22395,49.82226]],[[8.22584,49.78703],[8.25869,49.78768],[8.24816,49.77794],[8.22584,49.78703]],[[8.23528,49.8289],[8.23837,49.84064],[8.27854,49.83289],[8.26069,49.82337],[8.23528,49.8289]],[[8.27579,49.42281],[8.30772,49.43018],[8.283,49.39332],[8.27579,49.42281]],[[8.27751,49.61583],[8.41827,49.62761],[8.48694,49.6136],[8.57277,49.63362],[8.56187,49.60359],[8.5942,49.59281],[8.49502,49.57312],[8.44593,49.59037],[8.42363,49.58062],[8.42334,49.54107],[8.31116,49.55528],[8.33798,49.60117],[8.29039,49.59091],[8.27751,49.61583]],[[9.18951,51.95467],[9.21101,51.9602],[9.26255,51.97624],[9.28435,51.95625],[9.26319,51.94625],[9.27898,51.94008],[9.2689,51.93127],[9.21641,51.91081],[9.19466,51.91905],[9.18951,51.95467]],[[9.24757,49.59458],[9.26147,49.64562],[9.29426,49.65518],[9.35065,49.63351],[9.33117,49.6096],[9.29272,49.61538],[9.33769,49.54192],[9.3092,49.53301],[9.27538,49.56778],[9.24757,49.59458]],[[9.30413,50.55014],[9.3189,50.57457],[9.36542,50.58133],[9.37589,50.56628],[9.34722,50.54022],[9.30413,50.55014]],[[9.33559,50.30543],[9.35256,50.31892],[9.39683,50.31511],[9.44893,50.28396],[9.37606,50.27064],[9.39743,50.26241],[9.38198,50.23908],[9.351,50.24259],[9.33658,50.27524],[9.33559,50.30543]],[[9.36709,50.39503],[9.43804,50.4098],[9.46352,50.3979],[9.44841,50.38428],[9.46695,50.35576],[9.38574,50.34569],[9.36709,50.39503]],[[9.37958,49.6017],[9.43554,49.66407],[9.50901,49.65074],[9.52412,49.62116],[9.56669,49.60359],[9.5335,49.56709],[9.49116,49.57866],[9.43863,49.56085],[9.42163,49.58979],[9.40395,49.58712],[9.37958,49.6017]],[[9.38713,49.19808],[9.43588,49.28897],[9.51425,49.30347],[9.5739,49.30856],[9.58523,49.33519],[9.64496,49.31684],[9.65389,49.3428],[9.70539,49.35935],[9.68307,49.37053],[9.70058,49.37746],[9.75178,49.36169],[9.78012,49.38321],[9.83821,49.37895],[9.83585,49.3855],[9.78144,49.38941],[9.81594,49.3912],[9.80392,49.40634],[9.86057,49.40885],[9.84873,49.45016],[9.86701,49.4916],[9.86426,49.54961],[9.90522,49.56207],[9.91999,49.55833],[9.91909,49.5625],[9.89919,49.56618],[9.90752,49.58493],[9.87652,49.5786],[9.85324,49.54577],[9.81177,49.5557],[9.80186,49.56352],[9.81766,49.57777],[9.7744,49.5889],[9.73114,49.56352],[9.75174,49.54704],[9.72565,49.53724],[9.56978,49.54482],[9.56497,49.57599],[9.59244,49.57466],[9.60411,49.59647],[9.65835,49.62139],[9.61681,49.69007],[9.64136,49.69884],[9.6611,49.7521],[9.7102,49.74611],[9.72462,49.76208],[9.69749,49.7745],[9.6611,49.76009],[9.61441,49.79013],[9.6175,49.80498],[9.58248,49.81074],[9.57664,49.82137],[9.65286,49.83001],[9.62952,49.84994],[9.57767,49.86942],[9.5351,49.86211],[9.50832,49.8838],[9.49734,49.86078],[9.44687,49.90304],[9.50197,49.95299],[9.59995,49.95409],[9.58527,49.99855],[9.65424,50.0352],[9.64256,50.05593],[9.68342,50.05482],[9.67861,50.07785],[9.60274,50.06904],[9.5945,50.11926],[9.68788,50.11419],[9.69475,50.12652],[9.73114,50.09261],[9.75174,50.10252],[9.85338,50.08666],[9.85542,50.10208],[9.87945,50.11001],[9.91104,50.15227],[9.89799,50.1791],[9.88769,50.18657],[9.8259,50.15667],[9.795,50.16722],[9.8101,50.18921],[9.8053,50.22305],[9.77234,50.23711],[9.76891,50.26213],[9.73526,50.2731],[9.72771,50.2946],[9.74659,50.31368],[9.73749,50.35929],[9.76024,50.40173],[9.74831,50.42033],[9.66729,50.4212],[9.65573,50.40403],[9.6813,50.37416],[9.67111,50.37228],[9.61305,50.39392],[9.55069,50.38358],[9.49473,50.41115],[9.47294,50.44394],[9.43021,50.4455],[9.4227,50.45328],[9.45779,50.47658],[9.43713,50.47505],[9.43239,50.49129],[9.4682,50.55075],[9.49525,50.56364],[9.48039,50.57802],[9.4966,50.61574],[9.47318,50.63424],[9.47495,50.66323],[9.58384,50.60901],[9.6334,50.62198],[9.62129,50.64489],[9.64147,50.68038],[9.6124,50.70707],[9.60617,50.75907],[9.66975,50.76544],[9.6787,50.79401],[9.69696,50.8049],[9.60125,50.75889],[9.55977,50.76294],[9.55261,50.7838],[9.50111,50.81011],[9.5012,50.88051],[9.59769,50.92985],[9.75303,50.90872],[9.75946,50.89914],[9.73028,50.88603],[9.81302,50.85704],[9.9034,50.85441],[9.89943,50.84058],[9.93664,50.8368],[9.94374,50.84516],[9.92163,50.85388],[9.99129,50.85185],[10.0614,50.87639],[10.04133,50.844],[10.07715,50.80459],[10.08249,50.78375],[10.0597,50.75981],[10.09309,50.73499],[10.08139,50.71221],[10.09721,50.7402],[10.14504,50.73589],[10.12673,50.71374],[10.17696,50.75707],[10.22201,50.73739],[10.34432,50.74018],[10.33432,50.7592],[10.36998,50.76828],[10.37822,50.77951],[10.36242,50.79384],[10.40562,50.8221],[10.4159,50.84942],[10.46774,50.8505],[10.51829,50.8209],[10.47452,50.79026],[10.53254,50.79639],[10.55872,50.78445],[10.57511,50.74145],[10.71055,50.69934],[10.63485,50.67481],[10.66978,50.63509],[10.70652,50.66731],[10.84728,50.65207],[10.88238,50.75136],[10.90226,50.7579],[10.91814,50.7438],[10.93656,50.76633],[10.9778,50.75818],[10.96212,50.68123],[10.89483,50.65131],[10.87132,50.51751],[10.82209,50.49813],[10.81907,50.46194],[10.77413,50.45162],[10.71908,50.47149],[10.6768,50.4596],[10.59837,50.40239],[10.67253,50.37547],[10.64644,50.34984],[10.5932,50.33555],[10.60095,50.33396],[10.59151,50.26981],[10.60369,50.2719],[10.61245,50.22404],[10.65966,50.23107],[10.72351,50.20459],[10.73296,50.25105],[10.76866,50.24128],[10.80128,50.2516],[10.83715,50.22096],[10.82703,50.23776],[10.85179,50.25142],[10.93067,50.23308],[10.92146,50.21076],[10.86787,50.19742],[10.92071,50.15551],[10.99268,50.17657],[11.00723,50.20001],[10.98822,50.21278],[11.03336,50.21871],[11.17438,50.18679],[11.19095,50.20135],[11.17095,50.20904],[11.24562,50.22717],[11.18931,50.27072],[11.19816,50.29164],[11.26219,50.27486],[11.25189,50.29329],[11.26528,50.3379],[11.27747,50.33626],[11.26751,50.35433],[11.28468,50.36014],[11.27008,50.39397],[11.26614,50.4363],[11.2463,50.44988],[11.25358,50.48108],[11.32124,50.48886],[11.32725,50.50993],[11.35283,50.5203],[11.43539,50.50458],[11.41977,50.49432],[11.4205,50.44346],[11.34356,50.44493],[11.47825,50.43292],[11.47865,50.40108],[11.51899,50.38915],[11.52054,50.35466],[11.52637,50.3759],[11.56654,50.39593],[11.62817,50.38849],[11.7022,50.40225],[11.79322,50.41853],[11.82481,50.38948],[11.92018,50.42433],[11.98377,50.38938],[11.97972,50.34925],[12.09918,50.32979],[12.09069,50.32416],[12.12616,50.30616],[12.13585,50.2744],[12.09059,50.2524],[12.18797,50.20035],[12.21597,50.1682],[12.19516,50.14317],[12.19954,50.11092],[12.27307,50.07442],[12.24611,50.03898],[12.19834,50.03267],[12.19182,50.00087],[12.14616,49.99189],[12.11637,50.03057],[12.04428,50.0084],[12.07587,49.99464],[12.04994,49.9892],[11.92223,49.98434],[11.85802,50.02208],[11.79554,50.00928],[11.7976,49.95144],[11.7164,49.92387],[11.714,49.90602],[11.72979,49.89917],[11.71177,49.89143],[11.73614,49.87572],[11.67538,49.83189],[11.68636,49.80465],[11.57959,49.76064],[11.57392,49.70372],[11.55024,49.6985],[11.56723,49.67629],[11.5626,49.63495],[11.42269,49.62005],[11.399,49.63584],[11.40621,49.64807],[11.47385,49.68618],[11.46423,49.71838],[11.42896,49.72004],[11.43471,49.73158],[11.52603,49.77284],[11.51676,49.81096],[11.53496,49.81761],[11.48006,49.84421],[11.47144,49.83843],[11.49616,49.80498],[11.47007,49.77217],[11.47728,49.75776],[11.34321,49.67785],[11.27077,49.68419],[11.27918,49.6754],[11.2615,49.66096],[11.25034,49.67607],[11.19661,49.67185],[11.14735,49.64507],[11.19953,49.64651],[11.17292,49.61227],[11.1997,49.60671],[11.17653,49.59002],[11.09185,49.59634],[11.1216,49.58134],[10.97091,49.58332],[10.96126,49.57439],[11.01208,49.5751],[11.02203,49.55629],[10.9889,49.55295],[10.95097,49.50492],[10.9853,49.52031],[10.98942,49.49723],[11.01242,49.49422],[11.02993,49.42962],[11.05911,49.41354],[11.015,49.41243],[10.97534,49.45518],[11.03508,49.37142],[11.10683,49.37366],[11.11576,49.36673],[11.09962,49.33407],[11.14254,49.36449],[11.19438,49.33989],[11.31248,49.35398],[11.35574,49.32244],[11.30665,49.29826],[11.25549,49.32311],[11.23077,49.32311],[11.23077,49.30587],[11.21086,49.31729],[11.17687,49.28259],[11.22803,49.24809],[11.20262,49.22589],[11.21498,49.21109],[11.06701,49.15387],[11.05019,49.1752],[11.07319,49.09905],[11.09894,49.07904],[11.20708,49.08444],[11.18889,49.10782],[11.22219,49.1496],[11.30356,49.06757],[11.28845,49.09658],[11.32278,49.14331],[11.43436,49.1487],[11.48483,49.10782],[11.53427,49.09478],[11.53461,49.04304],[11.5947,49.01671],[11.51745,48.97165],[11.51745,48.95407],[11.4838,48.95926],[11.50097,48.93242],[11.49239,48.92069],[11.38733,48.89858],[11.40518,48.84936],[11.33102,48.81184],[11.32484,48.78696],[11.34819,48.77746],[11.32553,48.76026],[11.23249,48.77452],[11.12709,48.81365],[11.07765,48.79013],[11.03199,48.79533],[11.01414,48.82382],[11.14803,48.83015],[11.14065,48.84834],[10.99869,48.84088],[11.00847,48.86042],[10.99766,48.87014],[11.0368,48.89994],[11.07628,48.90467],[11.05499,48.9216],[11.08932,48.95362],[11.06804,48.97616],[11.06804,49.00184],[11.0907,49.02301],[10.98633,49.02819],[11.01311,49.05902],[10.93689,49.07477],[10.93037,49.05587],[10.95818,49.04034],[10.90496,49.02504],[10.91629,49.01243],[10.8799,48.99779],[10.90942,48.9446],[10.80643,48.93964],[10.79613,48.91573],[10.74463,48.91889],[10.70892,48.8961],[10.67081,48.90738],[10.61279,48.96985],[10.59082,48.9685],[10.58739,48.99824],[10.60593,49.00939],[10.58344,49.03224],[10.55099,49.03325],[10.53434,49.01344],[10.41229,49.01986],[10.33779,49.0597],[10.36491,49.07522],[10.31342,49.09006],[10.2935,49.06622],[10.26157,49.08556],[10.24166,49.07656],[10.25454,49.10332],[10.22501,49.10377],[10.196,49.07983],[10.15686,49.07533],[10.16098,49.06588],[10.11103,49.07409],[10.09712,49.10197],[10.04974,49.07656],[10.01404,49.07758],[10.01919,49.09568],[9.94606,49.12287],[9.94554,49.13905],[9.97335,49.15791],[9.95894,49.16782],[9.95344,49.16655],[9.92434,49.1858],[9.88289,49.18372],[9.88083,49.19763],[9.86057,49.1936],[9.79088,49.2389],[9.8053,49.21625],[9.76737,49.20913],[9.78744,49.20616],[9.78916,49.18978],[9.75972,49.2077],[9.71088,49.19853],[9.68479,49.17789],[9.69166,49.16375],[9.65252,49.16083],[9.66282,49.14286],[9.64497,49.12175],[9.60445,49.12006],[9.59295,49.09444],[9.55742,49.09523],[9.53613,49.06622],[9.4915,49.09096],[9.52377,49.10175],[9.53133,49.12197],[9.48326,49.135],[9.47639,49.11209],[9.43108,49.10849],[9.42078,49.12602],[9.4352,49.12018],[9.44206,49.16824],[9.45648,49.17542],[9.44138,49.17991],[9.44618,49.19562],[9.38713,49.19808]],[[9.45159,52.11797],[9.48009,52.16783],[9.55583,52.16735],[9.58591,52.14452],[9.56566,52.14168],[9.57351,52.11971],[9.55085,52.10121],[9.51415,52.10807],[9.45159,52.11797]],[[9.52721,50.18965],[9.5636,50.19624],[9.57561,50.23227],[9.60411,50.22217],[9.66694,50.23974],[9.70024,50.20284],[9.68307,50.17602],[9.52858,50.16788],[9.52721,50.18965]],[[9.53243,50.34712],[9.61421,50.36042],[9.64681,50.34485],[9.63623,50.32566],[9.60943,50.32589],[9.6099,50.30058],[9.56375,50.30369],[9.57681,50.32627],[9.53243,50.34712]],[[9.5662,53.75281],[9.64227,53.77364],[9.66044,53.80008],[9.67724,53.8505],[9.6575,53.85526],[9.64891,53.88051],[9.75178,53.89286],[9.76324,53.87303],[9.82429,53.84587],[9.821,53.82589],[9.88059,53.8123],[9.87579,53.77811],[9.90005,53.77243],[9.89229,53.75221],[9.97456,53.76735],[10.00013,53.71591],[9.98977,53.63557],[9.96743,53.61545],[9.98177,53.6033],[9.95959,53.58116],[9.91477,53.58403],[9.91307,53.54153],[9.70458,53.55915],[9.63295,53.58293],[9.66316,53.59556],[9.64325,53.66254],[9.61578,53.66743],[9.5993,53.70077],[9.56851,53.71778],[9.58197,53.72396],[9.5662,53.75281]],[[9.83774,48.8996],[9.87019,48.91032],[9.85027,48.92882],[9.88289,48.92949],[9.90761,48.95993],[9.92203,48.92859],[9.93782,48.92656],[9.91344,48.90084],[9.92065,48.89158],[9.89731,48.89362],[9.90589,48.88413],[9.89078,48.87815],[9.84718,48.88413],[9.83774,48.8996]],[[10.07149,47.78892],[10.13489,47.81331],[10.09279,47.846],[10.10416,47.87214],[10.13969,47.85832],[10.19016,47.87076],[10.2372,47.90852],[10.21797,47.94073],[10.20081,47.95315],[10.2214,47.98073],[10.24166,47.97958],[10.24132,48.00807],[10.26672,48.01955],[10.25436,48.037],[10.2911,48.03746],[10.34157,48.06799],[10.37727,48.06799],[10.38689,48.04481],[10.33058,48.0191],[10.35805,47.98142],[10.40233,47.97981],[10.36972,47.96211],[10.36251,47.9214],[10.38483,47.89954],[10.41332,47.90069],[10.41916,47.88136],[10.43186,47.95246],[10.48714,47.96763],[10.47752,47.9428],[10.49126,47.93176],[10.47169,47.91266],[10.49057,47.90783],[10.48267,47.88527],[10.50087,47.90392],[10.53692,47.89333],[10.57331,47.86777],[10.5637,47.84911],[10.61279,47.83574],[10.60009,47.76979],[10.52816,47.74833],[10.53555,47.71831],[10.51666,47.71276],[10.51598,47.67071],[10.48714,47.67117],[10.4989,47.68793],[10.45658,47.69081],[10.27203,47.60614],[10.242,47.61612],[10.1742,47.69243],[10.12033,47.71458],[10.11715,47.75253],[10.07149,47.78892]],[[10.07442,50.87853],[10.13729,50.9072],[10.14261,50.89416],[10.16991,50.90244],[10.17909,50.88268],[10.21085,50.89416],[10.21437,50.87975],[10.18518,50.86553],[10.21008,50.86253],[10.18875,50.85256],[10.07442,50.87853]],[[10.27975,50.8091],[10.32354,50.81808],[10.33813,50.79454],[10.31187,50.78033],[10.27975,50.8091]],[[10.36384,51.55612],[10.3759,51.58891],[10.43487,51.59142],[10.48818,51.57399],[10.4733,51.55125],[10.51043,51.55002],[10.50191,51.56056],[10.53379,51.58168],[10.51692,51.60569],[10.5254,51.6226],[10.57882,51.61056],[10.57583,51.56279],[10.59234,51.5832],[10.62717,51.57075],[10.65137,51.55809],[10.66617,51.57582],[10.6385,51.5891],[10.63357,51.60819],[10.70169,51.64095],[10.66779,51.67014],[10.67084,51.69765],[10.70558,51.69437],[10.73411,51.67136],[10.78094,51.68261],[10.78257,51.66122],[10.76274,51.64982],[10.81836,51.62457],[10.86205,51.63166],[10.89312,51.60602],[10.86282,51.5712],[10.87028,51.53507],[10.90093,51.53123],[10.90805,51.50912],[10.95929,51.49186],[10.98704,51.46378],[10.85072,51.48518],[10.80136,51.52258],[10.76072,51.50965],[10.75441,51.48864],[10.78609,51.47652],[10.76866,51.43667],[10.79995,51.41224],[10.7666,51.39125],[10.69382,51.39556],[10.6818,51.3841],[10.71742,51.36519],[10.70068,51.33233],[10.63305,51.36171],[10.6267,51.38228],[10.58507,51.36739],[10.59073,51.38507],[10.56473,51.38619],[10.57151,51.36749],[10.55168,51.38314],[10.52396,51.37063],[10.50362,51.38378],[10.46585,51.45636],[10.42705,51.46214],[10.46722,51.48566],[10.47958,51.51836],[10.46836,51.54403],[10.37487,51.539],[10.36384,51.55612]],[[10.41839,54.08391],[10.42242,54.11577],[10.4734,54.10672],[10.49529,54.12332],[10.53237,54.11965],[10.53984,54.12855],[10.4907,54.15829],[10.48692,54.17839],[10.52834,54.18833],[10.54915,54.21998],[10.54031,54.22799],[10.57331,54.23554],[10.66635,54.20944],[10.6736,54.18868],[10.65691,54.16836],[10.69257,54.1456],[10.69734,54.12143],[10.74536,54.12287],[10.76055,54.10835],[10.67747,54.09028],[10.59451,54.10234],[10.59832,54.07046],[10.45851,54.06072],[10.41839,54.08391]],[[10.7701,50.85841],[10.81881,50.88917],[10.82076,50.921],[10.8599,50.91633],[10.86987,50.87082],[10.84994,50.84077],[10.78478,50.84371],[10.7701,50.85841]],[[10.78128,50.9855],[10.809,50.9995],[10.88874,50.99496],[10.91303,51.01184],[10.8699,51.02774],[10.86925,51.05769],[10.8308,51.0729],[10.83801,51.09506],[10.9102,51.08854],[10.94976,51.10083],[10.95097,51.12486],[10.96993,51.12378],[10.98092,51.09749],[10.96848,51.07872],[10.98768,51.03575],[11.0253,51.03082],[11.02004,51.06046],[11.0435,51.07959],[11.08538,51.06459],[11.12761,51.08207],[11.13276,51.0579],[11.17653,51.07031],[11.20623,51.036],[11.19524,51.02131],[11.23661,51.00717],[11.2258,50.99658],[11.24073,50.98469],[11.26648,50.98545],[11.26682,50.97075],[11.22116,50.94999],[11.25343,50.88874],[11.24622,50.87515],[11.20829,50.88224],[11.21075,50.87091],[11.17614,50.86697],[11.12117,50.89931],[11.04396,50.88357],[11.01508,50.8605],[10.995,50.87369],[11.00718,50.89451],[11.05508,50.89619],[11.05538,50.90953],[10.98036,50.90433],[10.97032,50.92197],[11.02255,50.92944],[10.9998,50.94832],[10.93869,50.94707],[10.89586,50.92338],[10.87277,50.93242],[10.89691,50.94527],[10.89427,50.96051],[10.82698,50.95134],[10.83183,50.99048],[10.78128,50.9855]],[[10.8696,47.48369],[10.87114,47.49923],[10.91818,47.51778],[10.97972,47.50839],[11.06838,47.54479],[11.13602,47.55243],[11.31866,47.55151],[11.41222,47.49586],[11.38493,47.47406],[11.42063,47.44516],[11.33806,47.45108],[11.27283,47.39788],[11.22339,47.3994],[11.24897,47.4325],[11.20674,47.43366],[11.11095,47.39579],[10.98324,47.39649],[10.96933,47.40044],[10.98341,47.43064],[10.92779,47.47185],[10.93826,47.48009],[10.8696,47.48369]],[[10.93346,48.86133],[10.95474,48.88052],[10.9417,48.90625],[10.9774,48.92656],[11.03542,48.90986],[10.97671,48.85726],[10.93346,48.86133]],[[10.93363,52.46038],[10.94333,52.49234],[11.05619,52.50645],[11.0919,52.45109],[11.14614,52.41938],[11.1479,52.38453],[11.06632,52.37329],[11.02195,52.39349],[10.93363,52.46038]],[[10.94419,52.0996],[11.03435,52.12967],[11.06143,52.1684],[11.01191,52.18788],[11.02555,52.20995],[11.07714,52.22367],[11.08478,52.23726],[11.06581,52.2752],[11.09447,52.28874],[11.1319,52.28685],[11.23438,52.20424],[11.21944,52.18456],[11.2361,52.18298],[11.30304,52.2014],[11.28365,52.22906],[11.26064,52.22906],[11.25755,52.24504],[11.18614,52.27278],[11.17146,52.29441],[11.19258,52.29614],[11.19378,52.31105],[11.30154,52.32776],[11.31257,52.3534],[11.35184,52.33841],[11.39447,52.35304],[11.40364,52.37521],[11.45162,52.3588],[11.46591,52.37374],[11.61856,52.3789],[11.63748,52.40381],[11.67048,52.3959],[11.67177,52.38183],[11.6262,52.37513],[11.62311,52.36056],[11.66993,52.35062],[11.69804,52.37073],[11.69589,52.4008],[11.72181,52.40899],[11.77159,52.40027],[11.76619,52.37937],[11.83485,52.38948],[11.8642,52.41158],[11.96772,52.40525],[11.99947,52.46584],[11.96368,52.52442],[12.01597,52.62452],[12.01046,52.66087],[12.0393,52.7259],[12.02273,52.81226],[12.06599,52.81838],[12.10912,52.78278],[12.14127,52.78325],[12.16598,52.8038],[12.21319,52.79456],[12.22366,52.77587],[12.20581,52.76092],[12.2222,52.73998],[12.19744,52.71854],[12.23815,52.66671],[12.30173,52.66928],[12.33357,52.65184],[12.31439,52.61399],[12.32434,52.54938],[12.30357,52.5452],[12.31464,52.52651],[12.4506,52.48994],[12.43667,52.46195],[12.36202,52.44015],[12.36576,52.42933],[12.38824,52.43215],[12.39007,52.39591],[12.47654,52.39479],[12.42634,52.35355],[12.46579,52.32752],[12.45769,52.31778],[12.36808,52.30671],[12.34542,52.31093],[12.34226,52.33776],[12.31182,52.34414],[12.24353,52.26577],[12.20632,52.27866],[12.13371,52.26522],[12.13577,52.25334],[12.15843,52.21886],[12.25731,52.23285],[12.33353,52.22191],[12.39841,52.19477],[12.43515,52.19561],[12.44296,52.17746],[12.42049,52.15219],[12.3579,52.13702],[12.29525,52.15466],[12.25722,52.13436],[12.27662,52.10384],[12.26624,52.09997],[12.21182,52.1025],[12.178,52.07676],[12.03861,52.06326],[12.03072,52.04791],[12.05217,52.04516],[12.01093,52.03449],[11.99398,52.00686],[11.91118,52.00174],[11.90079,51.98155],[11.92716,51.96581],[11.89697,51.97318],[11.91021,51.95812],[11.88326,51.98583],[11.88549,52.01528],[11.89939,52.01664],[11.88572,52.02417],[11.93991,52.04283],[11.88652,52.05772],[11.91124,52.10345],[11.92806,52.10187],[11.91459,52.15382],[11.93132,52.16677],[11.92738,52.19835],[11.99329,52.19877],[11.99329,52.21455],[11.95106,52.21728],[11.94488,52.23369],[11.97098,52.24672],[11.94703,52.27026],[11.91613,52.28003],[11.88807,52.26874],[11.81219,52.21634],[11.87862,52.18035],[11.91107,52.13012],[11.79975,52.10168],[11.83399,52.09847],[11.75149,52.0926],[11.76245,52.07302],[11.73293,52.04507],[11.69235,52.06665],[11.73185,52.02757],[11.78885,52.03238],[11.82217,52.00622],[11.8006,51.98906],[11.74531,52.00425],[11.73726,51.9954],[11.76578,51.97571],[11.69682,51.96657],[11.68005,51.95632],[11.69514,51.95422],[11.69117,51.93144],[11.79204,51.94316],[11.85365,51.91317],[11.9003,51.94567],[11.93527,51.94458],[12.02617,51.86258],[12.14393,51.86605],[12.13895,51.8183],[12.10389,51.80562],[12.10745,51.82647],[12.05183,51.83225],[11.97274,51.80053],[11.98836,51.79099],[11.94433,51.79067],[11.92626,51.8015],[11.95085,51.80681],[11.96424,51.84527],[11.95913,51.86955],[11.93733,51.8815],[11.85957,51.81559],[11.82811,51.87225],[11.67495,51.87177],[11.69284,51.85945],[11.66952,51.85544],[11.56277,51.85455],[11.53095,51.87419],[11.54097,51.88174],[11.51058,51.92712],[11.46458,51.93855],[11.42338,51.92881],[11.3645,51.88221],[11.33995,51.89969],[11.37342,51.93453],[11.35248,51.96088],[11.30013,51.97219],[11.29231,51.95781],[11.29369,51.98884],[11.26373,51.99804],[11.27034,52.01352],[11.31686,52.0057],[11.32072,52.0263],[11.27266,52.066],[11.24039,52.06178],[11.1882,52.10524],[11.12984,52.06051],[10.98697,52.05178],[10.96796,52.05347],[10.97118,52.08122],[10.94419,52.0996]],[[11.06143,51.15033],[11.08038,51.14932],[11.11617,51.18427],[11.15968,51.15891],[11.17413,51.12766],[11.17481,51.10568],[11.13842,51.09199],[11.09327,51.1122],[11.09714,51.12754],[11.064,51.12907],[11.06143,51.15033]],[[11.22597,51.07053],[11.26596,51.07301],[11.26262,51.05192],[11.31214,51.05353],[11.27438,51.02553],[11.22854,51.04938],[11.22597,51.07053]],[[11.25481,51.10266],[11.25642,51.1308],[11.28678,51.12743],[11.28227,51.1018],[11.25481,51.10266]],[[11.2706,48.34256],[11.30768,48.36446],[11.32004,48.34073],[11.28433,48.33069],[11.2706,48.34256]],[[11.28931,50.86713],[11.35283,50.89491],[11.34441,50.92652],[11.38098,50.92533],[11.39471,50.90238],[11.41806,50.89778],[11.37875,50.86469],[11.40947,50.85733],[11.40501,50.8331],[11.36373,50.83158],[11.35529,50.81494],[11.30733,50.80449],[11.28931,50.86713]],[[11.33652,48.41097],[11.37359,48.421],[11.40278,48.40892],[11.39419,48.39274],[11.35986,48.38818],[11.33652,48.41097]],[[11.33926,49.57956],[11.37909,49.60582],[11.40312,49.59469],[11.38252,49.56486],[11.33926,49.57956]],[[11.44432,49.52031],[11.51779,49.51273],[11.47179,49.50247],[11.44432,49.52031]],[[11.51298,49.60782],[11.51676,49.62739],[11.5626,49.63494],[11.59607,49.6057],[11.56448,49.57354],[11.54011,49.60248],[11.51298,49.60782]],[[11.54251,48.43831],[11.56036,48.45471],[11.61255,48.43285],[11.56723,48.39456],[11.55212,48.39821],[11.56311,48.42191],[11.54251,48.43831]],[[11.60371,51.66585],[11.63504,51.69991],[11.61538,51.70347],[11.62354,51.73229],[11.71044,51.71584],[11.72327,51.73248],[11.69984,51.74396],[11.76915,51.75071],[11.7982,51.72434],[11.80799,51.68943],[11.91313,51.64849],[11.9487,51.66673],[11.93403,51.63384],[11.9454,51.63088],[11.91999,51.62239],[11.96398,51.62265],[11.95321,51.60093],[11.98617,51.59659],[11.98016,51.57491],[12.01977,51.58022],[12.01934,51.59158],[12.16483,51.5764],[12.16015,51.55109],[12.07801,51.53406],[12.12762,51.51729],[12.07106,51.51238],[12.05441,51.494],[12.08771,51.48534],[12.03896,51.48812],[12.07664,51.45369],[12.15088,51.45893],[12.17023,51.42316],[12.16521,51.40653],[12.11678,51.41821],[12.09026,51.42324],[12.08316,51.39131],[12.06361,51.38796],[12.04453,51.3929],[12.04991,51.42247],[12.01299,51.40199],[11.96325,51.40991],[11.92592,51.44593],[11.95463,51.47991],[11.94317,51.48138],[11.85305,51.46048],[11.83571,51.42405],[11.80133,51.46619],[11.84807,51.47331],[11.86335,51.49277],[11.83339,51.49827],[11.84206,51.51291],[11.81923,51.53299],[11.82464,51.5743],[11.75949,51.58262],[11.74404,51.62985],[11.60371,51.66585]],[[11.60687,48.15764],[11.68044,48.24688],[11.70016,48.32083],[11.73556,48.37044],[11.73487,48.39865],[11.71108,48.42297],[11.74335,48.43271],[11.7861,48.41312],[11.75344,48.40447],[11.82114,48.40609],[11.75018,48.24125],[11.71198,48.20324],[11.66831,48.19577],[11.65182,48.15178],[11.60687,48.15764]],[[11.69872,49.65652],[11.82026,49.68807],[11.8388,49.67652],[11.85116,49.6914],[11.90437,49.66585],[11.90506,49.62584],[11.92497,49.63028],[11.94351,49.60893],[11.91948,49.60248],[11.82609,49.59558],[11.79314,49.61694],[11.74095,49.61961],[11.69872,49.65652]],[[11.73374,49.83245],[11.76533,49.84772],[11.77563,49.87273],[11.76258,49.8911],[11.77425,49.90547],[11.80378,49.89552],[11.81065,49.85304],[11.83365,49.84219],[11.83331,49.81118],[11.73786,49.80919],[11.73374,49.83245]],[[11.86678,51.7409],[11.88433,51.75079],[11.90875,51.7404],[11.90669,51.727],[11.86678,51.7409]],[[12.02453,48.19722],[12.09114,48.22147],[12.09354,48.18509],[12.02866,48.17791],[12.02453,48.19722]],[[12.15217,49.02051],[12.15637,49.04912],[12.22298,49.08713],[12.2755,49.0959],[12.31911,49.12467],[12.35825,49.11433],[12.32529,49.08196],[12.37678,49.06307],[12.4585,49.07207],[12.45506,49.04912],[12.42279,49.03202],[12.43996,49.0077],[12.41781,48.97751],[12.33507,48.97616],[12.32786,48.98517],[12.34486,48.99734],[12.32031,49.01423],[12.26744,49.01074],[12.21851,49.0292],[12.18401,49.0077],[12.15217,49.02051]],[[12.28207,52.7962],[12.32563,52.79695],[12.35069,52.84218],[12.33009,52.85504],[12.36374,52.84736],[12.41421,52.90248],[12.45644,52.92174],[12.48322,52.91718],[12.51781,52.96332],[12.61668,52.97705],[12.65252,53.00291],[12.61046,53.01272],[12.62724,53.07031],[12.49849,53.13678],[12.51102,53.14564],[12.54536,53.1547],[12.73916,53.11855],[12.82036,53.15007],[12.91168,53.15439],[12.94271,53.19572],[12.96842,53.1986],[12.94202,53.17461],[12.98005,53.16262],[13.0188,53.18541],[13.06124,53.15727],[13.08718,53.16426],[13.13201,53.1341],[13.11386,53.12682],[13.10617,53.09923],[13.15089,53.09668],[13.23449,53.05615],[13.2792,53.06225],[13.23561,53.05345],[13.21981,53.02852],[13.2375,53.01411],[13.16875,52.97661],[13.18359,52.95572],[13.24125,52.95342],[13.24471,52.93721],[13.19115,52.91263],[13.15407,52.9207],[13.12737,52.9074],[13.1545,52.86581],[13.09673,52.86405],[13.09442,52.84109],[12.97133,52.82885],[12.98571,52.8287],[12.92829,52.79057],[12.85555,52.78501],[12.7907,52.82745],[12.72569,52.82307],[12.54742,52.77224],[12.53918,52.7525],[12.40219,52.75437],[12.39601,52.77099],[12.33318,52.76764],[12.28207,52.7962]],[[12.46536,48.23874],[12.5342,48.27565],[12.5778,48.24057],[12.53574,48.22147],[12.48648,48.22193],[12.46536,48.23874]],[[12.87889,52.01368],[12.90413,52.0357],[12.97623,52.02483],[12.90859,52.06389],[12.9388,52.10651],[12.99305,52.09617],[12.98241,52.12927],[12.95151,52.14276],[12.98447,52.14697],[13.09759,52.2176],[13.10686,52.24515],[13.17003,52.26784],[13.21793,52.23495],[13.19218,52.19077],[13.19424,52.15498],[13.22239,52.11958],[13.27382,52.08514],[13.32719,52.07745],[13.32721,52.05798],[13.36092,52.0416],[13.35603,51.9982],[13.31543,51.98932],[13.31998,51.97336],[13.36253,51.95812],[13.37302,51.97346],[13.43465,51.97547],[13.45134,51.96653],[13.45439,51.92712],[13.48203,51.93268],[13.52142,51.90578],[13.51619,51.87877],[13.54181,51.87869],[13.55786,51.90083],[13.57537,51.88884],[13.50537,51.86579],[13.51258,51.83074],[13.46907,51.84715],[13.40242,51.8166],[13.31019,51.83055],[13.3362,51.9096],[13.37268,51.91452],[13.37804,51.92987],[13.35259,51.94675],[13.25483,51.93977],[13.26908,51.90102],[13.2223,51.87776],[13.16239,51.88349],[13.15853,51.86067],[13.13201,51.88237],[13.08482,51.8737],[13.08291,51.90637],[13.03171,51.90145],[13.03905,51.91791],[13.05785,51.91516],[13.05725,51.93643],[12.99399,51.94792],[12.96953,51.97536],[12.91846,51.96109],[12.90733,51.9823],[12.93162,51.99338],[12.87889,52.01368]],[[13.03987,53.19434],[13.07206,53.20047],[13.05566,53.17914],[13.03987,53.19434]],[[13.23441,48.67147],[13.27148,48.69436],[13.34187,48.67577],[13.36727,48.68824],[13.38135,48.67033],[13.45327,48.69368],[13.42461,48.75562],[13.44933,48.79035],[13.44692,48.83128],[13.47027,48.84303],[13.45345,48.85636],[13.50735,48.86268],[13.52245,48.87939],[13.507,48.92318],[13.51154,48.96896],[13.58687,48.96615],[13.67143,48.88014],[13.73151,48.88674],[13.7646,48.83443],[13.81524,48.79709],[13.8085,48.77853],[13.83955,48.77162],[13.80121,48.70991],[13.83342,48.69187],[13.81351,48.68342],[13.82441,48.61839],[13.80209,48.57445],[13.7549,48.5643],[13.74355,48.52822],[13.72709,48.50901],[13.86065,48.42741],[13.85938,48.45041],[13.91073,48.45363],[13.94118,48.4035],[13.95567,48.41711],[14.00032,48.41405],[14.02909,48.37807],[14.02229,48.34323],[14.07132,48.31775],[14.12395,48.30978],[14.19043,48.33084],[14.21714,48.31168],[14.26762,48.306],[14.32308,48.32133],[14.33671,48.29629],[14.011,48.19218],[13.88123,48.13058],[13.87856,48.08886],[13.83685,48.06363],[13.8438,48.05232],[13.79248,48.00302],[13.81153,47.98785],[13.81496,47.95429],[13.78647,47.89551],[13.79196,47.8218],[13.63951,47.72005],[13.60313,47.7324],[13.52914,47.79759],[13.5356,47.83971],[13.50177,47.84295],[13.47576,47.87203],[13.38736,47.90679],[13.39525,47.92163],[13.36281,47.9463],[13.38088,47.9857],[13.33564,47.98721],[13.35869,48.01823],[13.39332,48.02159],[13.38109,48.03316],[13.4089,48.04464],[13.38341,48.05129],[13.40435,48.08467],[13.45413,48.106],[13.60914,48.12308],[13.61206,48.17147],[13.59828,48.17939],[13.60949,48.18798],[13.5773,48.19956],[13.59635,48.21289],[13.56975,48.25017],[13.61567,48.26366],[13.63309,48.30536],[13.65017,48.29621],[13.72081,48.31888],[13.71025,48.32533],[13.73016,48.36378],[13.68553,48.40687],[13.70167,48.41986],[13.68553,48.44697],[13.69849,48.47563],[13.69553,48.47218],[13.63678,48.52843],[13.6385,48.54389],[13.65734,48.54429],[13.64875,48.55066],[13.59129,48.56857],[13.57262,48.56051],[13.5109,48.59109],[13.47542,48.55616],[13.44996,48.56393],[13.43645,48.55264],[13.45722,48.51149],[13.44745,48.49436],[13.38667,48.47349],[13.36178,48.48817],[13.36246,48.5307],[13.38959,48.54161],[13.40075,48.56741],[13.44967,48.57576],[13.26668,48.60811],[13.26599,48.64403],[13.23441,48.67147]],[[13.28796,48.33845],[13.35714,48.36885],[13.37628,48.35732],[13.31989,48.31859],[13.28796,48.33845]],[[13.70441,51.90319],[13.71471,51.90552],[13.73737,51.90721],[13.7281,51.89069],[13.70441,51.90319]],[[13.7851,51.90107],[13.78595,51.91611],[13.81823,51.92892],[13.83505,51.89821],[13.7851,51.90107]],[[13.79248,51.86695],[13.82509,51.87776],[13.83252,51.86178],[13.84003,51.83588],[13.80707,51.8397],[13.79248,51.86695]],[[13.88277,51.86123],[13.9056,51.86324],[13.91109,51.83991],[13.88981,51.83896],[13.88277,51.86123]],[[13.89204,51.81382],[13.90474,51.82305],[13.91933,51.81923],[13.90097,51.80777],[13.89204,51.81382]],[[13.97221,51.83599],[14.00122,51.82909],[13.98577,51.82177],[13.97221,51.83599]],[[13.9977,51.73641],[14.00993,51.74114],[14.03418,51.72336],[14.01469,51.7173],[13.9977,51.73641]],[[14.03237,51.69879],[14.0758,51.72065],[14.10696,51.71336],[14.10507,51.69948],[14.04679,51.67884],[14.03237,51.69879]],[[14.06868,51.61247],[14.09889,51.62862],[14.10747,51.66383],[14.13949,51.63603],[14.16421,51.63864],[14.1649,51.6601],[14.16404,51.70951],[14.13897,51.73984],[14.11125,51.7396],[14.10095,51.7544],[14.12198,51.7902],[14.11606,51.81435],[14.07263,51.82681],[14.08224,51.87319],[14.16438,51.85874],[14.21536,51.86934],[14.2235,51.90421],[14.31922,51.93495],[14.41037,51.93781],[14.4599,51.96622],[14.54195,51.95733],[14.52525,51.93138],[14.55234,51.89604],[14.59259,51.87713],[14.54538,51.84633],[14.54242,51.82612],[14.56386,51.80846],[14.50556,51.78306],[14.5683,51.74494],[14.51062,51.73973],[14.52908,51.694],[14.58869,51.67607],[14.55929,51.65093],[14.45543,51.64327],[14.42857,51.65957],[14.32785,51.6377],[14.22309,51.68065],[14.18112,51.66808],[14.18421,51.64721],[14.2397,51.63952],[14.18794,51.59],[14.12443,51.56832],[14.08361,51.5719],[14.06868,51.61247]],[[14.22682,51.58071],[14.23455,51.60997],[14.32137,51.60608],[14.33166,51.58091],[14.30077,51.57664],[14.30935,51.54505],[14.26849,51.53843],[14.26575,51.57707],[14.22682,51.58071]],[[14.23047,46.99085],[14.24729,47.00759],[14.23313,47.02801],[14.36565,47.02474],[14.38763,46.98025],[14.45869,46.99805],[14.47655,47.02006],[14.59053,47.00273],[14.5495,46.97305],[14.55637,46.89158],[14.5441,46.85828],[14.40857,46.88953],[14.25047,46.8481],[14.23047,46.99085]],[[14.27399,51.62666],[14.30085,51.63847],[14.3145,51.62247],[14.27399,51.62666]],[[14.36703,52.12021],[14.38256,52.12337],[14.43157,52.10144],[14.40102,52.09512],[14.36703,52.12021]],[[14.6192,51.91211],[14.66177,51.91891],[14.66795,51.89858],[14.62924,51.89241],[14.6192,51.91211]],[[14.68203,51.98129],[14.68718,51.99704],[14.71516,51.99725],[14.70194,51.97896],[14.68203,51.98129]],[[14.77764,46.74727],[14.80493,46.79113],[14.85763,46.77796],[14.82914,46.72668],[14.77764,46.74727]],[[14.79468,52.10786],[14.81594,52.11551],[14.81077,52.13818],[14.83498,52.14929],[14.82738,52.18398],[14.90757,52.20945],[15.14852,52.23348],[15.23718,52.29305],[15.26825,52.29541],[15.3178,52.28063],[15.27889,52.23379],[15.31273,52.19509],[15.29194,52.14782],[15.30601,52.13135],[15.39751,52.11478],[15.53593,52.16089],[15.57542,52.15229],[15.64359,52.1738],[15.6714,52.16098],[15.72521,52.16896],[15.7636,52.13282],[15.73755,52.10564],[15.81018,52.06489],[15.77036,52.01952],[15.67809,52.00008],[15.60464,52.01018],[15.58318,52.03302],[15.49828,52.0387],[15.40592,51.99672],[15.33007,52.00516],[15.32181,52.05081],[15.26546,52.06345],[15.27782,52.02164],[15.25834,52.00396],[15.27857,51.97213],[15.33721,51.97133],[15.3673,51.93376],[15.28039,51.90738],[15.21109,51.90049],[15.19409,51.85614],[15.17293,51.85846],[15.17718,51.87071],[15.15753,51.8829],[15.06419,51.86388],[15.05075,51.83686],[15.01029,51.83321],[14.98702,51.81022],[15.02391,51.7973],[14.97175,51.777],[14.98878,51.74834],[14.93737,51.74149],[14.95608,51.7554],[14.92175,51.78102],[14.96497,51.80708],[14.94222,51.83233],[14.90896,51.83875],[14.89793,51.87252],[14.96733,51.87408],[14.972,51.88547],[14.93248,51.89609],[14.96407,51.92902],[14.94347,51.93114],[14.94999,51.94384],[14.91935,51.96259],[14.8809,52.05531],[14.79626,52.0858],[14.8062,52.09065],[14.79468,52.10786]],[[15.35254,45.48374],[15.37951,45.49106],[15.35961,45.47688],[15.35254,45.48374]],[[17.42548,50.23426],[17.43375,50.25331],[17.48687,50.27354],[17.5835,50.27787],[17.61176,50.26591],[17.68163,50.29702],[17.69256,50.327],[17.71805,50.32065],[17.7474,50.29427],[17.72702,50.25568],[17.76512,50.23581],[17.7585,50.20664],[17.61966,50.17117],[17.60571,50.1891],[17.54233,50.18909],[17.51757,50.21237],[17.42694,50.20487],[17.42548,50.23426]],[[17.79201,49.75799],[17.80231,49.76729],[17.82279,49.75642],[17.79201,49.75799]],[[17.796,49.96886],[17.82839,49.96232],[17.80757,49.95633],[17.796,49.96886]],[[17.94754,50.07025],[17.95115,50.10781],[17.97432,50.12713],[18.06539,50.11348],[18.12255,50.06463],[18.09525,50.05989],[18.08118,50.09245],[18.0768,50.06788],[18.0756,50.08309],[18.04976,50.08094],[18.005,50.0498],[17.94754,50.07025]],[[17.9536,49.79493],[17.988,49.80597],[18.00561,49.7859],[17.96633,49.77882],[17.9536,49.79493]],[[17.98013,49.92172],[17.99397,49.90186],[17.98078,49.88619],[17.98013,49.92172]],[[18.00143,49.71765],[18.05982,49.72762],[18.06263,49.70308],[18.03356,49.69587],[18.00143,49.71765]]],[[[4.83952,49.95137],[4.87694,49.96341],[4.85737,49.96592],[4.87463,49.98499],[4.86428,49.98968],[4.83952,49.95137]]],[[[5.04822,50.01618],[5.06212,49.99384],[5.05062,49.9865],[5.07122,49.97673],[5.08598,49.98721],[5.08444,50.01601],[5.04822,50.01618]]],[[[5.12375,52.57885],[5.14612,52.55888],[5.18167,52.58457],[5.12375,52.57885]]],[[[5.27138,49.72748],[5.27499,49.7116],[5.29259,49.70856],[5.29867,49.72148],[5.27138,49.72748]]],[[[5.29695,50.20635],[5.30605,50.18877],[5.32528,50.20339],[5.29695,50.20635]]],[[[5.32575,52.79041],[5.65344,52.74978],[5.54689,52.6787],[5.54706,52.67695],[5.62157,52.70697],[5.67135,52.70448],[5.69112,52.67764],[5.66204,52.64179],[5.62019,52.62348],[5.55157,52.63025],[5.55571,52.58732],[5.61125,52.5315],[5.77407,52.52348],[5.77881,52.58636],[5.85983,52.63973],[5.70671,52.64088],[5.73624,52.67722],[5.77812,52.69199],[5.83786,52.68304],[5.87768,52.71051],[5.73349,52.79446],[5.6607,52.81604],[5.53711,52.80193],[5.38742,52.81272],[5.33594,52.83692],[5.32575,52.79041]]],[[[5.48759,50.31576],[5.49479,50.3042],[5.52235,50.31094],[5.48759,50.31576]]],[[[5.5145,50.41945],[5.51934,50.40288],[5.54035,50.39651],[5.5145,50.41945]]],[[[5.62365,49.18261],[5.65021,49.12286],[5.70396,49.14129],[5.7074,49.15836],[5.65796,49.17003],[5.67993,49.18888],[5.62706,49.18126],[5.62365,49.18261]]],[[[5.65672,49.10822],[5.67989,49.05608],[5.73967,49.07567],[5.72473,49.09405],[5.66208,49.10804],[5.65672,49.10822]]],[[[5.66941,50.36992],[5.72133,50.36724],[5.7231,50.37393],[5.66941,50.36992]]],[[[5.70723,49.42058],[5.73229,49.39846],[5.80233,49.39757],[5.85485,49.44023],[5.79924,49.44782],[5.70723,49.42058]]],[[[5.74896,49.54227],[5.75347,49.54193],[5.75831,49.56139],[5.75147,49.56881],[5.74896,49.54227]]],[[[5.79735,50.24808],[5.82859,50.2382],[5.80172,50.25999],[5.79735,50.24808]]],[[[5.80147,50.22008],[5.90292,50.24216],[5.90501,50.24408],[5.81039,50.22415],[5.80827,50.22462],[5.80147,50.22008]]],[[[5.83428,48.77828],[5.8388,48.77515],[5.8497,48.77565],[5.84698,48.76949],[5.94272,48.70321],[5.98755,48.74419],[6.05038,48.75675],[6.03905,48.75076],[6.07098,48.72041],[6.09947,48.73196],[6.08025,48.74442],[6.10462,48.76049],[6.06763,48.77554],[6.03724,48.76728],[6.01393,48.79667],[6.00755,48.77469],[5.98025,48.7808],[5.95081,48.75347],[5.90378,48.76818],[5.91116,48.75777],[5.87975,48.752],[5.86533,48.77475],[5.88575,48.78764],[5.86153,48.79872],[5.83428,48.77828]]],[[[5.86844,50.27957],[5.90853,50.24732],[5.91425,50.25258],[5.87288,50.27629],[5.88249,50.28111],[5.86844,50.27957]]],[[[5.86876,49.37489],[5.88919,49.34369],[5.91854,49.37276],[5.86876,49.37489]]],[[[5.93383,50.33775],[6.00935,50.32957],[6.0375,50.36824],[6.12436,50.37853],[6.03424,50.37043],[6.0042,50.33078],[5.93383,50.33775]]],[[[5.93476,51.8225],[5.97553,51.83631],[5.976,51.84617],[5.96298,51.83691],[5.93476,51.8225]]],[[[5.94798,51.96627],[5.97442,51.93897],[5.97743,51.94678],[5.94798,51.96627]]],[[[5.95099,48.37052],[6.00643,48.38407],[6.00265,48.4128],[5.97004,48.42191],[5.96542,48.43397],[5.95099,48.37052]]],[[[5.96943,51.80128],[5.98931,51.76871],[5.9921,51.77028],[5.97828,51.79789],[5.96943,51.80128]]],[[[5.97994,51.88345],[6.01799,51.86251],[6.01905,51.86507],[5.98845,51.88587],[5.97994,51.88345]]],[[[6.0049,48.66016],[6.0152,48.65303],[6.00538,48.60983],[6.02428,48.61021],[6.05518,48.59909],[6.02943,48.56616],[6.10943,48.5498],[6.06754,48.60931],[6.02703,48.62247],[6.04832,48.62882],[6.04111,48.6497],[6.01639,48.66285],[6.0049,48.66016]]],[[[6.01446,51.83676],[6.04433,51.85794],[6.04328,51.86508],[6.01695,51.84314],[6.01446,51.83676]]],[[[6.0563,51.98551],[6.09424,51.96137],[6.09372,51.96923],[6.0563,51.98551]]],[[[6.08101,51.90463],[6.14222,51.87305],[6.12848,51.85937],[6.09205,51.88158],[6.08613,51.88077],[6.11938,51.86011],[6.11278,51.84983],[6.16556,51.8511],[6.19998,51.87553],[6.16153,51.91399],[6.09936,51.93386],[6.1005,51.92648],[6.15743,51.90514],[6.13372,51.89686],[6.139,51.87715],[6.08814,51.9034],[6.08101,51.90463]]],[[[6.09769,49.25207],[6.10771,49.25817],[6.10016,49.31192],[6.09769,49.25207]]],[[[6.18187,48.83399],[6.18599,48.81432],[6.2011,48.81026],[6.22856,48.83535],[6.2598,48.84032],[6.24779,48.84416],[6.26564,48.85252],[6.25328,48.86901],[6.18187,48.83399]]],[[[6.19723,51.85813],[6.22856,51.84695],[6.201,51.87451],[6.19723,51.85813]]],[[[6.24755,48.05854],[6.24934,48.01545],[6.2713,48.03804],[6.26856,48.05101],[6.24755,48.05854]]],[[[6.28761,48.71339],[6.34151,48.69413],[6.30856,48.68597],[6.3446,48.67305],[6.36349,48.68597],[6.35765,48.69708],[6.40503,48.70999],[6.40022,48.73423],[6.36452,48.73672],[6.37138,48.72585],[6.34975,48.71317],[6.30066,48.73174],[6.28761,48.71339]]],[[[6.30126,48.82625],[6.37207,48.84156],[6.33997,48.85726],[6.32096,48.83775],[6.30126,48.82625]]],[[[6.30478,53.08165],[6.36246,53.09567],[6.31233,53.09155],[6.30478,53.08165]]],[[[6.32023,48.77701],[6.35593,48.79239],[6.33932,48.81109],[6.32023,48.77701]]],[[[6.36602,49.4662],[6.40851,49.46776],[6.42479,49.47624],[6.38834,49.49344],[6.36814,49.48188],[6.36602,49.4662]]],[[[6.42082,49.19696],[6.42254,49.18417],[6.45653,49.19965],[6.42082,49.19696]]],[[[6.42426,51.57728],[6.47113,51.57022],[6.46957,51.57835],[6.42426,51.57728]]],[[[6.43799,49.64357],[6.4906,49.64547],[6.44004,49.64947],[6.43799,49.64357]]],[[[6.47781,48.88436],[6.50631,48.88346],[6.48159,48.91844],[6.47781,48.88436]]],[[[6.48767,49.78879],[6.50982,49.77488],[6.51377,49.78507],[6.48767,49.78879]]],[[[6.49704,48.69209],[6.51043,48.67079],[6.55712,48.693],[6.50734,48.69935],[6.49704,48.69209]]],[[[6.50184,49.75391],[6.50363,49.74344],[6.53575,49.76244],[6.50184,49.75391]]],[[[6.51809,51.45061],[6.55815,51.47796],[6.52656,51.46299],[6.51809,51.45061]]],[[[6.52555,51.62434],[6.54958,51.62131],[6.55403,51.62846],[6.53549,51.63251],[6.52555,51.62434]]],[[[6.54133,48.51069],[6.54476,48.48066],[6.5554,48.46154],[6.59815,48.46643],[6.58905,48.43376],[6.6021,48.421],[6.58905,48.4128],[6.6124,48.35123],[6.58768,48.33069],[6.62441,48.31677],[6.65771,48.33754],[6.69273,48.28319],[6.72569,48.26994],[6.77032,48.27862],[6.79024,48.32339],[6.77101,48.36629],[6.80603,48.37199],[6.83075,48.41872],[6.86439,48.43649],[6.87856,48.41684],[6.92121,48.43922],[6.80981,48.49659],[6.81564,48.52661],[6.77273,48.54798],[6.77771,48.56479],[6.66973,48.54843],[6.61772,48.57093],[6.5609,48.53605],[6.58476,48.51865],[6.54133,48.51069]],[[6.63986,48.4522],[6.64141,48.47235],[6.67574,48.4785],[6.64175,48.48362],[6.65995,48.5382],[6.67797,48.51831],[6.71093,48.52479],[6.71539,48.53479],[6.68776,48.54332],[6.73016,48.5565],[6.76157,48.52706],[6.7202,48.50023],[6.75058,48.46552],[6.72415,48.47121],[6.71453,48.44184],[6.73153,48.44401],[6.74458,48.42225],[6.72724,48.4145],[6.65222,48.42795],[6.63986,48.4522]]],[[[6.55798,49.91365],[6.6124,49.90912],[6.62767,49.95111],[6.56004,49.94305],[6.55798,49.91365]]],[[[6.59214,48.92385],[6.63197,48.93942],[6.62682,48.95159],[6.59695,48.94956],[6.59214,48.92385]]],[[[6.60092,51.57179],[6.6251,51.56042],[6.67351,51.56299],[6.60092,51.57179]]],[[[6.60974,48.99419],[6.65093,49.0032],[6.63583,49.01198],[6.60974,48.99419]]],[[[6.61514,51.37564],[6.65898,51.37642],[6.64467,51.38335],[6.61514,51.37564]]],[[[6.62201,49.06802],[6.62939,49.03497],[6.67969,48.99002],[6.68003,48.95373],[6.70698,48.94638],[6.70853,48.92115],[6.73376,48.92284],[6.7299,48.94852],[6.74573,48.95455],[6.78097,48.94077],[6.77324,48.95819],[6.78972,48.98225],[6.7553,48.99469],[6.7644,49.01018],[6.82586,48.98568],[6.83401,48.99802],[6.83264,49.01491],[6.80792,49.01288],[6.80277,49.03044],[6.76912,49.04406],[6.74664,49.02256],[6.65643,49.05491],[6.66525,49.04067],[6.64467,49.07207],[6.62201,49.06802]]],[[[6.6584,48.57411],[6.67557,48.57434],[6.68381,48.59886],[6.7099,48.58864],[6.73256,48.59954],[6.72775,48.61362],[6.69788,48.62247],[6.66801,48.60567],[6.6584,48.57411]]],[[[6.66031,51.34821],[6.73125,51.31571],[6.73279,51.31797],[6.66067,51.35172],[6.66031,51.34821]]],[[[6.6613,51.35786],[6.726,51.38086],[6.80466,51.38228],[6.72632,51.38105],[6.73912,51.39348],[6.67426,51.36903],[6.663,51.37448],[6.6613,51.35786]]],[[[6.67519,51.51506],[6.6754,51.50922],[6.72295,51.51152],[6.67519,51.51506]]],[[[6.67522,49.06217],[6.70544,49.0498],[6.77616,49.07184],[6.72844,49.08016],[6.71059,49.05992],[6.68381,49.08106],[6.67522,49.06217]]],[[[6.68088,52.55332],[6.70107,52.52664],[6.69762,52.48677],[6.70533,52.52101],[6.68954,52.55214],[6.69335,52.5527],[6.68088,52.55332]]],[[[6.69815,52.48607],[6.75273,52.46411],[6.92386,52.43834],[6.74484,52.46759],[6.69815,52.48607]]],[[[6.71196,48.85286],[6.78028,48.86449],[6.7662,48.9234],[6.74801,48.92385],[6.74063,48.88515],[6.71196,48.85286]]],[[[6.76895,49.12046],[6.78895,49.10658],[6.79607,49.1277],[6.76895,49.12046]]],[[[6.81333,49.06706],[6.83006,49.05739],[6.84242,49.07004],[6.81333,49.06706]]],[[[6.81358,51.47732],[6.85032,51.47262],[6.87504,51.47262],[6.82628,51.48029],[6.81358,51.47732]]],[[[6.8383,48.91641],[6.86714,48.90783],[6.93066,48.9128],[6.93718,48.92836],[6.85238,48.94212],[6.8383,48.91641]]],[[[6.86511,51.48937],[6.92216,51.49689],[6.97093,51.50766],[6.97272,51.50917],[6.86924,51.49034],[6.86511,51.48937]]],[[[6.90884,51.39618],[6.92482,51.40611],[6.92619,51.42918],[6.94433,51.43893],[6.93855,51.44053],[6.91325,51.43034],[6.92242,51.42019],[6.90884,51.39618]]],[[[6.91486,51.01829],[6.99299,50.97828],[6.96441,51.00618],[6.91486,51.01829]]],[[[6.92757,50.9501],[6.94121,50.91694],[6.97334,50.91723],[6.99367,50.93734],[6.97929,50.94792],[6.98672,50.95904],[6.92757,50.9501]]],[[[6.97194,49.11006],[6.98233,49.06183],[7.0188,49.06414],[7.03279,49.08702],[7.02447,49.09798],[6.99203,49.09483],[7.02644,49.13141],[6.99717,49.167],[6.97546,49.14388],[6.98675,49.1222],[6.97194,49.11006]]],[[[6.98419,50.83217],[7.04325,50.87474],[6.98609,50.84584],[6.98419,50.83217]]],[[[6.99293,52.46362],[7.07158,52.3725],[7.07215,52.37361],[6.99414,52.46429],[6.99293,52.46362]]],[[[7.03551,50.78684],[7.03579,50.786],[7.0667,50.77085],[7.09794,50.76157],[7.12476,50.77412],[7.0772,50.76871],[7.03551,50.78684]]],[[[7.04155,48.70569],[7.06129,48.66977],[7.07605,48.68303],[7.04155,48.70569]]],[[[7.04567,51.41869],[7.07921,51.43803],[7.07314,51.44277],[7.04567,51.41869]]],[[[7.14538,51.33955],[7.15368,51.3293],[7.14605,51.34126],[7.15635,51.36854],[7.14802,51.37115],[7.14538,51.33955]]],[[[7.35747,50.69804],[7.36447,50.68909],[7.3732,50.71798],[7.35747,50.69804]]],[[[7.45371,51.06896],[7.47044,51.05465],[7.47911,51.05737],[7.45921,51.07084],[7.45371,51.06896]]],[[[7.47025,50.97471],[7.47276,50.87889],[7.50641,50.85933],[7.56632,50.8609],[7.59979,50.88203],[7.61387,50.92165],[7.63584,50.92749],[7.60975,50.94956],[7.59101,50.99667],[7.5325,50.98134],[7.50504,50.99377],[7.47025,50.97471]]],[[[7.52259,51.38528],[7.54872,51.36358],[7.54615,51.32637],[7.56271,51.31747],[7.62913,51.34026],[7.69335,51.39165],[7.72899,51.40632],[7.70245,51.40194],[7.68262,51.42838],[7.70099,51.47422],[7.82339,51.4771],[7.82379,51.47723],[7.67172,51.47465],[7.5449,51.41446],[7.52259,51.38528]]],[[[7.61041,51.00175],[7.72669,51.00164],[7.73113,50.99686],[7.73296,51.03397],[7.73077,51.03598],[7.72434,51.00973],[7.64717,51.01138],[7.61041,51.00175]]],[[[7.70953,51.07085],[7.71426,51.06398],[7.82059,51.07538],[7.70953,51.07085]]],[[[7.7712,51.41329],[7.8162,51.40217],[7.79231,51.41677],[7.7712,51.41329]]],[[[7.79113,51.26762],[7.85853,51.2455],[7.90318,51.25034],[7.85282,51.25916],[7.79113,51.26762]]],[[[7.81999,51.10902],[7.82059,51.07538],[7.83604,51.12382],[7.81999,51.10902]]],[[[7.86538,51.168],[7.90127,51.1713],[7.91059,51.18085],[7.94955,51.17574],[7.90874,51.18265],[7.86538,51.168]]],[[[7.91349,51.58426],[7.91419,51.58448],[7.92393,51.62373],[7.91389,51.6161],[7.91349,51.58426]]],[[[7.94162,51.5923],[7.94573,51.58428],[7.97637,51.58799],[7.94162,51.5923]]],[[[8.11855,44.08968],[8.13372,44.0853],[8.14189,44.09168],[8.14104,44.09295],[8.15074,44.10195],[8.13915,44.10423],[8.13478,44.09153],[8.11855,44.08968]]],[[[8.12697,49.55656],[8.1513,49.54195],[8.15632,49.54415],[8.13503,49.56219],[8.12697,49.55656]]],[[[8.20726,51.528],[8.21867,51.52301],[8.23217,51.52252],[8.23959,51.52609],[8.2409,51.52942],[8.20726,51.528]]],[[[8.22627,51.55503],[8.23268,51.55211],[8.22833,51.55888],[8.23876,51.58174],[8.23011,51.59229],[8.22627,51.55503]]],[[[8.53146,51.59508],[8.58685,51.61652],[8.57878,51.63709],[8.57809,51.6194],[8.53146,51.59508]]],[[[8.53793,41.94778],[8.55153,41.91017],[8.55731,41.91785],[8.54194,41.94854],[8.53793,41.94778]]],[[[8.57342,42.4453],[8.59808,42.45504],[8.59683,42.47273],[8.57342,42.4453]]],[[[8.58872,44.52684],[8.61191,44.54791],[8.60006,44.55366],[8.60105,44.54586],[8.58872,44.52684]]],[[[8.59857,44.5655],[8.59953,44.55791],[8.61876,44.57663],[8.62302,44.59689],[8.61736,44.59995],[8.62111,44.58855],[8.60716,44.58258],[8.59857,44.5655]]],[[[8.85197,51.47569],[8.8809,51.48524],[8.85854,51.48844],[8.85197,51.47569]]],[[[8.95214,51.80806],[8.96419,51.7841],[9.00965,51.79731],[8.95214,51.80806]]],[[[8.97637,52.26422],[8.97858,52.26164],[9.06561,52.23618],[9.06909,52.23174],[9.07681,52.23367],[8.97637,52.26422]]],[[[9.01401,52.33126],[9.0476,52.34177],[9.03128,52.34512],[9.01401,52.33126]]],[[[9.02421,41.42009],[9.03894,41.3695],[9.0561,41.36699],[9.04285,41.38268],[9.0315,41.41766],[9.02421,41.42009]]],[[[9.03632,52.21986],[9.03878,52.18451],[9.04574,52.18317],[9.04332,52.22151],[9.03632,52.21986]]],[[[9.13991,47.66513],[9.16898,47.65664],[9.17732,47.65492],[9.18528,47.65533],[9.17793,47.66433],[9.13991,47.66513]]],[[[9.17892,52.93475],[9.18972,52.93747],[9.18406,52.98493],[9.17892,52.93475]]],[[[9.27556,42.80354],[9.27877,42.75324],[9.287,42.75001],[9.28721,42.78635],[9.27556,42.80354]]],[[[9.28423,42.92475],[9.29746,42.94051],[9.29488,42.95757],[9.28423,42.92475]]],[[[11.0907,49.02301],[11.18889,49.02932],[11.20641,49.03447],[11.1906,49.05115],[11.17001,49.0489],[11.16784,49.03099],[11.0907,49.02301]]],[[[11.05019,49.1752],[10.97498,49.15921],[10.97156,49.14938],[11.05019,49.1752]]],[[[11.34356,50.44493],[11.34218,50.46002],[11.31712,50.46843],[11.34356,50.44493]]],[[[10.83715,50.22096],[10.77141,50.2035],[10.82668,50.21426],[10.83715,50.22096]]],[[[9.50249,49.26265],[9.53819,49.25705],[9.55605,49.27229],[9.52343,49.28147],[9.50249,49.26265]]],[[[9.66608,49.92879],[9.70556,49.90702],[9.68651,49.90005],[9.73526,49.91365],[9.72015,49.93045],[9.66608,49.92879]]],[[[9.67597,49.69326],[9.73226,49.68832],[9.73695,49.69169],[9.71061,49.72706],[9.75534,49.75],[9.72393,49.74412],[9.69951,49.71724],[9.677,49.71636],[9.67597,49.69326]]],[[[9.68187,50.74808],[9.72041,50.7452],[9.7223,50.76353],[9.69958,50.7698],[9.68187,50.74808]]],[[[9.68651,49.90005],[9.70076,49.88922],[9.73921,49.88844],[9.68651,49.90005]]],[[[9.68685,49.31729],[9.75552,49.31841],[9.77612,49.28035],[9.70711,49.28348],[9.73663,49.251],[9.80186,49.25526],[9.8156,49.27296],[9.80633,49.28057],[9.86435,49.32646],[9.84066,49.31416],[9.79809,49.3334],[9.68685,49.31729]]],[[[9.74099,50.80755],[9.74904,50.80436],[9.74436,50.77805],[9.77697,50.75199],[9.81045,50.77794],[9.80736,50.7962],[9.82292,50.79625],[9.7953,50.82145],[9.74099,50.80755]]],[[[9.7641,50.07433],[9.76616,50.06067],[9.79294,50.05405],[9.79912,50.07565],[9.7641,50.07433]]],[[[9.83036,49.37321],[9.8489,49.34928],[9.83861,49.37784],[9.83036,49.37321]]],[[[9.83826,49.91763],[9.89044,49.92603],[9.89044,49.96491],[9.8568,49.96889],[9.83826,49.91763]]],[[[9.86078,50.57255],[9.86369,50.53881],[9.92443,50.51779],[9.92855,50.54289],[9.90761,50.54158],[9.90177,50.55598],[9.98726,50.58204],[10.01456,50.52778],[10.01507,50.53776],[9.98228,50.60274],[9.99696,50.61949],[10.0264,50.6181],[10.04415,50.59799],[10.03786,50.61418],[10.08133,50.61979],[10.10201,50.64008],[10.07684,50.63838],[10.05064,50.67366],[9.95825,50.66674],[9.95524,50.58852],[9.916,50.58495],[9.9168,50.60524],[9.89821,50.59156],[9.91756,50.56857],[9.86078,50.57255]]],[[[9.86371,50.3628],[9.87637,50.36912],[9.88392,50.39911],[9.86371,50.3628]]],[[[9.86401,50.44942],[9.87122,50.43149],[9.91705,50.41504],[9.9931,50.4516],[9.94606,50.5012],[9.95739,50.4846],[9.86401,50.44942]]],[[[9.86604,50.05136],[9.86778,50.04524],[9.90967,50.04347],[9.86604,50.05136]]],[[[9.87499,49.25604],[9.94255,49.25887],[9.91473,49.27044],[9.87499,49.25604]]],[[[9.88281,50.79021],[9.92653,50.76792],[9.9444,50.77441],[9.95561,50.81503],[9.94432,50.81927],[9.8992,50.81659],[9.89563,50.79005],[9.88281,50.79021]]],[[[9.88838,49.38662],[9.93645,49.35468],[9.97756,49.37773],[10.02,49.37173],[10.02202,49.35068],[10.05172,49.32831],[10.04871,49.31662],[10.02491,49.31438],[10.06004,49.31058],[10.05987,49.29412],[10.04047,49.29647],[10.03653,49.25895],[10.05901,49.24741],[10.08528,49.2566],[10.18244,49.22623],[10.25316,49.2324],[10.30226,49.25615],[10.29578,49.26292],[10.27531,49.24573],[10.21385,49.27184],[10.22072,49.28931],[10.24269,49.29267],[10.23926,49.31349],[10.27705,49.33582],[10.30125,49.31633],[10.30689,49.32423],[10.27119,49.3381],[10.25711,49.40271],[10.26934,49.40421],[10.30689,49.43331],[10.25479,49.4589],[10.17094,49.48374],[10.17334,49.4679],[10.09472,49.46165],[10.08854,49.44916],[10.14313,49.42929],[10.116,49.42236],[10.06382,49.4467],[10.05489,49.43375],[10.02056,49.44313],[10.00854,49.4246],[9.98623,49.43063],[10.03807,49.40159],[9.96941,49.39668],[9.92366,49.37326],[9.88838,49.38662]]],[[[9.90005,49.67118],[9.93233,49.66718],[9.91585,49.64718],[9.92821,49.62317],[9.95293,49.62317],[9.96323,49.65829],[9.95087,49.67518],[9.96323,49.68585],[10.03052,49.67563],[10.02434,49.69651],[9.94949,49.7085],[9.92958,49.68496],[9.90555,49.68451],[9.90005,49.67118]]],[[[9.91207,50.23227],[9.91722,50.20415],[9.96803,50.20086],[9.91962,50.2136],[9.91207,50.23227]]],[[[9.94302,49.25889],[9.99018,49.26086],[9.94895,49.28149],[9.95507,49.27273],[9.94302,49.25889]]],[[[9.94606,50.5012],[9.971,50.5266],[9.96374,50.52991],[9.94606,50.5012]]],[[[10.00235,49.23796],[10.03069,49.20582],[10.01919,49.22881],[10.00235,49.23796]]],[[[10.02339,49.49094],[10.05263,49.50983],[10.04554,49.52037],[10.02339,49.49094]]],[[[10.0415,49.71915],[10.06142,49.70272],[10.11291,49.7338],[10.0415,49.71915]]],[[[10.06142,49.64674],[10.14793,49.64896],[10.17883,49.68718],[10.13259,49.6942],[10.09712,49.65518],[10.06142,49.64674]]],[[[10.07172,49.58779],[10.17403,49.58245],[10.1651,49.56887],[10.18285,49.54368],[10.10565,49.53539],[10.12493,49.531],[10.29213,49.56575],[10.32509,49.56375],[10.32131,49.53368],[10.35908,49.53412],[10.40028,49.48798],[10.37178,49.48262],[10.38723,49.46522],[10.41161,49.47392],[10.4322,49.50359],[10.3838,49.52499],[10.38414,49.54214],[10.49126,49.59558],[10.53657,49.59558],[10.52422,49.61972],[10.48576,49.63195],[10.56129,49.67652],[10.60579,49.682],[10.60936,49.69651],[10.58807,49.69517],[10.58876,49.7085],[10.51065,49.70988],[10.47993,49.70628],[10.52284,49.74312],[10.47684,49.76042],[10.48096,49.77639],[10.46268,49.786],[10.50293,49.80033],[10.56747,49.77417],[10.60867,49.77417],[10.59425,49.78836],[10.60524,49.80697],[10.63095,49.80152],[10.64987,49.82115],[10.60112,49.85614],[10.62721,49.87561],[10.62584,49.8911],[10.59975,49.88977],[10.57777,49.85924],[10.5558,49.86455],[10.56747,49.88402],[10.52971,49.88269],[10.48988,49.86809],[10.46173,49.87517],[10.40749,49.78038],[10.38664,49.78529],[10.42396,49.75687],[10.40444,49.74518],[10.48782,49.71782],[10.4024,49.67607],[10.44096,49.66185],[10.45761,49.63251],[10.39719,49.60671],[10.38277,49.61382],[10.34706,49.66985],[10.38071,49.68407],[10.40817,49.69251],[10.34981,49.69029],[10.38397,49.70585],[10.35873,49.71782],[10.31685,49.73336],[10.37384,49.70361],[10.3038,49.69384],[10.22621,49.66496],[10.22827,49.65074],[10.18364,49.65207],[10.18707,49.67918],[10.16235,49.62183],[10.17403,49.59825],[10.20218,49.60448],[10.22346,49.58356],[10.07172,49.58779]]],[[[10.0809,50.48186],[10.08697,50.47616],[10.12085,50.48179],[10.11687,50.4919],[10.11169,50.48087],[10.0809,50.48186]]],[[[10.0897,50.56866],[10.09363,50.55106],[10.09982,50.55515],[10.12865,50.55507],[10.13909,50.54301],[10.15014,50.54893],[10.13844,50.55504],[10.19377,50.55489],[10.22076,50.53812],[10.22055,50.53885],[10.23548,50.555],[10.26037,50.54845],[10.26312,50.5707],[10.2354,50.58997],[10.18729,50.59293],[10.18209,50.6168],[10.14443,50.61786],[10.13954,50.57939],[10.0897,50.56866]]],[[[10.12871,49.90127],[10.14107,49.86897],[10.18707,49.8734],[10.17197,49.90392],[10.12871,49.90127]]],[[[10.16575,50.03044],[10.23469,50.01379],[10.26912,50.05843],[10.25718,50.08596],[10.29453,50.11221],[10.26896,50.13202],[10.32337,50.13995],[10.26157,50.14017],[10.23685,50.12212],[10.2275,50.07392],[10.20081,50.07023],[10.16575,50.03044]]],[[[10.19242,49.12627],[10.22162,49.11766],[10.2554,49.13049],[10.21845,49.16102],[10.19242,49.12627]]],[[[10.20012,50.50011],[10.2027,50.47701],[10.22879,50.49563],[10.25248,50.48394],[10.25728,50.46286],[10.25526,50.45593],[10.26857,50.47652],[10.32554,50.49218],[10.32526,50.4929],[10.2306,50.5165],[10.23033,50.51103],[10.20012,50.50011]]],[[[10.27222,49.85304],[10.27496,49.834],[10.29007,49.83223],[10.31273,49.84463],[10.299,49.85791],[10.27222,49.85304]]],[[[10.27359,49.88534],[10.31273,49.88446],[10.29213,49.91984],[10.27359,49.88534]]],[[[10.27874,47.73193],[10.28835,47.70722],[10.31582,47.69659],[10.33779,47.71946],[10.33676,47.76171],[10.27874,47.73193]]],[[[10.28389,49.79767],[10.31685,49.73336],[10.299,49.77772],[10.36696,49.78993],[10.35667,49.79235],[10.37041,49.81584],[10.35599,49.82381],[10.28389,49.79767]]],[[[10.36594,49.11029],[10.38963,49.09298],[10.42705,49.10152],[10.36594,49.11029]]],[[[10.41882,49.02414],[10.45898,49.02391],[10.45452,49.04349],[10.41882,49.03899],[10.41882,49.02414]]],[[[10.43083,49.42393],[10.47752,49.39712],[10.58533,49.39221],[10.58691,49.40765],[10.52353,49.41633],[10.55923,49.45116],[10.46997,49.45072],[10.43083,49.42393]]],[[[10.4361,50.1718],[10.46789,50.17685],[10.45008,50.19629],[10.4361,50.1718]]],[[[10.46997,49.05497],[10.49091,49.04057],[10.50739,49.05092],[10.46997,49.05497]]],[[[10.52035,49.25764],[10.57674,49.24653],[10.57795,49.25086],[10.52035,49.25764]]],[[[10.52064,50.08992],[10.57385,50.05095],[10.62157,50.0391],[10.53863,50.02362],[10.6594,50.04083],[10.68392,50.05386],[10.68341,50.07049],[10.66281,50.07377],[10.65478,50.05621],[10.59454,50.09676],[10.52064,50.08992]]],[[[10.62103,49.23464],[10.73502,49.24495],[10.77415,49.25884],[10.77965,49.28035],[10.69038,49.31035],[10.65193,49.29916],[10.65262,49.28617],[10.67116,49.28707],[10.65536,49.25167],[10.62103,49.23464]]],[[[10.63068,44.1165],[10.64597,44.10623],[10.66536,44.10956],[10.70661,44.09307],[10.72274,44.08197],[10.72053,44.04215],[10.73596,44.03824],[10.74497,44.00979],[10.72678,43.98405],[10.70669,43.9838],[10.68867,43.99454],[10.67505,43.98507],[10.70952,43.95514],[10.70485,43.94272],[10.66154,43.92732],[10.65842,43.91641],[10.67275,43.86975],[10.64847,43.86216],[10.65125,43.85403],[10.63588,43.83081],[10.67142,43.81545],[10.6451,43.79487],[10.66168,43.80609],[10.79647,43.8162],[10.89869,44.06409],[10.92088,44.06634],[10.94264,44.08057],[10.99677,44.13634],[11.01729,44.13354],[11.00128,44.11266],[11.00793,44.10413],[11.04149,44.09181],[11.09023,44.09041],[11.12764,44.10968],[11.24597,44.09768],[11.26369,44.10427],[11.25515,44.11903],[11.20022,44.14067],[11.20111,44.14536],[11.13991,44.34027],[11.28935,44.37348],[11.28935,44.4565],[11.17312,44.60594],[11.25614,44.78858],[11.27424,44.80306],[11.20785,44.80431],[11.1337,44.78695],[11.11563,44.70708],[11.07408,44.64821],[11.05353,44.65488],[11.04919,44.64242],[10.99851,44.65923],[10.98485,44.65672],[10.98319,44.64429],[10.99101,44.63762],[10.984,44.62759],[11.0049,44.62878],[11.01484,44.60697],[11.04257,44.58676],[11.04401,44.57458],[11.05714,44.57139],[11.04963,44.54909],[11.06553,44.50044],[11.04715,44.46619],[10.98983,44.44034],[10.99616,44.42924],[11.03775,44.42713],[11.04886,44.41596],[11.02455,44.3689],[11.04032,44.33173],[11.03362,44.31512],[11.02063,44.30759],[10.95327,44.29689],[10.95067,44.2873],[10.96979,44.26023],[10.95728,44.22657],[10.94015,44.22527],[10.90838,44.20625],[10.89741,44.20731],[10.88993,44.22463],[10.85021,44.22777],[10.85642,44.20789],[10.82146,44.18151],[10.80833,44.15424],[10.81274,44.11618],[10.78068,44.13085],[10.75802,44.15265],[10.69021,44.15721],[10.66343,44.15324],[10.66077,44.13239],[10.64084,44.12922],[10.63069,44.1165],[10.63068,44.1165]]],[[[10.68214,49.46455],[10.7103,49.465],[10.75424,49.43286],[10.72884,49.45474],[10.74737,49.45607],[10.73364,49.48775],[10.71304,49.49445],[10.68214,49.46455]]],[[[10.70976,45.34537],[10.71027,45.31609],[10.73073,45.31584],[10.72824,45.29151],[10.73677,45.28698],[10.78339,45.31566],[10.82951,45.28453],[10.83205,45.28029],[10.82443,45.35312],[10.72029,45.35312],[10.70976,45.34537]]],[[[10.74089,50.03558],[10.75355,50.0298],[10.88333,50.03774],[10.74089,50.03558]]],[[[10.74369,44.95305],[10.74391,44.94901],[10.8025,44.94049],[10.80028,44.94334],[10.74369,44.95305]]],[[[10.79613,49.91984],[10.80231,49.88534],[10.84488,49.9079],[10.79613,49.91984]]],[[[10.85827,49.12984],[10.92075,49.13433],[10.8823,49.15319],[10.85827,49.12984]]],[[[10.86685,49.68673],[10.87372,49.67252],[10.90324,49.68229],[10.86685,49.68673]]],[[[10.88436,49.0597],[10.91457,49.06374],[10.8902,49.08691],[10.88436,49.0597]]],[[[10.90719,49.19702],[10.91732,49.19135],[10.98461,49.18686],[10.90719,49.19702]]],[[[10.91282,42.7089],[10.94828,42.67938],[10.93853,42.69578],[10.91282,42.7089]]],[[[10.93277,49.35286],[10.9465,49.35018],[10.93552,49.33273],[10.99869,49.33631],[10.96779,49.34749],[10.99594,49.37075],[10.99251,49.39533],[10.93689,49.37701],[10.93277,49.35286]]],[[[11.10752,51.0347],[11.15078,51.00447],[11.1882,51.02207],[11.15507,51.0374],[11.10752,51.0347]]],[[[11.12108,50.91277],[11.17601,50.8961],[11.19078,50.90953],[11.15301,50.91938],[11.12108,50.91277]]],[[[11.17043,50.93961],[11.18846,50.94799],[11.17207,50.95626],[11.17043,50.93961]]],[[[11.28935,44.22404],[11.30868,44.18537],[11.33427,44.20661],[11.36982,44.20986],[11.3965,44.23415],[11.41856,44.23218],[11.49597,44.16647],[11.55105,44.16268],[11.57184,44.17369],[11.60412,44.16253],[11.6108,44.15229],[11.58817,44.12883],[11.63427,44.11782],[11.71998,44.13168],[11.72927,44.16746],[11.76432,44.19717],[11.78851,44.18739],[11.82525,44.19527],[11.89011,44.17358],[11.90555,44.19574],[11.8871,44.25725],[11.90371,44.32366],[11.85389,44.35687],[11.80408,44.34027],[11.73766,44.35687],[11.68785,44.25725],[11.70445,44.22404],[11.55502,44.19083],[11.57162,44.22404],[11.45539,44.27385],[11.28935,44.22404]]],[[[11.37772,50.22371],[11.41883,50.20157],[11.37992,50.22917],[11.37772,50.22371]]],[[[11.45797,42.39369],[11.49737,42.37635],[11.96013,42.00737],[12.01993,42.0987],[12.00333,42.24814],[12.06975,42.29795],[12.05314,42.53041],[12.16937,42.63004],[12.15277,42.69645],[12.18598,42.91231],[12.16937,42.91231],[12.15277,43.06175],[12.21919,43.22779],[12.30221,43.2776],[12.30221,43.34402],[12.21919,43.34402],[12.12159,43.47414],[12.05739,43.43735],[12.03707,43.41652],[12.07537,43.40745],[12.08084,43.37188],[12.13263,43.35725],[12.1426,43.29814],[12.16864,43.29565],[12.19391,43.31844],[12.20281,43.31777],[12.21535,43.30015],[12.21318,43.29105],[12.1584,43.26268],[12.12208,43.25974],[12.09215,43.24468],[12.03738,43.25467],[12.02296,43.24189],[12.00574,43.19385],[11.95621,43.17633],[11.96107,43.16599],[11.94456,43.1679],[11.92194,43.13791],[11.91776,43.12243],[11.92984,43.06856],[11.93744,43.06301],[11.95775,43.07453],[11.97548,43.05887],[11.97244,43.02173],[11.93217,42.9272],[11.9514,42.8933],[11.913,42.85008],[11.89167,42.84319],[11.89503,42.83467],[11.84061,42.83579],[11.80805,42.81335],[11.77467,42.82095],[11.75048,42.80633],[11.74723,42.79848],[11.77388,42.78065],[11.79001,42.75522],[11.80712,42.74251],[11.78893,42.71098],[11.78691,42.65125],[11.75388,42.64328],[11.73523,42.61616],[11.69865,42.60174],[11.67116,42.57704],[11.61344,42.561],[11.60583,42.56843],[11.60471,42.58743],[11.60117,42.56952],[11.58817,42.56614],[11.58553,42.5359],[11.56593,42.51612],[11.60785,42.48733],[11.60724,42.45968],[11.60508,42.45607],[11.60476,42.4524],[11.6015,42.45007],[11.59854,42.44511],[11.59385,42.44459],[11.59017,42.44196],[11.49814,42.43405],[11.47711,42.42334],[11.45797,42.39369]]],[[[11.53564,50.26608],[11.57547,50.2573],[11.5432,50.22217],[11.57135,50.19185],[11.54182,50.14919],[11.57822,50.15271],[11.62628,50.20679],[11.605,50.22481],[11.59813,50.25862],[11.53564,50.26608]]],[[[11.59813,50.25862],[11.72241,50.30995],[11.6819,50.30294],[11.59813,50.25862]]],[[[11.80241,47.27923],[11.80738,47.25249],[11.83708,47.29227],[11.87416,47.29949],[11.88927,47.27643],[11.94523,47.26176],[11.94385,47.24941],[12.00497,47.27131],[12.02179,47.31672],[11.92772,47.30787],[11.9212,47.33114],[11.83674,47.32277],[11.80241,47.27923]]],[[[11.89502,52.32695],[11.96651,52.33235],[11.92626,52.35616],[11.89502,52.32695]]],[[[12.05449,43.85607],[12.06256,43.84747],[12.08001,43.85271],[12.0772,43.8574],[12.05638,43.86257],[12.05449,43.85607]]],[[[12.06196,52.2116],[12.10041,52.2074],[12.12135,52.2257],[12.06951,52.23032],[12.06196,52.2116]]],[[[12.0726,52.16993],[12.11346,52.14739],[12.10865,52.124],[12.14882,52.14613],[12.14195,52.1594],[12.16633,52.15055],[12.18281,52.16762],[12.1265,52.18762],[12.0726,52.16993]]],[[[12.09758,43.51828],[12.09804,43.51089],[12.11637,43.5024],[12.11371,43.52367],[12.09758,43.51828]]],[[[12.5845,47.08088],[12.60406,46.98728],[12.58832,46.9562],[12.69768,46.95144],[13.06013,47.02001],[13.01983,47.04088],[12.96593,47.03925],[12.93743,47.07784],[12.73762,47.10086],[12.73127,47.13124],[12.66621,47.12213],[12.6729,47.10939],[12.65676,47.09964],[12.59222,47.12563],[12.60715,47.10308],[12.5845,47.08088]]],[[[12.92078,47.49343],[13.001,47.46768],[12.99477,47.478],[12.92078,47.49343]]],[[[13.43697,48.63688],[13.49061,48.57417],[13.48314,48.60023],[13.53207,48.60601],[13.53584,48.63019],[13.43697,48.63688]]],[[[13.62774,45.72053],[13.73884,45.70999],[13.67225,45.74808],[13.62774,45.72053]]],[[[13.98981,45.41972],[14.0759,45.27623],[14.20449,45.29777],[14.21631,45.32717],[14.25734,45.34792],[14.24086,45.3829],[14.12021,45.45232],[13.98981,45.41972]]],[[[14.0424,45.76134],[14.08258,45.75052],[14.08722,45.7795],[14.05833,45.79434],[14.0424,45.76134]]],[[[14.11097,45.6289],[14.12341,45.61148],[14.13606,45.60821],[14.16348,45.62241],[14.12335,45.63685],[14.11097,45.6289]]],[[[14.13954,45.58891],[14.15367,45.56912],[14.1606,45.57999],[14.14104,45.59086],[14.13954,45.58891]]],[[[14.17605,51.75334],[14.20824,51.7527],[14.18114,51.76756],[14.17605,51.75334]]],[[[14.1921,51.71552],[14.19236,51.68363],[14.22034,51.69108],[14.21536,51.71012],[14.1921,51.71552]]],[[[14.20341,45.47312],[14.20824,45.46723],[14.243,45.49227],[14.21279,45.48635],[14.21939,45.47712],[14.20341,45.47312]]],[[[14.23197,51.78598],[14.23794,51.76816],[14.28188,51.78154],[14.27519,51.7933],[14.23197,51.78598]]],[[[14.28343,51.72001],[14.29313,51.70701],[14.32549,51.69842],[14.33287,51.71735],[14.28343,51.72001]]],[[[14.74082,53.11051],[14.74812,53.0684],[14.79013,53.07918],[14.77052,53.11649],[14.74082,53.11051]]],[[[14.90813,45.48121],[15.09496,45.46253],[15.09174,45.46451],[15.0862,45.48284],[14.98521,45.49729],[14.92975,45.52899],[14.91343,45.51634],[14.90813,45.48121]]],[[[15.18918,53.11559],[15.23031,53.13297],[15.21713,53.14727],[15.18997,53.14203],[15.18918,53.11559]]],[[[16.15977,53.98905],[16.17505,53.9734],[16.2826,53.95755],[16.1699,53.98138],[16.15977,53.98905]]],[[[16.39095,53.97508],[16.56292,53.90353],[16.42739,53.96851],[16.39095,53.97508]]],[[[16.39325,54.14824],[16.40396,54.14097],[16.52696,54.12259],[16.52305,54.13124],[16.39325,54.14824]]],[[[16.52013,54.11361],[16.54455,54.08288],[16.58635,54.09894],[16.63073,54.07999],[16.57863,54.10314],[16.54159,54.09026],[16.52718,54.12211],[16.52013,54.11361]]],[[[16.66796,53.83068],[16.6689,53.82824],[16.69218,53.8119],[16.70599,53.81566],[16.66796,53.83068]]],[[[16.72789,53.91111],[16.75286,53.8752],[16.77312,53.86817],[16.79417,53.8797],[16.7694,53.91685],[16.7605,53.90626],[16.72789,53.91111]]],[[[16.75065,53.81169],[16.76582,53.8039],[16.789,53.81008],[16.75065,53.81169]]],[[[16.789,53.81008],[16.80886,53.78985],[16.80886,53.85766],[16.80795,53.85902],[16.79063,53.84873],[16.789,53.81008]]],[[[17.1267,46.10718],[17.17259,46.18789],[17.13598,46.19071],[17.1267,46.10718]]],[[[17.28035,54.21041],[17.33964,54.23864],[17.33608,54.23734],[17.28184,54.23955],[17.28035,54.21041]]],[[[17.52311,54.6586],[17.61812,54.63505],[17.5468,54.54912],[17.67374,54.50055],[17.68318,54.48779],[17.59787,54.46345],[17.60036,54.4425],[17.62679,54.42023],[17.71408,54.42492],[17.71822,54.41892],[17.74676,54.43251],[17.65761,54.68546],[17.52311,54.6586]]],[[[17.68401,48.85871],[17.86985,48.80002],[18.11447,48.85438],[18.11447,48.99028],[18.22319,48.99028],[18.25037,49.18055],[18.35323,49.32454],[18.18929,49.2886],[18.18347,49.26911],[18.14857,49.24939],[18.1531,49.22062],[18.10912,49.13721],[18.11594,49.09214],[18.09016,49.05637],[18.0269,49.02346],[17.92152,49.01753],[17.88576,48.92818],[17.79203,48.92526],[17.70298,48.86012],[17.68401,48.85871]]]]}},{"type":"Feature","properties":{"NAME":null,"ABBREVN":null,"SUBJECTO":null,"BORDERPRECISION":1,"PARTOF":null},"geometry":{"type":"MultiPolygon","coordinates":[[[[19.33444,57.95583],[19.28666,57.93749],[19.25666,57.94944],[19.16278,57.92694],[19.14167,57.90778],[19.12611,57.83972],[19.07777,57.85833],[19.03444,57.90111],[19.03611,57.91861],[19.08889,57.97028],[19.10472,57.97527],[19.29639,57.97666],[19.3325,57.96527],[19.33444,57.95583]]]]}},{"type":"Feature","properties":{"NAME":null,"ABBREVN":null,"SUBJECTO":null,"BORDERPRECISION":1,"PARTOF":null},"geometry":{"type":"MultiPolygon","coordinates":[[[[18.20611,56.91194],[18.14027,56.91499],[18.15833,56.94167],[18.25666,57.03222],[18.25444,57.07916],[18.17333,57.14194],[18.14833,57.23528],[18.15805,57.31583],[18.1425,57.40944],[18.11028,57.49611],[18.11916,57.53111],[18.17917,57.58833],[18.29472,57.64583],[18.38194,57.71861],[18.46722,57.81194],[18.68194,57.91361],[18.725,57.92278],[19.00472,57.90861],[19.03333,57.82694],[18.92944,57.73972],[18.84889,57.72111],[18.80917,57.70361],[18.75972,57.50805],[18.76944,57.46722],[18.78833,57.44833],[18.71194,57.24166],[18.39722,57.13416],[18.34139,57.07388],[18.33583,57.01749],[18.34666,56.9986],[18.3025,56.93749],[18.20611,56.91194]]]]}},{"type":"Feature","properties":{"NAME":"Swiss Confederation","ABBREVN":"Swiss Confederation","SUBJECTO":"Swiss Confederation","BORDERPRECISION":1,"PARTOF":"Swiss Confederation"},"geometry":{"type":"MultiPolygon","coordinates":[[[[6.60179,46.98256],[6.60879,46.98312],[6.68956,47.00859],[6.71179,47.02211],[6.7146,47.03286],[6.60179,46.98256]]],[[[6.65201,46.91145],[6.72923,46.8777],[6.73981,46.88306],[6.74148,46.89492],[6.71883,46.90384],[6.72226,46.93432],[6.65428,46.91369],[6.65201,46.91145]]],[[[7.00752,46.63687],[7.25653,46.4404],[7.43962,45.9232],[7.63736,45.96394],[7.82045,45.92829],[7.97425,46.02499],[8.14269,46.15197],[8.07678,46.29385],[8.15001,46.29385],[8.27452,46.33937],[8.28916,46.38991],[8.35508,46.43031],[8.65535,46.53117],[8.8897,46.2736],[8.99956,46.30903],[8.82379,46.58153],[9.49757,46.79253],[9.50489,47.03766],[9.51954,47.07259],[9.48292,47.18221],[9.5708,47.26676],[9.68066,47.43546],[9.61686,47.49582],[9.59838,47.48729],[9.561,47.50049],[9.52988,47.48141],[9.48189,47.48171],[9.47298,47.49002],[9.44942,47.4922],[9.45034,47.50092],[9.4704,47.49243],[9.46622,47.49633],[9.43935,47.50532],[9.40065,47.47976],[9.31726,47.53131],[9.2759,47.50679],[9.30494,47.51473],[9.319,47.49054],[9.3027,47.47881],[9.2113,47.4796],[9.16921,47.504],[9.12462,47.48172],[9.01071,47.48853],[9.02782,47.4575],[9.06255,47.44624],[8.98731,47.42937],[8.98708,47.41126],[8.94232,47.37707],[8.90582,47.40602],[8.92698,47.43542],[8.88397,47.47162],[8.89049,47.5269],[8.84742,47.53127],[8.82798,47.55595],[8.84485,47.56614],[8.74344,47.6029],[8.75086,47.61973],[8.80196,47.60361],[8.82326,47.64827],[8.79823,47.66498],[8.75125,47.64131],[8.70812,47.64234],[8.67927,47.66015],[8.67281,47.68525],[8.75067,47.69099],[8.87149,47.65542],[8.89425,47.65198],[8.91596,47.65577],[8.91823,47.65641],[8.89703,47.65298],[8.80182,47.74663],[8.53085,47.80569],[8.40634,47.69244],[8.50887,47.59869],[7.73257,47.52456],[7.72524,47.60363],[7.57145,47.58387],[7.5483,47.56154],[7.55466,47.56437],[7.59443,47.51932],[7.61353,47.52114],[7.60529,47.46988],[7.62657,47.46338],[7.61352,47.43552],[7.57473,47.43831],[7.57164,47.4174],[7.53044,47.41415],[7.51877,47.38766],[7.44358,47.40137],[7.43671,47.37883],[7.52426,47.37092],[7.57164,47.32626],[7.53181,47.2946],[7.41646,47.25314],[7.42195,47.24195],[7.34058,47.21718],[7.3411,47.19339],[7.3859,47.14805],[7.29424,47.16124],[7.24147,47.12756],[7.19982,47.13392],[7.1521,47.11383],[7.11648,47.07378],[7.21259,47.12244],[7.00752,46.63687]]],[[[7.02885,47.10431],[7.0885,47.08269],[7.03168,47.10907],[7.02885,47.10431]]],[[[7.33893,47.44104],[7.37964,47.42762],[7.37599,47.41415],[7.43792,47.41287],[7.4556,47.42826],[7.4209,47.44594],[7.43671,47.46037],[7.45551,47.44939],[7.52958,47.46175],[7.53048,47.52976],[7.51931,47.53359],[7.46891,47.48498],[7.33893,47.44104]]]]}},{"type":"Feature","properties":{"NAME":null,"ABBREVN":null,"SUBJECTO":null,"BORDERPRECISION":1,"PARTOF":null},"geometry":{"type":"MultiPolygon","coordinates":[[[[24.32436,35.20779],[24.0132,35.21041],[23.78559,35.26285],[23.56772,35.25498],[23.51313,35.27596],[23.46689,35.31791],[23.52944,35.56963],[23.67147,35.57225],[23.66513,35.66666],[23.69666,35.69812],[23.73368,35.62732],[23.74288,35.56176],[23.87945,35.55242],[23.95681,35.52767],[24.039,35.56176],[24.03326,35.59847],[24.08186,35.61158],[24.15268,35.56438],[24.13582,35.52243],[24.09146,35.5198],[24.07332,35.4962],[24.17774,35.46999],[24.2197,35.449],[24.2296,35.39132],[24.38828,35.37297],[24.76857,35.42803],[24.99748,35.42102],[25.0136,35.36248],[25.51164,35.29477],[25.67321,35.34937],[25.71353,35.32701],[25.66847,35.18682],[25.7418,35.137],[25.78897,35.137],[25.93549,35.21304],[26.06415,35.23925],[26.09935,35.21565],[26.16883,35.24711],[26.27351,35.31266],[26.23604,35.22876],[26.24267,35.14487],[26.16049,35.02428],[25.89868,35.04526],[25.74174,35.00885],[25.59072,35.01642],[24.69347,34.94047],[24.71564,35.03477],[24.69007,35.09244],[24.32436,35.20779]]]]}},{"type":"Feature","properties":{"NAME":"Crimean Khanate","ABBREVN":"Crimean Khanate","SUBJECTO":"Ottoman Empire","BORDERPRECISION":1,"PARTOF":"Ottoman Empire","wikipedia":null},"geometry":{"type":"MultiPolygon","coordinates":[[[[31.97657,46.83561],[32.01552,46.88075],[36.07009,47.89813],[37.50183,48.4412],[37.69931,48.9349],[38.13611,49.04904],[40.02647,49.08037],[42.58695,50.90971],[43.6731,50.86034],[44.36428,49.4286],[42.52417,47.05099],[41.12255,43.01909],[40.96934,43.07666],[40.55709,43.14659],[40.25162,43.26818],[38.92371,44.21186],[38.55609,44.3851],[38.277,44.42321],[38.10918,44.49377],[37.88037,44.71895],[37.77405,44.74454],[37.62175,44.67331],[37.47389,44.69236],[37.31794,44.92421],[36.95987,45.22736],[37.22775,45.31202],[37.46097,45.31248],[37.66127,45.34523],[37.7061,45.5784],[37.86788,45.79251],[37.98994,46.00666],[38.22715,46.02009],[38.45898,46.07891],[38.26491,46.31856],[37.97017,46.44128],[37.7571,46.60319],[37.8666,46.65536],[38.03186,46.66868],[38.40109,46.72135],[38.72274,46.87792],[39.28236,47.07403],[39.19409,47.24295],[39.15985,47.26889],[38.80025,47.22917],[37.85925,47.10374],[37.42214,47.07688],[37.19263,46.89442],[36.86456,46.80929],[36.35397,46.7758],[35.85056,46.66439],[35.62433,46.52106],[35.4161,46.49469],[35.21237,46.63714],[35.04637,46.35765],[34.90681,46.27302],[34.69235,46.25313],[34.49565,46.2787],[34.06422,46.26487],[33.83908,46.19305],[34.12726,46.0639],[35.00805,45.61195],[35.0319,45.53427],[34.99001,45.45002],[35.06342,45.3401],[35.31668,45.32118],[35.54622,45.37989],[35.84976,45.44523],[36.32316,45.4397],[36.52105,45.38829],[36.41513,45.27157],[36.36711,45.16148],[36.26475,45.09659],[36.0047,45.04433],[35.86545,45.03112],[35.59956,45.10174],[35.38666,45.08192],[35.06732,44.86172],[34.61416,44.84147],[34.37224,44.75718],[34.13496,44.5375],[34.01372,44.49212],[33.66016,44.52366],[33.3955,44.60049],[33.55938,44.93614],[33.51667,45.12351],[33.39787,45.25268],[33.01349,45.38137],[32.92629,45.38767],[32.64345,45.38063],[32.5753,45.36108],[32.50324,45.4451],[32.90226,45.67258],[33.19165,45.78978],[33.53946,45.87471],[33.63884,45.92677],[33.52795,46.13406],[33.33253,46.16611],[32.51644,46.12558],[32.20217,46.17036],[32.1141,46.21562],[31.92594,46.40993],[32.18879,46.59224],[31.97657,46.83561]]]]}},{"type":"Feature","properties":{"NAME":"Britany","ABBREVN":"Britany","SUBJECTO":"Britany","BORDERPRECISION":1,"PARTOF":"Britany"},"geometry":{"type":"MultiPolygon","coordinates":[[[[-1.99911,48.67696],[-1.75197,48.17821],[-2.01036,47.74565],[-2.57553,47.32397],[-2.46554,47.49438],[-2.61365,47.57225],[-2.84247,47.4919],[-3.0627,47.60394],[-3.43353,47.71681],[-3.71187,47.79815],[-3.8581,47.79181],[-3.95484,47.90434],[-4.36437,47.82931],[-4.39094,47.94185],[-4.51013,47.99813],[-4.6754,48.01689],[-4.70031,48.0638],[-4.31287,48.10133],[-4.35098,48.20457],[-4.58797,48.25149],[-4.3889,48.29844],[-4.3502,48.39051],[-4.47379,48.38294],[-4.59202,48.39232],[-4.77963,48.35477],[-4.76196,48.552],[-4.6257,48.54667],[-4.4883,48.61227],[-4.25148,48.65191],[-3.99887,48.73054],[-3.90222,48.64596],[-3.82131,48.72115],[-3.60787,48.69295],[-3.55767,48.81008],[-3.43506,48.83646],[-3.09123,48.87155],[-2.79054,48.58958],[-2.63638,48.552],[-2.34289,48.67415],[-2.20007,48.59898],[-2.07597,48.65616],[-1.99911,48.67696]]]]}},{"type":"Feature","properties":{"NAME":null,"ABBREVN":null,"SUBJECTO":null,"BORDERPRECISION":1,"PARTOF":null},"geometry":{"type":"MultiPolygon","coordinates":[[[[-1.05972,50.68749],[-1.16833,50.60194],[-1.21528,50.58722],[-1.2825,50.57889],[-1.49361,50.66722],[-1.56917,50.65749],[-1.52333,50.69527],[-1.29694,50.77194],[-1.11806,50.7375],[-1.05972,50.68749]]]]}},{"type":"Feature","properties":{"NAME":null,"ABBREVN":null,"SUBJECTO":null,"BORDERPRECISION":1,"PARTOF":null},"geometry":{"type":"MultiPolygon","coordinates":[[[[-4.15333,53.22556],[-4.21806,53.20027],[-4.32556,53.145],[-4.35139,53.12444],[-4.40222,53.12583],[-4.49444,53.18944],[-4.5675,53.27333],[-4.56917,53.38805],[-4.56,53.39666],[-4.42917,53.42444],[-4.31389,53.41194],[-4.27695,53.39833],[-4.22222,53.32166],[-4.04667,53.30333],[-4.09,53.255],[-4.15333,53.22556]]]]}},{"type":"Feature","properties":{"NAME":null,"ABBREVN":null,"SUBJECTO":null,"BORDERPRECISION":1,"PARTOF":null},"geometry":{"type":"MultiPolygon","coordinates":[[[[-5.10361,55.43861],[-5.23167,55.43028],[-5.34028,55.475],[-5.40028,55.60056],[-5.38111,55.66861],[-5.29528,55.71666],[-5.23917,55.71361],[-5.16028,55.67916],[-5.08528,55.55666],[-5.07583,55.45528],[-5.10361,55.43861]]]]}},{"type":"Feature","properties":{"NAME":null,"ABBREVN":null,"SUBJECTO":null,"BORDERPRECISION":1,"PARTOF":null},"geometry":{"type":"MultiPolygon","coordinates":[[[[-6.12167,55.87888],[-6.0975,55.79666],[-6.08833,55.78388],[-6.05222,55.76722],[-6.03028,55.72055],[-6.02472,55.68083],[-6.07667,55.64999],[-6.27444,55.57278],[-6.32556,55.58666],[-6.32194,55.61527],[-6.28583,55.70722],[-6.25306,55.76361],[-6.25139,55.77139],[-6.26528,55.77777],[-6.33778,55.78027],[-6.37972,55.72805],[-6.44944,55.68028],[-6.485,55.66861],[-6.50917,55.68222],[-6.49528,55.7336],[-6.44972,55.84861],[-6.44167,55.85361],[-6.36972,55.86944],[-6.30972,55.86361],[-6.13667,55.93444],[-6.11861,55.92166],[-6.12167,55.87888]]]]}},{"type":"Feature","properties":{"NAME":null,"ABBREVN":null,"SUBJECTO":null,"BORDERPRECISION":1,"PARTOF":null},"geometry":{"type":"MultiPolygon","coordinates":[[[[-5.94694,55.82999],[-5.97194,55.78833],[-6.02722,55.79166],[-6.06306,55.80389],[-6.07556,55.81555],[-6.08806,55.8775],[-6.07889,55.90555],[-5.96806,56.02361],[-5.80917,56.10972],[-5.71139,56.15028],[-5.69444,56.14722],[-5.685,56.12583],[-5.69083,56.10667],[-5.74611,56.06361],[-5.94694,55.82999]]]]}},{"type":"Feature","properties":{"NAME":null,"ABBREVN":null,"SUBJECTO":null,"BORDERPRECISION":1,"PARTOF":null},"geometry":{"type":"MultiPolygon","coordinates":[[[[-7.46694,56.94083],[-7.55028,56.9475],[-7.56,56.96027],[-7.43972,57.05444],[-7.41861,57.04388],[-7.37806,56.98222],[-7.43472,56.945],[-7.46694,56.94083]]]]}},{"type":"Feature","properties":{"NAME":null,"ABBREVN":null,"SUBJECTO":null,"BORDERPRECISION":1,"PARTOF":null},"geometry":{"type":"MultiPolygon","coordinates":[[[[-7.22306,57.33749],[-7.25222,57.32666],[-7.28528,57.33611],[-7.28806,57.3225],[-7.25917,57.1525],[-7.21472,57.11444],[-7.22583,57.09694],[-7.28722,57.10611],[-7.35611,57.09916],[-7.38139,57.1086],[-7.4175,57.1825],[-7.425,57.38222],[-7.36806,57.40138],[-7.33556,57.39583],[-7.27194,57.37528],[-7.22306,57.33749]]]]}},{"type":"Feature","properties":{"NAME":null,"ABBREVN":null,"SUBJECTO":null,"BORDERPRECISION":1,"PARTOF":null},"geometry":{"type":"MultiPolygon","coordinates":[[[[-7.26889,57.39889],[-7.31361,57.39972],[-7.38806,57.42388],[-7.40944,57.44833],[-7.40639,57.46417],[-7.35111,57.48944],[-7.24417,57.47639],[-7.20472,57.46083],[-7.20222,57.41888],[-7.26889,57.39889]]]]}},{"type":"Feature","properties":{"NAME":null,"ABBREVN":null,"SUBJECTO":null,"BORDERPRECISION":1,"PARTOF":null},"geometry":{"type":"MultiPolygon","coordinates":[[[[-7.18861,57.68722],[-7.0675,57.6375],[-7.15389,57.50944],[-7.32139,57.50527],[-7.32528,57.54417],[-7.41167,57.56805],[-7.47694,57.56249],[-7.54333,57.59083],[-7.49139,57.64639],[-7.47278,57.655],[-7.275,57.65639],[-7.24472,57.67694],[-7.18861,57.68722]]]]}},{"type":"Feature","properties":{"NAME":null,"ABBREVN":null,"SUBJECTO":null,"BORDERPRECISION":1,"PARTOF":null},"geometry":{"type":"MultiPolygon","coordinates":[[[[-7.00639,57.88139],[-7.07361,57.87778],[-7.07667,57.89278],[-7.03278,57.91555],[-6.99361,57.91861],[-6.9975,57.89083],[-7.00639,57.88139]]]]}},{"type":"Feature","properties":{"NAME":null,"ABBREVN":null,"SUBJECTO":null,"BORDERPRECISION":1,"PARTOF":null},"geometry":{"type":"MultiPolygon","coordinates":[[[[-6.80222,58.20305],[-6.86917,58.20389],[-6.88972,58.2525],[-6.85417,58.25],[-6.80972,58.22861],[-6.79444,58.21805],[-6.79139,58.20694],[-6.80222,58.20305]]]]}},{"type":"Feature","properties":{"NAME":null,"ABBREVN":null,"SUBJECTO":null,"BORDERPRECISION":1,"PARTOF":null},"geometry":{"type":"MultiPolygon","coordinates":[[[[-6.20417,58.35611],[-6.2325,58.31777],[-6.32389,58.26361],[-6.32828,58.23794],[-6.32528,58.23177],[-6.27694,58.22278],[-6.22083,58.2336],[-6.16778,58.26055],[-6.14806,58.2561],[-6.15833,58.21833],[-6.17222,58.20694],[-6.22472,58.18361],[-6.26378,58.17661],[-6.32911,58.18277],[-6.36667,58.15861],[-6.38222,58.12972],[-6.49722,58.0975],[-6.62028,58.08194],[-6.49694,58.08749],[-6.39611,58.10472],[-6.35389,58.03305],[-6.45778,57.96805],[-6.47389,57.94028],[-6.57056,57.91139],[-6.66222,57.92416],[-6.69861,57.9675],[-6.70611,58.0075],[-6.6975,58.02139],[-6.65278,58.04833],[-6.59361,58.04639],[-6.60028,58.05389],[-6.68444,58.0575],[-6.76139,57.99833],[-6.72583,57.95444],[-6.685,57.93444],[-6.66056,57.88472],[-6.73528,57.82583],[-6.9725,57.72472],[-7.12444,57.82083],[-7.12667,57.83333],[-7.11833,57.83805],[-7.06583,57.82083],[-6.83028,57.90083],[-6.87944,57.9325],[-6.935,57.94972],[-6.985,57.95944],[-7.03556,57.95333],[-7.07528,57.96249],[-7.11278,57.98389],[-7.08417,58.00805],[-7.05556,58.02027],[-7.05778,58.03639],[-7.09389,58.07055],[-7.12833,58.13027],[-7.09444,58.18194],[-7.04056,58.23333],[-7.00111,58.23444],[-6.90806,58.21278],[-6.90806,58.20611],[-6.93611,58.18805],[-6.86194,58.10388],[-6.87328,58.17859],[-6.80518,58.19587],[-6.75037,58.18524],[-6.74473,58.1972],[-6.78658,58.22942],[-6.80806,58.25972],[-6.81778,58.28],[-6.79778,58.30222],[-6.67306,58.34916],[-6.65222,58.34861],[-6.64694,58.34194],[-6.55028,58.36333],[-6.29278,58.48833],[-6.26694,58.5125],[-6.22333,58.49638],[-6.16611,58.42528],[-6.20417,58.35611]]]]}},{"type":"Feature","properties":{"NAME":null,"ABBREVN":null,"SUBJECTO":null,"BORDERPRECISION":1,"PARTOF":null},"geometry":{"type":"MultiPolygon","coordinates":[[[[-2.91833,58.73194],[-2.94806,58.73055],[-2.97056,58.74194],[-3.03694,58.81805],[-3.00444,58.83305],[-2.91611,58.83888],[-2.88639,58.83194],[-2.87778,58.82417],[-2.91833,58.73194]]]]}},{"type":"Feature","properties":{"NAME":null,"ABBREVN":null,"SUBJECTO":null,"BORDERPRECISION":1,"PARTOF":null},"geometry":{"type":"MultiPolygon","coordinates":[[[[-3.23139,58.77555],[-3.30083,58.77805],[-3.43111,58.87138],[-3.41806,58.90416],[-3.39806,58.91722],[-3.33556,58.9275],[-3.22833,58.885],[-3.13639,58.80416],[-3.14167,58.78472],[-3.23139,58.77555]]]]}},{"type":"Feature","properties":{"NAME":null,"ABBREVN":null,"SUBJECTO":null,"BORDERPRECISION":1,"PARTOF":null},"geometry":{"type":"MultiPolygon","coordinates":[[[[-2.79306,58.95139],[-2.75583,58.91777],[-2.82444,58.87888],[-2.97,58.93944],[-3.05722,58.93583],[-3.195,58.91111],[-3.34556,58.96583],[-3.36806,59.01],[-3.35139,59.10638],[-3.3175,59.12944],[-3.21889,59.14861],[-3.07694,59.12167],[-2.99833,59.06972],[-2.99583,59.05583],[-2.94722,58.99833],[-2.85222,58.97556],[-2.79306,58.95139]]]]}},{"type":"Feature","properties":{"NAME":null,"ABBREVN":null,"SUBJECTO":null,"BORDERPRECISION":1,"PARTOF":null},"geometry":{"type":"MultiPolygon","coordinates":[[[[-2.68139,59.19583],[-2.68583,59.18417],[-2.69361,59.1975],[-2.68444,59.22083],[-2.59278,59.29055],[-2.55556,59.30306],[-2.40722,59.31389],[-2.39028,59.28305],[-2.49556,59.245],[-2.62056,59.23611],[-2.68139,59.19583]]]]}},{"type":"Feature","properties":{"NAME":null,"ABBREVN":null,"SUBJECTO":null,"BORDERPRECISION":1,"PARTOF":null},"geometry":{"type":"MultiPolygon","coordinates":[[[[-2.89,59.29527],[-2.84972,59.26805],[-2.85306,59.24944],[-2.8775,59.22861],[-2.87694,59.25861],[-2.93667,59.28361],[-2.97194,59.28722],[-2.97694,59.27277],[-2.99917,59.26111],[-3.07639,59.33138],[-2.89,59.29527]]]]}},{"type":"Feature","properties":{"NAME":null,"ABBREVN":null,"SUBJECTO":null,"BORDERPRECISION":1,"PARTOF":null},"geometry":{"type":"MultiPolygon","coordinates":[[[[-1.29611,60.4911],[-1.28667,60.47111],[-1.03722,60.44416],[-1.10111,60.27583],[-1.16417,60.25833],[-1.18694,60.26972],[-1.20056,60.26333],[-1.18556,60.23055],[-1.12611,60.15167],[-1.14667,60.13194],[-1.17056,60.13722],[-1.21222,60.10278],[-1.22056,60.0225],[-1.26028,59.86222],[-1.26861,59.85111],[-1.30694,59.8575],[-1.37194,59.89166],[-1.37806,59.90222],[-1.33167,59.99694],[-1.30583,60.01277],[-1.26306,60.10694],[-1.26167,60.13083],[-1.29139,60.24139],[-1.41028,60.255],[-1.36361,60.22972],[-1.35306,60.20889],[-1.35833,60.1925],[-1.44861,60.15111],[-1.52028,60.18139],[-1.52722,60.18694],[-1.51972,60.20111],[-1.66472,60.23083],[-1.69306,60.27972],[-1.69139,60.28833],[-1.65528,60.30306],[-1.42694,60.32139],[-1.34583,60.34],[-1.32028,60.35638],[-1.44583,60.46055],[-1.55361,60.47556],[-1.60972,60.47416],[-1.59306,60.50777],[-1.54694,60.53583],[-1.41611,60.605],[-1.30194,60.63667],[-1.2875,60.61333],[-1.29611,60.4911]]]]}},{"type":"Feature","properties":{"NAME":null,"ABBREVN":null,"SUBJECTO":null,"BORDERPRECISION":1,"PARTOF":null},"geometry":{"type":"MultiPolygon","coordinates":[[[[-1.02944,60.49583],[-1.1275,60.48638],[-1.14,60.48944],[-1.17028,60.52722],[-1.18361,60.60278],[-1.17945,60.6325],[-1.11,60.72583],[-1.09861,60.73],[-0.99111,60.71999],[-0.9825,60.65555],[-1.02944,60.49583]]]]}},{"type":"Feature","properties":{"NAME":null,"ABBREVN":null,"SUBJECTO":null,"BORDERPRECISION":1,"PARTOF":null},"geometry":{"type":"MultiPolygon","coordinates":[[[[-0.81972,60.68889],[-0.835,60.67333],[-0.93556,60.67444],[-0.96556,60.68805],[-0.93889,60.79444],[-0.87833,60.84444],[-0.80611,60.84055],[-0.76778,60.82889],[-0.75806,60.81777],[-0.76361,60.79333],[-0.81972,60.68889]]]]}},{"type":"Feature","properties":{"NAME":null,"ABBREVN":null,"SUBJECTO":null,"BORDERPRECISION":1,"PARTOF":null},"geometry":{"type":"MultiPolygon","coordinates":[[[[-6.65528,61.38944],[-6.71917,61.40749],[-6.84583,61.46805],[-6.95833,61.59861],[-6.96278,61.61916],[-6.94472,61.63667],[-6.88944,61.645],[-6.72444,61.57333],[-6.70944,61.55833],[-6.64167,61.40083],[-6.65528,61.38944]]],[[[-6.60417,61.82166],[-6.63,61.76111],[-6.65222,61.74278],[-6.70472,61.7775],[-6.84111,61.8175],[-6.86611,61.83749],[-6.90889,61.90111],[-6.90472,61.90778],[-6.86444,61.90749],[-6.78333,61.89694],[-6.66139,61.85889],[-6.60417,61.82166]]],[[[-7.04972,62.06777],[-7.06278,62.04944],[-7.20167,62.01861],[-7.19222,62.03972],[-7.22667,62.06444],[-7.25111,62.04277],[-7.34556,62.05222],[-7.37806,62.065],[-7.43111,62.1161],[-7.435,62.14027],[-7.22333,62.15944],[-7.16307,62.12882],[-7.045,62.09444],[-7.04028,62.08778],[-7.04972,62.06777]]],[[[-6.70694,61.93749],[-6.72528,61.93444],[-6.77306,61.95],[-6.86917,61.9975],[-6.96111,62.04666],[-7.03458,62.11211],[-7.13031,62.1256],[-7.23222,62.17249],[-7.23361,62.19333],[-7.21083,62.28472],[-7.19556,62.30472],[-7.135,62.30389],[-7.06583,62.28222],[-7.045,62.24333],[-6.99083,62.19305],[-6.84139,62.12444],[-6.72472,62.035],[-6.69639,61.97944],[-6.70694,61.93749]]],[[[-6.62,62.22972],[-6.68583,62.245],[-6.71167,62.29388],[-6.72083,62.33138],[-6.62556,62.25333],[-6.62,62.22972]]],[[[-6.6575,62.0925],[-6.6575,62.05583],[-6.92194,62.16722],[-7.025,62.23778],[-7.0625,62.29583],[-7.06028,62.31361],[-6.95028,62.33805],[-6.80722,62.29028],[-6.60111,62.19694],[-6.58806,62.13416],[-6.6575,62.0925]]],[[[-6.41861,62.18388],[-6.51806,62.16888],[-6.5725,62.21166],[-6.58806,62.23972],[-6.55086,62.25098],[-6.54897,62.3009],[-6.5744,62.34988],[-6.54167,62.3575],[-6.52222,62.31805],[-6.49278,62.29138],[-6.39222,62.25805],[-6.38861,62.25083],[-6.40722,62.19167],[-6.41861,62.18388]]],[[[-6.58583,62.25639],[-6.62,62.26694],[-6.66444,62.3225],[-6.66083,62.3725],[-6.63222,62.37083],[-6.56639,62.29639],[-6.56556,62.26527],[-6.58583,62.25639]]],[[[-6.40611,62.28444],[-6.48028,62.29778],[-6.54694,62.38361],[-6.51917,62.39694],[-6.48917,62.38139],[-6.39167,62.29694],[-6.40611,62.28444]]]]}},{"type":"Feature","properties":{"NAME":null,"ABBREVN":null,"SUBJECTO":null,"BORDERPRECISION":1,"PARTOF":null},"geometry":{"type":"MultiPolygon","coordinates":[[[[-4.77778,54.05555],[-4.78861,54.06305],[-4.71389,54.21444],[-4.61806,54.25417],[-4.57806,54.29694],[-4.55278,54.34389],[-4.5275,54.36722],[-4.44306,54.39805],[-4.36806,54.41666],[-4.35417,54.41083],[-4.30944,54.29333],[-4.39444,54.18639],[-4.49111,54.12666],[-4.62389,54.0686],[-4.70472,54.07972],[-4.77778,54.05555]]]]}},{"type":"Feature","properties":{"NAME":"Sámi","ABBREVN":"Sámi","SUBJECTO":"Sámi","BORDERPRECISION":1,"PARTOF":"Sámi"},"geometry":{"type":"MultiPolygon","coordinates":[[[[20.15765,69.74783],[20.28638,69.78591],[20.35832,69.71038],[20.27816,69.58179],[20.1965,69.31769],[20.55269,69.52191],[20.73394,69.77919],[21.10273,69.81769],[21.41196,70.01541],[21.60856,69.96254],[21.90807,69.80404],[22.16331,70.09311],[22.30645,70.21562],[22.74557,70.1706],[23.20361,69.94278],[23.29247,70.01129],[23.50841,70.27907],[23.82729,70.47884],[23.95485,70.50206],[24.20772,70.47187],[24.35961,70.61029],[24.57051,70.74138],[24.84904,70.8266],[25.38903,70.90463],[25.83206,70.89776],[25.23069,70.55819],[25.12242,70.43525],[25.07408,70.14438],[25.26302,70.10655],[25.57404,70.36714],[26.26272,70.79074],[26.60652,70.91462],[26.61911,70.79908],[26.61742,70.39205],[26.93435,70.46929],[27.13108,70.57708],[27.51601,70.97031],[27.94754,71.01741],[28.21116,71.01791],[28.30841,70.94865],[28.13644,70.83273],[27.98529,70.71701],[28.01893,70.60945],[27.8754,70.42506],[28.28973,70.37221],[28.38891,70.57175],[28.79481,70.86477],[28.98434,70.85741],[29.74123,70.60498],[30.04144,70.54414],[30.46196,70.53725],[30.7542,70.43042],[30.79884,70.30796],[30.25188,70.13115],[29.7349,70.11489],[28.73008,70.13593],[29.08002,69.96123],[29.55593,69.8334],[29.72858,69.69757],[30.05581,69.72086],[30.36129,69.76681],[30.73536,69.75236],[31.05378,69.63959],[31.33128,69.66276],[31.7822,69.77702],[32.07156,69.88349],[32.07601,69.81536],[32.19056,69.64171],[32.35173,69.51368],[32.59631,69.42362],[33.00963,69.38669],[33.28057,69.34201],[33.3156,69.07128],[33.62838,69.21469],[33.81805,69.19248],[34.30515,69.17083],[34.69889,69.16405],[34.93414,69.14944],[35.43655,69.15036],[36.01828,69.02371],[37.24586,68.7935],[37.68858,68.62961],[38.40644,68.24269],[38.66845,68.14634],[39.91807,67.94038],[40.82605,67.66005],[40.97339,67.53437],[40.95083,67.33466],[41.01687,67.20186],[41.20883,67.06946],[41.2553,66.93698],[41.14697,66.78227],[40.83638,66.5614],[40.34515,66.31865],[39.97752,66.20092],[39.19003,66.03871],[38.78211,66.00145],[38.04787,66.00737],[37.42243,66.09382],[36.50523,66.17249],[35.77175,66.25887],[35.16772,66.4115],[34.15295,66.62963],[33.43749,66.70174],[33.15773,66.91448],[32.99095,66.98782],[32.64434,67.0461],[31.24585,67.63636],[27.09779,66.83351],[26.47931,65.57183],[26.42874,65.62923],[25.62589,66.6997],[21.87925,66.96731],[18.53403,66.43208],[18.40022,67.23493],[18.95871,68.2937],[19.82121,69.36973],[20.15765,69.74783]]]]}},{"type":"Feature","properties":{"NAME":null,"ABBREVN":null,"SUBJECTO":null,"BORDERPRECISION":1,"PARTOF":null},"geometry":{"type":"MultiPolygon","coordinates":[[[[59.2853,45.27515],[59.44718,45.18756],[59.461,45.05523],[59.23792,44.79664],[59.04642,44.95473],[59.13329,45.19452],[59.2853,45.27515]]],[[[59.77687,45.70142],[59.90124,45.69591],[60,45.70658],[60,45.64838],[59.91309,45.59792],[59.79266,45.58963],[59.76305,45.63244],[59.77687,45.70142]]]]}},{"type":"Feature","properties":{"NAME":"White Horde","ABBREVN":"White Horde","SUBJECTO":"White Horde","BORDERPRECISION":1,"PARTOF":"White Horde"},"geometry":{"type":"MultiPolygon","coordinates":[[[[60,46.51424],[60,46.21009],[59.81543,46.1814],[59.80078,46.25454],[59.77891,46.30146],[59.74941,46.32212],[59.69883,46.3313],[59.57695,46.3335],[59.54883,46.34478],[59.48074,46.31706],[59.54589,46.23929],[59.54984,45.99433],[59.43139,45.80336],[59.28727,45.835],[59.30109,45.88038],[59.36032,45.93258],[59.36624,45.99021],[59.32873,46.02587],[59.19844,46.02312],[59.14316,46.00667],[59.07011,46.00119],[58.95742,45.96821],[58.88059,45.95591],[58.81545,45.9312],[58.77158,45.89502],[58.7207,45.84766],[58.68125,45.78364],[58.65527,45.71572],[58.62793,45.60024],[58.61133,45.58472],[58.58867,45.53706],[58.56006,45.45723],[58.51357,45.38569],[58.44922,45.32241],[58.4041,45.25303],[58.37832,45.17754],[58.27217,44.98169],[58.23809,44.90313],[58.23213,44.85132],[58.25098,44.78643],[58.29463,44.70835],[58.29668,44.63843],[58.25713,44.57656],[58.19851,44.51966],[58.2301,44.45205],[58.24195,44.35897],[58.39988,44.16669],[58.3446,43.86571],[58.36731,43.73712],[58.59631,43.75708],[58.77991,43.7471],[58.82729,43.844],[58.87862,43.84929],[55.64245,40.05031],[54.07142,38.89695],[54.03311,38.99272],[53.91817,39.05019],[53.7745,39.13639],[53.67873,39.25133],[53.65957,39.31837],[53.58295,39.31837],[53.33392,39.38542],[53.24772,39.29922],[53.20941,39.40457],[53.24772,39.45246],[53.31477,39.5674],[53.37223,39.51951],[53.54463,39.53866],[53.79366,39.49077],[53.81282,39.54824],[53.66915,39.64402],[53.55421,39.6536],[53.5159,39.77811],[53.59252,39.89305],[53.6883,39.97925],[53.50632,39.9984],[53.36265,39.96009],[53.19025,39.96009],[53.04658,39.9984],[52.98912,39.93136],[52.91249,40.04629],[52.84545,40.18038],[52.84545,40.33363],[52.82629,40.46772],[52.90292,40.5635],[52.9508,40.70716],[52.96996,40.8221],[53.05616,41.05197],[53.18067,40.84125],[53.2573,40.76463],[53.43928,40.80294],[53.61168,40.74548],[53.65957,40.81252],[53.64999,40.87957],[53.69788,40.87957],[53.76493,40.86999],[53.79366,40.72632],[53.84155,40.64012],[53.97564,40.6497],[54.10973,40.67843],[54.22467,40.72632],[54.41622,40.65928],[54.45454,40.71674],[54.38749,40.80294],[54.36833,40.89872],[54.45454,40.91788],[54.50243,40.85083],[54.60778,40.81252],[54.8185,40.87957],[54.82807,40.98492],[54.75145,41.13817],[54.5982,41.24353],[54.35876,41.3872],[54.1672,41.48297],[54.13846,41.62664],[54.11931,41.77989],[54.02353,41.85651],[54.02353,42.04807],[53.98522,42.10554],[53.73619,42.13427],[53.45843,42.09596],[53.26688,42.08638],[53.06574,42.02892],[52.97954,41.9044],[52.94123,41.77031],[52.99869,41.68411],[52.93165,41.37762],[52.96038,41.27226],[52.96996,41.13817],[52.85503,41.3872],[52.6922,41.53086],[52.71136,41.60749],[52.68262,41.69369],[52.55927,41.75784],[52.60075,41.93768],[52.57377,42.0186],[52.51982,42.07256],[52.58276,42.18945],[52.67268,42.27937],[52.73562,42.42324],[52.75361,42.55812],[52.83453,42.64804],[52.7626,42.75594],[52.58276,42.82787],[52.37595,42.8009],[52.29502,42.87283],[52.07022,42.82787],[51.9803,42.9088],[51.8814,43.05267],[51.73753,43.17855],[51.42281,43.16956],[51.42281,43.25948],[51.45878,43.38537],[51.36886,43.55621],[51.26095,43.61016],[51.17103,43.71807],[50.9912,44.07774],[50.95523,44.20363],[50.70346,44.25758],[50.38874,44.29355],[50.3258,44.36548],[50.33479,44.5633],[50.40673,44.61726],[50.54161,44.64423],[50.8743,44.62625],[51.33289,44.48238],[51.41382,44.51834],[51.57567,44.55431],[51.48575,44.62625],[51.18902,44.77012],[51.0991,44.87802],[51.21599,45.03987],[51.34188,45.05786],[51.37785,45.17475],[51.45878,45.30963],[51.51273,45.37257],[51.62962,45.35459],[51.77349,45.39056],[51.84543,45.43552],[51.99829,45.38156],[52.60974,45.39955],[53.05933,45.3366],[53.28413,45.32761],[53.05933,45.4535],[52.84352,45.50745],[52.83453,45.64233],[52.92445,45.73225],[53.05034,45.83116],[53.14925,45.95705],[53.2032,46.19083],[53.25715,46.31672],[53.18522,46.42462],[53.12228,46.49656],[53.16723,46.58647],[53.28413,46.6764],[53.23018,46.73035],[53.18522,46.86523],[53.02336,46.91918],[52.8539,46.93828],[56.6739,58.25928],[58.29314,58.4245],[60,59.1034],[60,46.51424]]]]}},{"type":"Feature","properties":{"NAME":"Timurid Emirates","ABBREVN":"Timurid Em.","SUBJECTO":"Timurid Emirates","BORDERPRECISION":1,"PARTOF":"Timurid Emirates"},"geometry":{"type":"MultiPolygon","coordinates":[[[[60,34],[55.46622,34],[53.98449,36.78191],[54.06744,36.94152],[54.0087,37.34869],[54.01511,37.34833],[53.92775,37.82422],[53.87986,38.02536],[53.93733,38.15945],[53.93733,38.5713],[53.98522,38.6575],[54.07142,38.89695],[55.64245,40.05031],[58.87862,43.84929],[59.01879,43.86108],[59.00793,43.97947],[59.12638,44.00219],[59.24779,43.85397],[59.50542,43.91408],[59.71567,43.66933],[60,43.62154],[60,34]]]]}},{"type":"Feature","properties":{"NAME":"Aragón","ABBREVN":"Aragón","SUBJECTO":"Aragón","BORDERPRECISION":1,"PARTOF":"Aragón"},"geometry":{"type":"MultiPolygon","coordinates":[[[[-2.3014,40.23787],[-1.99711,40.08573],[-1.99711,39.97162],[-1.80693,39.85751],[-1.99711,39.7434],[-1.99711,39.59126],[-1.80693,39.47715],[-1.80693,39.17286],[-2.03515,39.24893],[-2.03515,38.60232],[-1.80693,38.52625],[-1.80693,38.25999],[-1.65479,38.18392],[-1.65479,37.91767],[-1.88301,37.9557],[-2.03515,37.8416],[-1.92104,37.65142],[-2.14926,37.23302],[-1.94048,36.9516],[-1.81688,37.29248],[-1.62571,37.43949],[-1.36457,37.54839],[-0.91827,37.57034],[-0.80256,37.61501],[-0.87234,37.7598],[-0.66473,38.17657],[-0.56413,38.21487],[-0.43516,38.43034],[0.17257,38.73835],[0.12612,38.82135],[-0.1657,38.95406],[-0.2359,39.0624],[-0.39485,39.43446],[-0.16063,39.88602],[0.23793,40.2402],[0.50514,40.59276],[0.78756,40.65689],[0.82713,40.72742],[0.70978,40.78515],[0.73375,40.87495],[0.8792,41.02174],[1.31124,41.15725],[2.08072,41.29849],[2.20059,41.44615],[2.62826,41.61954],[3.12888,41.85723],[3.15655,42.07572],[3.08629,42.12072],[3.08708,42.36864],[3.00189,42.77081],[3.03927,42.86919],[2.94888,42.88297],[2.825,42.84975],[2.70112,42.73002],[2.48962,42.71892],[2.48056,42.68562],[2.27209,42.69006],[2.10289,42.61451],[1.72824,42.501],[1.73126,42.54554],[1.79169,42.57892],[1.75543,42.59672],[1.57717,42.64785],[1.45631,42.61895],[1.32046,42.60501],[1.30745,42.63517],[0.7442,42.77189],[0.58414,42.77189],[0.59192,42.62833],[0.34784,42.63517],[0.19627,42.60783],[0.17955,42.66252],[-0.16563,42.64884],[-0.21614,42.7172],[-0.40991,42.78557],[-0.46884,42.75139],[-0.58679,42.76506],[-0.61198,42.73088],[-0.84002,42.90865],[-0.90735,42.8813],[-1.6643,42.12542],[-1.60487,41.76883],[-2.13001,41.81657],[-2.14926,41.49307],[-2.3014,41.49307],[-2.3014,41.26485],[-2.03515,41.22681],[-1.92104,40.61824],[-2.3014,40.39002],[-2.3014,40.23787]]],[[[8.15949,40.78468],[8.20155,40.663],[8.42819,40.46485],[8.48798,40.2088],[8.50848,39.94648],[8.46503,39.63994],[8.37422,39.30785],[8.41717,39.2122],[8.58238,39.06577],[8.6961,38.99581],[8.81956,38.97691],[8.93137,39.0537],[8.99852,39.17509],[9.06254,39.21989],[9.29628,39.23312],[9.47892,39.14416],[9.64834,39.45721],[9.69801,39.6935],[9.6308,40.09586],[9.69572,40.31369],[9.78785,40.44196],[9.79374,40.56368],[9.59085,40.90291],[9.3062,41.18445],[8.91842,40.94002],[8.76607,40.8628],[8.24071,40.85534],[8.15949,40.78468]]],[[[12.45415,37.76601],[12.53204,37.63867],[12.63688,37.5815],[13.01157,37.52489],[13.8684,37.15695],[14.21591,37.04932],[14.62202,36.77614],[14.9424,36.73856],[15.02734,36.74512],[15.22063,37.00038],[15.30135,37.0579],[15.11625,37.28694],[15.11218,37.45903],[15.18103,37.68228],[15.42252,38.05257],[15.47289,38.11006],[15.45369,38.16742],[15.38674,38.20555],[14.76587,38.05761],[14.13447,37.97345],[13.80953,37.96642],[13.62796,38.02981],[13.32248,38.22051],[13.06595,38.06693],[12.78284,38.11738],[12.66433,38.0725],[12.51664,37.91917],[12.45415,37.76601]]],[[[13.41469,42.19833],[13.58073,42.0987],[13.58073,42.04889],[13.63054,42.01568],[13.63054,41.93266],[13.56413,41.86624],[13.59733,41.79983],[13.64715,41.75001],[13.64715,41.79983],[13.863,41.75001],[13.863,41.78322],[13.92942,41.75001],[13.87961,41.66699],[13.87961,41.63378],[13.92942,41.63378],[13.96263,41.51755],[13.96263,41.46774],[14.02904,41.40132],[13.97923,41.33491],[13.81319,41.3183],[13.76051,41.2067],[13.79701,41.19345],[13.8525,41.09096],[13.94188,40.99804],[14.05087,40.76751],[14.24,40.85294],[14.37031,40.85147],[14.49459,40.72996],[14.34977,40.64252],[14.33413,40.5936],[14.74332,40.70481],[14.95101,40.55148],[14.99232,40.37222],[14.89867,40.24146],[15.02726,40.2122],[15.43203,39.98897],[15.51592,40.06595],[15.6662,40.09186],[15.75702,39.93363],[15.82467,39.66063],[15.98955,39.42835],[16.08256,39.01247],[16.17721,38.93099],[16.21223,38.77795],[16.15221,38.70127],[15.98985,38.73476],[15.8273,38.62273],[15.93347,38.53992],[15.79087,38.2964],[15.62658,38.23308],[15.62748,38.00421],[15.71023,37.94144],[15.78524,37.90971],[16.05294,37.93117],[16.33069,38.32074],[16.572,38.45712],[16.5222,38.72502],[16.61333,38.82733],[16.7977,38.92586],[17.09469,38.91502],[17.18071,39.02221],[17.121,39.08602],[17.10742,39.28047],[17.14907,39.4218],[16.5321,39.69751],[16.53501,39.83157],[16.62385,39.96775],[16.60441,40.08991],[16.72756,40.1836],[16.84413,40.36314],[16.94871,40.48109],[17.08408,40.52511],[17.2428,40.49576],[17.20417,40.39794],[17.40165,40.29193],[17.61915,40.28784],[17.8496,40.2435],[17.96775,40.16689],[18.01707,39.94789],[18.16013,39.87313],[18.36492,39.74672],[18.52265,40.09413],[18.38361,40.30775],[18.05994,40.51353],[18.03392,40.59665],[17.31927,40.92925],[16.94596,41.09381],[16.42027,41.27872],[15.99104,41.40614],[15.87325,41.50214],[15.98915,41.63465],[16.19841,41.74567],[16.18741,41.84086],[16.01284,41.90432],[15.44861,41.85673],[14.92241,41.97177],[14.73853,42.04716],[14.71996,42.14176],[14.51931,42.2297],[14.40493,42.35311],[14.09277,42.60953],[14.0764,42.63378],[13.99583,42.61343],[13.92942,42.53041],[13.82979,42.56362],[13.82979,42.4806],[13.76338,42.46399],[13.71356,42.39758],[13.63054,42.53041],[13.54752,42.43079],[13.41469,42.36437],[13.4645,42.23153],[13.41469,42.19833]]]]}},{"type":"Feature","properties":{"NAME":"Thule","ABBREVN":"Thule","SUBJECTO":"Thule","BORDERPRECISION":1,"PARTOF":"Thule"},"geometry":{"type":"MultiPolygon","coordinates":[[[[-25,69.31903],[-24.89656,69.39209],[-24.58354,69.33987],[-24.33329,69.33282],[-23.44435,69.56848],[-22.73233,69.77407],[-22.15753,70.05611],[-22.43398,70.07852],[-23.00889,70.09273],[-23.45946,70.09188],[-23.58745,70.084],[-23.77526,70.14481],[-24.19523,70.24349],[-24.58473,70.30403],[-25,70.29593],[-25,69.31903]]],[[[-25,71.46768],[-24.913,71.43744],[-24.38637,71.18251],[-24.22702,71.05899],[-24.04017,70.77375],[-23.75374,70.58956],[-23.0842,70.46792],[-22.6157,70.4841],[-22.20321,70.4849],[-21.71385,70.38607],[-21.54713,70.44007],[-21.47082,70.53234],[-21.59176,71.21096],[-21.72596,71.40459],[-21.90443,71.49749],[-22.02971,71.43508],[-22.43088,71.34116],[-22.64851,71.74521],[-22.8178,71.86973],[-23.24718,72],[-25,72],[-25,71.46768]]]]}},{"type":"Feature","properties":{"NAME":"Ottoman Empire","ABBREVN":"Ottoman Emp.","SUBJECTO":"Ottoman Empire","BORDERPRECISION":1,"PARTOF":"Ottoman Empire","wikipedia":null},"geometry":{"type":"MultiPolygon","coordinates":[[[[16.63981,43.38974],[16.99226,43.32272],[17.05444,43.47268],[17.16316,43.39113],[17.32624,43.33677],[17.30407,43.07621],[17.59568,42.8889],[18.00137,42.69446],[18.24871,42.52744],[18.52864,42.35274],[18.9099,42.21779],[19.13554,41.99954],[19.14304,41.93209],[19.33847,41.86202],[19.45789,41.79808],[19.60697,41.76154],[19.61938,41.5593],[19.49892,41.52362],[19.41699,41.34525],[19.52995,41.21844],[19.4454,40.9649],[19.52726,40.86589],[19.33922,40.58874],[19.49448,40.40272],[19.48371,40.29589],[19.38023,40.32358],[19.36907,40.26028],[19.80365,40.01696],[20.02856,39.81378],[20.09083,39.60253],[20.21181,39.40493],[20.67775,39.08042],[20.90115,39.06173],[21.00718,39.11299],[21.15952,39.00483],[21.10469,38.92178],[21.00651,38.87054],[20.8926,38.89583],[20.77183,38.85093],[21.1724,38.34784],[21.36446,38.41201],[21.66126,38.43811],[21.82647,38.46396],[22.33374,38.42671],[22.87564,38.2046],[23.11635,38.15739],[22.89866,37.99755],[22.74721,37.95261],[21.99669,38.25078],[21.90577,38.26974],[21.7145,38.13544],[21.44045,38.17952],[21.22843,37.90491],[21.22113,37.8284],[21.29635,37.72654],[21.51731,37.53576],[21.61371,37.41485],[21.6265,37.30652],[21.53144,37.11515],[21.58817,36.98144],[21.78092,36.82254],[21.98417,37.02048],[22.19141,36.85524],[22.3903,36.52437],[22.52445,36.72213],[22.67355,36.75428],[22.98255,36.61475],[22.88689,37.04668],[22.79311,37.13856],[22.81335,37.21205],[22.72624,37.28851],[22.63875,37.49229],[22.64232,37.58487],[22.71329,37.54343],[22.94207,37.51839],[23.02535,37.47984],[22.97098,37.38532],[23.10956,37.34664],[23.18579,37.37483],[23.18498,37.42733],[23.41812,37.46934],[23.31216,37.54811],[23.32171,37.63738],[23.22055,37.60183],[23.15138,37.59012],[23.04887,37.64263],[23.03997,37.85797],[22.89806,37.89999],[22.98061,37.95777],[23.19584,38.00504],[23.41926,38.06808],[23.4957,38.06808],[23.63415,37.87898],[23.73368,37.85786],[23.83551,37.68464],[23.91818,37.68464],[23.9873,37.76343],[23.88002,38.11536],[23.96699,38.15213],[23.96074,38.20991],[23.80395,38.34651],[23.55577,38.35176],[23.49384,38.48313],[23.35616,38.4895],[23.191,38.61034],[23.16949,38.66704],[23.0998,38.6723],[22.98423,38.66704],[22.89937,38.76689],[22.72329,38.79317],[22.60231,38.85624],[22.4905,38.87685],[22.78421,38.94033],[22.87106,39.02435],[22.83488,39.16636],[22.76606,39.20279],[22.72026,39.28727],[22.85085,39.36613],[22.9813,39.32933],[23.04525,39.2715],[23.09981,39.18739],[23.05192,39.10329],[23.1585,39.14008],[23.23608,39.20316],[23.07417,39.41345],[22.81343,39.60274],[22.75447,39.81835],[22.6951,39.83448],[22.55513,39.98665],[22.52561,40.06417],[22.46736,40.11848],[22.48962,40.23053],[22.60227,40.39724],[22.49207,40.49829],[22.70125,40.57745],[22.76997,40.66717],[22.85195,40.65134],[22.87546,40.59632],[22.8639,40.53523],[22.74806,40.48247],[22.96016,40.31471],[23.14114,40.26615],[23.21478,40.18177],[23.27631,40.04992],[23.26053,39.97087],[23.59689,39.93405],[23.63859,39.96034],[23.59219,40.00246],[23.43647,40.04465],[23.36684,40.10793],[23.25906,40.22923],[23.29314,40.24506],[23.29176,40.28726],[23.34908,40.28198],[23.44249,40.25561],[23.59577,40.19232],[23.79603,39.98665],[23.90662,39.9972],[23.92011,40.0552],[23.86866,40.16067],[23.80366,40.15539],[23.65175,40.22923],[23.6588,40.28726],[23.62723,40.34528],[23.72217,40.34824],[23.77477,40.39276],[24.04778,40.30836],[24.05478,40.26088],[24.22064,40.14485],[24.29535,40.17649],[23.9237,40.45081],[23.78517,40.47719],[23.70906,40.63004],[23.63298,40.71317],[23.6347,40.77275],[23.74839,40.80443],[23.88595,40.73289],[24.02516,40.74636],[24.21906,40.82968],[24.3543,40.97096],[24.50495,40.98407],[24.51913,40.87307],[24.70066,40.87834],[24.81212,40.93342],[25.01893,41.01715],[25.04632,40.95227],[25.30111,40.89594],[25.99288,40.85246],[26.02072,40.66932],[26.12404,40.60285],[26.41806,40.57782],[26.45484,40.58431],[26.55648,40.49829],[26.45755,40.43497],[26.19482,40.30307],[26.2228,40.22396],[26.21429,40.16067],[26.14089,40.04465],[26.25516,40.08156],[26.37586,40.21341],[26.51394,40.28197],[26.61357,40.39804],[26.88893,40.52468],[27.26376,40.66717],[27.31305,40.78991],[27.47417,40.96283],[27.93218,40.95755],[28.02637,41.02621],[28.17331,41.0579],[28.59615,40.94699],[28.82781,40.9147],[28.96445,40.98924],[29.0811,41.20051],[29.01237,41.25483],[28.74022,41.32483],[28.37146,41.43313],[28.1044,41.59297],[28.06984,41.62497],[28.01818,41.75321],[28.0262,41.88238],[27.91795,41.97767],[27.91341,42.0781],[27.73771,42.247],[27.72253,42.31622],[27.60787,42.41678],[27.4947,42.4009],[27.50195,42.51635],[27.65404,42.68374],[27.83616,42.73552],[27.86991,42.79988],[27.88732,43.06353],[28.03464,43.3919],[28.18706,43.45012],[28.3281,43.43753],[28.44569,43.47636],[28.48054,43.59228],[28.52989,43.84347],[28.57311,44.19782],[28.68625,44.48805],[28.91824,44.76575],[29.08975,44.87573],[29.45752,44.91515],[29.57896,45.0575],[29.71076,45.25833],[29.68321,45.37479],[29.53609,45.4522],[29.50043,45.52337],[29.62951,45.75036],[29.72975,45.76999],[30.06882,45.8614],[30.52046,46.25141],[30.83286,46.57659],[31.08723,46.63554],[31.53773,46.70138],[31.78105,46.70186],[31.95127,46.86463],[30.88622,47.4538],[28.36835,45.33088],[26.53955,45.25036],[24.18028,45.85612],[23.54264,45.85612],[20.80078,44.93154],[20.29067,44.89966],[19.78508,44.93614],[18.93865,44.39285],[17.75376,44.39285],[17.45754,44.146],[16.8651,44.24474],[16.70148,43.84666],[16.71152,43.77133],[16.63981,43.38974]]],[[[22.8699,38.83716],[23.12078,38.86677],[23.46288,38.62367],[23.63773,38.52263],[23.59972,38.45717],[23.66053,38.40357],[24.02544,38.3857],[24.31433,37.98535],[24.52719,37.96737],[24.58801,38.15293],[24.29152,38.19476],[24.2079,38.55236],[24.13187,38.65336],[23.78977,38.71863],[23.24241,39.04412],[23.01435,38.96141],[22.8699,38.83716]]],[[[24.26111,37.54061],[24.38275,37.57075],[24.39795,37.66709],[24.29912,37.66108],[24.26111,37.54061]]],[[[24.29912,36.75287],[24.46637,36.64925],[24.67923,36.75896],[24.58801,36.86851],[24.42836,36.7955],[24.29912,36.75287]]],[[[24.35994,37.30515],[24.48918,37.3958],[24.39795,37.46824],[24.35994,37.3958],[24.35994,37.30515]]],[[[24.42836,37.20834],[24.44356,37.09927],[24.53479,37.11746],[24.42836,37.20834]]],[[[24.64882,37.01434],[24.67923,36.905],[24.78566,36.94754],[24.71724,37.05075],[24.64882,37.01434]]],[[[24.65643,37.90141],[24.9225,37.69116],[25.31782,37.40184],[25.46986,37.43807],[25.27221,37.56472],[24.76286,38.00332],[24.65643,37.90141]]],[[[24.82368,36.63705],[24.94531,36.56992],[24.97572,36.63705],[24.87689,36.67974],[24.82368,36.66145],[24.82368,36.63705]]],[[[24.84648,37.3656],[25.04414,37.37768],[24.94531,37.51047],[24.86169,37.52856],[24.84648,37.3656]]],[[[24.93771,36.95969],[25.11256,36.94146],[25.31022,37.0022],[25.31022,37.19623],[25.15057,37.172],[24.93771,36.95969]]],[[[25.04414,36.66145],[25.05934,36.61875],[25.19618,36.67364],[25.16578,36.74069],[25.04414,36.66145]]],[[[25.2418,36.75287],[25.2646,36.70413],[25.38624,36.63705],[25.43185,36.69803],[25.29501,36.80767],[25.2418,36.75287]]],[[[25.31782,36.39877],[25.38624,36.31919],[25.49267,36.33144],[25.49267,36.42325],[25.37104,36.49662],[25.33302,36.45994],[25.31782,36.39877]]],[[[25.34063,37.08715],[25.36343,37.00827],[25.45466,36.92323],[25.54589,36.95969],[25.5991,37.02648],[25.6067,37.12352],[25.53828,37.22045],[25.34063,37.08715]]],[[[25.71314,36.34981],[25.76635,36.33756],[25.87278,36.35593],[25.78916,36.40489],[25.73594,36.38654],[25.71314,36.34981]]],[[[25.75115,36.78332],[25.83477,36.78332],[26.08564,36.89892],[26.02483,36.95969],[25.9488,36.91107],[25.85758,36.8381],[25.75115,36.81376],[25.75115,36.78332]]],[[[26.06406,39.45551],[26.13898,39.43974],[26.80427,39.56715],[26.95752,39.54833],[26.92615,39.47655],[26.85351,39.46077],[26.72016,39.33725],[26.60224,39.25573],[26.70405,39.25047],[26.70794,39.18213],[26.79714,39.12956],[26.87075,39.05597],[26.78985,39.02443],[26.78534,38.94033],[26.9368,38.92456],[27.00422,38.88483],[27.03491,38.8211],[26.96638,38.76993],[26.70947,38.69857],[26.6957,38.64077],[26.82882,38.58296],[26.81967,38.52725],[26.99743,38.40006],[26.74245,38.27839],[26.52741,38.41824],[26.46871,38.44476],[26.3916,38.21913],[26.39321,38.10436],[26.51232,38.06635],[26.67933,38.10494],[26.96138,37.94611],[27.13977,37.88909],[27.17978,37.77443],[27.14109,37.64687],[27.12256,37.49385],[27.16041,37.36008],[27.36463,37.32863],[27.49252,37.23967],[27.52564,37.13141],[27.26863,37.04168],[27.30811,36.92071],[27.99881,36.90937],[28.05104,36.83302],[27.94186,36.75634],[27.9119,36.69894],[28.01419,36.52716],[28.26692,36.71241],[28.46985,36.73831],[28.81353,36.53516],[29.00225,36.6948],[29.29819,36.17312],[29.47193,36.09069],[29.66196,36.07835],[30.16613,36.18762],[30.27989,36.11781],[30.39486,36.11805],[30.47283,36.18825],[30.54007,36.64696],[30.59359,36.76173],[30.90531,36.79422],[31.37069,36.71234],[31.90201,36.49686],[32.33498,36.12837],[32.64034,36.008],[32.90412,35.9767],[33.17134,35.97088],[33.4817,36.05428],[33.75318,36.14664],[33.8337,36.07057],[33.83588,36.1073],[33.89098,36.13877],[33.95405,36.15976],[33.95171,36.25158],[34.10322,36.38032],[34.48513,36.62678],[34.66238,36.64777],[34.86991,36.57692],[35.07137,36.48771],[35.22053,36.388],[35.35418,36.41424],[35.3887,36.45359],[35.41708,36.43261],[35.49459,36.4431],[35.5476,36.54018],[35.50617,36.55856],[35.56761,36.58742],[35.67174,36.60578],[35.89088,36.77111],[36.78926,37.00063],[36.49442,37.36917],[39.14792,38.62221],[41.21175,40.24379],[41.48396,41.43654],[41.29312,41.28582],[40.60989,41.02803],[40.36101,40.96344],[40.00671,40.95633],[39.663,41.0005],[39.37018,41.064],[39.13864,41.04432],[38.65118,40.92157],[38.31396,40.9209],[37.82184,41.00963],[37.25283,41.02772],[36.81701,41.28968],[36.64125,41.31498],[36.3829,41.23752],[36.16137,41.3525],[35.95779,41.68565],[35.67786,41.62093],[35.41144,41.62682],[35.28607,41.67148],[35.09883,41.80586],[35.00187,42.04316],[34.66291,41.87558],[34.3039,41.89412],[33.89666,41.95108],[33.55554,41.9825],[33.15546,41.94961],[32.68791,41.84597],[32.41898,41.74917],[31.66639,41.39481],[31.38567,41.28504],[31.40413,41.16354],[31.21768,41.05409],[30.74481,41.04032],[30.25609,41.18467],[30.13762,41.13184],[29.57778,41.15337],[29.16121,41.21637],[29.01453,40.97867],[29.28964,40.80669],[29.32036,40.74107],[29.68345,40.75164],[29.88272,40.74636],[29.71315,40.69356],[29.5252,40.68829],[28.90162,40.62011],[28.77796,40.52468],[28.87322,40.47191],[29.08353,40.45608],[29.12229,40.41387],[29.05242,40.33473],[28.75644,40.37645],[28.47772,40.3951],[27.90822,40.35056],[28.00646,40.45081],[27.95381,40.48774],[27.80783,40.50357],[27.67929,40.46135],[27.79984,40.40332],[27.83016,40.34528],[27.76389,40.28725],[27.52599,40.29714],[27.44961,40.30979],[27.32923,40.35583],[27.27175,40.45081],[27.05612,40.42969],[26.99647,40.37166],[26.76528,40.37694],[26.48171,40.18704],[26.40305,40.17649],[26.32033,39.99192],[26.18601,39.9972],[26.12758,39.87856],[26.1419,39.66058],[26.08489,39.60401],[26.06406,39.45551]]],[[[26.76944,37.16943],[26.82055,37.11055],[26.86389,37.09528],[26.88972,37.10166],[26.855,37.18277],[26.77805,37.18778],[26.76944,37.16943]]],[[[26.88194,37.06889],[26.91917,36.94666],[26.93556,36.93221],[26.97555,36.92443],[27.05,36.94916],[27.04833,36.99361],[26.98583,37.04417],[26.89083,37.07638],[26.88194,37.06889]]],[[[26.91861,36.7161],[26.94638,36.67915],[26.97139,36.67221],[26.96639,36.70361],[26.97055,36.73638],[26.98055,36.74694],[27.24333,36.82694],[27.32944,36.84277],[27.35555,36.86527],[27.34055,36.88528],[27.28444,36.90055],[27.16805,36.88721],[26.92194,36.7611],[26.91861,36.7161]]],[[[27.71917,35.94083],[27.73306,35.91111],[27.78139,35.89027],[27.84278,35.91361],[27.89278,35.96083],[27.90611,35.98805],[27.95666,36.04499],[28.00916,36.06889],[28.06361,36.11193],[28.14139,36.21054],[28.20694,36.3436],[28.23805,36.43111],[28.23389,36.44138],[28.21583,36.45776],[28.20722,36.44249],[28.10749,36.41861],[27.90916,36.33972],[27.80306,36.26833],[27.78888,36.25166],[27.71972,36.1661],[27.74083,36.10444],[27.73083,35.97888],[27.71917,35.94083]]]]}}]}