{"type":"FeatureCollection","features":[{"type":"Feature","properties":{"NAME":"County of Abensberg","SUBJECTO":"Holy Roman Empire","PARTOF":"Holy Roman Empire","ADMIN_LEVEL":4,"OHM_RELATION_ID":2830492,"START_DATE":"1150","END_DATE":"1485-02-28"},"geometry":{"type":"MultiPolygon","coordinates":[[[[11.843,48.927],[11.762,48.937],[11.572,48.927],[11.555,48.903],[11.586,48.825],[11.808,48.769],[11.819,48.736],[11.767,48.711],[11.765,48.681],[11.795,48.693],[11.816,48.674],[11.849,48.738],[11.889,48.739],[11.897,48.722],[11.948,48.709],[11.959,48.724],[11.938,48.734],[11.952,48.747],[11.987,48.733],[12.008,48.758],[12.065,48.764],[12.036,48.797],[12.019,48.79],[12.018,48.81],[11.965,48.829],[11.926,48.825],[11.868,48.877],[11.841,48.878],[11.833,48.899],[11.861,48.916],[11.926,48.911],[11.925,48.889],[11.941,48.882],[12.006,48.875],[12.138,48.876],[12.145,48.889],[12.111,48.906],[12.01,48.906],[11.994,48.93],[11.952,48.904],[11.922,48.935],[11.864,48.942],[11.843,48.927]]]]}},{"type":"Feature","properties":{"NAME":"County of Bentheim","SUBJECTO":"Holy Roman Empire","PARTOF":"Holy Roman Empire","ADMIN_LEVEL":4,"OHM_RELATION_ID":2807457,"START_DATE":"1180","END_DATE":"1806-07-12"},"geometry":{"type":"MultiPolygon","coordinates":[[[[7.146,52.535],[7.142,52.588],[7.074,52.62],[6.896,52.651],[6.742,52.645],[6.713,52.629],[6.722,52.595],[6.767,52.564],[6.69,52.552],[6.705,52.521],[6.698,52.486],[6.745,52.468],[6.942,52.435],[6.994,52.464],[7.072,52.374],[7.026,52.283],[7.066,52.241],[7.156,52.266],[7.299,52.264],[7.317,52.28],[7.259,52.339],[7.212,52.447],[7.158,52.48],[7.146,52.535]]]]}},{"type":"Feature","properties":{"NAME":"County of Castell","SUBJECTO":"Holy Roman Empire","PARTOF":"Holy Roman Empire","ADMIN_LEVEL":4,"OHM_RELATION_ID":2830566,"START_DATE":"1202","END_DATE":"1806-07-11"},"geometry":{"type":"MultiPolygon","coordinates":[[[[10.299,49.778],[10.317,49.733],[10.359,49.718],[10.424,49.757],[10.378,49.792],[10.299,49.778]]],[[[10.511,49.71],[10.589,49.709],[10.588,49.695],[10.609,49.697],[10.605,49.677],[10.702,49.694],[10.65,49.738],[10.563,49.76],[10.567,49.774],[10.503,49.8],[10.463,49.786],[10.481,49.776],[10.477,49.76],[10.523,49.743],[10.48,49.706],[10.511,49.71]]],[[[9.711,49.727],[9.74,49.688],[9.792,49.731],[9.755,49.75],[9.711,49.727]]],[[[9.666,49.929],[9.647,49.92],[9.666,49.9],[9.66,49.887],[9.709,49.858],[9.744,49.86],[9.739,49.888],[9.701,49.889],[9.687,49.9],[9.706,49.907],[9.666,49.929]]],[[[9.702,49.778],[9.73,49.789],[9.718,49.819],[9.676,49.806],[9.702,49.778]]],[[[10.35,49.69],[10.408,49.693],[10.41,49.718],[10.35,49.69]]]]}},{"type":"Feature","properties":{"NAME":"County of Drenthe","SUBJECTO":"Holy Roman Empire","PARTOF":"Holy Roman Empire","ADMIN_LEVEL":5,"OHM_RELATION_ID":2831685,"START_DATE":"1046","END_DATE":"1536-08-05"},"geometry":{"type":"Polygon","coordinates":[[[6.117,52.851],[6.181,52.804],[6.215,52.798],[6.213,52.772],[6.134,52.734],[6.152,52.688],[6.333,52.661],[6.382,52.614],[6.522,52.618],[6.517,52.647],[6.601,52.672],[6.708,52.649],[6.702,52.628],[6.719,52.633],[6.742,52.645],[6.769,52.646],[6.79,52.652],[6.832,52.649],[6.896,52.651],[6.974,52.637],[7.042,52.633],[7.056,52.643],[7.087,52.85],[7.059,52.864],[7.035,52.922],[6.77,53.101],[6.759,53.149],[6.595,53.256],[6.549,53.251],[6.532,53.212],[6.481,53.209],[6.416,53.18],[6.381,53.15],[6.362,53.096],[6.305,53.082],[6.358,53.066],[6.364,53.026],[6.434,52.976],[6.413,52.945],[6.338,52.908],[6.292,52.93],[6.25,52.924],[6.117,52.851]]]}},{"type":"Feature","properties":{"NAME":"County of Falkenstein","SUBJECTO":"Holy Roman Empire","PARTOF":"Holy Roman Empire","ADMIN_LEVEL":5,"OHM_RELATION_ID":2830881,"START_DATE":"1135","END_DATE":"1797-10-17"},"geometry":{"type":"MultiPolygon","coordinates":[[[[8.233,49.763],[8.217,49.777],[8.154,49.773],[8.155,49.76],[8.185,49.752],[8.233,49.763]]],[[[7.927,49.878],[7.93,49.865],[7.96,49.87],[7.927,49.878]]],[[[7.938,49.588],[7.94,49.599],[7.9,49.603],[7.863,49.628],[7.848,49.594],[7.811,49.587],[7.761,49.545],[7.77,49.534],[7.863,49.545],[7.874,49.562],[7.944,49.567],[7.938,49.588]]],[[[7.949,49.608],[7.979,49.619],[7.948,49.619],[7.949,49.608]]],[[[8.078,49.678],[8.116,49.687],[8.054,49.699],[8.033,49.685],[8.078,49.678]]],[[[7.892,49.718],[7.843,49.706],[7.839,49.683],[7.857,49.662],[7.908,49.686],[7.892,49.718]]],[[[8.259,49.788],[8.226,49.787],[8.248,49.778],[8.259,49.788]]]]}},{"type":"Feature","properties":{"NAME":"County of Henneberg-Schleusingen","SUBJECTO":"Holy Roman Empire","PARTOF":"Holy Roman Empire","ADMIN_LEVEL":4,"OHM_RELATION_ID":2830377,"START_DATE":"1262","END_DATE":"1583-12-27"},"geometry":{"type":"MultiPolygon","coordinates":[[[[10.038,50.614],[10.059,50.559],[10.039,50.524],[10.073,50.527],[10.094,50.548],[10.09,50.569],[10.14,50.579],[10.144,50.618],[10.182,50.617],[10.187,50.593],[10.235,50.59],[10.263,50.571],[10.26,50.548],[10.235,50.555],[10.221,50.539],[10.227,50.517],[10.325,50.493],[10.336,50.466],[10.38,50.44],[10.369,50.435],[10.404,50.425],[10.384,50.406],[10.395,50.395],[10.449,50.403],[10.459,50.382],[10.489,50.375],[10.492,50.355],[10.543,50.364],[10.551,50.344],[10.584,50.333],[10.646,50.35],[10.673,50.375],[10.598,50.402],[10.677,50.46],[10.719,50.471],[10.774,50.452],[10.819,50.462],[10.822,50.498],[10.871,50.518],[10.895,50.651],[10.962,50.681],[10.978,50.758],[10.937,50.766],[10.918,50.744],[10.902,50.758],[10.882,50.751],[10.847,50.652],[10.707,50.667],[10.67,50.635],[10.635,50.675],[10.711,50.699],[10.575,50.741],[10.559,50.784],[10.533,50.796],[10.475,50.79],[10.518,50.821],[10.468,50.851],[10.416,50.849],[10.406,50.822],[10.362,50.794],[10.378,50.78],[10.37,50.768],[10.334,50.759],[10.344,50.74],[10.222,50.737],[10.177,50.757],[10.127,50.714],[10.16,50.701],[10.142,50.677],[10.168,50.663],[10.144,50.643],[10.102,50.64],[10.081,50.62],[10.038,50.614]]],[[[10.08,50.475],[10.112,50.45],[10.177,50.445],[10.225,50.423],[10.248,50.432],[10.257,50.463],[10.252,50.484],[10.229,50.496],[10.185,50.465],[10.14,50.503],[10.114,50.5],[10.121,50.482],[10.08,50.475]]],[[[10.28,50.809],[10.312,50.78],[10.338,50.795],[10.324,50.818],[10.28,50.809]]]]}},{"type":"Feature","properties":{"NAME":"County of Hohnstein","SUBJECTO":"Holy Roman Empire","PARTOF":"Holy Roman Empire","ADMIN_LEVEL":4,"OHM_RELATION_ID":2830686,"START_DATE":"1182","END_DATE":"1593"},"geometry":{"type":"MultiPolygon","coordinates":[[[[10.627,51.571],[10.592,51.583],[10.576,51.563],[10.579,51.611],[10.525,51.623],[10.517,51.606],[10.534,51.582],[10.502,51.561],[10.51,51.55],[10.473,51.551],[10.488,51.574],[10.435,51.591],[10.376,51.589],[10.364,51.556],[10.375,51.539],[10.468,51.544],[10.48,51.518],[10.467,51.486],[10.427,51.462],[10.466,51.456],[10.504,51.384],[10.524,51.371],[10.552,51.383],[10.572,51.367],[10.565,51.386],[10.591,51.385],[10.585,51.367],[10.627,51.382],[10.633,51.362],[10.701,51.332],[10.717,51.365],[10.682,51.384],[10.694,51.396],[10.767,51.391],[10.8,51.412],[10.769,51.437],[10.786,51.477],[10.754,51.489],[10.761,51.51],[10.801,51.523],[10.851,51.485],[10.987,51.464],[10.959,51.492],[10.908,51.509],[10.901,51.531],[10.87,51.535],[10.863,51.571],[10.893,51.606],[10.862,51.632],[10.818,51.625],[10.763,51.65],[10.783,51.661],[10.781,51.683],[10.734,51.671],[10.706,51.694],[10.671,51.698],[10.668,51.67],[10.702,51.641],[10.634,51.608],[10.639,51.589],[10.666,51.576],[10.651,51.558],[10.627,51.571]]]]}},{"type":"Feature","properties":{"NAME":"County of Holland","SUBJECTO":"Holy Roman Empire","PARTOF":"Holy Roman Empire","ADMIN_LEVEL":4,"OHM_RELATION_ID":2831646,"START_DATE":"1297","END_DATE":"1400"},"geometry":{"type":"MultiPolygon","coordinates":[[[[4.327,52.238],[4.042,52.019],[3.947,51.892],[3.826,51.86],[3.754,51.792],[3.881,51.747],[3.928,51.771],[4.011,51.758],[4.044,51.699],[4.156,51.683],[4.278,51.644],[4.362,51.663],[4.413,51.644],[4.544,51.64],[4.61,51.673],[4.643,51.709],[4.757,51.726],[4.977,51.688],[5.144,51.707],[5.184,51.742],[5.178,51.76],[5.143,51.755],[5.139,51.772],[5.094,51.788],[5.072,51.779],[4.996,51.825],[5.005,51.901],[5.084,51.999],[5.103,52.003],[5.048,52.038],[4.92,51.994],[4.793,51.977],[4.766,52.001],[4.929,52.029],[4.956,52.051],[4.946,52.064],[4.808,52.033],[4.799,52.055],[4.939,52.09],[4.915,52.125],[4.824,52.108],[4.791,52.124],[4.827,52.144],[4.872,52.139],[4.881,52.167],[4.823,52.193],[4.842,52.211],[4.801,52.237],[4.727,52.21],[4.719,52.243],[4.773,52.253],[4.805,52.281],[4.907,52.251],[4.933,52.277],[5.016,52.303],[5.136,52.261],[5.147,52.208],[5.044,52.204],[5.035,52.182],[5.047,52.166],[5.199,52.177],[5.262,52.282],[5.364,52.35],[5.118,52.385],[5.172,52.426],[5.155,52.464],[5.188,52.521],[5.124,52.579],[5.234,52.59],[5.315,52.641],[5.382,52.735],[5.386,52.767],[5.198,52.816],[5.047,52.828],[5.113,52.896],[5.117,52.959],[5.037,53.007],[4.878,52.976],[4.977,53.054],[4.982,53.12],[4.925,53.178],[4.771,53.212],[4.694,53.142],[4.643,53.071],[4.63,52.906],[4.557,52.747],[4.542,52.617],[4.507,52.514],[4.426,52.354],[4.327,52.238]]],[[[5.691,52.678],[5.671,52.704],[5.622,52.707],[5.512,52.663],[5.548,52.631],[5.62,52.623],[5.662,52.642],[5.691,52.678]]],[[[5.707,52.641],[5.86,52.64],[5.838,52.683],[5.778,52.692],[5.736,52.677],[5.707,52.641]]]]}},{"type":"Feature","properties":{"NAME":"County of Holstein-Pinneberg","SUBJECTO":"Holy Roman Empire","PARTOF":"Holy Roman Empire","ADMIN_LEVEL":5,"OHM_RELATION_ID":2840496,"START_DATE":"1290-12-21","END_DATE":"1640-11-14"},"geometry":{"type":"MultiPolygon","coordinates":[[[[9.569,53.718],[9.599,53.701],[9.616,53.667],[9.643,53.663],[9.663,53.596],[9.633,53.583],[9.705,53.559],[9.913,53.542],[9.915,53.584],[9.96,53.581],[9.982,53.603],[9.967,53.615],[9.99,53.636],[10,53.716],[9.975,53.767],[9.892,53.752],[9.9,53.772],[9.876,53.778],[9.881,53.812],[9.821,53.826],[9.824,53.846],[9.763,53.873],[9.752,53.893],[9.649,53.881],[9.658,53.855],[9.677,53.851],[9.66,53.8],[9.642,53.774],[9.566,53.753],[9.582,53.724],[9.569,53.718]]]]}},{"type":"Feature","properties":{"NAME":"County of Horne","SUBJECTO":"Holy Roman Empire","PARTOF":"Holy Roman Empire","ADMIN_LEVEL":5,"OHM_RELATION_ID":2831137,"START_DATE":"0920","END_DATE":"1797-10-17"},"geometry":{"type":"Polygon","coordinates":[[[5.834,51.274],[5.843,51.249],[5.856,51.244],[5.895,51.238],[5.89,51.231],[5.893,51.23],[5.884,51.198],[5.859,51.182],[5.874,51.166],[5.923,51.172],[6.005,51.237],[6.011,51.271],[5.954,51.3],[5.906,51.3],[5.858,51.311],[5.834,51.274]]]}},{"type":"Feature","properties":{"NAME":"County of Leiningen","SUBJECTO":"Holy Roman Empire","PARTOF":"Holy Roman Empire","ADMIN_LEVEL":4,"OHM_RELATION_ID":2830777,"START_DATE":"1093","END_DATE":"1797-10-17"},"geometry":{"type":"MultiPolygon","coordinates":[[[[7.524,49.333],[7.556,49.273],[7.568,49.276],[7.564,49.311],[7.582,49.345],[7.56,49.357],[7.524,49.333]]],[[[7.701,49.498],[7.738,49.473],[7.759,49.487],[7.701,49.498]]],[[[7.831,49.373],[7.848,49.367],[7.885,49.388],[7.919,49.388],[7.939,49.409],[7.93,49.421],[7.833,49.387],[7.831,49.373]]],[[[7.845,49.134],[7.86,49.117],[7.906,49.118],[7.921,49.129],[7.899,49.149],[7.901,49.175],[7.845,49.134]]],[[[7.888,49.191],[7.915,49.178],[7.951,49.186],[7.918,49.21],[7.888,49.191]]],[[[7.93,50.567],[7.996,50.525],[8.04,50.553],[8.026,50.573],[7.993,50.575],[7.979,50.596],[7.938,50.588],[7.93,50.567]]],[[[7.938,49.588],[7.977,49.608],[7.94,49.598],[7.938,49.588]]],[[[7.943,49.453],[7.995,49.442],[8.017,49.458],[8.028,49.446],[7.995,49.433],[8.021,49.433],[7.995,49.423],[8.025,49.409],[7.995,49.395],[8.024,49.366],[8.049,49.375],[8.024,49.397],[8.06,49.402],[8.087,49.438],[8.125,49.446],[8.128,49.466],[8.221,49.463],[8.258,49.495],[8.195,49.495],[8.189,49.518],[8.168,49.526],[8.216,49.525],[8.186,49.581],[8.234,49.604],[8.205,49.612],[8.232,49.618],[8.207,49.653],[8.191,49.652],[8.188,49.619],[8.088,49.611],[8.087,49.576],[8.128,49.574],[8.08,49.545],[8.099,49.537],[8.114,49.547],[8.126,49.557],[8.127,49.557],[8.135,49.562],[8.156,49.544],[8.151,49.542],[8.154,49.541],[8.085,49.513],[8.08,49.533],[8.042,49.519],[7.957,49.489],[7.943,49.453]]],[[[8.03,49.809],[8.05,49.801],[8.058,49.836],[8.04,49.84],[8.03,49.809]]],[[[8.051,49.252],[8.109,49.247],[8.083,49.256],[8.051,49.252]]],[[[8.15,50.413],[8.162,50.407],[8.178,50.409],[8.172,50.421],[8.15,50.413]]],[[[8.197,49.722],[8.203,49.713],[8.338,49.724],[8.338,49.737],[8.216,49.73],[8.197,49.722]]],[[[8.224,49.822],[8.259,49.788],[8.355,49.783],[8.4,49.803],[8.385,49.817],[8.332,49.811],[8.33,49.83],[8.271,49.805],[8.224,49.822]]],[[[8.235,49.829],[8.261,49.823],[8.279,49.833],[8.238,49.841],[8.235,49.829]]],[[[8.276,49.423],[8.283,49.393],[8.308,49.43],[8.276,49.423]]]]}},{"type":"Feature","properties":{"NAME":"County of Mark","SUBJECTO":"Holy Roman Empire","PARTOF":"Holy Roman Empire","ADMIN_LEVEL":5,"OHM_RELATION_ID":2694704,"START_DATE":"1368","END_DATE":"1449"},"geometry":{"type":"Polygon","coordinates":[[[7.032,51.524],[7.094,51.501],[7.095,51.501],[7.098,51.5],[7.114,51.472],[7.08,51.448],[7.117,51.381],[7.156,51.369],[7.146,51.341],[7.173,51.3],[7.232,51.297],[7.232,51.257],[7.4,51.242],[7.403,51.225],[7.43,51.221],[7.421,51.188],[7.449,51.163],[7.474,51.163],[7.472,51.141],[7.502,51.13],[7.504,51.102],[7.533,51.099],[7.455,51.074],[7.479,51.057],[7.434,51.043],[7.423,51.024],[7.447,51.011],[7.451,50.985],[7.47,50.975],[7.505,50.994],[7.533,50.981],[7.647,51.011],[7.724,51.01],[7.732,51.039],[7.71,51.071],[7.821,51.075],[7.82,51.109],[7.837,51.125],[7.801,51.146],[7.909,51.183],[7.95,51.176],[7.93,51.206],[7.951,51.229],[7.912,51.251],[7.859,51.246],[7.791,51.268],[7.812,51.287],[7.775,51.316],[7.777,51.338],[7.827,51.352],[7.853,51.379],[7.792,51.417],[7.733,51.409],[7.629,51.34],[7.563,51.317],[7.546,51.326],[7.549,51.364],[7.523,51.385],[7.545,51.414],[7.672,51.475],[7.841,51.478],[7.849,51.498],[7.833,51.539],[7.845,51.558],[7.913,51.578],[7.914,51.616],[7.951,51.67],[7.996,51.672],[7.973,51.691],[7.895,51.705],[7.651,51.658],[7.536,51.61],[7.476,51.621],[7.538,51.507],[7.459,51.487],[7.432,51.501],[7.408,51.567],[7.316,51.596],[7.032,51.524]]]}},{"type":"Feature","properties":{"NAME":"County of Moers","SUBJECTO":"Holy Roman Empire","PARTOF":"Holy Roman Empire","ADMIN_LEVEL":4,"OHM_RELATION_ID":2840625,"START_DATE":"1160","END_DATE":"1412"},"geometry":{"type":"MultiPolygon","coordinates":[[[[6.723,51.454],[6.684,51.487],[6.723,51.512],[6.675,51.509],[6.674,51.563],[6.625,51.56],[6.601,51.572],[6.598,51.591],[6.558,51.579],[6.574,51.55],[6.63,51.541],[6.613,51.521],[6.568,51.517],[6.558,51.478],[6.508,51.444],[6.534,51.437],[6.539,51.408],[6.569,51.416],[6.578,51.4],[6.614,51.398],[6.615,51.376],[6.645,51.383],[6.674,51.369],[6.744,51.395],[6.714,51.434],[6.723,51.454]]],[[[6.515,51.37],[6.513,51.351],[6.549,51.309],[6.589,51.321],[6.575,51.348],[6.515,51.37]]]]}},{"type":"Feature","properties":{"NAME":"County of Montbéliard","SUBJECTO":"Holy Roman Empire","PARTOF":"Holy Roman Empire","ADMIN_LEVEL":5,"OHM_RELATION_ID":2812115,"START_DATE":"1042","END_DATE":"1796-08-07"},"geometry":{"type":"MultiPolygon","coordinates":[[[[6.714,47.471],[6.823,47.484],[6.884,47.467],[6.912,47.476],[6.915,47.498],[6.953,47.48],[6.957,47.492],[6.948,47.515],[6.912,47.525],[6.891,47.555],[6.775,47.532],[6.755,47.541],[6.732,47.56],[6.748,47.576],[6.739,47.589],[6.686,47.613],[6.69,47.655],[6.628,47.687],[6.589,47.675],[6.669,47.596],[6.654,47.587],[6.669,47.556],[6.654,47.54],[6.686,47.515],[6.671,47.479],[6.681,47.462],[6.714,47.471]]],[[[6.794,47.454],[6.793,47.41],[6.834,47.437],[6.794,47.454]]],[[[6.66,47.478],[6.647,47.491],[6.615,47.473],[6.63,47.463],[6.66,47.478]]]]}},{"type":"Feature","properties":{"NAME":"County of Rietberg","SUBJECTO":"Holy Roman Empire","PARTOF":"Holy Roman Empire","ADMIN_LEVEL":4,"OHM_RELATION_ID":2806964,"START_DATE":"1237","END_DATE":"1807-07-07"},"geometry":{"type":"MultiPolygon","coordinates":[[[[8.35,51.723],[8.403,51.719],[8.416,51.759],[8.517,51.806],[8.534,51.832],[8.628,51.862],[8.642,51.884],[8.607,51.927],[8.512,51.92],[8.51,51.894],[8.363,51.811],[8.367,51.756],[8.35,51.723]]]]}},{"type":"Feature","properties":{"NAME":"County of Schaumburg","SUBJECTO":"Holy Roman Empire","PARTOF":"Holy Roman Empire","ADMIN_LEVEL":5,"OHM_RELATION_ID":2807121,"START_DATE":"1295","END_DATE":"1640-11-14"},"geometry":{"type":"MultiPolygon","coordinates":[[[[9.376,52.396],[9.331,52.408],[9.366,52.431],[9.398,52.432],[9.415,52.442],[9.407,52.462],[9.423,52.466],[9.363,52.5],[9.276,52.47],[9.266,52.44],[9.162,52.411],[9.123,52.37],[9.099,52.373],[9.075,52.35],[8.998,52.326],[8.985,52.285],[8.964,52.279],[8.972,52.265],[9.077,52.234],[9.043,52.225],[9.046,52.183],[8.986,52.195],[9.015,52.173],[9.012,52.14],[9.065,52.149],[9.143,52.135],[9.159,52.121],[9.134,52.099],[9.155,52.098],[9.175,52.117],[9.222,52.123],[9.267,52.16],[9.315,52.13],[9.359,52.143],[9.387,52.167],[9.312,52.221],[9.33,52.243],[9.311,52.254],[9.313,52.276],[9.348,52.276],[9.351,52.295],[9.414,52.293],[9.401,52.328],[9.451,52.379],[9.409,52.408],[9.376,52.396]]]]}},{"type":"Feature","properties":{"NAME":"County of Schaunberg","SUBJECTO":"Holy Roman Empire","PARTOF":"Holy Roman Empire","ADMIN_LEVEL":5,"OHM_RELATION_ID":2852926,"START_DATE":"1390","END_DATE":"1572-08-10"},"geometry":{"type":"Polygon","coordinates":[[[13.336,47.987],[13.381,47.986],[13.363,47.946],[13.395,47.922],[13.387,47.907],[13.476,47.872],[13.502,47.843],[13.536,47.84],[13.529,47.798],[13.603,47.732],[13.64,47.72],[13.792,47.822],[13.786,47.896],[13.815,47.954],[13.812,47.988],[13.792,48.003],[13.844,48.052],[13.837,48.064],[13.879,48.089],[13.881,48.131],[14.011,48.192],[14.337,48.296],[14.323,48.321],[14.268,48.306],[14.217,48.312],[14.19,48.331],[14.124,48.31],[14.071,48.318],[14.022,48.343],[14.029,48.378],[14,48.414],[13.956,48.417],[13.941,48.404],[13.911,48.454],[13.859,48.45],[13.861,48.427],[13.727,48.509],[13.698,48.476],[13.686,48.447],[13.702,48.42],[13.686,48.407],[13.73,48.364],[13.71,48.325],[13.721,48.319],[13.65,48.296],[13.633,48.305],[13.616,48.264],[13.57,48.25],[13.596,48.213],[13.577,48.2],[13.609,48.188],[13.598,48.179],[13.612,48.171],[13.609,48.123],[13.454,48.106],[13.404,48.085],[13.383,48.051],[13.409,48.045],[13.381,48.033],[13.393,48.022],[13.359,48.018],[13.336,47.987]]]}},{"type":"Feature","properties":{"NAME":"County of Spiegelberg","SUBJECTO":"Holy Roman Empire","PARTOF":"Holy Roman Empire","ADMIN_LEVEL":5,"OHM_RELATION_ID":2807633,"START_DATE":"1281","END_DATE":"1819"},"geometry":{"type":"MultiPolygon","coordinates":[[[[9.514,52.108],[9.551,52.101],[9.574,52.12],[9.566,52.142],[9.586,52.145],[9.556,52.167],[9.48,52.168],[9.452,52.118],[9.514,52.108]]]]}},{"type":"Feature","properties":{"NAME":"County of Tecklenburg","SUBJECTO":"Holy Roman Empire","PARTOF":"Holy Roman Empire","ADMIN_LEVEL":4,"OHM_RELATION_ID":2840421,"START_DATE":"1400","END_DATE":"1548"},"geometry":{"type":"MultiPolygon","coordinates":[[[[7.966,52.324],[7.943,52.359],[7.892,52.381],[7.807,52.371],[7.714,52.401],[7.693,52.411],[7.683,52.458],[7.612,52.471],[7.619,52.593],[7.598,52.615],[7.465,52.618],[7.255,52.583],[7.269,52.533],[7.3,52.513],[7.287,52.496],[7.297,52.472],[7.355,52.455],[7.431,52.365],[7.545,52.366],[7.617,52.421],[7.671,52.396],[7.674,52.378],[7.601,52.338],[7.678,52.257],[7.646,52.218],[7.714,52.181],[7.723,52.143],[7.706,52.119],[7.75,52.095],[7.794,52.104],[7.882,52.085],[8.008,52.116],[8.003,52.16],[8.023,52.16],[8.007,52.176],[7.936,52.177],[7.9,52.208],[7.92,52.222],[7.924,52.262],[7.957,52.273],[7.933,52.298],[7.989,52.303],[7.966,52.324]]],[[[8.314,51.968],[8.246,51.936],[8.198,51.95],[8.166,51.908],[8.124,51.894],[8.143,51.854],[8.202,51.863],[8.221,51.843],[8.2,51.828],[8.257,51.803],[8.351,51.901],[8.393,51.885],[8.443,51.891],[8.451,51.912],[8.433,51.94],[8.389,51.942],[8.403,51.958],[8.377,51.975],[8.314,51.968]]]]}},{"type":"Feature","properties":{"NAME":"County/Principality of Neuchâtel","SUBJECTO":"Holy Roman Empire","PARTOF":"Holy Roman Empire","ADMIN_LEVEL":5,"OHM_RELATION_ID":2748494,"START_DATE":"1011","END_DATE":"1648-10-24"},"geometry":{"type":"MultiPolygon","coordinates":[[[[6.436,46.921],[6.465,46.89],[6.46,46.851],[6.484,46.847],[6.63,46.889],[6.654,46.914],[6.722,46.934],[6.719,46.904],[6.741,46.895],[6.738,46.871],[6.779,46.854],[7.002,46.988],[7.038,46.98],[7.033,47.033],[7.088,47.06],[7.077,47.076],[7.089,47.083],[7.029,47.104],[7.041,47.124],[7.028,47.127],[6.869,47.087],[6.889,47.131],[6.862,47.166],[6.703,47.082],[6.692,47.068],[6.72,47.052],[6.712,47.022],[6.69,47.009],[6.609,46.983],[6.497,46.974],[6.436,46.921]]]]}},{"type":"Feature","properties":{"NAME":"Duchy of Austria","SUBJECTO":"Holy Roman Empire","PARTOF":"Holy Roman Empire","ADMIN_LEVEL":4,"OHM_RELATION_ID":2852945,"START_DATE":"1390","END_DATE":"1453-01-06"},"geometry":{"type":"Polygon","coordinates":[[[13.436,47.739],[13.55,47.714],[13.485,47.641],[13.522,47.62],[13.506,47.583],[13.48,47.569],[13.478,47.526],[13.559,47.483],[13.586,47.475],[13.609,47.475],[13.646,47.511],[13.761,47.52],[13.736,47.577],[13.693,47.588],[13.692,47.621],[13.712,47.666],[13.777,47.715],[13.861,47.727],[13.92,47.705],[14.01,47.701],[14.056,47.668],[14.051,47.617],[14.205,47.653],[14.232,47.65],[14.236,47.627],[14.266,47.611],[14.325,47.607],[14.394,47.648],[14.517,47.682],[14.532,47.714],[14.648,47.726],[14.702,47.764],[14.749,47.736],[14.86,47.742],[14.877,47.716],[14.927,47.71],[14.953,47.733],[15.034,47.753],[15.066,47.782],[15.085,47.766],[15.082,47.743],[15.133,47.748],[15.139,47.762],[15.203,47.756],[15.21,47.79],[15.291,47.794],[15.297,47.816],[15.333,47.827],[15.402,47.814],[15.407,47.793],[15.507,47.768],[15.521,47.748],[15.607,47.752],[15.636,47.715],[15.68,47.699],[15.717,47.713],[15.725,47.646],[15.741,47.633],[15.822,47.637],[15.857,47.62],[15.847,47.572],[15.888,47.571],[15.912,47.536],[16.026,47.515],[16.057,47.486],[16.111,47.524],[16.143,47.439],[16.197,47.422],[16.302,47.467],[16.297,47.479],[16.333,47.505],[16.339,47.523],[16.311,47.546],[16.35,47.617],[16.37,47.623],[16.367,47.648],[16.349,47.68],[16.313,47.689],[16.295,47.724],[16.3,47.778],[16.272,47.791],[16.284,47.811],[16.309,47.807],[16.316,47.785],[16.377,47.827],[16.385,47.847],[16.348,47.867],[16.412,47.881],[16.437,47.928],[16.488,47.943],[16.519,47.944],[16.574,47.892],[16.659,47.961],[16.7,47.967],[16.701,48.01],[16.837,48.032],[16.829,48.038],[16.872,48.071],[16.912,48.069],[16.92,48.051],[16.968,48.041],[16.979,48.023],[17.016,48.075],[16.972,48.095],[16.976,48.106],[17.029,48.1],[17.002,48.093],[17.036,48.084],[17.063,48.114],[17.055,48.131],[17.029,48.129],[16.962,48.169],[16.976,48.182],[16.947,48.234],[16.953,48.273],[16.92,48.274],[16.89,48.304],[16.905,48.32],[16.875,48.347],[16.844,48.351],[16.834,48.379],[16.856,48.384],[16.847,48.443],[16.89,48.492],[16.911,48.494],[16.907,48.512],[16.95,48.536],[16.934,48.558],[16.945,48.588],[16.935,48.604],[16.964,48.631],[16.974,48.679],[16.973,48.678],[16.975,48.684],[16.944,48.683],[16.941,48.687],[16.936,48.686],[16.92,48.713],[16.892,48.716],[16.865,48.788],[16.84,48.788],[16.731,48.774],[16.611,48.781],[16.605,48.781],[16.6,48.782],[16.541,48.811],[16.536,48.811],[16.522,48.799],[16.462,48.809],[16.438,48.769],[16.432,48.765],[16.432,48.764],[16.402,48.744],[16.384,48.731],[16.345,48.733],[16.099,48.746],[16.09,48.749],[16.082,48.749],[15.995,48.779],[15.957,48.8],[15.955,48.802],[15.951,48.804],[15.957,48.817],[15.958,48.819],[15.953,48.821],[15.933,48.82],[15.931,48.829],[15.849,48.858],[15.848,48.862],[15.84,48.873],[15.771,48.865],[15.752,48.852],[15.69,48.856],[15.621,48.894],[15.52,48.913],[15.513,48.914],[15.473,48.947],[15.438,48.958],[15.331,48.983],[15.301,48.98],[15.297,48.99],[15.285,48.993],[15.262,48.956],[15.162,48.942],[15.15,48.995],[15.07,48.999],[15.059,49.015],[15.021,49.021],[14.992,49.011],[14.976,48.971],[14.992,48.898],[14.888,48.904],[14.869,48.837],[14.82,48.801],[14.807,48.736],[14.729,48.689],[14.715,48.656],[14.721,48.602],[14.699,48.584],[14.666,48.582],[14.608,48.628],[14.564,48.606],[14.507,48.618],[14.47,48.648],[14.451,48.644],[14.456,48.625],[14.433,48.592],[14.393,48.593],[14.392,48.576],[14.333,48.552],[14.268,48.581],[14.099,48.591],[14.054,48.604],[14.019,48.635],[14.058,48.659],[14.051,48.675],[13.873,48.768],[13.84,48.772],[13.805,48.715],[13.834,48.7],[13.825,48.697],[13.833,48.692],[13.815,48.684],[13.824,48.618],[13.802,48.574],[13.753,48.558],[13.749,48.547],[13.749,48.532],[13.744,48.53],[13.744,48.528],[13.727,48.509],[13.861,48.427],[13.859,48.45],[13.911,48.454],[13.941,48.404],[13.956,48.417],[14,48.414],[14.029,48.378],[14.022,48.343],[14.071,48.318],[14.124,48.31],[14.19,48.331],[14.217,48.312],[14.268,48.306],[14.323,48.321],[14.337,48.296],[14.011,48.192],[13.881,48.131],[13.879,48.089],[13.837,48.064],[13.844,48.052],[13.792,48.003],[13.812,47.988],[13.815,47.954],[13.786,47.896],[13.792,47.822],[13.64,47.72],[13.603,47.732],[13.536,47.792],[13.539,47.783],[13.534,47.781],[13.536,47.776],[13.514,47.772],[13.47,47.785],[13.461,47.78],[13.436,47.739]],[[14.357,48.276],[14.425,48.305],[14.531,48.29],[14.621,48.231],[14.626,48.189],[14.583,48.227],[14.499,48.246],[14.458,48.236],[14.357,48.276]],[[14.673,47.955],[14.676,47.983],[14.785,48.019],[14.83,48.011],[14.888,47.961],[14.882,47.93],[14.811,47.927],[14.807,47.885],[14.774,47.858],[14.788,47.823],[14.748,47.815],[14.703,47.857],[14.714,47.905],[14.673,47.955]],[[14.73,48.077],[14.762,48.082],[14.77,48.066],[14.735,48.06],[14.73,48.077]],[[15.322,48.265],[15.386,48.418],[15.502,48.409],[15.531,48.378],[15.506,48.349],[15.418,48.317],[15.381,48.255],[15.337,48.239],[15.322,48.265]],[[15.576,48.189],[15.592,48.23],[15.675,48.214],[15.662,48.176],[15.576,48.189]],[[15.707,48.343],[15.723,48.38],[15.785,48.375],[15.762,48.331],[15.707,48.343]],[[16.019,48.334],[16.061,48.338],[16.09,48.374],[16.118,48.369],[16.07,48.305],[16.029,48.31],[16.019,48.334]],[[16.475,48.181],[16.502,48.246],[16.558,48.255],[16.611,48.226],[16.557,48.145],[16.475,48.181]]]}},{"type":"Feature","properties":{"NAME":"Duchy of Bar","SUBJECTO":"Holy Roman Empire","PARTOF":"Holy Roman Empire","ADMIN_LEVEL":4,"OHM_RELATION_ID":2815086,"START_DATE":"1354","END_DATE":"1632-06-26"},"geometry":{"type":"MultiPolygon","coordinates":[[[[5.464,49.162],[5.453,49.147],[5.473,49.126],[5.436,49.078],[5.444,49.056],[5.519,49.092],[5.523,49.108],[5.501,49.126],[5.554,49.14],[5.545,49.167],[5.562,49.179],[5.464,49.162]]],[[[5.416,49.216],[5.516,49.235],[5.406,49.238],[5.4,49.226],[5.416,49.216]]],[[[5.568,49.42],[5.555,49.397],[5.641,49.368],[5.637,49.348],[5.655,49.333],[5.648,49.312],[5.619,49.302],[5.644,49.262],[5.635,49.239],[5.598,49.216],[5.598,49.193],[5.627,49.181],[5.68,49.189],[5.658,49.17],[5.707,49.158],[5.704,49.141],[5.646,49.122],[5.58,49.131],[5.58,49.111],[5.662,49.108],[5.725,49.094],[5.74,49.076],[5.587,49.026],[5.571,49.037],[5.438,49.031],[5.423,49.021],[5.464,48.986],[5.449,48.963],[5.466,48.931],[5.392,48.936],[5.334,48.97],[5.359,48.997],[5.311,49.028],[5.35,49.068],[5.376,49.05],[5.416,49.064],[5.369,49.114],[5.321,49.106],[5.301,49.08],[5.313,49.059],[5.282,49.056],[5.254,49.083],[5.197,49.079],[5.166,49.101],[5.212,49.108],[5.229,49.143],[5.268,49.16],[5.308,49.144],[5.311,49.162],[5.239,49.184],[5.236,49.203],[5.304,49.22],[5.322,49.244],[5.282,49.288],[5.182,49.267],[5.18,49.239],[5.145,49.231],[5.051,49.283],[4.956,49.252],[4.922,49.271],[4.866,49.26],[4.822,49.23],[4.867,49.162],[4.985,49.154],[5.042,49.071],[5.043,49.048],[5.075,49.037],[5.137,49.053],[5.15,49.036],[5.153,49.022],[5.094,49.007],[5.089,48.994],[5.124,48.964],[5.109,48.95],[4.965,48.934],[4.924,48.912],[4.939,48.869],[4.904,48.796],[4.978,48.775],[5.025,48.723],[5.007,48.703],[5.019,48.68],[4.993,48.6],[5.028,48.558],[5.091,48.609],[5.123,48.601],[5.159,48.571],[5.195,48.565],[5.182,48.534],[5.317,48.51],[5.355,48.553],[5.353,48.574],[5.31,48.605],[5.329,48.622],[5.428,48.636],[5.476,48.612],[5.402,48.548],[5.439,48.534],[5.443,48.482],[5.383,48.429],[5.412,48.399],[5.473,48.44],[5.519,48.425],[5.517,48.444],[5.484,48.46],[5.509,48.488],[5.577,48.492],[5.588,48.483],[5.57,48.472],[5.602,48.459],[5.648,48.474],[5.668,48.515],[5.639,48.542],[5.65,48.554],[5.629,48.564],[5.612,48.546],[5.553,48.579],[5.567,48.605],[5.552,48.649],[5.583,48.687],[5.725,48.733],[5.785,48.734],[5.83,48.765],[5.841,48.757],[5.85,48.776],[5.82,48.774],[5.83,48.813],[5.886,48.788],[5.865,48.775],[5.88,48.752],[5.911,48.758],[5.904,48.768],[5.951,48.753],[5.98,48.781],[6.008,48.775],[6.029,48.848],[6.082,48.875],[6.065,48.874],[6.085,48.892],[6.122,48.881],[6.144,48.889],[6.126,48.898],[6.166,48.913],[6.13,48.946],[6.089,48.942],[6.077,48.956],[6.064,48.999],[6.088,49.04],[6.074,49.057],[6.03,49.053],[6.005,49.084],[5.944,49.072],[5.935,49.088],[6.01,49.105],[5.968,49.109],[5.989,49.155],[6.068,49.179],[6.064,49.16],[6.086,49.148],[6.125,49.148],[6.12,49.162],[6.144,49.165],[6.122,49.198],[6.07,49.199],[6.068,49.214],[6.139,49.222],[6.136,49.24],[6.097,49.245],[6.1,49.312],[6.035,49.317],[6.047,49.331],[6.032,49.345],[5.987,49.34],[5.956,49.362],[5.983,49.377],[6.012,49.369],[6.013,49.418],[6.037,49.424],[6.042,49.448],[5.987,49.453],[5.971,49.491],[5.851,49.508],[5.836,49.522],[5.872,49.549],[5.85,49.575],[5.754,49.593],[5.743,49.578],[5.758,49.561],[5.753,49.542],[5.644,49.55],[5.614,49.511],[5.557,49.529],[5.461,49.492],[5.441,49.502],[5.436,49.49],[5.464,49.471],[5.516,49.462],[5.476,49.442],[5.5,49.409],[5.568,49.42]],[[5.869,49.375],[5.919,49.373],[5.889,49.344],[5.869,49.375]],[[5.707,49.421],[5.799,49.448],[5.855,49.44],[5.802,49.398],[5.732,49.398],[5.707,49.421]]],[[[5.901,47.927],[5.921,47.973],[5.907,48.004],[5.944,48.023],[5.93,48.053],[5.939,48.073],[5.98,48.071],[5.974,48.096],[5.934,48.094],[5.922,48.12],[5.854,48.126],[5.863,48.153],[5.901,48.164],[5.896,48.189],[5.853,48.2],[5.873,48.217],[5.901,48.208],[5.896,48.238],[5.842,48.241],[5.843,48.262],[5.741,48.265],[5.724,48.258],[5.742,48.216],[5.773,48.197],[5.756,48.183],[5.717,48.202],[5.705,48.235],[5.648,48.234],[5.647,48.256],[5.685,48.29],[5.694,48.329],[5.614,48.33],[5.634,48.373],[5.599,48.388],[5.533,48.365],[5.517,48.32],[5.523,48.293],[5.548,48.276],[5.538,48.244],[5.492,48.219],[5.501,48.199],[5.464,48.188],[5.457,48.168],[5.497,48.123],[5.545,48.122],[5.613,48.059],[5.729,48.058],[5.749,48.037],[5.827,48.037],[5.788,47.96],[5.841,47.958],[5.856,47.981],[5.867,47.955],[5.887,47.949],[5.877,47.903],[5.815,47.904],[5.815,47.879],[5.862,47.861],[5.933,47.869],[5.984,47.895],[5.901,47.927]]],[[[5.811,48.699],[5.808,48.712],[5.786,48.714],[5.755,48.697],[5.745,48.66],[5.759,48.62],[5.846,48.646],[5.811,48.653],[5.811,48.699]]],[[[5.276,49.366],[5.261,49.418],[5.297,49.43],[5.387,49.399],[5.429,49.416],[5.41,49.449],[5.387,49.451],[5.314,49.508],[5.286,49.508],[5.308,49.513],[5.291,49.532],[5.264,49.521],[5.226,49.547],[5.234,49.568],[5.209,49.575],[5.1,49.538],[5.058,49.504],[5.093,49.46],[5.107,49.462],[5.112,49.419],[5.084,49.404],[5.181,49.373],[5.202,49.335],[5.276,49.366]]],[[[5.872,48.706],[5.817,48.698],[5.855,48.688],[5.872,48.706]]],[[[5.694,47.987],[5.624,48.001],[5.597,47.988],[5.694,47.987]]],[[[5.602,47.966],[5.589,47.97],[5.58,47.944],[5.592,47.939],[5.602,47.966]]]]}},{"type":"Feature","properties":{"NAME":"Duchy of Berg","SUBJECTO":"Holy Roman Empire","PARTOF":"Holy Roman Empire","ADMIN_LEVEL":4,"OHM_RELATION_ID":2696468,"START_DATE":"1380","END_DATE":"1806-03-15"},"geometry":{"type":"Polygon","coordinates":[[[6.653,51.355],[6.733,51.318],[6.702,51.272],[6.767,51.234],[6.755,51.219],[6.723,51.225],[6.735,51.183],[6.789,51.182],[6.798,51.144],[6.857,51.155],[6.848,51.135],[6.882,51.103],[6.856,51.075],[6.919,51.053],[6.915,51.018],[6.964,51.006],[6.997,50.974],[6.979,50.948],[6.994,50.937],[6.973,50.917],[7.051,50.88],[6.982,50.83],[7.025,50.818],[7.034,50.787],[7.077,50.769],[7.125,50.774],[7.157,50.745],[7.135,50.72],[7.171,50.698],[7.231,50.693],[7.213,50.623],[7.338,50.642],[7.359,50.65],[7.372,50.68],[7.357,50.698],[7.373,50.718],[7.437,50.71],[7.552,50.747],[7.582,50.738],[7.597,50.764],[7.677,50.782],[7.66,50.82],[7.7,50.826],[7.73,50.851],[7.758,50.843],[7.759,50.901],[7.736,50.916],[7.786,50.94],[7.784,50.972],[7.749,50.978],[7.727,51.002],[7.61,51.002],[7.591,50.997],[7.61,50.95],[7.636,50.927],[7.614,50.922],[7.6,50.882],[7.566,50.861],[7.506,50.859],[7.473,50.879],[7.47,50.975],[7.451,50.985],[7.449,50.997],[7.423,51.024],[7.434,51.043],[7.47,51.055],[7.454,51.069],[7.459,51.071],[7.455,51.074],[7.532,51.099],[7.504,51.102],[7.502,51.127],[7.489,51.135],[7.472,51.141],[7.472,51.144],[7.469,51.146],[7.473,51.158],[7.45,51.163],[7.449,51.163],[7.448,51.164],[7.439,51.166],[7.429,51.181],[7.421,51.188],[7.422,51.192],[7.418,51.198],[7.428,51.221],[7.403,51.225],[7.399,51.225],[7.394,51.243],[7.299,51.251],[7.238,51.255],[7.237,51.257],[7.232,51.257],[7.232,51.297],[7.179,51.299],[7.178,51.299],[7.173,51.3],[7.154,51.329],[7.145,51.34],[7.148,51.371],[7.117,51.381],[7.036,51.347],[6.991,51.359],[6.952,51.349],[6.901,51.383],[6.902,51.385],[6.897,51.389],[6.909,51.396],[6.922,51.42],[6.913,51.43],[6.911,51.43],[6.875,51.473],[6.85,51.473],[6.816,51.442],[6.825,51.402],[6.805,51.382],[6.726,51.381],[6.653,51.355]]]}},{"type":"Feature","properties":{"NAME":"Duchy of Carniola","SUBJECTO":"Holy Roman Empire","PARTOF":"Holy Roman Empire","ADMIN_LEVEL":4,"OHM_RELATION_ID":2830843,"START_DATE":"1364","END_DATE":"1500"},"geometry":{"type":"MultiPolygon","coordinates":[[[[13.549,45.898],[13.561,45.814],[13.585,45.8],[13.581,45.755],[13.627,45.72],[13.672,45.748],[13.753,45.702],[13.812,45.702],[13.865,45.761],[13.806,45.778],[13.797,45.768],[13.844,45.761],[13.815,45.736],[13.736,45.76],[13.744,45.789],[13.725,45.813],[13.643,45.82],[13.612,45.857],[13.636,45.876],[13.629,45.884],[13.58,45.879],[13.549,45.898]]],[[[13.811,45.608],[13.883,45.56],[13.859,45.546],[13.871,45.538],[13.926,45.546],[14.005,45.47],[14.107,45.46],[14.241,45.383],[14.257,45.348],[14.216,45.327],[14.189,45.259],[14.206,45.219],[14.205,45.162],[14.259,45.148],[14.332,45.295],[14.437,45.388],[14.417,45.401],[14.425,45.411],[14.406,45.44],[14.458,45.479],[14.474,45.533],[14.499,45.549],[14.501,45.608],[14.54,45.619],[14.569,45.671],[14.608,45.665],[14.602,45.624],[14.691,45.58],[14.692,45.527],[14.72,45.534],[14.796,45.503],[14.823,45.46],[14.908,45.477],[14.913,45.516],[14.93,45.529],[14.985,45.497],[15.086,45.483],[15.092,45.465],[15.152,45.428],[15.218,45.425],[15.274,45.466],[15.348,45.46],[15.35,45.478],[15.306,45.493],[15.327,45.517],[15.304,45.534],[15.3,45.577],[15.28,45.601],[15.306,45.613],[15.305,45.632],[15.406,45.65],[15.371,45.684],[15.352,45.672],[15.358,45.713],[15.338,45.712],[15.315,45.681],[15.283,45.71],[15.264,45.698],[15.246,45.716],[15.253,45.727],[15.397,45.79],[15.469,45.795],[15.468,45.815],[15.491,45.831],[15.519,45.821],[15.571,45.851],[15.646,45.824],[15.701,45.846],[15.697,45.858],[15.54,45.924],[15.539,45.939],[15.498,45.943],[15.467,45.988],[15.342,45.994],[15.267,46.022],[15.262,46.047],[15.212,46.045],[15.142,46.101],[15.034,46.13],[15.01,46.187],[14.886,46.238],[14.83,46.256],[14.712,46.259],[14.638,46.331],[14.639,46.364],[14.436,46.366],[14.418,46.346],[14.405,46.35],[14.401,46.37],[14.442,46.424],[14.43,46.447],[14.311,46.43],[14.283,46.444],[14.158,46.435],[14.212,46.351],[14.192,46.332],[14.253,46.304],[14.268,46.275],[14.332,46.249],[14.311,46.181],[14.351,46.146],[14.269,46.018],[14.235,45.997],[14.141,45.993],[14.115,45.978],[14.106,45.983],[14.061,45.969],[14.028,45.985],[14.02,45.968],[13.995,45.972],[13.905,45.899],[13.904,45.869],[13.871,45.851],[13.892,45.845],[13.873,45.83],[13.921,45.798],[13.9,45.782],[13.951,45.748],[13.956,45.722],[14.001,45.703],[13.962,45.67],[13.992,45.67],[14.026,45.645],[14.085,45.646],[14.073,45.617],[13.933,45.609],[13.917,45.614],[13.944,45.624],[13.944,45.639],[13.919,45.646],[13.845,45.631],[13.811,45.608]],[[14.026,45.566],[14.053,45.585],[14.052,45.569],[14.026,45.566]],[[14.042,45.761],[14.058,45.794],[14.087,45.78],[14.083,45.751],[14.042,45.761]],[[14.095,45.619],[14.123,45.637],[14.163,45.622],[14.136,45.608],[14.095,45.619]],[[14.098,45.534],[14.141,45.591],[14.161,45.58],[14.126,45.526],[14.131,45.507],[14.114,45.506],[14.116,45.527],[14.098,45.534]],[[14.195,45.483],[14.243,45.492],[14.208,45.467],[14.195,45.483]]],[[[15.353,45.484],[15.36,45.477],[15.38,45.491],[15.353,45.484]]]]}},{"type":"Feature","properties":{"NAME":"Duchy of Guelders","SUBJECTO":"Holy Roman Empire","PARTOF":"Holy Roman Empire","ADMIN_LEVEL":4,"OHM_RELATION_ID":2831618,"START_DATE":"1339","END_DATE":"1581-07-26"},"geometry":{"type":"MultiPolygon","coordinates":[[[[4.996,51.825],[5.072,51.779],[5.094,51.788],[5.139,51.772],[5.143,51.755],[5.178,51.76],[5.184,51.742],[5.248,51.734],[5.36,51.755],[5.37,51.794],[5.407,51.821],[5.455,51.809],[5.493,51.832],[5.538,51.818],[5.636,51.824],[5.661,51.792],[5.727,51.788],[5.694,51.766],[5.7,51.755],[5.865,51.758],[5.894,51.778],[5.914,51.759],[5.907,51.742],[5.88,51.749],[5.887,51.725],[5.919,51.718],[5.991,51.766],[5.968,51.804],[5.926,51.818],[5.963,51.837],[5.985,51.852],[5.977,51.883],[5.988,51.886],[6.019,51.865],[6.006,51.834],[6.057,51.877],[6.092,51.882],[6.128,51.859],[6.142,51.873],[6.077,51.907],[5.962,51.925],[5.935,51.902],[5.906,51.962],[5.948,51.966],[5.982,51.944],[6.009,51.979],[6.034,51.971],[6.056,51.986],[6.094,51.969],[6.096,51.935],[6.162,51.914],[6.235,51.841],[6.269,51.833],[6.343,51.851],[6.4,51.829],[6.409,51.852],[6.39,51.872],[6.469,51.855],[6.685,51.917],[6.722,51.896],[6.77,51.916],[6.799,51.959],[6.832,51.974],[6.753,52.028],[6.688,52.04],[6.695,52.064],[6.745,52.081],[6.761,52.119],[6.661,52.13],[6.675,52.141],[6.662,52.166],[6.61,52.183],[6.486,52.178],[6.393,52.253],[6.313,52.231],[6.162,52.233],[6.093,52.315],[6.101,52.347],[6.078,52.368],[6.119,52.379],[6.129,52.427],[6.102,52.448],[6.102,52.471],[6.035,52.511],[5.941,52.47],[5.892,52.518],[5.774,52.522],[5.729,52.502],[5.712,52.456],[5.506,52.371],[5.481,52.335],[5.425,52.321],[5.4,52.222],[5.508,52.152],[5.477,52.085],[5.508,52.075],[5.547,52.106],[5.563,52.046],[5.612,52.023],[5.617,51.979],[5.601,51.946],[5.441,51.983],[5.324,51.955],[5.235,51.981],[5.188,51.942],[5.139,51.944],[5.129,51.994],[5.103,52.003],[5.084,51.999],[5.005,51.901],[4.996,51.825]],[[6.132,51.979],[6.214,51.982],[6.259,51.951],[6.203,51.937],[6.132,51.979]]],[[[5.795,51.09],[5.819,51.059],[5.854,51.087],[5.958,51.036],[5.992,51.081],[6.177,51.157],[6.155,51.166],[6.068,51.143],[6.001,51.149],[5.991,51.177],[6.062,51.188],[6.108,51.169],[6.168,51.195],[6.212,51.167],[6.245,51.116],[6.265,51.123],[6.288,51.107],[6.304,51.132],[6.27,51.16],[6.302,51.151],[6.307,51.165],[6.236,51.198],[6.21,51.24],[6.107,51.229],[6.1,51.258],[6.154,51.307],[6.117,51.327],[6.14,51.352],[6.212,51.336],[6.223,51.318],[6.28,51.324],[6.285,51.283],[6.307,51.283],[6.376,51.306],[6.35,51.394],[6.392,51.422],[6.472,51.426],[6.509,51.396],[6.539,51.408],[6.534,51.437],[6.509,51.437],[6.513,51.443],[6.508,51.444],[6.518,51.451],[6.527,51.463],[6.485,51.488],[6.478,51.513],[6.462,51.512],[6.456,51.53],[6.479,51.532],[6.481,51.569],[6.424,51.577],[6.406,51.559],[6.24,51.603],[6.159,51.567],[6.092,51.604],[6.117,51.657],[6.028,51.657],[5.992,51.639],[6.021,51.621],[6.048,51.558],[6.003,51.57],[5.906,51.552],[5.839,51.566],[5.872,51.449],[5.931,51.385],[5.931,51.343],[5.906,51.3],[5.954,51.3],[6.011,51.271],[6.009,51.258],[6.006,51.231],[5.993,51.227],[5.968,51.207],[5.968,51.199],[5.938,51.184],[5.923,51.172],[5.913,51.17],[5.81,51.118],[5.833,51.097],[5.795,51.09]]],[[[5.834,51.031],[5.877,51.032],[5.866,51.052],[5.845,51.053],[5.834,51.031]]],[[[6.284,51.089],[6.294,51.065],[6.326,51.064],[6.343,51.08],[6.333,51.096],[6.329,51.108],[6.284,51.089]]],[[[6.364,51.241],[6.4,51.235],[6.449,51.265],[6.404,51.284],[6.368,51.271],[6.364,51.241]]]]}},{"type":"Feature","properties":{"NAME":"Duchy of Luxembourg","SUBJECTO":"Holy Roman Empire","PARTOF":"Holy Roman Empire","ADMIN_LEVEL":4,"OHM_RELATION_ID":2831237,"START_DATE":"1354-03-13","END_DATE":"1659-11-07"},"geometry":{"type":"MultiPolygon","coordinates":[[[[4.782,49.807],[4.783,49.773],[4.853,49.753],[4.836,49.788],[4.813,49.824],[4.831,49.849],[4.815,49.849],[4.782,49.807]]],[[[4.797,49.983],[4.8,49.957],[4.85,49.946],[4.89,49.909],[4.853,49.865],[4.857,49.846],[4.902,49.842],[4.918,49.855],[4.911,49.844],[4.933,49.822],[4.971,49.845],[4.95,49.856],[4.951,49.879],[4.997,49.888],[5.002,49.889],[5.008,49.89],[5.055,49.882],[5.047,49.89],[5.073,49.912],[5.114,49.92],[5.099,49.936],[5.1,49.968],[5.123,49.984],[5.135,49.985],[5.122,49.962],[5.158,49.957],[5.172,49.936],[5.217,49.952],[5.251,49.913],[5.316,49.914],[5.32,49.887],[5.367,49.893],[5.375,49.886],[5.298,49.869],[5.258,49.82],[5.207,49.831],[5.208,49.858],[5.164,49.83],[5.18,49.79],[5.199,49.807],[5.218,49.8],[5.226,49.733],[5.257,49.729],[5.263,49.706],[5.276,49.709],[5.271,49.727],[5.299,49.721],[5.283,49.689],[5.243,49.686],[5.172,49.693],[5.159,49.717],[5.128,49.713],[5.112,49.733],[5.078,49.717],[5.072,49.696],[5.097,49.697],[5.11,49.681],[5.087,49.644],[5.097,49.621],[5.144,49.617],[5.164,49.593],[5.234,49.568],[5.226,49.547],[5.264,49.521],[5.282,49.535],[5.287,49.531],[5.291,49.532],[5.301,49.521],[5.304,49.519],[5.303,49.518],[5.308,49.513],[5.297,49.51],[5.301,49.508],[5.314,49.508],[5.343,49.485],[5.41,49.449],[5.429,49.416],[5.416,49.4],[5.447,49.404],[5.477,49.387],[5.501,49.408],[5.501,49.409],[5.5,49.409],[5.476,49.442],[5.505,49.457],[5.48,49.468],[5.464,49.471],[5.448,49.482],[5.437,49.487],[5.438,49.489],[5.436,49.49],[5.441,49.502],[5.442,49.502],[5.442,49.504],[5.461,49.492],[5.557,49.529],[5.61,49.512],[5.636,49.539],[5.644,49.55],[5.749,49.542],[5.751,49.569],[5.743,49.578],[5.754,49.593],[5.85,49.575],[5.872,49.549],[5.839,49.524],[5.857,49.507],[5.955,49.494],[5.965,49.493],[5.965,49.492],[5.971,49.491],[5.986,49.455],[6.033,49.45],[6.033,49.449],[6.042,49.448],[6.037,49.424],[6.013,49.418],[6.012,49.369],[5.973,49.372],[5.956,49.362],[5.979,49.345],[6.006,49.342],[6.032,49.345],[6.039,49.338],[6.047,49.337],[6.045,49.333],[6.047,49.331],[6.035,49.317],[6.1,49.312],[6.108,49.258],[6.098,49.252],[6.113,49.243],[6.132,49.241],[6.137,49.249],[6.229,49.266],[6.223,49.256],[6.24,49.254],[6.247,49.271],[6.267,49.254],[6.338,49.264],[6.321,49.286],[6.304,49.279],[6.262,49.305],[6.393,49.333],[6.362,49.357],[6.3,49.353],[6.323,49.362],[6.31,49.379],[6.321,49.397],[6.286,49.418],[6.315,49.422],[6.33,49.45],[6.317,49.464],[6.365,49.46],[6.368,49.482],[6.388,49.493],[6.426,49.476],[6.453,49.49],[6.439,49.51],[6.403,49.512],[6.413,49.537],[6.4,49.543],[6.422,49.549],[6.357,49.572],[6.406,49.568],[6.399,49.594],[6.435,49.599],[6.431,49.593],[6.443,49.59],[6.436,49.599],[6.465,49.604],[6.471,49.584],[6.453,49.566],[6.471,49.562],[6.481,49.594],[6.52,49.601],[6.486,49.629],[6.427,49.626],[6.495,49.646],[6.438,49.644],[6.444,49.662],[6.5,49.658],[6.51,49.688],[6.56,49.692],[6.567,49.748],[6.527,49.769],[6.557,49.803],[6.535,49.815],[6.548,49.829],[6.527,49.842],[6.498,49.835],[6.492,49.848],[6.553,49.885],[6.543,49.904],[6.604,49.899],[6.606,49.877],[6.62,49.884],[6.646,49.859],[6.69,49.857],[6.723,49.882],[6.802,49.894],[6.835,49.924],[6.802,49.952],[6.712,49.94],[6.675,49.96],[6.67,49.997],[6.758,50.031],[6.755,50.061],[6.808,50.066],[6.764,50.115],[6.695,50.086],[6.663,50.095],[6.676,50.107],[6.648,50.129],[6.618,50.127],[6.608,50.141],[6.596,50.116],[6.632,50.115],[6.614,50.076],[6.643,50.031],[6.627,50.018],[6.558,50.026],[6.55,50.042],[6.605,50.049],[6.564,50.107],[6.543,50.101],[6.529,50.042],[6.502,50.062],[6.483,50.054],[6.479,50.03],[6.397,50.069],[6.389,50.091],[6.429,50.104],[6.404,50.155],[6.417,50.162],[6.409,50.175],[6.322,50.205],[6.307,50.19],[6.255,50.196],[6.237,50.184],[6.173,50.219],[6.207,50.249],[6.212,50.278],[6.25,50.286],[6.266,50.312],[6.279,50.306],[6.265,50.325],[6.276,50.358],[6.369,50.41],[6.399,50.378],[6.389,50.372],[6.421,50.313],[6.502,50.322],[6.509,50.347],[6.485,50.338],[6.529,50.369],[6.554,50.368],[6.58,50.391],[6.572,50.408],[6.541,50.406],[6.49,50.447],[6.452,50.426],[6.421,50.42],[6.406,50.434],[6.374,50.422],[6.362,50.468],[6.424,50.475],[6.437,50.492],[6.46,50.495],[6.48,50.476],[6.546,50.492],[6.564,50.518],[6.552,50.546],[6.487,50.544],[6.459,50.527],[6.383,50.535],[6.282,50.458],[6.218,50.525],[6.139,50.553],[6.091,50.534],[6.152,50.461],[6.158,50.427],[6.124,50.379],[6.038,50.368],[6.009,50.33],[5.934,50.338],[5.867,50.344],[5.84,50.327],[5.82,50.31],[5.825,50.275],[5.865,50.282],[5.868,50.28],[5.882,50.281],[5.873,50.276],[5.914,50.253],[5.909,50.247],[5.911,50.245],[5.905,50.244],[5.903,50.242],[5.801,50.22],[5.808,50.225],[5.8,50.226],[5.829,50.238],[5.797,50.248],[5.802,50.26],[5.799,50.262],[5.72,50.261],[5.716,50.237],[5.712,50.238],[5.71,50.23],[5.632,50.266],[5.662,50.28],[5.715,50.267],[5.752,50.3],[5.734,50.312],[5.724,50.302],[5.689,50.341],[5.717,50.351],[5.721,50.367],[5.669,50.37],[5.642,50.368],[5.637,50.372],[5.631,50.372],[5.59,50.402],[5.624,50.415],[5.606,50.428],[5.578,50.417],[5.575,50.415],[5.572,50.416],[5.554,50.409],[5.551,50.404],[5.563,50.398],[5.551,50.393],[5.545,50.395],[5.544,50.393],[5.54,50.397],[5.519,50.403],[5.515,50.419],[5.511,50.422],[5.513,50.424],[5.513,50.425],[5.428,50.402],[5.423,50.4],[5.401,50.387],[5.392,50.382],[5.398,50.364],[5.369,50.342],[5.387,50.34],[5.332,50.308],[5.283,50.324],[5.291,50.314],[5.275,50.313],[5.284,50.304],[5.269,50.29],[5.296,50.278],[5.285,50.27],[5.366,50.32],[5.406,50.316],[5.436,50.282],[5.373,50.244],[5.35,50.266],[5.322,50.249],[5.299,50.256],[5.294,50.239],[5.257,50.24],[5.258,50.229],[5.228,50.227],[5.24,50.201],[5.197,50.211],[5.216,50.18],[5.249,50.18],[5.267,50.16],[5.344,50.154],[5.335,50.123],[5.296,50.147],[5.251,50.14],[5.245,50.13],[5.29,50.099],[5.272,50.069],[5.243,50.054],[5.196,50.106],[5.211,50.042],[5.194,50.042],[5.133,50.098],[5.065,50.093],[5.035,50.053],[5.014,50.072],[4.959,50.065],[4.962,50.04],[4.938,50.018],[4.993,50.03],[5.013,49.997],[4.991,50.016],[4.997,49.998],[4.956,49.963],[4.901,49.978],[4.916,50.026],[4.852,49.995],[4.821,50.01],[4.797,49.983]],[[4.84,49.951],[4.864,49.99],[4.875,49.985],[4.857,49.966],[4.877,49.963],[4.84,49.951]],[[5.048,50.016],[5.084,50.016],[5.086,49.987],[5.071,49.977],[5.051,49.987],[5.062,49.994],[5.048,50.016]],[[5.297,50.206],[5.325,50.203],[5.306,50.189],[5.297,50.206]],[[5.488,50.316],[5.522,50.311],[5.495,50.304],[5.488,50.316]],[[6.219,49.312],[6.252,49.307],[6.232,49.301],[6.219,49.312]],[[6.375,49.541],[6.398,49.536],[6.395,49.524],[6.375,49.541]],[[6.488,49.789],[6.514,49.785],[6.51,49.775],[6.488,49.789]],[[6.502,49.754],[6.536,49.762],[6.504,49.743],[6.502,49.754]],[[6.558,49.914],[6.56,49.943],[6.628,49.951],[6.612,49.909],[6.558,49.914]]],[[[4.826,50.067],[4.831,50.048],[4.891,50.037],[4.929,50.044],[4.952,50.103],[4.977,50.105],[4.974,50.137],[4.939,50.108],[4.921,50.117],[4.941,50.15],[4.947,50.148],[4.954,50.166],[4.924,50.18],[4.88,50.147],[4.873,50.091],[4.838,50.093],[4.842,50.076],[4.826,50.067]]],[[[4.862,49.789],[4.878,49.795],[4.885,49.835],[4.869,49.834],[4.863,49.803],[4.862,49.789]]],[[[4.955,50.172],[4.959,50.172],[4.958,50.171],[4.963,50.172],[4.964,50.169],[4.985,50.167],[4.957,50.19],[4.963,50.173],[4.959,50.176],[4.959,50.173],[4.955,50.173],[4.955,50.172]]],[[[4.987,50.14],[5.013,50.114],[5.003,50.141],[4.987,50.14]]],[[[5.011,50.109],[5.031,50.097],[5.067,50.134],[5.042,50.183],[5.04,50.139],[5.021,50.14],[5.024,50.112],[5.011,50.109]]],[[[5.101,50.212],[5.134,50.205],[5.146,50.223],[5.119,50.238],[5.101,50.212]]],[[[5.116,50.189],[5.173,50.151],[5.177,50.171],[5.142,50.197],[5.116,50.189]]],[[[5.15,50.114],[5.152,50.097],[5.18,50.11],[5.15,50.114]]],[[[5.162,50.234],[5.187,50.251],[5.166,50.255],[5.162,50.234]]],[[[5.164,50.124],[5.213,50.125],[5.223,50.153],[5.181,50.146],[5.164,50.124]]],[[[5.211,50.25],[5.221,50.237],[5.241,50.259],[5.267,50.258],[5.234,50.294],[5.218,50.284],[5.23,50.282],[5.211,50.25]]],[[[5.261,49.418],[5.276,49.366],[5.31,49.358],[5.319,49.323],[5.406,49.276],[5.425,49.298],[5.474,49.285],[5.514,49.297],[5.495,49.335],[5.43,49.369],[5.38,49.355],[5.331,49.362],[5.381,49.391],[5.297,49.43],[5.261,49.418]]],[[[5.3,50.425],[5.359,50.402],[5.362,50.381],[5.388,50.403],[5.404,50.427],[5.414,50.425],[5.42,50.43],[5.379,50.447],[5.326,50.432],[5.325,50.432],[5.3,50.425]],[[5.402,50.426],[5.371,50.408],[5.363,50.422],[5.402,50.426]]],[[[5.311,50.47],[5.318,50.452],[5.319,50.452],[5.322,50.454],[5.324,50.454],[5.343,50.458],[5.33,50.477],[5.311,50.47]]],[[[5.627,50.462],[5.643,50.457],[5.639,50.448],[5.689,50.407],[5.702,50.416],[5.707,50.432],[5.736,50.442],[5.738,50.444],[5.741,50.444],[5.744,50.445],[5.757,50.444],[5.8,50.444],[5.754,50.492],[5.74,50.493],[5.669,50.474],[5.663,50.496],[5.661,50.494],[5.653,50.485],[5.652,50.486],[5.629,50.467],[5.627,50.462]]],[[[6.068,49.214],[6.069,49.2],[6.122,49.198],[6.131,49.205],[6.119,49.22],[6.068,49.214]]],[[[6.139,49.231],[6.173,49.22],[6.185,49.239],[6.154,49.244],[6.139,49.231]]],[[[6.31,49.412],[6.345,49.409],[6.341,49.422],[6.31,49.412]]],[[[6.358,50.551],[6.383,50.535],[6.465,50.584],[6.396,50.61],[6.358,50.551]]],[[[6.419,49.455],[6.441,49.435],[6.474,49.446],[6.441,49.467],[6.419,49.455]]],[[[6.497,50.279],[6.583,50.279],[6.532,50.311],[6.497,50.279]]],[[[6.539,50.33],[6.55,50.322],[6.593,50.331],[6.58,50.344],[6.539,50.33]]],[[[6.559,49.646],[6.624,49.632],[6.611,49.62],[6.625,49.607],[6.665,49.614],[6.586,49.68],[6.559,49.646]]],[[[6.646,50.258],[6.67,50.253],[6.688,50.269],[6.646,50.258]]],[[[6.812,50.119],[6.819,50.039],[6.84,50.028],[6.854,50.026],[6.844,50.038],[6.885,50.083],[6.905,50.078],[6.898,50.103],[6.866,50.123],[6.812,50.119]]]]}},{"type":"Feature","properties":{"NAME":"Duchy of Milan","SUBJECTO":"Holy Roman Empire","PARTOF":"Holy Roman Empire","ADMIN_LEVEL":4,"OHM_RELATION_ID":2750055,"START_DATE":"1395-05-11","END_DATE":"1404"},"geometry":{"type":"Polygon","coordinates":[[[7.862,45.82],[7.883,45.762],[7.953,45.72],[8.06,45.74],[8.076,45.719],[8.082,45.738],[8.115,45.753],[8.182,45.751],[8.188,45.729],[8.328,45.647],[8.295,45.64],[8.258,45.604],[8.276,45.563],[8.297,45.553],[8.278,45.519],[8.21,45.45],[8.174,45.44],[8.168,45.412],[8.145,45.407],[8.124,45.375],[8.027,45.403],[8.012,45.394],[8.021,45.33],[8.05,45.317],[7.98,45.262],[7.984,45.237],[8.037,45.199],[8.07,45.2],[8.094,45.249],[8.128,45.257],[8.527,45.244],[8.551,45.168],[8.557,45.167],[8.576,45.154],[8.58,45.153],[8.582,45.15],[8.614,45.127],[8.613,45.104],[8.646,45.075],[8.638,45.068],[8.647,45.056],[8.647,45.055],[8.646,45.054],[8.64,45.046],[8.641,45.044],[8.563,44.933],[8.577,44.723],[8.603,44.643],[8.618,44.651],[8.663,44.656],[8.675,44.64],[8.672,44.621],[8.685,44.611],[8.673,44.597],[8.694,44.582],[8.725,44.579],[8.749,44.55],[8.765,44.53],[8.771,44.49],[8.8,44.502],[8.795,44.523],[8.798,44.525],[8.823,44.542],[8.81,44.576],[8.804,44.58],[8.805,44.588],[8.794,44.618],[8.82,44.64],[8.789,44.664],[8.786,44.67],[8.763,44.691],[8.771,44.716],[8.793,44.723],[8.76,44.746],[8.722,44.793],[8.731,44.805],[8.744,44.807],[8.759,44.8],[8.766,44.785],[8.792,44.783],[8.802,44.786],[8.83,44.804],[8.847,44.798],[8.847,44.761],[8.825,44.731],[8.846,44.695],[8.872,44.705],[8.894,44.699],[8.91,44.701],[8.944,44.708],[8.946,44.704],[8.96,44.705],[8.988,44.715],[9.004,44.709],[9.021,44.729],[9.004,44.743],[9.008,44.75],[9.029,44.75],[9.078,44.722],[9.128,44.728],[9.163,44.696],[9.2,44.686],[9.236,44.687],[9.236,44.697],[9.232,44.702],[9.236,44.715],[9.26,44.68],[9.366,44.69],[9.374,44.68],[9.398,44.656],[9.398,44.65],[9.404,44.642],[9.396,44.61],[9.417,44.596],[9.418,44.59],[9.421,44.587],[9.42,44.582],[9.421,44.574],[9.415,44.567],[9.48,44.563],[9.505,44.529],[9.496,44.483],[9.469,44.481],[9.471,44.469],[9.458,44.442],[9.446,44.434],[9.441,44.424],[9.443,44.418],[9.448,44.419],[9.464,44.425],[9.468,44.421],[9.495,44.424],[9.499,44.424],[9.545,44.429],[9.558,44.439],[9.577,44.432],[9.606,44.435],[9.655,44.412],[9.675,44.364],[9.76,44.39],[9.753,44.4],[9.816,44.461],[9.924,44.473],[9.964,44.466],[10.005,44.437],[9.992,44.412],[10.017,44.387],[10.099,44.346],[10.135,44.354],[10.332,44.486],[10.344,44.526],[10.402,44.564],[10.414,44.668],[10.448,44.719],[10.427,44.74],[10.432,44.759],[10.475,44.768],[10.534,44.807],[10.535,44.826],[10.576,44.841],[10.578,44.879],[10.559,44.881],[10.504,44.881],[10.473,44.855],[10.463,44.896],[10.503,44.918],[10.467,44.938],[10.597,45.004],[10.458,44.981],[10.464,45.015],[10.511,45.018],[10.54,45.055],[10.49,45.082],[10.494,45.057],[10.413,45.042],[10.417,45.091],[10.463,45.096],[10.457,45.115],[10.487,45.127],[10.479,45.145],[10.394,45.137],[10.312,45.199],[10.361,45.215],[10.355,45.231],[10.391,45.247],[10.398,45.286],[10.466,45.325],[10.469,45.36],[10.45,45.384],[10.467,45.406],[10.45,45.417],[10.512,45.412],[10.548,45.386],[10.625,45.382],[10.662,45.419],[10.687,45.424],[10.702,45.423],[10.696,45.383],[10.726,45.356],[10.71,45.341],[10.728,45.294],[10.783,45.316],[10.846,45.257],[10.936,45.233],[10.93,45.219],[10.998,45.185],[10.997,45.156],[11.047,45.153],[11.029,45.127],[11.04,45.114],[11.097,45.096],[11.102,45.113],[11.127,45.103],[11.147,45.126],[11.332,45.09],[11.386,45.053],[11.426,45.066],[11.445,45.093],[11.411,45.122],[11.426,45.143],[11.406,45.252],[11.56,45.262],[11.602,45.244],[11.617,45.267],[11.58,45.297],[11.612,45.315],[11.627,45.353],[11.617,45.389],[11.697,45.44],[11.716,45.475],[11.745,45.477],[11.729,45.516],[11.754,45.529],[11.728,45.561],[11.658,45.538],[11.673,45.593],[11.646,45.594],[11.641,45.615],[11.654,45.64],[11.675,45.641],[11.716,45.681],[11.82,45.687],[11.826,45.774],[11.75,45.812],[11.743,45.842],[11.821,45.9],[11.861,45.883],[11.937,45.891],[11.973,45.963],[12.063,45.964],[12.11,46.003],[12.192,46.004],[12.331,46.082],[12.39,46.07],[12.4,46.042],[12.439,46.084],[12.481,46.102],[12.494,46.151],[12.45,46.182],[12.444,46.207],[12.404,46.208],[12.403,46.227],[12.371,46.223],[12.324,46.276],[12.363,46.32],[12.412,46.332],[12.458,46.365],[12.528,46.464],[12.54,46.455],[12.565,46.476],[12.661,46.468],[12.62,46.534],[12.627,46.559],[12.708,46.602],[12.71,46.625],[12.735,46.636],[12.691,46.657],[12.569,46.651],[12.518,46.678],[12.473,46.678],[12.382,46.644],[12.39,46.627],[12.371,46.62],[12.339,46.633],[12.284,46.617],[12.261,46.63],[12.211,46.61],[12.191,46.59],[12.241,46.566],[12.248,46.528],[12.23,46.505],[12.197,46.509],[12.136,46.464],[12.059,46.498],[12.028,46.445],[12.007,46.439],[11.951,46.478],[11.887,46.465],[11.892,46.444],[11.843,46.425],[11.834,46.372],[11.774,46.358],[11.828,46.327],[11.841,46.27],[11.884,46.279],[11.895,46.251],[11.922,46.248],[11.914,46.227],[11.963,46.191],[11.955,46.168],[11.929,46.176],[11.887,46.118],[11.689,46.095],[11.682,46.079],[11.704,46.054],[11.666,46.036],[11.69,45.989],[11.67,45.964],[11.588,45.969],[11.577,46.007],[11.543,46.014],[11.497,46.009],[11.447,45.981],[11.377,45.984],[11.382,45.943],[11.364,45.943],[11.366,45.904],[11.351,45.892],[11.223,45.927],[11.232,45.854],[11.198,45.818],[11.204,45.784],[11.173,45.786],[11.178,45.736],[11.123,45.689],[11.056,45.718],[11.026,45.705],[11.018,45.719],[10.968,45.68],[10.975,45.696],[10.943,45.673],[10.92,45.68],[10.907,45.707],[10.843,45.718],[10.885,45.776],[10.884,45.808],[10.825,45.838],[10.773,45.843],[10.661,45.831],[10.648,45.808],[10.667,45.782],[10.65,45.759],[10.603,45.733],[10.563,45.731],[10.567,45.756],[10.526,45.805],[10.544,45.817],[10.502,45.83],[10.504,45.874],[10.492,45.882],[10.511,45.916],[10.486,45.943],[10.488,45.972],[10.454,45.977],[10.453,45.991],[10.466,46.018],[10.501,46.039],[10.535,46.032],[10.592,46.081],[10.592,46.161],[10.515,46.161],[10.582,46.244],[10.56,46.283],[10.58,46.299],[10.566,46.326],[10.518,46.343],[10.52,46.356],[10.599,46.377],[10.626,46.399],[10.617,46.444],[10.555,46.49],[10.485,46.494],[10.419,46.551],[10.311,46.547],[10.269,46.578],[10.246,46.575],[10.254,46.614],[10.24,46.635],[10.099,46.605],[10.101,46.583],[10.047,46.544],[10.052,46.461],[10.04,46.445],[10.083,46.422],[10.128,46.431],[10.161,46.415],[10.163,46.394],[10.135,46.382],[10.106,46.342],[10.172,46.267],[10.145,46.231],[10.109,46.258],[10.059,46.253],[10,46.283],[10,46.313],[9.984,46.33],[9.996,46.346],[9.946,46.378],[9.925,46.366],[9.907,46.381],[9.769,46.336],[9.737,46.351],[9.703,46.291],[9.67,46.3],[9.639,46.286],[9.539,46.308],[9.494,46.365],[9.462,46.376],[9.464,46.474],[9.45,46.48],[9.464,46.508],[9.434,46.498],[9.414,46.468],[9.391,46.473],[9.365,46.508],[9.282,46.496],[9.27,46.453],[9.252,46.449],[9.253,46.429],[9.281,46.411],[9.295,46.318],[9.25,46.256],[9.249,46.234],[9.202,46.208],[9.184,46.171],[9.088,46.213],[9.078,46.261],[9.059,46.277],[9.056,46.296],[9.076,46.315],[9.064,46.327],[9.089,46.349],[9.087,46.389],[9.104,46.412],[9.085,46.476],[9.061,46.476],[9.025,46.509],[9.017,46.532],[9.034,46.597],[9.007,46.611],[8.972,46.603],[8.957,46.631],[8.909,46.617],[8.918,46.595],[8.899,46.582],[8.834,46.562],[8.679,46.579],[8.631,46.565],[8.628,46.577],[8.54,46.586],[8.512,46.559],[8.519,46.539],[8.482,46.531],[8.442,46.494],[8.392,46.495],[8.385,46.452],[8.299,46.417],[8.292,46.409],[8.316,46.398],[8.313,46.377],[8.269,46.366],[8.263,46.346],[8.229,46.337],[8.202,46.304],[8.141,46.302],[8.091,46.268],[8.084,46.261],[8.165,46.183],[8.151,46.143],[8.11,46.113],[8.039,46.1],[8.023,46.072],[8.034,46.044],[7.989,45.996],[7.909,45.997],[7.88,45.975],[7.862,45.82]]]}},{"type":"Feature","properties":{"NAME":"Duchy of Pomerania-Stettin","SUBJECTO":"Holy Roman Empire","PARTOF":"Holy Roman Empire","ADMIN_LEVEL":4,"OHM_RELATION_ID":2808068,"START_DATE":"1295","END_DATE":"1478-12-17"},"geometry":{"type":"MultiPolygon","coordinates":[[[[13.032,53.896],[12.891,53.871],[12.893,53.841],[12.779,53.767],[12.818,53.724],[12.878,53.717],[12.931,53.744],[12.977,53.733],[13.066,53.761],[13.1,53.752],[13.094,53.743],[13.117,53.735],[13.111,53.694],[13.074,53.692],[13.084,53.681],[13.069,53.669],[13.121,53.63],[13.174,53.645],[13.226,53.616],[13.249,53.617],[13.268,53.663],[13.413,53.708],[13.437,53.751],[13.502,53.744],[13.547,53.696],[13.642,53.704],[13.861,53.67],[13.761,53.622],[13.776,53.598],[13.817,53.592],[13.786,53.563],[13.868,53.581],[13.902,53.569],[13.88,53.504],[13.893,53.499],[13.894,53.514],[13.974,53.499],[13.96,53.496],[13.969,53.482],[14.024,53.466],[14.077,53.517],[14.166,53.514],[14.171,53.476],[14.242,53.422],[14.227,53.364],[14.107,53.281],[14.093,53.222],[14.121,53.164],[14.264,53.121],[14.301,53.185],[14.325,53.155],[14.371,53.136],[14.354,53.079],[14.34,53.075],[14.371,53.039],[14.428,53.022],[14.427,53.001],[14.521,52.963],[14.651,52.984],[14.732,53.037],[14.816,53.018],[14.81,53.033],[14.85,53.063],[14.85,53.103],[14.885,53.122],[14.969,53.087],[15.008,53.113],[15.041,53.113],[15.051,53.103],[15.018,53.078],[15.025,53.053],[15.072,53.058],[15.082,53.04],[15.131,53.03],[15.199,53.085],[15.212,53.068],[15.202,53.036],[15.228,53.029],[15.282,52.965],[15.375,52.977],[15.359,52.989],[15.395,53.001],[15.412,52.98],[15.458,53.01],[15.421,53.052],[15.389,53.063],[15.401,53.089],[15.348,53.113],[15.38,53.199],[15.352,53.209],[15.368,53.251],[15.292,53.25],[15.075,53.296],[15.042,53.36],[14.902,53.438],[14.851,53.504],[14.826,53.568],[14.634,53.534],[14.601,53.557],[14.582,53.622],[14.488,53.725],[13.848,53.845],[13.765,53.821],[13.666,53.822],[13.633,53.864],[13.482,53.89],[13.445,53.918],[13.384,53.911],[13.274,53.975],[13.199,53.963],[13.197,53.929],[13.122,53.894],[13.032,53.896]],[[15.217,53.147],[15.23,53.133],[15.189,53.116],[15.19,53.142],[15.217,53.147]],[[14.79,53.079],[14.748,53.068],[14.741,53.111],[14.771,53.116],[14.79,53.079]]]]}},{"type":"Feature","properties":{"NAME":"Electorate of Saxony(-Wittenberg)","SUBJECTO":"Holy Roman Empire","PARTOF":"Holy Roman Empire","ADMIN_LEVEL":4,"OHM_RELATION_ID":2808146,"START_DATE":"1356-01-10","END_DATE":"1423-01-06"},"geometry":{"type":"MultiPolygon","coordinates":[[[[11.693,51.725],[11.71,51.716],[11.725,51.726],[11.716,51.733],[11.693,51.725]]],[[[11.699,52.066],[11.732,52.028],[11.789,52.032],[11.825,52.01],[11.801,51.989],[11.738,52],[11.767,51.992],[11.764,51.969],[11.799,51.959],[11.829,51.919],[11.883,51.916],[11.873,51.934],[11.929,51.949],[11.884,51.979],[11.881,52.021],[11.837,52.037],[11.895,52.053],[11.908,52.041],[11.881,52.027],[11.937,52.034],[11.887,52.058],[11.904,52.068],[11.911,52.103],[11.928,52.102],[11.915,52.154],[11.928,52.182],[11.891,52.167],[11.911,52.14],[11.902,52.117],[11.753,52.094],[11.767,52.078],[11.733,52.045],[11.699,52.066]]],[[[11.895,52.327],[11.967,52.332],[11.926,52.356],[11.895,52.327]]],[[[11.964,51.999],[11.975,51.979],[12.024,51.971],[12.059,51.997],[12.053,52.019],[12.003,52.027],[11.994,52.007],[11.964,51.999]]],[[[12.102,51.587],[12.177,51.587],[12.169,51.55],[12.198,51.531],[12.223,51.53],[12.242,51.56],[12.343,51.576],[12.353,51.599],[12.404,51.61],[12.542,51.582],[12.513,51.663],[12.549,51.665],[12.57,51.685],[12.785,51.624],[12.812,51.631],[12.803,51.652],[12.816,51.66],[12.843,51.648],[12.889,51.668],[12.904,51.646],[12.938,51.645],[12.938,51.62],[12.965,51.607],[12.966,51.629],[13.028,51.592],[13.01,51.579],[13.012,51.556],[13.026,51.552],[13.071,51.577],[13.08,51.576],[13.071,51.576],[13.091,51.575],[13.084,51.576],[13.09,51.576],[13.082,51.578],[13.072,51.577],[13.073,51.578],[13.074,51.578],[13.081,51.582],[13.07,51.581],[13.071,51.583],[13.072,51.584],[13.082,51.585],[13.073,51.585],[13.073,51.586],[13.074,51.589],[13.078,51.596],[13.132,51.572],[13.189,51.577],[13.206,51.523],[13.274,51.525],[13.311,51.501],[13.277,51.483],[13.31,51.467],[13.305,51.437],[13.343,51.431],[13.383,51.427],[13.376,51.435],[13.407,51.451],[13.405,51.464],[13.365,51.458],[13.46,51.508],[13.494,51.482],[13.536,51.491],[13.589,51.474],[13.658,51.506],[13.653,51.543],[13.685,51.55],[13.442,51.552],[13.448,51.576],[13.434,51.589],[13.367,51.594],[13.382,51.614],[13.341,51.652],[13.404,51.669],[13.413,51.632],[13.442,51.639],[13.457,51.649],[13.45,51.679],[13.519,51.704],[13.545,51.744],[13.576,51.755],[13.571,51.769],[13.599,51.793],[13.594,51.808],[13.678,51.843],[13.577,51.842],[13.536,51.826],[13.463,51.849],[13.408,51.816],[13.354,51.833],[13.258,51.82],[13.228,51.838],[13.23,51.878],[13.165,51.884],[13.151,51.86],[13.119,51.883],[13.085,51.874],[13.085,51.9],[13.034,51.901],[13.039,51.918],[13.058,51.915],[13.056,51.941],[12.994,51.948],[12.992,51.961],[12.904,51.962],[12.931,51.994],[12.832,52.04],[12.844,52.052],[12.84,52.085],[12.779,52.094],[12.832,52.14],[12.819,52.152],[12.827,52.177],[12.855,52.188],[12.845,52.245],[12.911,52.274],[12.897,52.297],[12.788,52.289],[12.782,52.269],[12.836,52.247],[12.784,52.204],[12.623,52.24],[12.571,52.268],[12.568,52.252],[12.536,52.248],[12.525,52.225],[12.54,52.2],[12.497,52.199],[12.496,52.175],[12.448,52.178],[12.427,52.155],[12.358,52.137],[12.299,52.156],[12.264,52.138],[12.277,52.104],[12.316,52.092],[12.358,52.047],[12.434,52.018],[12.472,52.034],[12.538,51.988],[12.603,51.981],[12.603,51.971],[12.532,51.872],[12.499,51.856],[12.525,51.825],[12.515,51.809],[12.478,51.809],[12.435,51.783],[12.44,51.794],[12.418,51.802],[12.402,51.782],[12.382,51.8],[12.341,51.791],[12.361,51.709],[12.298,51.7],[12.308,51.686],[12.386,51.687],[12.312,51.657],[12.224,51.686],[12.198,51.716],[12.153,51.709],[12.195,51.673],[12.171,51.671],[12.211,51.672],[12.198,51.665],[12.22,51.62],[12.204,51.604],[12.102,51.587]]],[[[12.255,51.767],[12.275,51.733],[12.268,51.718],[12.305,51.733],[12.307,51.755],[12.287,51.756],[12.294,51.786],[12.255,51.767]]],[[[12.454,52.245],[12.496,52.231],[12.517,52.256],[12.464,52.265],[12.454,52.245]]],[[[13.082,52.196],[13.14,52.191],[13.144,52.203],[13.124,52.218],[13.128,52.237],[13.082,52.196]]],[[[13.086,51.546],[13.117,51.519],[13.151,51.531],[13.123,51.563],[13.086,51.546]]],[[[13.255,51.94],[13.269,51.895],[13.311,51.845],[13.336,51.91],[13.373,51.915],[13.378,51.93],[13.341,51.946],[13.255,51.94]]],[[[13.272,52.088],[13.327,52.077],[13.323,52.058],[13.358,52.044],[13.353,51.999],[13.315,51.989],[13.32,51.973],[13.356,51.958],[13.373,51.973],[13.45,51.972],[13.503,51.962],[13.668,52.019],[13.638,52.066],[13.541,52.097],[13.549,52.137],[13.532,52.143],[13.493,52.109],[13.272,52.088]]]]}},{"type":"Feature","properties":{"NAME":"Erfurt Territory","SUBJECTO":"Holy Roman Empire","PARTOF":"Holy Roman Empire","ADMIN_LEVEL":5,"OHM_RELATION_ID":2831882,"START_DATE":"1000","END_DATE":"1803-04-27"},"geometry":{"type":"MultiPolygon","coordinates":[[[[10.821,50.921],[10.819,50.889],[10.77,50.858],[10.785,50.844],[10.85,50.841],[10.87,50.871],[10.86,50.916],[10.821,50.921]]],[[[11.023,50.929],[10.97,50.922],[10.98,50.904],[11.055,50.91],[11.055,50.896],[11.007,50.895],[10.995,50.874],[11.015,50.861],[11.044,50.884],[11.121,50.899],[11.176,50.867],[11.211,50.871],[11.208,50.882],[11.246,50.875],[11.253,50.889],[11.221,50.95],[11.267,50.971],[11.266,50.985],[11.241,50.985],[11.226,50.997],[11.237,51.007],[11.195,51.021],[11.206,51.036],[11.177,51.07],[11.133,51.058],[11.128,51.082],[11.085,51.065],[11.044,51.08],[11.02,51.06],[11.025,51.031],[10.988,51.036],[10.968,51.079],[10.981,51.097],[10.97,51.124],[10.951,51.125],[10.95,51.101],[10.91,51.089],[10.838,51.095],[10.831,51.073],[10.869,51.058],[10.87,51.028],[10.913,51.012],[10.889,50.995],[10.809,51],[10.781,50.986],[10.832,50.99],[10.827,50.951],[10.894,50.961],[10.897,50.945],[10.873,50.932],[10.896,50.923],[10.939,50.947],[11,50.948],[11.023,50.929]],[[11.153,50.919],[11.191,50.91],[11.176,50.896],[11.121,50.913],[11.153,50.919]],[[11.17,50.94],[11.172,50.956],[11.188,50.948],[11.17,50.94]],[[11.108,51.035],[11.155,51.037],[11.188,51.022],[11.151,51.004],[11.108,51.035]]],[[[11.307,50.804],[11.355,50.815],[11.364,50.832],[11.405,50.833],[11.409,50.857],[11.379,50.865],[11.418,50.898],[11.395,50.902],[11.381,50.925],[11.344,50.927],[11.353,50.895],[11.289,50.867],[11.307,50.804]]],[[[11.093,51.112],[11.138,51.092],[11.175,51.106],[11.174,51.128],[11.16,51.159],[11.116,51.184],[11.08,51.149],[11.061,51.15],[11.064,51.129],[11.097,51.128],[11.093,51.112]]],[[[11.226,51.071],[11.229,51.049],[11.274,51.026],[11.312,51.054],[11.263,51.052],[11.266,51.073],[11.226,51.071]]],[[[11.287,51.127],[11.256,51.131],[11.255,51.103],[11.282,51.102],[11.287,51.127]]]]}},{"type":"Feature","properties":{"NAME":"Imperial Abbey of Berchtesgaden","SUBJECTO":"Holy Roman Empire","PARTOF":"Holy Roman Empire","ADMIN_LEVEL":4,"OHM_RELATION_ID":2830494,"START_DATE":"1194","END_DATE":"1559"},"geometry":{"type":"MultiPolygon","coordinates":[[[[12.898,47.692],[12.837,47.666],[12.851,47.646],[12.822,47.657],[12.78,47.634],[12.792,47.598],[12.781,47.581],[12.798,47.554],[12.847,47.546],[12.921,47.493],[12.995,47.478],[13.003,47.464],[13.047,47.492],[13.033,47.531],[13.058,47.561],[13.041,47.576],[13.07,47.586],[13.063,47.6],[13.098,47.642],[13.074,47.692],[13.018,47.723],[12.979,47.691],[12.952,47.706],[12.898,47.692]]]]}},{"type":"Feature","properties":{"NAME":"Imperial Abbey of Burtscheid","SUBJECTO":"Holy Roman Empire","PARTOF":"Holy Roman Empire","ADMIN_LEVEL":4,"OHM_RELATION_ID":2936190,"START_DATE":"1220","END_DATE":"1802-06-30"},"geometry":{"type":"MultiPolygon","coordinates":[[[[6.112,50.771],[6.085,50.758],[6.111,50.73],[6.123,50.756],[6.112,50.771]]]]}},{"type":"Feature","properties":{"NAME":"Imperial Abbey of Corvey","SUBJECTO":"Holy Roman Empire","PARTOF":"Holy Roman Empire","ADMIN_LEVEL":4,"OHM_RELATION_ID":2806962,"START_DATE":"1220","END_DATE":"1792"},"geometry":{"type":"MultiPolygon","coordinates":[[[[9.323,51.855],[9.251,51.775],[9.286,51.735],[9.266,51.72],[9.249,51.682],[9.258,51.674],[9.399,51.697],[9.394,51.732],[9.375,51.744],[9.445,51.792],[9.432,51.818],[9.461,51.86],[9.323,51.855]]]]}},{"type":"Feature","properties":{"NAME":"Imperial Abbey of Essen","SUBJECTO":"Holy Roman Empire","PARTOF":"Holy Roman Empire","ADMIN_LEVEL":4,"OHM_RELATION_ID":2831006,"START_DATE":"1228","END_DATE":"1803-04-27"},"geometry":{"type":"Polygon","coordinates":[[[6.813,51.482],[6.875,51.473],[6.911,51.43],[6.939,51.441],[6.944,51.439],[6.946,51.44],[7.046,51.419],[7.073,51.443],[7.079,51.438],[7.083,51.44],[7.079,51.447],[7.114,51.472],[7.098,51.5],[7.002,51.534],[6.971,51.508],[6.922,51.497],[6.813,51.482]]]}},{"type":"Feature","properties":{"NAME":"Imperial Abbey of Hersfeld","SUBJECTO":"Holy Roman Empire","PARTOF":"Holy Roman Empire","ADMIN_LEVEL":4,"OHM_RELATION_ID":2830973,"START_DATE":"0775","END_DATE":"1648-10-24"},"geometry":{"type":"MultiPolygon","coordinates":[[[[9.501,50.81],[9.553,50.784],[9.56,50.763],[9.601,50.759],[9.729,50.82],[9.74,50.807],[9.795,50.821],[9.829,50.791],[9.896,50.79],[9.899,50.817],[9.944,50.819],[9.956,50.815],[9.944,50.771],[9.978,50.779],[10.043,50.756],[10.052,50.725],[10.079,50.707],[10.093,50.735],[10.06,50.76],[10.082,50.784],[10.077,50.805],[10.041,50.844],[10.061,50.876],[9.991,50.852],[9.922,50.854],[9.944,50.845],[9.937,50.837],[9.899,50.841],[9.903,50.854],[9.813,50.857],[9.73,50.886],[9.759,50.899],[9.753,50.909],[9.598,50.93],[9.501,50.881],[9.501,50.81]]],[[[10.074,50.879],[10.189,50.853],[10.21,50.863],[10.185,50.866],[10.214,50.88],[10.211,50.894],[10.179,50.883],[10.17,50.902],[10.143,50.894],[10.137,50.907],[10.074,50.879]]]]}},{"type":"Feature","properties":{"NAME":"Imperial Abbey of Ottobeuren","SUBJECTO":"Holy Roman Empire","PARTOF":"Holy Roman Empire","ADMIN_LEVEL":4,"OHM_RELATION_ID":2830573,"START_DATE":"1299","END_DATE":"1624"},"geometry":{"type":"MultiPolygon","coordinates":[[[[10.402,47.98],[10.358,47.981],[10.331,48.019],[10.387,48.045],[10.377,48.068],[10.342,48.068],[10.291,48.037],[10.254,48.037],[10.267,48.02],[10.241,48.008],[10.242,47.98],[10.221,47.981],[10.201,47.953],[10.218,47.941],[10.256,47.956],[10.272,47.888],[10.305,47.865],[10.355,47.866],[10.362,47.888],[10.419,47.881],[10.413,47.901],[10.385,47.9],[10.363,47.921],[10.37,47.962],[10.402,47.98]]]]}},{"type":"Feature","properties":{"NAME":"Imperial Abbey of Thorn","SUBJECTO":"Holy Roman Empire","PARTOF":"Holy Roman Empire","ADMIN_LEVEL":4,"OHM_RELATION_ID":2831130,"START_DATE":"1292","END_DATE":"1797-10-17"},"geometry":{"type":"MultiPolygon","coordinates":[[[[5.739,51.202],[5.66,51.192],[5.691,51.169],[5.748,51.196],[5.739,51.202]]],[[[5.816,51.205],[5.794,51.235],[5.77,51.211],[5.795,51.195],[5.816,51.205]]],[[[5.848,51.245],[5.835,51.241],[5.871,51.214],[5.81,51.173],[5.855,51.147],[5.858,51.181],[5.895,51.238],[5.848,51.245]]]]}},{"type":"Feature","properties":{"NAME":"Imperial Abbey of Werden","SUBJECTO":"Holy Roman Empire","PARTOF":"Holy Roman Empire","ADMIN_LEVEL":4,"OHM_RELATION_ID":2831007,"START_DATE":"0877-05-22","END_DATE":"1803-04-27"},"geometry":{"type":"MultiPolygon","coordinates":[[[[6.926,51.429],[6.925,51.406],[6.897,51.389],[6.952,51.349],[6.991,51.359],[7.036,51.347],[7.117,51.381],[7.084,51.441],[7.046,51.419],[6.946,51.44],[6.926,51.429]]]]}},{"type":"Feature","properties":{"NAME":"Lordship of Ruppin","SUBJECTO":"Holy Roman Empire","PARTOF":"Holy Roman Empire","ADMIN_LEVEL":4,"OHM_RELATION_ID":2830612,"START_DATE":"1214","END_DATE":"1524"},"geometry":{"type":"MultiPolygon","coordinates":[[[[13.279,53.062],[13.234,53.056],[13.151,53.097],[13.106,53.099],[13.114,53.127],[13.132,53.134],[13.087,53.164],[13.061,53.157],[13.019,53.185],[12.98,53.163],[12.942,53.175],[12.968,53.199],[12.943,53.196],[12.912,53.154],[12.82,53.15],[12.739,53.119],[12.545,53.155],[12.511,53.146],[12.498,53.137],[12.627,53.07],[12.61,53.013],[12.653,53.003],[12.617,52.977],[12.518,52.963],[12.483,52.917],[12.456,52.922],[12.414,52.902],[12.364,52.847],[12.33,52.855],[12.351,52.842],[12.326,52.797],[12.282,52.796],[12.333,52.768],[12.396,52.771],[12.402,52.754],[12.539,52.753],[12.547,52.772],[12.726,52.823],[12.791,52.827],[12.856,52.785],[12.928,52.791],[12.986,52.829],[12.971,52.829],[13.094,52.841],[13.097,52.864],[13.155,52.866],[13.127,52.907],[13.154,52.921],[13.191,52.913],[13.245,52.937],[13.241,52.953],[13.184,52.956],[13.169,52.977],[13.238,53.014],[13.22,53.029],[13.236,53.053],[13.279,53.062]]],[[[13.072,53.2],[13.04,53.194],[13.056,53.179],[13.072,53.2]]]]}},{"type":"Feature","properties":{"NAME":"Moravia","SUBJECTO":"Holy Roman Empire","PARTOF":"Holy Roman Empire","ADMIN_LEVEL":4,"OHM_RELATION_ID":2830504,"START_DATE":"1182","END_DATE":"1742-07-28"},"geometry":{"type":"MultiPolygon","coordinates":[[[[16.983,48.69],[17.004,48.698],[17.002,48.721],[17.044,48.765],[17.088,48.787],[17.106,48.833],[17.146,48.837],[17.192,48.874],[17.322,48.845],[17.359,48.815],[17.4,48.815],[17.45,48.846],[17.524,48.812],[17.594,48.828],[17.633,48.855],[17.703,48.86],[17.792,48.925],[17.886,48.928],[17.922,49.018],[18.027,49.023],[18.09,49.056],[18.116,49.092],[18.109,49.137],[18.153,49.221],[18.149,49.249],[18.183,49.269],[18.189,49.289],[18.377,49.33],[18.414,49.367],[18.404,49.396],[18.475,49.408],[18.544,49.465],[18.541,49.493],[18.52,49.469],[18.461,49.457],[18.369,49.562],[18.357,49.61],[18.365,49.657],[18.306,49.728],[18.299,49.779],[18.275,49.801],[18.3,49.835],[18.276,49.867],[18.227,49.853],[18.214,49.825],[18.222,49.796],[18.195,49.782],[18.185,49.755],[18.009,49.678],[17.991,49.687],[17.98,49.736],[17.917,49.712],[17.891,49.781],[17.871,49.783],[17.843,49.731],[17.87,49.701],[17.846,49.656],[17.88,49.656],[17.93,49.621],[17.841,49.642],[17.868,49.607],[17.836,49.607],[17.766,49.647],[17.744,49.677],[17.763,49.693],[17.757,49.712],[17.699,49.725],[17.641,49.805],[17.655,49.819],[17.653,49.866],[17.837,49.873],[17.849,49.908],[17.882,49.937],[17.876,49.956],[17.847,49.958],[17.854,49.932],[17.804,49.916],[17.738,49.912],[17.71,49.895],[17.694,49.907],[17.6,49.877],[17.559,49.908],[17.539,49.901],[17.494,49.932],[17.475,49.926],[17.46,49.96],[17.429,49.969],[17.399,49.972],[17.411,49.948],[17.385,49.938],[17.322,49.984],[17.316,50.013],[17.239,50.055],[17.22,50.102],[17.154,50.124],[17.113,50.181],[17.074,50.187],[17.03,50.23],[17.001,50.216],[16.97,50.242],[16.951,50.222],[16.918,50.226],[16.877,50.199],[16.841,50.201],[16.801,50.132],[16.817,50.088],[16.805,50.052],[16.695,50.053],[16.734,49.955],[16.693,49.93],[16.683,49.904],[16.653,49.896],[16.655,49.852],[16.626,49.86],[16.57,49.835],[16.574,49.743],[16.533,49.741],[16.504,49.789],[16.412,49.789],[16.367,49.717],[16.474,49.686],[16.477,49.666],[16.514,49.655],[16.532,49.608],[16.465,49.605],[16.443,49.586],[16.424,49.595],[16.406,49.572],[16.349,49.612],[16.23,49.631],[16.223,49.665],[16.195,49.676],[16.139,49.691],[16.096,49.671],[16.05,49.708],[16.021,49.707],[15.979,49.671],[15.931,49.679],[15.916,49.663],[15.947,49.638],[15.987,49.632],[15.984,49.611],[15.949,49.592],[15.878,49.588],[15.883,49.559],[15.813,49.468],[15.792,49.47],[15.779,49.45],[15.7,49.45],[15.692,49.431],[15.648,49.454],[15.64,49.428],[15.609,49.432],[15.587,49.41],[15.513,49.41],[15.467,49.345],[15.413,49.318],[15.358,49.337],[15.384,49.319],[15.346,49.315],[15.335,49.271],[15.278,49.277],[15.269,49.249],[15.279,49.247],[15.238,49.254],[15.22,49.227],[15.191,49.236],[15.137,49.187],[15.182,49.173],[15.21,49.212],[15.276,49.203],[15.209,49.184],[15.235,49.176],[15.226,49.151],[15.26,49.119],[15.234,49.089],[15.264,49.078],[15.227,49.085],[15.212,49.059],[15.286,49.016],[15.301,48.98],[15.35,48.984],[15.474,48.947],[15.52,48.913],[15.621,48.894],[15.69,48.856],[15.752,48.852],[15.784,48.874],[15.837,48.877],[15.851,48.858],[15.93,48.834],[15.933,48.82],[15.96,48.821],[15.951,48.804],[15.995,48.779],[16.082,48.749],[16.384,48.731],[16.438,48.769],[16.462,48.809],[16.544,48.811],[16.606,48.781],[16.867,48.788],[16.895,48.716],[16.919,48.714],[16.936,48.686],[16.976,48.688],[16.973,48.678],[16.983,48.69]]],[[[17.792,49.758],[17.823,49.756],[17.802,49.767],[17.792,49.758]]],[[[18.06,49.728],[18.001,49.718],[18.034,49.696],[18.063,49.703],[18.06,49.728]]],[[[17.954,49.795],[17.966,49.779],[18.006,49.786],[17.988,49.806],[17.954,49.795]]],[[[17.796,49.969],[17.808,49.956],[17.828,49.962],[17.796,49.969]]],[[[17.62,50.171],[17.759,50.207],[17.765,50.236],[17.727,50.256],[17.747,50.294],[17.718,50.321],[17.693,50.327],[17.682,50.297],[17.612,50.266],[17.584,50.278],[17.487,50.274],[17.434,50.253],[17.425,50.234],[17.427,50.205],[17.518,50.212],[17.542,50.189],[17.606,50.189],[17.62,50.171]]],[[[17.98,49.922],[17.981,49.886],[17.994,49.902],[17.98,49.922]]],[[[18.005,50.05],[18.05,50.081],[18.076,50.083],[18.077,50.068],[18.081,50.092],[18.095,50.06],[18.123,50.065],[18.065,50.113],[17.974,50.127],[17.951,50.108],[17.948,50.07],[18.005,50.05]]]]}},{"type":"Feature","properties":{"NAME":"Peasant Republic of Dithmarschen","SUBJECTO":"Holy Roman Empire","PARTOF":"Holy Roman Empire","ADMIN_LEVEL":4,"OHM_RELATION_ID":2815118,"START_DATE":"1227","END_DATE":"1447"},"geometry":{"type":"MultiPolygon","coordinates":[[[[9.394,54.289],[9.304,54.272],[9.26,54.305],[9.272,54.318],[9.258,54.344],[9.22,54.346],[9.228,54.327],[9.198,54.32],[9.172,54.334],[9.16,54.318],[9.09,54.37],[8.998,54.374],[8.982,54.352],[8.995,54.339],[8.97,54.317],[8.872,54.264],[8.84,54.265],[8.832,54.22],[8.81,54.205],[8.801,54.174],[8.821,54.137],[8.865,54.116],[8.903,54.13],[8.932,54.124],[8.983,54.05],[8.914,54.027],[8.868,54.04],[8.837,54.03],[8.896,53.988],[8.927,53.923],[8.973,53.897],[9.017,53.905],[9.023,53.88],[9.2,53.88],[9.209,53.931],[9.299,53.994],[9.29,54.037],[9.315,54.073],[9.305,54.126],[9.443,54.173],[9.43,54.207],[9.444,54.24],[9.394,54.289]]]]}},{"type":"Feature","properties":{"NAME":"Prince-Archbishopric of Bremen","SUBJECTO":"Holy Roman Empire","PARTOF":"Holy Roman Empire","ADMIN_LEVEL":4,"OHM_RELATION_ID":2694912,"START_DATE":"1381","END_DATE":"1648-05-15"},"geometry":{"type":"MultiPolygon","coordinates":[[[[8.467,53.633],[8.502,53.604],[8.569,53.602],[8.606,53.608],[8.626,53.626],[8.626,53.651],[8.646,53.66],[8.692,53.641],[8.738,53.653],[8.762,53.691],[8.703,53.769],[8.585,53.791],[8.569,53.814],[8.538,53.82],[8.474,53.712],[8.47,53.661],[8.467,53.633]]],[[[8.482,53.235],[8.525,53.191],[8.618,53.168],[8.627,53.151],[8.631,53.16],[8.699,53.16],[8.683,53.14],[8.629,53.148],[8.638,53.132],[8.697,53.119],[8.755,53.126],[8.77,53.149],[8.808,53.151],[8.824,53.13],[8.846,53.143],[8.911,53.133],[8.955,53.158],[8.997,53.109],[8.964,53.089],[8.961,53.047],[8.884,53.063],[8.84,53.103],[8.858,53.07],[8.833,53.068],[8.872,53.058],[8.87,53.031],[8.896,53.013],[8.967,52.994],[8.965,52.948],[8.931,52.923],[8.95,52.895],[8.982,52.889],[8.999,52.92],[9.021,52.926],[9.119,52.9],[9.177,52.919],[9.178,52.927],[9.169,52.932],[9.179,52.935],[9.184,52.985],[9.223,53.079],[9.341,53.136],[9.364,53.201],[9.335,53.238],[9.365,53.271],[9.347,53.308],[9.361,53.32],[9.45,53.315],[9.584,53.358],[9.582,53.356],[9.617,53.367],[9.622,53.389],[9.677,53.41],[9.671,53.429],[9.693,53.462],[9.734,53.484],[9.792,53.489],[9.75,53.526],[9.667,53.55],[9.551,53.616],[9.469,53.694],[9.385,53.727],[9.35,53.759],[9.378,53.795],[9.322,53.85],[9.249,53.875],[9.107,53.879],[8.959,53.849],[8.963,53.697],[8.936,53.665],[8.955,53.659],[8.942,53.613],[8.959,53.594],[8.975,53.504],[8.935,53.5],[8.866,53.541],[8.719,53.544],[8.696,53.533],[8.649,53.552],[8.567,53.539],[8.571,53.494],[8.556,53.487],[8.566,53.475],[8.528,53.423],[8.493,53.419],[8.501,53.351],[8.482,53.235]]]]}},{"type":"Feature","properties":{"NAME":"Prince-Archbishopric of Magdeburg","SUBJECTO":"Holy Roman Empire","PARTOF":"Holy Roman Empire","ADMIN_LEVEL":4,"OHM_RELATION_ID":2809710,"START_DATE":"1180","END_DATE":"1680-06-04"},"geometry":{"type":"MultiPolygon","coordinates":[[[[10.934,52.46],[11.022,52.393],[11.066,52.373],[11.148,52.385],[11.146,52.419],[11.092,52.451],[11.056,52.506],[10.943,52.492],[10.934,52.46]]],[[[10.944,52.1],[10.971,52.081],[10.968,52.053],[10.987,52.052],[11.13,52.061],[11.188,52.105],[11.24,52.062],[11.273,52.066],[11.321,52.026],[11.317,52.006],[11.27,52.014],[11.264,51.998],[11.294,51.989],[11.292,51.958],[11.3,51.972],[11.352,51.961],[11.373,51.935],[11.34,51.9],[11.365,51.882],[11.423,51.929],[11.465,51.939],[11.511,51.927],[11.541,51.882],[11.531,51.874],[11.563,51.855],[11.67,51.855],[11.693,51.859],[11.675,51.872],[11.828,51.872],[11.86,51.816],[11.937,51.882],[11.959,51.87],[11.964,51.845],[11.951,51.807],[11.926,51.802],[11.944,51.791],[11.988,51.791],[11.973,51.801],[12.052,51.832],[12.107,51.826],[12.104,51.806],[12.139,51.818],[12.144,51.866],[12.026,51.863],[11.935,51.945],[11.915,51.945],[11.89,51.938],[11.876,51.929],[11.883,51.916],[11.859,51.917],[11.854,51.913],[11.843,51.918],[11.829,51.919],[11.822,51.928],[11.792,51.943],[11.691,51.931],[11.695,51.954],[11.68,51.956],[11.697,51.967],[11.764,51.976],[11.765,51.977],[11.737,51.995],[11.741,51.999],[11.738,52],[11.741,52],[11.745,52.004],[11.801,51.989],[11.821,52.007],[11.789,52.032],[11.732,52.028],[11.692,52.067],[11.705,52.06],[11.699,52.066],[11.733,52.045],[11.762,52.073],[11.751,52.093],[11.755,52.093],[11.753,52.094],[11.801,52.102],[11.8,52.102],[11.906,52.129],[11.908,52.134],[11.879,52.18],[11.812,52.216],[11.888,52.269],[11.916,52.28],[11.947,52.27],[11.971,52.247],[11.945,52.234],[11.951,52.217],[11.993,52.215],[11.993,52.199],[11.927,52.198],[11.931,52.167],[11.915,52.154],[11.928,52.102],[11.911,52.103],[11.904,52.068],[11.887,52.058],[11.94,52.043],[11.928,52.039],[11.937,52.034],[11.902,52.03],[11.886,52.024],[11.899,52.017],[11.885,52.015],[11.883,51.988],[11.884,51.985],[11.902,51.967],[11.897,51.973],[11.927,51.966],[11.901,51.982],[11.911,52.002],[11.994,52.007],[12.003,52.027],[12.006,52.027],[12.011,52.034],[12.052,52.045],[12.031,52.048],[12.039,52.063],[12.178,52.077],[12.212,52.103],[12.266,52.1],[12.277,52.104],[12.257,52.134],[12.295,52.155],[12.296,52.154],[12.299,52.156],[12.358,52.137],[12.422,52.154],[12.443,52.177],[12.435,52.196],[12.398,52.195],[12.334,52.222],[12.257,52.233],[12.158,52.219],[12.136,52.253],[12.134,52.265],[12.206,52.279],[12.244,52.266],[12.312,52.344],[12.342,52.338],[12.345,52.311],[12.368,52.307],[12.458,52.318],[12.466,52.328],[12.426,52.354],[12.477,52.395],[12.39,52.396],[12.388,52.432],[12.366,52.429],[12.362,52.44],[12.437,52.462],[12.451,52.49],[12.315,52.527],[12.304,52.545],[12.324,52.549],[12.314,52.614],[12.334,52.652],[12.302,52.669],[12.238,52.667],[12.197,52.719],[12.222,52.74],[12.206,52.761],[12.224,52.776],[12.213,52.795],[12.166,52.804],[12.141,52.783],[12.109,52.783],[12.066,52.818],[12.023,52.812],[12.039,52.726],[12.01,52.661],[12.016,52.625],[11.964,52.524],[11.999,52.466],[11.968,52.405],[11.864,52.412],[11.835,52.389],[11.766,52.379],[11.772,52.4],[11.722,52.409],[11.696,52.401],[11.698,52.371],[11.67,52.351],[11.623,52.361],[11.626,52.375],[11.672,52.382],[11.67,52.396],[11.637,52.404],[11.619,52.379],[11.466,52.374],[11.452,52.359],[11.404,52.375],[11.394,52.353],[11.352,52.338],[11.313,52.353],[11.302,52.328],[11.194,52.311],[11.193,52.296],[11.171,52.294],[11.186,52.273],[11.258,52.245],[11.261,52.229],[11.284,52.229],[11.303,52.201],[11.236,52.183],[11.219,52.185],[11.234,52.204],[11.132,52.287],[11.094,52.289],[11.066,52.275],[11.085,52.237],[11.077,52.224],[11.026,52.21],[11.012,52.188],[11.061,52.168],[11.034,52.13],[10.944,52.1]],[[11.895,52.327],[11.926,52.356],[11.967,52.332],[11.895,52.327]],[[12.062,52.212],[12.07,52.23],[12.121,52.226],[12.1,52.207],[12.062,52.212]],[[12.073,52.17],[12.127,52.188],[12.183,52.168],[12.166,52.151],[12.142,52.159],[12.149,52.146],[12.109,52.124],[12.113,52.147],[12.073,52.17]]],[[[11.604,51.666],[11.744,51.63],[11.759,51.583],[11.825,51.574],[11.819,51.533],[11.842,51.513],[11.833,51.498],[11.863,51.493],[11.848,51.473],[11.801,51.466],[11.836,51.424],[11.853,51.46],[11.943,51.481],[11.955,51.48],[11.926,51.446],[11.963,51.41],[12.013,51.402],[12.05,51.422],[12.045,51.393],[12.064,51.388],[12.083,51.391],[12.09,51.423],[12.117,51.418],[12.165,51.407],[12.17,51.423],[12.151,51.459],[12.077,51.454],[12.039,51.488],[12.088,51.485],[12.054,51.494],[12.071,51.512],[12.128,51.517],[12.078,51.534],[12.16,51.551],[12.165,51.576],[12.019,51.592],[12.02,51.58],[11.98,51.575],[11.986,51.597],[11.953,51.601],[11.964,51.623],[11.92,51.622],[11.945,51.631],[11.934,51.634],[11.949,51.667],[11.913,51.648],[11.808,51.689],[11.798,51.724],[11.769,51.751],[11.7,51.744],[11.723,51.732],[11.721,51.729],[11.725,51.726],[11.71,51.716],[11.624,51.732],[11.615,51.703],[11.635,51.7],[11.604,51.666]]],[[[11.867,51.741],[11.907,51.727],[11.909,51.74],[11.884,51.751],[11.867,51.741]]],[[[12.882,52.017],[12.931,51.994],[12.93,51.994],[12.932,51.993],[12.929,51.992],[12.912,51.973],[12.918,51.962],[12.922,51.962],[12.97,51.975],[12.982,51.961],[12.992,51.961],[12.994,51.948],[13.056,51.941],[13.057,51.937],[13.057,51.936],[13.058,51.915],[13.039,51.918],[13.034,51.902],[13.083,51.906],[13.083,51.9],[13.085,51.9],[13.085,51.874],[13.119,51.883],[13.122,51.881],[13.132,51.882],[13.154,51.864],[13.161,51.878],[13.162,51.883],[13.164,51.883],[13.165,51.884],[13.224,51.879],[13.267,51.9],[13.255,51.94],[13.341,51.946],[13.353,51.947],[13.378,51.93],[13.373,51.915],[13.336,51.91],[13.31,51.831],[13.323,51.829],[13.354,51.833],[13.404,51.818],[13.429,51.829],[13.463,51.849],[13.469,51.847],[13.473,51.846],[13.512,51.833],[13.505,51.866],[13.575,51.889],[13.558,51.901],[13.542,51.879],[13.516,51.879],[13.521,51.906],[13.482,51.933],[13.454,51.927],[13.451,51.967],[13.441,51.972],[13.373,51.973],[13.363,51.958],[13.358,51.96],[13.356,51.958],[13.32,51.973],[13.315,51.989],[13.353,51.999],[13.358,52.043],[13.347,52.048],[13.323,52.058],[13.327,52.077],[13.274,52.085],[13.222,52.12],[13.194,52.155],[13.192,52.191],[13.218,52.235],[13.17,52.268],[13.107,52.245],[13.098,52.218],[12.984,52.147],[12.952,52.143],[12.982,52.129],[12.993,52.096],[12.939,52.107],[12.909,52.064],[12.976,52.025],[12.904,52.036],[12.882,52.017]],[[13.082,52.196],[13.128,52.237],[13.124,52.218],[13.144,52.203],[13.14,52.191],[13.082,52.196]]]]}},{"type":"Feature","properties":{"NAME":"Prince-Archbishopric of Salzburg","SUBJECTO":"Holy Roman Empire","PARTOF":"Holy Roman Empire","ADMIN_LEVEL":4,"OHM_RELATION_ID":2852598,"START_DATE":"1328","END_DATE":"1505-07-30"},"geometry":{"type":"MultiPolygon","coordinates":[[[[11.639,47.13],[11.693,47.13],[11.675,47.095],[11.692,47.102],[11.728,47.078],[11.744,47.061],[11.733,47.031],[11.791,46.99],[11.979,47.05],[12.077,47.059],[12.092,47.076],[12.198,47.089],[12.251,47.071],[12.346,47.109],[12.424,47.092],[12.506,47.045],[12.487,47.029],[12.487,47.003],[12.504,46.998],[12.503,46.952],[12.426,46.948],[12.454,46.926],[12.423,46.899],[12.425,46.938],[12.343,46.962],[12.326,46.952],[12.337,46.926],[12.324,46.88],[12.388,46.869],[12.456,46.885],[12.461,46.865],[12.516,46.868],[12.507,46.851],[12.535,46.854],[12.577,46.904],[12.608,46.907],[12.575,46.93],[12.604,46.987],[12.585,47.081],[12.607,47.103],[12.592,47.126],[12.657,47.1],[12.673,47.109],[12.666,47.122],[12.731,47.131],[12.738,47.101],[12.937,47.078],[12.966,47.039],[13.02,47.041],[13.073,47.014],[13.083,47.027],[13.25,47.052],[13.248,47.086],[13.278,47.095],[13.355,47.098],[13.398,47.071],[13.458,47.079],[13.694,47.04],[13.705,46.997],[13.791,46.99],[13.809,46.951],[13.857,46.992],[13.902,47.062],[13.883,47.105],[13.94,47.137],[13.994,47.14],[13.897,47.176],[13.85,47.23],[13.864,47.253],[13.824,47.267],[13.823,47.289],[13.79,47.289],[13.761,47.267],[13.718,47.278],[13.713,47.26],[13.605,47.284],[13.6,47.337],[13.564,47.414],[13.59,47.466],[13.478,47.526],[13.48,47.569],[13.506,47.583],[13.522,47.62],[13.485,47.641],[13.55,47.714],[13.436,47.739],[13.465,47.786],[13.514,47.772],[13.536,47.776],[13.53,47.793],[13.451,47.804],[13.391,47.794],[13.29,47.824],[13.296,47.858],[13.271,47.891],[13.283,47.895],[13.278,47.949],[13.307,47.964],[13.357,47.954],[13.379,47.983],[13.111,47.981],[13.044,48.028],[13.047,48.04],[12.974,48.024],[12.936,48.036],[12.891,47.991],[12.861,47.997],[12.77,48.067],[12.749,48.107],[12.714,48.111],[12.666,48.075],[12.589,48.065],[12.576,48.03],[12.545,48.014],[12.544,47.996],[12.646,47.969],[12.71,47.925],[12.685,47.901],[12.766,47.788],[12.831,47.779],[12.848,47.755],[12.89,47.745],[12.928,47.77],[12.942,47.771],[12.904,47.727],[12.909,47.695],[12.952,47.706],[12.985,47.695],[13.018,47.723],[13.074,47.692],[13.098,47.642],[13.063,47.6],[13.071,47.589],[13.069,47.588],[13.07,47.586],[13.045,47.578],[13.049,47.57],[13.058,47.561],[13.033,47.532],[13.047,47.492],[13.009,47.465],[13.006,47.466],[13.003,47.464],[13.001,47.468],[12.921,47.493],[12.847,47.546],[12.798,47.554],[12.781,47.574],[12.783,47.577],[12.781,47.581],[12.791,47.597],[12.76,47.65],[12.784,47.672],[12.606,47.674],[12.575,47.633],[12.574,47.604],[12.665,47.581],[12.634,47.547],[12.706,47.48],[12.64,47.465],[12.618,47.41],[12.502,47.389],[12.482,47.373],[12.496,47.348],[12.48,47.326],[12.375,47.312],[12.338,47.324],[12.342,47.379],[12.362,47.412],[12.342,47.458],[12.256,47.476],[12.205,47.462],[12.152,47.484],[12.063,47.425],[12.083,47.371],[12.053,47.327],[11.936,47.332],[11.923,47.361],[11.889,47.379],[11.787,47.352],[11.745,47.283],[11.748,47.212],[11.668,47.197],[11.673,47.16],[11.639,47.13]],[[11.802,47.279],[11.837,47.323],[11.921,47.331],[11.928,47.308],[12.022,47.317],[12.005,47.271],[11.944,47.249],[11.945,47.262],[11.889,47.276],[11.874,47.299],[11.837,47.292],[11.807,47.252],[11.802,47.279]]],[[[12.465,48.239],[12.486,48.222],[12.536,48.221],[12.578,48.241],[12.534,48.276],[12.465,48.239]]],[[[12.857,46.76],[12.899,46.777],[12.932,46.764],[12.966,46.787],[12.906,46.823],[12.873,46.811],[12.857,46.76]]],[[[12.991,46.711],[13.091,46.699],[13.104,46.685],[13.208,46.697],[13.26,46.736],[13.315,46.731],[13.377,46.756],[13.417,46.847],[13.344,46.876],[13.315,46.854],[13.225,46.837],[13.284,46.783],[13.286,46.753],[13.215,46.749],[13.183,46.729],[13.004,46.726],[12.991,46.711]]],[[[13.019,46.889],[13.046,46.88],[13.037,46.893],[13.019,46.889]]],[[[14.23,46.991],[14.25,46.848],[14.409,46.89],[14.544,46.858],[14.556,46.892],[14.55,46.973],[14.591,47.003],[14.477,47.02],[14.459,46.998],[14.388,46.98],[14.366,47.025],[14.233,47.028],[14.247,47.008],[14.23,46.991]]],[[[14.778,46.747],[14.829,46.727],[14.858,46.778],[14.805,46.791],[14.778,46.747]]]]}},{"type":"Feature","properties":{"NAME":"Prince-Bishopric of Bamberg","SUBJECTO":"Holy Roman Empire","PARTOF":"Holy Roman Empire","ADMIN_LEVEL":4,"OHM_RELATION_ID":2830379,"START_DATE":"1245","END_DATE":"1803-04-27"},"geometry":{"type":"MultiPolygon","coordinates":[[[[10.359,49.718],[10.384,49.706],[10.395,49.711],[10.401,49.719],[10.403,49.714],[10.41,49.718],[10.408,49.693],[10.381,49.684],[10.395,49.673],[10.488,49.718],[10.404,49.745],[10.359,49.718]]],[[[10.516,49.948],[10.563,49.953],[10.618,49.991],[10.69,49.974],[10.659,50.041],[10.539,50.024],[10.517,49.992],[10.516,49.948]]],[[[10.528,49.897],[10.53,49.883],[10.567,49.884],[10.556,49.865],[10.578,49.859],[10.6,49.89],[10.626,49.891],[10.627,49.876],[10.601,49.856],[10.65,49.821],[10.631,49.801],[10.651,49.797],[10.65,49.738],[10.702,49.694],[10.793,49.66],[10.846,49.663],[10.866,49.636],[10.813,49.622],[10.828,49.604],[10.852,49.604],[10.835,49.592],[10.866,49.547],[10.835,49.534],[10.875,49.529],[10.903,49.534],[10.926,49.523],[10.937,49.545],[10.898,49.555],[10.917,49.574],[10.961,49.574],[10.971,49.583],[10.989,49.616],[10.971,49.623],[10.976,49.661],[11.034,49.673],[11.061,49.663],[11.012,49.602],[11.069,49.608],[11.092,49.596],[11.177,49.59],[11.2,49.607],[11.173,49.612],[11.2,49.647],[11.147,49.645],[11.197,49.672],[11.191,49.691],[11.225,49.698],[11.261,49.694],[11.271,49.684],[11.343,49.678],[11.477,49.758],[11.47,49.772],[11.496,49.805],[11.471,49.838],[11.48,49.844],[11.471,49.848],[11.488,49.859],[11.436,49.883],[11.405,49.896],[11.372,49.892],[11.354,49.917],[11.376,49.931],[11.28,49.972],[11.26,50.006],[11.29,50.023],[11.285,50.035],[11.325,50.05],[11.32,50.077],[11.358,50.095],[11.367,50.126],[11.385,50.131],[11.399,50.161],[11.363,50.159],[11.36,50.176],[11.383,50.194],[11.406,50.18],[11.437,50.186],[11.507,50.149],[11.542,50.149],[11.571,50.192],[11.543,50.222],[11.575,50.257],[11.536,50.266],[11.564,50.281],[11.559,50.306],[11.534,50.317],[11.54,50.342],[11.521,50.355],[11.519,50.389],[11.479,50.401],[11.478,50.433],[11.344,50.445],[11.317,50.468],[11.27,50.394],[11.285,50.36],[11.268,50.354],[11.277,50.336],[11.265,50.338],[11.252,50.293],[11.262,50.275],[11.198,50.292],[11.189,50.271],[11.246,50.227],[11.171,50.209],[11.191,50.201],[11.174,50.187],[11.033,50.219],[10.988,50.213],[11.007,50.2],[10.993,50.177],[10.903,50.15],[10.824,50.096],[10.828,50.077],[10.876,50.062],[10.883,50.038],[10.754,50.03],[10.723,50.044],[10.708,50.035],[10.769,49.972],[10.759,49.96],[10.677,49.94],[10.607,49.948],[10.615,49.939],[10.595,49.922],[10.528,49.897]],[[10.796,49.92],[10.845,49.908],[10.802,49.885],[10.796,49.92]],[[10.867,49.687],[10.903,49.682],[10.874,49.673],[10.867,49.687]],[[11.181,49.737],[11.199,49.746],[11.213,49.729],[11.19,49.723],[11.181,49.737]],[[11.192,49.845],[11.229,49.841],[11.234,49.874],[11.192,49.891],[11.262,49.899],[11.276,49.887],[11.26,49.873],[11.307,49.785],[11.209,49.781],[11.192,49.845]],[[11.375,50.233],[11.386,50.246],[11.451,50.24],[11.459,50.226],[11.419,50.202],[11.378,50.224],[11.38,50.229],[11.375,50.233]]],[[[10.771,50.204],[10.787,50.177],[10.921,50.211],[10.931,50.233],[10.852,50.251],[10.827,50.238],[10.837,50.221],[10.827,50.214],[10.771,50.204]]],[[[10.902,49.459],[10.929,49.445],[10.975,49.455],[11.015,49.412],[11.059,49.414],[11.03,49.43],[11.012,49.494],[10.989,49.497],[10.985,49.52],[10.951,49.505],[10.956,49.478],[10.902,49.459]]],[[[11.513,49.608],[11.54,49.602],[11.564,49.574],[11.596,49.606],[11.563,49.635],[11.517,49.627],[11.513,49.608]]],[[[11.542,50.149],[11.545,50.125],[11.58,50.116],[11.607,50.143],[11.65,50.138],[11.643,50.103],[11.625,50.088],[11.701,50.075],[11.714,50.103],[11.676,50.14],[11.702,50.151],[11.661,50.169],[11.681,50.194],[11.655,50.21],[11.666,50.227],[11.654,50.254],[11.695,50.258],[11.693,50.273],[11.73,50.299],[11.722,50.31],[11.598,50.259],[11.605,50.225],[11.626,50.207],[11.578,50.153],[11.542,50.149]]],[[[11.699,49.657],[11.741,49.62],[11.793,49.617],[11.826,49.596],[11.919,49.602],[11.944,49.609],[11.925,49.63],[11.905,49.626],[11.904,49.666],[11.851,49.691],[11.839,49.677],[11.82,49.688],[11.699,49.657]]]]}},{"type":"Feature","properties":{"NAME":"Prince-Bishopric of Basel","SUBJECTO":"Holy Roman Empire","PARTOF":"Holy Roman Empire","ADMIN_LEVEL":4,"OHM_RELATION_ID":2852254,"START_DATE":"1032","END_DATE":"1797-10-17"},"geometry":{"type":"MultiPolygon","coordinates":[[[[6.842,47.172],[6.854,47.162],[6.862,47.166],[6.889,47.131],[6.869,47.087],[7.028,47.127],[7.041,47.124],[7.032,47.109],[7.089,47.083],[7.083,47.068],[7.084,47.066],[7.11,47.066],[7.152,47.114],[7.2,47.134],[7.241,47.128],[7.294,47.161],[7.386,47.148],[7.341,47.193],[7.341,47.217],[7.422,47.242],[7.416,47.253],[7.532,47.295],[7.572,47.326],[7.524,47.371],[7.437,47.379],[7.444,47.401],[7.519,47.388],[7.53,47.414],[7.572,47.417],[7.575,47.438],[7.614,47.436],[7.627,47.463],[7.605,47.47],[7.614,47.521],[7.594,47.519],[7.555,47.564],[7.5,47.54],[7.53,47.53],[7.53,47.462],[7.456,47.449],[7.437,47.46],[7.421,47.446],[7.456,47.428],[7.438,47.413],[7.376,47.414],[7.38,47.428],[7.339,47.441],[7.245,47.421],[7.231,47.439],[7.196,47.435],[7.176,47.443],[7.195,47.489],[7.128,47.504],[7.081,47.49],[7.037,47.498],[7.011,47.484],[6.996,47.45],[6.942,47.434],[6.938,47.406],[6.917,47.405],[6.882,47.361],[7.018,47.373],[7.062,47.344],[7.046,47.326],[6.967,47.325],[7.009,47.32],[7.01,47.297],[6.928,47.281],[6.93,47.258],[6.955,47.243],[6.842,47.172]]],[[[7.519,47.674],[7.539,47.648],[7.565,47.666],[7.549,47.681],[7.519,47.674]]],[[[7.551,47.744],[7.58,47.735],[7.631,47.724],[7.605,47.775],[7.574,47.776],[7.551,47.744]]]]}},{"type":"Feature","properties":{"NAME":"Prince-Bishopric of Cammin","SUBJECTO":"Holy Roman Empire","PARTOF":"Holy Roman Empire","ADMIN_LEVEL":4,"OHM_RELATION_ID":2696470,"START_DATE":"1248","END_DATE":"1650"},"geometry":{"type":"MultiPolygon","coordinates":[[[[15.355,54.21],[15.432,54.11],[15.416,54.079],[15.433,54.039],[15.578,53.994],[15.508,53.913],[15.601,53.865],[15.683,53.88],[15.712,53.869],[15.768,53.954],[15.969,54.072],[16.068,54.111],[16.156,54.047],[16.13,54.028],[16.195,54.005],[16.16,53.989],[16.17,53.981],[16.283,53.958],[16.291,53.985],[16.314,53.989],[16.427,53.969],[16.563,53.904],[16.621,53.902],[16.63,53.871],[16.62,53.862],[16.666,53.853],[16.662,53.833],[16.712,53.813],[16.789,53.81],[16.791,53.849],[16.824,53.868],[16.818,53.893],[16.773,53.868],[16.753,53.875],[16.728,53.911],[16.761,53.906],[16.778,53.927],[16.878,53.957],[16.87,53.978],[16.822,54],[16.741,53.984],[16.69,54.026],[16.648,54.033],[16.654,54.053],[16.631,54.08],[16.586,54.099],[16.545,54.083],[16.52,54.114],[16.528,54.123],[16.404,54.141],[16.265,54.235],[16.154,54.358],[16.027,54.311],[15.813,54.29],[15.479,54.219],[15.355,54.21]]]]}},{"type":"Feature","properties":{"NAME":"Prince-Bishopric of Eichstätt","SUBJECTO":"Holy Roman Empire","PARTOF":"Holy Roman Empire","ADMIN_LEVEL":4,"OHM_RELATION_ID":2830374,"START_DATE":"1305-10-19","END_DATE":"1803-04-27"},"geometry":{"type":"MultiPolygon","coordinates":[[[[10.998,48.87],[11.008,48.86],[10.999,48.841],[11.141,48.848],[11.148,48.83],[11.014,48.824],[11.032,48.795],[11.078,48.79],[11.127,48.814],[11.232,48.775],[11.326,48.76],[11.348,48.777],[11.325,48.787],[11.331,48.812],[11.405,48.849],[11.387,48.899],[11.492,48.921],[11.501,48.932],[11.484,48.959],[11.517,48.954],[11.517,48.972],[11.595,49.017],[11.535,49.043],[11.534,49.095],[11.485,49.108],[11.434,49.149],[11.323,49.143],[11.288,49.097],[11.304,49.068],[11.252,49.049],[11.216,49.056],[11.223,49.039],[11.189,49.029],[11.091,49.023],[11.068,49.002],[11.068,48.976],[11.089,48.954],[11.055,48.922],[11.076,48.905],[11.037,48.9],[10.998,48.87]]],[[[11.093,49.038],[11.131,49.053],[11.109,49.074],[11.075,49.064],[11.093,49.038]]],[[[11.073,49.099],[11.05,49.175],[10.972,49.149],[10.985,49.187],[10.917,49.191],[10.879,49.213],[10.844,49.201],[10.842,49.183],[10.872,49.16],[10.927,49.152],[10.968,49.093],[10.996,49.093],[11.042,49.062],[11.073,49.099]]],[[[10.936,49.208],[11.03,49.232],[10.994,49.265],[10.948,49.249],[10.936,49.208]]],[[[10.69,49.135],[10.66,49.197],[10.61,49.179],[10.647,49.164],[10.58,49.156],[10.585,49.127],[10.622,49.122],[10.631,49.103],[10.672,49.113],[10.69,49.135]]],[[[10.427,49.223],[10.466,49.206],[10.5,49.211],[10.491,49.192],[10.578,49.177],[10.564,49.201],[10.581,49.246],[10.475,49.267],[10.482,49.274],[10.454,49.284],[10.439,49.258],[10.389,49.261],[10.345,49.227],[10.427,49.223]]],[[[10.744,49.028],[10.742,49.058],[10.699,49.071],[10.667,49.053],[10.695,49.028],[10.744,49.028]]]]}},{"type":"Feature","properties":{"NAME":"Prince-Bishopric of Freising","SUBJECTO":"Holy Roman Empire","PARTOF":"Holy Roman Empire","ADMIN_LEVEL":4,"OHM_RELATION_ID":2695963,"START_DATE":"1294","END_DATE":"1802-12-31"},"geometry":{"type":"MultiPolygon","coordinates":[[[[11.652,48.152],[11.668,48.196],[11.712,48.203],[11.75,48.241],[11.821,48.406],[11.753,48.404],[11.786,48.413],[11.743,48.433],[11.711,48.423],[11.735,48.399],[11.736,48.37],[11.7,48.321],[11.68,48.247],[11.607,48.158],[11.652,48.152]]],[[[10.918,47.518],[10.871,47.499],[10.87,47.484],[10.938,47.48],[10.928,47.472],[10.983,47.431],[10.969,47.4],[10.983,47.396],[11.111,47.396],[11.207,47.434],[11.249,47.433],[11.223,47.399],[11.273,47.398],[11.338,47.451],[11.421,47.445],[11.385,47.474],[11.412,47.496],[11.319,47.552],[11.136,47.552],[11.068,47.545],[10.98,47.508],[10.918,47.518]]],[[[11.337,48.411],[11.36,48.388],[11.394,48.393],[11.403,48.409],[11.374,48.421],[11.337,48.411]]],[[[11.284,48.331],[11.32,48.341],[11.308,48.364],[11.271,48.343],[11.284,48.331]]],[[[11.56,48.455],[11.543,48.438],[11.563,48.422],[11.552,48.398],[11.567,48.395],[11.613,48.433],[11.56,48.455]]],[[[12.029,48.178],[12.094,48.185],[12.091,48.221],[12.025,48.197],[12.029,48.178]]],[[[13.995,46.207],[13.974,46.177],[13.992,46.163],[14.034,46.172],[14.073,46.156],[14.018,46.129],[14.005,46.085],[14.03,46.07],[14.05,46.011],[14.115,45.978],[14.141,45.993],[14.235,45.997],[14.269,46.018],[14.351,46.146],[14.311,46.181],[14.332,46.249],[14.268,46.275],[14.253,46.304],[14.192,46.332],[14.111,46.261],[14.059,46.26],[13.995,46.207]]]]}},{"type":"Feature","properties":{"NAME":"Prince-Bishopric of Lübeck","SUBJECTO":"Holy Roman Empire","PARTOF":"Holy Roman Empire","ADMIN_LEVEL":4,"OHM_RELATION_ID":2835925,"START_DATE":"1180","END_DATE":"1803-04-27"},"geometry":{"type":"MultiPolygon","coordinates":[[[[10.551,53.938],[10.543,53.926],[10.576,53.921],[10.571,53.906],[10.632,53.917],[10.663,53.898],[10.808,53.932],[10.851,53.986],[10.84,54.038],[10.755,54.054],[10.758,54.04],[10.691,54.026],[10.704,54.013],[10.666,54.008],[10.634,54.027],[10.623,54.009],[10.67,53.971],[10.662,53.963],[10.629,53.969],[10.629,53.944],[10.641,53.944],[10.601,53.924],[10.58,53.927],[10.556,53.965],[10.535,53.955],[10.551,53.938]]],[[[10.598,54.07],[10.595,54.102],[10.677,54.09],[10.761,54.108],[10.745,54.123],[10.697,54.121],[10.693,54.146],[10.657,54.168],[10.674,54.189],[10.666,54.209],[10.573,54.236],[10.54,54.228],[10.549,54.22],[10.528,54.188],[10.487,54.178],[10.491,54.158],[10.54,54.129],[10.532,54.12],[10.495,54.123],[10.473,54.107],[10.422,54.116],[10.418,54.084],[10.459,54.061],[10.598,54.07]]]]}},{"type":"Feature","properties":{"NAME":"Prince-Bishopric of Minden","SUBJECTO":"Holy Roman Empire","PARTOF":"Holy Roman Empire","ADMIN_LEVEL":4,"OHM_RELATION_ID":2748416,"START_DATE":"1277","END_DATE":"1648-10-24"},"geometry":{"type":"Polygon","coordinates":[[[8.301,52.457],[8.323,52.401],[8.503,52.354],[8.508,52.333],[8.562,52.292],[8.56,52.219],[8.645,52.193],[8.684,52.141],[8.713,52.161],[8.743,52.15],[8.762,52.16],[8.798,52.209],[8.827,52.22],[8.848,52.214],[8.875,52.166],[8.932,52.186],[8.988,52.181],[8.99,52.191],[8.986,52.195],[8.991,52.194],[8.991,52.196],[9.03,52.186],[9.039,52.185],[9.036,52.22],[9.043,52.222],[9.043,52.225],[9.069,52.232],[9.066,52.236],[8.979,52.262],[8.976,52.264],[8.972,52.265],[8.964,52.279],[8.986,52.286],[8.998,52.326],[9.014,52.331],[9.031,52.345],[9.048,52.342],[9.072,52.349],[9.077,52.352],[9.093,52.368],[9.125,52.412],[9.095,52.443],[9.138,52.475],[9.05,52.497],[8.935,52.405],[8.747,52.388],[8.708,52.399],[8.717,52.425],[8.698,52.487],[8.683,52.519],[8.652,52.531],[8.415,52.446],[8.301,52.457]]]}},{"type":"Feature","properties":{"NAME":"Prince-Bishopric of Paderborn","SUBJECTO":"Holy Roman Empire","PARTOF":"Holy Roman Empire","ADMIN_LEVEL":4,"OHM_RELATION_ID":2806963,"START_DATE":"1281","END_DATE":"1803-04-27"},"geometry":{"type":"MultiPolygon","coordinates":[[[[8.393,51.695],[8.424,51.668],[8.475,51.687],[8.552,51.67],[8.579,51.637],[8.587,51.617],[8.475,51.573],[8.477,51.548],[8.505,51.533],[8.52,51.491],[8.548,51.468],[8.654,51.481],[8.774,51.451],[8.849,51.469],[8.859,51.488],[8.894,51.483],[9.018,51.518],[9.092,51.494],[9.08,51.468],[9.094,51.445],[9.155,51.443],[9.177,51.464],[9.213,51.462],[9.229,51.49],[9.303,51.512],[9.318,51.55],[9.37,51.591],[9.34,51.609],[9.352,51.619],[9.445,51.644],[9.374,51.65],[9.394,51.672],[9.378,51.688],[9.263,51.671],[9.259,51.674],[9.258,51.674],[9.249,51.682],[9.266,51.72],[9.286,51.735],[9.253,51.768],[9.255,51.77],[9.251,51.775],[9.27,51.796],[9.302,51.85],[9.274,51.865],[9.209,51.853],[9.134,51.873],[9.124,51.909],[9.058,51.874],[9.012,51.877],[9.017,51.865],[8.992,51.842],[8.938,51.837],[8.932,51.809],[8.791,51.798],[8.719,51.892],[8.615,51.93],[8.642,51.884],[8.628,51.862],[8.534,51.832],[8.517,51.806],[8.416,51.759],[8.403,51.719],[8.402,51.72],[8.393,51.695]],[[8.952,51.808],[9.01,51.797],[8.964,51.784],[8.952,51.808]]],[[[9.19,51.955],[9.195,51.919],[9.216,51.911],[9.269,51.931],[9.279,51.94],[9.263,51.946],[9.284,51.956],[9.263,51.976],[9.211,51.96],[9.19,51.955]]]]}},{"type":"Feature","properties":{"NAME":"Prince-Bishopric of Passau","SUBJECTO":"Holy Roman Empire","PARTOF":"Holy Roman Empire","ADMIN_LEVEL":4,"OHM_RELATION_ID":2809505,"START_DATE":"999","END_DATE":"1803-04-27"},"geometry":{"type":"MultiPolygon","coordinates":[[[[13.234,48.671],[13.266,48.644],[13.267,48.608],[13.45,48.576],[13.401,48.567],[13.39,48.542],[13.362,48.531],[13.362,48.488],[13.387,48.473],[13.447,48.494],[13.457,48.511],[13.436,48.553],[13.45,48.564],[13.475,48.556],[13.511,48.591],[13.573,48.561],[13.591,48.569],[13.649,48.551],[13.657,48.544],[13.639,48.544],[13.637,48.528],[13.696,48.472],[13.744,48.528],[13.755,48.564],[13.802,48.574],[13.824,48.618],[13.814,48.683],[13.833,48.692],[13.801,48.71],[13.84,48.772],[13.809,48.779],[13.815,48.797],[13.765,48.834],[13.732,48.887],[13.671,48.88],[13.587,48.966],[13.512,48.969],[13.507,48.923],[13.522,48.879],[13.507,48.863],[13.453,48.856],[13.47,48.843],[13.447,48.831],[13.449,48.79],[13.425,48.756],[13.453,48.694],[13.381,48.67],[13.367,48.688],[13.342,48.676],[13.271,48.694],[13.234,48.671]],[[13.437,48.637],[13.536,48.63],[13.532,48.606],[13.483,48.6],[13.491,48.574],[13.437,48.637]]],[[[13.288,48.338],[13.32,48.319],[13.376,48.357],[13.357,48.369],[13.288,48.338]]]]}},{"type":"Feature","properties":{"NAME":"Prince-Bishopric of Regensburg","SUBJECTO":"Holy Roman Empire","PARTOF":"Holy Roman Empire","ADMIN_LEVEL":4,"OHM_RELATION_ID":2809511,"START_DATE":"1250","END_DATE":"1803-04-27"},"geometry":{"type":"MultiPolygon","coordinates":[[[[12.358,49.114],[12.319,49.125],[12.276,49.096],[12.223,49.087],[12.156,49.049],[12.152,49.021],[12.184,49.008],[12.219,49.029],[12.267,49.011],[12.32,49.014],[12.345,48.997],[12.328,48.985],[12.335,48.976],[12.418,48.978],[12.44,49.008],[12.423,49.032],[12.455,49.049],[12.459,49.072],[12.377,49.063],[12.325,49.082],[12.358,49.114]]]]}},{"type":"Feature","properties":{"NAME":"Prince-Bishopric of Utrecht","SUBJECTO":"Holy Roman Empire","PARTOF":"Holy Roman Empire","ADMIN_LEVEL":4,"OHM_RELATION_ID":2831619,"START_DATE":"1347","END_DATE":"1528-10-20"},"geometry":{"type":"MultiPolygon","coordinates":[[[[4.719,52.243],[4.727,52.21],[4.801,52.237],[4.842,52.211],[4.823,52.193],[4.881,52.167],[4.872,52.139],[4.827,52.144],[4.791,52.124],[4.824,52.108],[4.915,52.125],[4.939,52.09],[4.799,52.055],[4.808,52.033],[4.946,52.064],[4.956,52.051],[4.929,52.029],[4.766,52.001],[4.793,51.977],[4.92,51.994],[5.048,52.038],[5.129,51.994],[5.139,51.944],[5.188,51.942],[5.235,51.981],[5.324,51.955],[5.441,51.983],[5.601,51.946],[5.617,51.979],[5.612,52.023],[5.563,52.046],[5.547,52.106],[5.508,52.075],[5.477,52.085],[5.508,52.152],[5.4,52.222],[5.425,52.321],[5.364,52.35],[5.262,52.282],[5.199,52.177],[5.047,52.166],[5.035,52.182],[5.044,52.204],[5.147,52.208],[5.136,52.261],[5.016,52.303],[4.933,52.277],[4.907,52.251],[4.805,52.281],[4.773,52.253],[4.719,52.243]]],[[[5.774,52.522],[5.892,52.518],[5.941,52.47],[6.035,52.511],[6.102,52.471],[6.102,52.448],[6.129,52.427],[6.119,52.379],[6.078,52.368],[6.101,52.347],[6.093,52.315],[6.162,52.233],[6.313,52.231],[6.393,52.253],[6.486,52.178],[6.61,52.183],[6.662,52.166],[6.675,52.141],[6.661,52.13],[6.76,52.119],[6.855,52.12],[6.91,52.176],[6.95,52.181],[6.989,52.226],[7.061,52.235],[7.026,52.283],[7.072,52.372],[6.993,52.464],[6.943,52.436],[6.942,52.436],[6.942,52.435],[6.924,52.438],[6.753,52.464],[6.698,52.486],[6.698,52.487],[6.701,52.527],[6.681,52.553],[6.693,52.553],[6.767,52.564],[6.722,52.595],[6.713,52.629],[6.719,52.633],[6.702,52.628],[6.708,52.649],[6.601,52.672],[6.517,52.647],[6.522,52.618],[6.382,52.614],[6.333,52.661],[6.152,52.688],[6.064,52.646],[5.86,52.64],[5.779,52.586],[5.774,52.522]]],[[[6.769,52.646],[6.832,52.649],[6.79,52.652],[6.769,52.646]]]]}},{"type":"Feature","properties":{"NAME":"Prince-Bishopric of Verden","SUBJECTO":"Holy Roman Empire","PARTOF":"Holy Roman Empire","ADMIN_LEVEL":4,"OHM_RELATION_ID":2835911,"START_DATE":"1180","END_DATE":"1648-10-24"},"geometry":{"type":"MultiPolygon","coordinates":[[[[9.293,52.818],[9.373,52.825],[9.423,52.904],[9.508,52.947],[9.646,52.962],[9.786,53.022],[9.86,53.022],[9.926,53.099],[9.891,53.141],[9.831,53.175],[9.616,53.237],[9.565,53.336],[9.584,53.358],[9.45,53.315],[9.361,53.32],[9.347,53.308],[9.365,53.271],[9.335,53.238],[9.365,53.2],[9.341,53.136],[9.223,53.079],[9.184,52.985],[9.19,52.937],[9.169,52.932],[9.189,52.921],[9.166,52.913],[9.175,52.887],[9.212,52.875],[9.181,52.864],[9.221,52.851],[9.193,52.816],[9.293,52.818]]]]}},{"type":"Feature","properties":{"NAME":"Prince-Bishopric of Worms","SUBJECTO":"Holy Roman Empire","PARTOF":"Holy Roman Empire","ADMIN_LEVEL":4,"OHM_RELATION_ID":2830736,"START_DATE":"0861","END_DATE":"1797-10-10"},"geometry":{"type":"MultiPolygon","coordinates":[[[[8.08,49.545],[8.042,49.523],[8.08,49.533],[8.085,49.513],[8.154,49.541],[8.126,49.557],[8.101,49.537],[8.08,49.545]]],[[[8.423,49.541],[8.424,49.581],[8.446,49.59],[8.495,49.573],[8.594,49.593],[8.562,49.604],[8.573,49.634],[8.487,49.614],[8.418,49.628],[8.278,49.616],[8.29,49.591],[8.338,49.601],[8.311,49.555],[8.423,49.541]]],[[[8.233,49.588],[8.212,49.587],[8.22,49.546],[8.275,49.539],[8.281,49.587],[8.233,49.588]]]]}},{"type":"Feature","properties":{"NAME":"Prince-Bishopric of Würzburg","SUBJECTO":"Holy Roman Empire","PARTOF":"Holy Roman Empire","ADMIN_LEVEL":4,"OHM_RELATION_ID":2830508,"START_DATE":"1168","END_DATE":"1803-04-27"},"geometry":{"type":"MultiPolygon","coordinates":[[[[9.248,49.595],[9.275,49.568],[9.309,49.533],[9.338,49.542],[9.293,49.615],[9.331,49.61],[9.351,49.634],[9.294,49.655],[9.261,49.646],[9.248,49.595]]],[[[9.38,49.602],[9.404,49.587],[9.422,49.59],[9.439,49.561],[9.491,49.579],[9.534,49.567],[9.567,49.604],[9.524,49.621],[9.509,49.651],[9.436,49.664],[9.38,49.602]]],[[[9.447,49.903],[9.497,49.861],[9.508,49.884],[9.535,49.862],[9.578,49.869],[9.63,49.85],[9.653,49.83],[9.577,49.821],[9.582,49.811],[9.618,49.805],[9.614,49.79],[9.661,49.76],[9.697,49.775],[9.725,49.762],[9.71,49.746],[9.661,49.752],[9.641,49.699],[9.617,49.69],[9.658,49.621],[9.604,49.596],[9.592,49.575],[9.565,49.576],[9.57,49.545],[9.726,49.537],[9.752,49.547],[9.731,49.564],[9.774,49.589],[9.818,49.578],[9.802,49.564],[9.812,49.556],[9.853,49.546],[9.877,49.579],[9.908,49.585],[9.899,49.566],[9.919,49.563],[9.925,49.533],[9.914,49.496],[9.96,49.472],[9.911,49.467],[9.901,49.438],[9.962,49.436],[9.895,49.416],[9.864,49.393],[9.871,49.373],[9.888,49.387],[9.924,49.373],[9.969,49.397],[10.038,49.402],[9.986,49.431],[9.993,49.446],[9.972,49.481],[9.974,49.481],[9.973,49.482],[9.981,49.482],[10.019,49.488],[10.023,49.491],[10.046,49.52],[10.039,49.53],[10.062,49.545],[10.064,49.545],[10.064,49.546],[10.068,49.544],[10.106,49.535],[10.183,49.544],[10.165,49.569],[10.174,49.582],[10.072,49.588],[10.088,49.625],[10.068,49.624],[10.061,49.647],[10.097,49.655],[10.133,49.694],[10.123,49.696],[10.159,49.723],[10.239,49.714],[10.234,49.695],[10.187,49.679],[10.184,49.652],[10.228,49.651],[10.226,49.665],[10.304,49.694],[10.374,49.704],[10.317,49.733],[10.284,49.798],[10.356,49.824],[10.37,49.816],[10.357,49.792],[10.367,49.79],[10.378,49.792],[10.387,49.785],[10.407,49.78],[10.462,49.875],[10.49,49.868],[10.53,49.883],[10.528,49.897],[10.598,49.924],[10.611,49.936],[10.603,49.941],[10.613,49.94],[10.607,49.948],[10.677,49.94],[10.759,49.96],[10.769,49.972],[10.708,50.035],[10.723,50.044],[10.741,50.036],[10.883,50.038],[10.876,50.062],[10.828,50.077],[10.824,50.096],[10.903,50.15],[10.921,50.156],[10.868,50.197],[10.787,50.177],[10.771,50.204],[10.837,50.221],[10.801,50.252],[10.769,50.241],[10.733,50.251],[10.724,50.205],[10.66,50.231],[10.612,50.224],[10.604,50.272],[10.592,50.27],[10.601,50.334],[10.593,50.336],[10.584,50.333],[10.551,50.344],[10.543,50.364],[10.492,50.355],[10.489,50.375],[10.459,50.382],[10.449,50.403],[10.4,50.396],[10.395,50.395],[10.384,50.406],[10.404,50.425],[10.372,50.432],[10.374,50.434],[10.369,50.435],[10.38,50.44],[10.336,50.466],[10.326,50.492],[10.269,50.477],[10.255,50.456],[10.248,50.432],[10.237,50.428],[10.232,50.42],[10.225,50.423],[10.177,50.445],[10.116,50.449],[10.115,50.45],[10.112,50.45],[10.08,50.475],[10.087,50.476],[10.081,50.482],[10.112,50.481],[10.117,50.492],[10.114,50.5],[10.121,50.501],[10.121,50.502],[10.13,50.502],[10.14,50.503],[10.144,50.503],[10.151,50.494],[10.175,50.473],[10.193,50.47],[10.203,50.477],[10.2,50.5],[10.23,50.511],[10.231,50.517],[10.227,50.517],[10.221,50.538],[10.194,50.555],[10.138,50.555],[10.15,50.549],[10.139,50.543],[10.129,50.555],[10.1,50.555],[10.094,50.551],[10.094,50.548],[10.073,50.527],[10.054,50.525],[10.041,50.516],[10.044,50.524],[10.039,50.524],[10.053,50.548],[10.054,50.552],[10.048,50.587],[10.044,50.598],[10.026,50.618],[9.997,50.619],[9.982,50.603],[10.015,50.538],[10.015,50.528],[10.018,50.521],[10.014,50.507],[9.971,50.527],[9.946,50.501],[9.993,50.452],[9.917,50.415],[9.924,50.413],[9.884,50.399],[9.876,50.369],[9.864,50.363],[9.858,50.353],[9.867,50.345],[9.913,50.33],[9.929,50.33],[9.924,50.327],[9.932,50.324],[9.901,50.311],[9.916,50.276],[9.898,50.264],[9.927,50.239],[9.912,50.232],[9.92,50.214],[9.968,50.201],[9.956,50.165],[9.984,50.141],[9.945,50.127],[9.931,50.093],[9.941,50.088],[9.901,50.056],[9.91,50.043],[9.868,50.045],[9.866,50.051],[9.861,50.052],[9.852,50.076],[9.853,50.087],[9.752,50.103],[9.731,50.093],[9.695,50.127],[9.688,50.114],[9.595,50.119],[9.603,50.069],[9.679,50.078],[9.683,50.055],[9.643,50.056],[9.654,50.035],[9.585,49.999],[9.6,49.954],[9.502,49.953],[9.447,49.903]],[[9.647,49.92],[9.666,49.929],[9.72,49.93],[9.735,49.914],[9.687,49.9],[9.739,49.888],[9.744,49.86],[9.709,49.858],[9.66,49.887],[9.666,49.9],[9.647,49.92]],[[9.676,49.693],[9.677,49.716],[9.7,49.717],[9.724,49.744],[9.755,49.75],[9.792,49.731],[9.74,49.688],[9.737,49.692],[9.732,49.688],[9.676,49.693]],[[9.676,49.806],[9.718,49.819],[9.73,49.789],[9.702,49.778],[9.676,49.806]],[[9.764,50.074],[9.799,50.076],[9.793,50.054],[9.766,50.061],[9.764,50.074]],[[9.838,49.918],[9.857,49.969],[9.89,49.965],[9.89,49.926],[9.838,49.918]],[[9.9,49.671],[9.906,49.685],[9.93,49.685],[9.949,49.709],[10.024,49.697],[10.031,49.676],[9.963,49.686],[9.951,49.675],[9.963,49.658],[9.953,49.623],[9.928,49.623],[9.916,49.647],[9.932,49.667],[9.9,49.671]],[[10.042,49.719],[10.113,49.734],[10.061,49.703],[10.042,49.719]],[[10.129,49.901],[10.172,49.904],[10.187,49.873],[10.141,49.869],[10.129,49.901]],[[10.166,50.03],[10.201,50.07],[10.228,50.074],[10.237,50.122],[10.262,50.14],[10.323,50.14],[10.269,50.132],[10.295,50.112],[10.257,50.086],[10.269,50.058],[10.235,50.014],[10.166,50.03]],[[10.272,49.853],[10.299,49.858],[10.313,49.845],[10.29,49.832],[10.275,49.834],[10.272,49.853]],[[10.274,49.885],[10.292,49.92],[10.313,49.884],[10.274,49.885]],[[10.436,50.172],[10.45,50.196],[10.468,50.177],[10.436,50.172]],[[10.516,49.948],[10.517,49.992],[10.539,50.024],[10.622,50.039],[10.574,50.051],[10.521,50.09],[10.595,50.097],[10.655,50.056],[10.663,50.074],[10.683,50.07],[10.684,50.054],[10.659,50.041],[10.69,49.974],[10.618,49.991],[10.563,49.953],[10.516,49.948]]],[[[9.527,50.19],[9.529,50.168],[9.683,50.176],[9.7,50.203],[9.667,50.24],[9.604,50.222],[9.576,50.232],[9.564,50.196],[9.527,50.19]]],[[[9.687,49.317],[9.798,49.333],[9.841,49.314],[9.864,49.326],[9.839,49.344],[9.849,49.349],[9.83,49.373],[9.84,49.379],[9.78,49.383],[9.752,49.362],[9.761,49.343],[9.738,49.353],[9.738,49.338],[9.711,49.34],[9.719,49.324],[9.687,49.317]]],[[[9.754,49.211],[9.789,49.19],[9.787,49.206],[9.754,49.211]]],[[[10.347,49.67],[10.383,49.614],[10.397,49.607],[10.458,49.633],[10.441,49.662],[10.402,49.676],[10.395,49.673],[10.381,49.684],[10.347,49.67]]],[[[10.563,49.76],[10.65,49.738],[10.651,49.797],[10.631,49.801],[10.631,49.802],[10.605,49.807],[10.594,49.788],[10.609,49.774],[10.567,49.774],[10.563,49.76]]]]}},{"type":"Feature","properties":{"NAME":"Princely Abbey of Fulda","SUBJECTO":"Holy Roman Empire","PARTOF":"Holy Roman Empire","ADMIN_LEVEL":4,"OHM_RELATION_ID":2809681,"START_DATE":"1221","END_DATE":"1752-10-05"},"geometry":{"type":"MultiPolygon","coordinates":[[[[9.304,50.55],[9.347,50.54],[9.376,50.566],[9.365,50.581],[9.319,50.575],[9.304,50.55]]],[[[9.336,50.305],[9.337,50.275],[9.351,50.243],[9.382,50.239],[9.397,50.262],[9.376,50.271],[9.449,50.284],[9.397,50.315],[9.353,50.319],[9.336,50.305]]],[[[9.367,50.395],[9.386,50.346],[9.467,50.356],[9.448,50.384],[9.464,50.398],[9.438,50.41],[9.367,50.395]]],[[[9.423,50.453],[9.43,50.446],[9.473,50.444],[9.495,50.411],[9.551,50.384],[9.613,50.394],[9.671,50.372],[9.681,50.374],[9.656,50.404],[9.667,50.421],[9.748,50.42],[9.76,50.402],[9.737,50.359],[9.747,50.314],[9.728,50.295],[9.735,50.273],[9.769,50.262],[9.772,50.237],[9.805,50.223],[9.81,50.189],[9.795,50.167],[9.826,50.157],[9.888,50.187],[9.898,50.179],[9.911,50.152],[9.879,50.11],[9.855,50.102],[9.852,50.076],[9.861,50.052],[9.91,50.043],[9.901,50.056],[9.941,50.088],[9.931,50.093],[9.945,50.127],[9.984,50.141],[9.956,50.165],[9.968,50.201],[9.917,50.204],[9.912,50.232],[9.927,50.239],[9.898,50.264],[9.916,50.276],[9.901,50.311],[9.932,50.324],[9.856,50.349],[9.884,50.399],[9.924,50.413],[9.871,50.431],[9.864,50.449],[9.957,50.485],[9.946,50.501],[9.964,50.53],[10.014,50.507],[10.018,50.521],[9.987,50.582],[9.902,50.556],[9.908,50.542],[9.929,50.543],[9.924,50.518],[9.864,50.539],[9.861,50.573],[9.918,50.569],[9.898,50.592],[9.917,50.605],[9.916,50.585],[9.955,50.589],[9.958,50.667],[10.051,50.674],[10.077,50.638],[10.144,50.643],[10.168,50.663],[10.142,50.677],[10.16,50.701],[10.127,50.714],[10.145,50.736],[10.097,50.74],[10.081,50.712],[10.079,50.707],[10.052,50.725],[10.051,50.729],[10.046,50.732],[10.043,50.756],[9.973,50.778],[9.944,50.771],[9.944,50.774],[9.927,50.768],[9.883,50.79],[9.829,50.791],[9.823,50.796],[9.807,50.796],[9.81,50.778],[9.777,50.752],[9.744,50.778],[9.749,50.804],[9.741,50.808],[9.74,50.807],[9.74,50.808],[9.72,50.816],[9.697,50.805],[9.679,50.794],[9.67,50.765],[9.606,50.759],[9.612,50.707],[9.641,50.68],[9.621,50.645],[9.633,50.622],[9.584,50.609],[9.475,50.663],[9.473,50.634],[9.497,50.616],[9.48,50.578],[9.495,50.564],[9.468,50.551],[9.432,50.491],[9.437,50.475],[9.458,50.477],[9.423,50.453]],[[9.682,50.748],[9.7,50.77],[9.722,50.764],[9.72,50.745],[9.682,50.748]]],[[[9.532,50.347],[9.577,50.326],[9.564,50.304],[9.61,50.301],[9.609,50.326],[9.636,50.326],[9.647,50.345],[9.614,50.36],[9.532,50.347]]]]}},{"type":"Feature","properties":{"NAME":"Princely Abbey of Kempten","SUBJECTO":"Holy Roman Empire","PARTOF":"Holy Roman Empire","ADMIN_LEVEL":4,"OHM_RELATION_ID":2830575,"START_DATE":"1289","END_DATE":"1662"},"geometry":{"type":"Polygon","coordinates":[[[10.071,47.789],[10.117,47.753],[10.12,47.715],[10.174,47.692],[10.242,47.616],[10.272,47.606],[10.457,47.691],[10.499,47.688],[10.487,47.671],[10.516,47.671],[10.517,47.713],[10.536,47.718],[10.528,47.748],[10.6,47.77],[10.613,47.836],[10.564,47.849],[10.573,47.868],[10.537,47.893],[10.501,47.904],[10.483,47.885],[10.491,47.908],[10.472,47.913],[10.491,47.932],[10.478,47.943],[10.487,47.968],[10.432,47.952],[10.419,47.881],[10.362,47.888],[10.363,47.869],[10.356,47.868],[10.355,47.866],[10.305,47.865],[10.272,47.888],[10.27,47.896],[10.265,47.9],[10.265,47.919],[10.257,47.952],[10.25,47.954],[10.218,47.941],[10.237,47.909],[10.19,47.871],[10.14,47.858],[10.104,47.872],[10.093,47.846],[10.135,47.813],[10.071,47.789]],[[10.279,47.732],[10.337,47.762],[10.338,47.719],[10.316,47.697],[10.288,47.707],[10.279,47.732]]]}},{"type":"Feature","properties":{"NAME":"Princely Abbey of Stavelot-Malmedy","SUBJECTO":"Holy Roman Empire","PARTOF":"Holy Roman Empire","ADMIN_LEVEL":4,"OHM_RELATION_ID":2810078,"START_DATE":"1376","END_DATE":"1797-10-17"},"geometry":{"type":"MultiPolygon","coordinates":[[[[5.313,50.448],[5.325,50.432],[5.333,50.451],[5.322,50.454],[5.313,50.448]]],[[[5.35,50.634],[5.392,50.611],[5.402,50.629],[5.374,50.646],[5.35,50.634]]],[[[5.363,50.422],[5.371,50.408],[5.404,50.427],[5.363,50.422]]],[[[5.381,50.392],[5.401,50.387],[5.453,50.417],[5.404,50.427],[5.381,50.392]]],[[[5.408,50.63],[5.43,50.59],[5.444,50.617],[5.408,50.63]]],[[[5.482,50.487],[5.487,50.467],[5.536,50.448],[5.511,50.422],[5.544,50.393],[5.557,50.415],[5.606,50.428],[5.624,50.415],[5.59,50.402],[5.642,50.368],[5.723,50.374],[5.717,50.35],[5.689,50.341],[5.724,50.302],[5.734,50.312],[5.752,50.3],[5.715,50.267],[5.662,50.28],[5.632,50.266],[5.71,50.23],[5.72,50.261],[5.796,50.265],[5.829,50.238],[5.8,50.226],[5.81,50.224],[5.911,50.245],[5.865,50.282],[5.825,50.275],[5.819,50.308],[5.86,50.345],[6.004,50.331],[6.034,50.37],[6.124,50.379],[6.158,50.427],[6.152,50.461],[6.097,50.513],[6.059,50.522],[5.836,50.438],[5.744,50.445],[5.707,50.432],[5.696,50.401],[5.626,50.459],[5.641,50.495],[5.631,50.489],[5.591,50.511],[5.53,50.503],[5.525,50.493],[5.482,50.487]]],[[[5.642,50.496],[5.653,50.485],[5.663,50.495],[5.652,50.501],[5.642,50.496]]],[[[5.676,50.527],[5.704,50.497],[5.759,50.491],[5.752,50.541],[5.774,50.563],[5.766,50.573],[5.741,50.574],[5.716,50.543],[5.676,50.527]]]]}},{"type":"Feature","properties":{"NAME":"Principality of Ansbach","SUBJECTO":"Holy Roman Empire","PARTOF":"Holy Roman Empire","ADMIN_LEVEL":4,"OHM_RELATION_ID":2830446,"START_DATE":"1398-01-21","END_DATE":"1741-07-25"},"geometry":{"type":"MultiPolygon","coordinates":[[[[9.875,49.256],[9.876,49.24],[9.966,49.233],[9.988,49.246],[10.019,49.229],[10.031,49.206],[10.011,49.193],[10.021,49.183],[9.989,49.188],[9.957,49.169],[9.973,49.158],[9.946,49.139],[9.946,49.123],[10.019,49.096],[10.014,49.078],[10.05,49.077],[10.097,49.102],[10.111,49.074],[10.161,49.066],[10.157,49.075],[10.196,49.08],[10.225,49.104],[10.255,49.103],[10.242,49.077],[10.262,49.086],[10.294,49.066],[10.313,49.09],[10.365,49.075],[10.338,49.06],[10.412,49.02],[10.534,49.013],[10.551,49.033],[10.583,49.032],[10.606,49.009],[10.587,48.998],[10.591,48.969],[10.613,48.97],[10.671,48.907],[10.709,48.896],[10.745,48.919],[10.796,48.916],[10.806,48.94],[10.909,48.945],[10.88,48.998],[10.916,49.012],[10.905,49.025],[10.958,49.04],[10.93,49.056],[10.937,49.075],[11.013,49.059],[10.986,49.028],[11.091,49.023],[11.168,49.031],[11.17,49.049],[11.191,49.051],[11.206,49.034],[11.223,49.039],[11.216,49.056],[11.252,49.049],[11.304,49.068],[11.222,49.15],[11.189,49.108],[11.207,49.084],[11.099,49.079],[11.073,49.099],[11.042,49.062],[10.996,49.093],[10.968,49.093],[10.927,49.152],[10.872,49.16],[10.842,49.183],[10.844,49.201],[10.879,49.213],[10.907,49.197],[10.985,49.187],[10.975,49.159],[11.05,49.175],[11.067,49.154],[11.215,49.211],[11.203,49.226],[11.228,49.248],[11.177,49.283],[11.211,49.317],[11.231,49.306],[11.231,49.323],[11.255,49.323],[11.307,49.298],[11.356,49.322],[11.312,49.354],[11.194,49.34],[11.143,49.364],[11.1,49.334],[11.116,49.367],[11.107,49.374],[11.035,49.371],[10.975,49.455],[10.929,49.445],[10.902,49.459],[10.956,49.478],[10.951,49.505],[10.989,49.553],[11.022,49.556],[11.012,49.575],[10.917,49.574],[10.898,49.555],[10.937,49.545],[10.926,49.523],[10.903,49.534],[10.855,49.525],[10.861,49.501],[10.794,49.495],[10.775,49.518],[10.734,49.488],[10.747,49.456],[10.729,49.455],[10.754,49.433],[10.742,49.405],[10.762,49.384],[10.587,49.412],[10.585,49.392],[10.478,49.397],[10.362,49.365],[10.288,49.407],[10.257,49.403],[10.271,49.338],[10.307,49.324],[10.298,49.311],[10.33,49.305],[10.331,49.292],[10.295,49.264],[10.302,49.256],[10.253,49.232],[10.182,49.226],[10.085,49.257],[10.059,49.247],[10.037,49.259],[10.04,49.296],[10.06,49.294],[10.06,49.311],[9.922,49.325],[9.938,49.287],[9.99,49.261],[9.875,49.256]],[[10.192,49.126],[10.218,49.161],[10.255,49.13],[10.222,49.118],[10.192,49.126]],[[10.345,49.227],[10.377,49.252],[10.388,49.261],[10.389,49.261],[10.439,49.258],[10.454,49.284],[10.455,49.283],[10.456,49.284],[10.464,49.28],[10.482,49.274],[10.48,49.273],[10.506,49.26],[10.52,49.258],[10.578,49.251],[10.577,49.247],[10.581,49.246],[10.564,49.201],[10.578,49.177],[10.491,49.192],[10.5,49.211],[10.466,49.206],[10.427,49.223],[10.348,49.226],[10.349,49.226],[10.345,49.227]],[[10.366,49.11],[10.427,49.102],[10.39,49.093],[10.366,49.11]],[[10.419,49.024],[10.419,49.039],[10.455,49.043],[10.459,49.024],[10.419,49.024]],[[10.47,49.055],[10.507,49.051],[10.491,49.041],[10.47,49.055]],[[10.58,49.156],[10.647,49.164],[10.61,49.179],[10.66,49.197],[10.69,49.135],[10.672,49.113],[10.631,49.103],[10.622,49.122],[10.585,49.127],[10.58,49.156]],[[10.621,49.235],[10.655,49.252],[10.671,49.287],[10.653,49.286],[10.652,49.299],[10.69,49.31],[10.78,49.28],[10.774,49.259],[10.735,49.245],[10.621,49.235]],[[10.667,49.053],[10.699,49.071],[10.742,49.058],[10.744,49.028],[10.695,49.028],[10.668,49.045],[10.672,49.048],[10.667,49.053]],[[10.858,49.13],[10.882,49.153],[10.921,49.134],[10.858,49.13]],[[10.884,49.06],[10.89,49.087],[10.915,49.064],[10.884,49.06]],[[10.933,49.353],[10.937,49.377],[10.993,49.395],[10.996,49.371],[10.968,49.347],[10.999,49.336],[10.936,49.333],[10.947,49.35],[10.933,49.353]],[[10.936,49.208],[10.948,49.249],[10.994,49.265],[11.03,49.232],[10.936,49.208]],[[11.075,49.064],[11.109,49.074],[11.131,49.053],[11.093,49.038],[11.075,49.064]]],[[[9.973,49.482],[9.993,49.446],[9.986,49.431],[10.009,49.425],[10.021,49.443],[10.055,49.434],[10.064,49.447],[10.116,49.422],[10.143,49.429],[10.089,49.449],[10.095,49.462],[10.173,49.468],[10.171,49.484],[10.255,49.459],[10.351,49.494],[10.4,49.488],[10.359,49.534],[10.321,49.534],[10.325,49.564],[10.292,49.566],[10.125,49.531],[10.062,49.545],[10.039,49.53],[10.053,49.51],[10.011,49.483],[9.973,49.482]]],[[[10.061,49.647],[10.068,49.624],[10.088,49.625],[10.072,49.588],[10.223,49.584],[10.202,49.604],[10.174,49.598],[10.162,49.622],[10.187,49.679],[10.234,49.695],[10.239,49.714],[10.159,49.723],[10.123,49.696],[10.179,49.687],[10.148,49.649],[10.061,49.647]]],[[[10.933,48.861],[10.977,48.857],[11.035,48.91],[10.977,48.927],[10.942,48.906],[10.955,48.881],[10.933,48.861]]]]}},{"type":"Feature","properties":{"NAME":"Principality of Bayreuth","SUBJECTO":"Holy Roman Empire","PARTOF":"Holy Roman Empire","ADMIN_LEVEL":4,"OHM_RELATION_ID":2830378,"START_DATE":"1398-01-21","END_DATE":"1792-01-28"},"geometry":{"type":"MultiPolygon","coordinates":[[[[10.255,49.459],[10.307,49.433],[10.269,49.404],[10.288,49.407],[10.362,49.365],[10.478,49.397],[10.431,49.424],[10.47,49.451],[10.559,49.451],[10.524,49.416],[10.587,49.408],[10.587,49.412],[10.762,49.384],[10.742,49.405],[10.754,49.433],[10.71,49.465],[10.682,49.465],[10.713,49.494],[10.734,49.488],[10.775,49.518],[10.794,49.495],[10.861,49.501],[10.855,49.525],[10.835,49.534],[10.866,49.547],[10.835,49.592],[10.852,49.604],[10.828,49.604],[10.813,49.622],[10.866,49.636],[10.846,49.663],[10.793,49.66],[10.702,49.694],[10.605,49.677],[10.606,49.682],[10.561,49.677],[10.486,49.632],[10.524,49.62],[10.537,49.596],[10.491,49.596],[10.384,49.542],[10.384,49.525],[10.432,49.504],[10.412,49.474],[10.387,49.465],[10.372,49.483],[10.4,49.488],[10.351,49.494],[10.255,49.459]]],[[[10.971,49.623],[10.989,49.616],[10.971,49.583],[11.122,49.581],[11.069,49.608],[11.012,49.602],[11.061,49.663],[11.034,49.673],[10.976,49.661],[10.971,49.623]]],[[[11.181,49.737],[11.19,49.723],[11.213,49.729],[11.199,49.746],[11.181,49.737]]],[[[11.191,49.691],[11.197,49.672],[11.25,49.676],[11.262,49.661],[11.279,49.675],[11.261,49.694],[11.225,49.698],[11.191,49.691]]],[[[11.192,49.845],[11.209,49.781],[11.307,49.785],[11.26,49.873],[11.276,49.887],[11.262,49.899],[11.192,49.891],[11.234,49.874],[11.229,49.841],[11.192,49.845]]],[[[11.246,50.45],[11.266,50.436],[11.27,50.394],[11.317,50.468],[11.342,50.46],[11.344,50.445],[11.421,50.443],[11.42,50.494],[11.435,50.505],[11.353,50.52],[11.327,50.51],[11.321,50.489],[11.254,50.481],[11.246,50.45]]],[[[11.26,50.006],[11.28,49.972],[11.376,49.931],[11.354,49.917],[11.372,49.892],[11.396,49.899],[11.491,49.861],[11.471,49.848],[11.535,49.818],[11.517,49.811],[11.526,49.773],[11.435,49.732],[11.429,49.72],[11.464,49.718],[11.474,49.686],[11.406,49.648],[11.399,49.636],[11.423,49.62],[11.563,49.635],[11.567,49.676],[11.55,49.699],[11.574,49.704],[11.58,49.761],[11.686,49.805],[11.675,49.832],[11.736,49.876],[11.712,49.891],[11.73,49.899],[11.714,49.906],[11.716,49.924],[11.798,49.951],[11.796,50.009],[11.858,50.022],[11.922,49.984],[12.05,49.989],[12.076,49.995],[12.044,50.008],[12.116,50.031],[12.146,49.992],[12.192,50.001],[12.198,50.033],[12.246,50.039],[12.273,50.074],[12.2,50.111],[12.195,50.143],[12.216,50.168],[12.188,50.2],[12.091,50.252],[12.136,50.274],[12.126,50.306],[12.091,50.324],[12.099,50.33],[11.98,50.349],[11.984,50.389],[11.92,50.424],[11.825,50.389],[11.793,50.419],[11.702,50.402],[11.628,50.388],[11.567,50.396],[11.526,50.376],[11.521,50.355],[11.54,50.342],[11.534,50.317],[11.559,50.306],[11.564,50.281],[11.536,50.266],[11.598,50.259],[11.682,50.303],[11.722,50.31],[11.73,50.299],[11.693,50.273],[11.695,50.258],[11.654,50.254],[11.666,50.227],[11.655,50.21],[11.681,50.194],[11.661,50.169],[11.702,50.151],[11.676,50.14],[11.714,50.103],[11.701,50.075],[11.625,50.088],[11.643,50.103],[11.65,50.138],[11.607,50.143],[11.58,50.116],[11.545,50.125],[11.542,50.149],[11.507,50.149],[11.437,50.186],[11.398,50.179],[11.383,50.194],[11.36,50.176],[11.363,50.159],[11.399,50.161],[11.385,50.131],[11.367,50.126],[11.358,50.095],[11.32,50.077],[11.325,50.05],[11.285,50.035],[11.29,50.023],[11.26,50.006]]],[[[11.339,49.58],[11.383,49.565],[11.403,49.595],[11.379,49.606],[11.339,49.58]]],[[[11.375,50.233],[11.419,50.202],[11.459,50.226],[11.451,50.24],[11.386,50.246],[11.375,50.233]]],[[[11.444,49.52],[11.472,49.502],[11.518,49.513],[11.444,49.52]]],[[[11.734,49.832],[11.738,49.809],[11.833,49.811],[11.834,49.842],[11.811,49.853],[11.804,49.896],[11.774,49.905],[11.763,49.891],[11.776,49.873],[11.765,49.848],[11.734,49.832]]]]}}],"metadata":{"generatedBy":"scripts/build-fief-flat.ts","input":"data/hre_fiefs_1400.geojson","year":1400,"cutPolicy":"keep-smaller","containmentCoverageThreshold":0.9,"minOverlapAreaM2":1000,"sliverAreaLimitM2":1000000000,"resolutions":[{"kind":"sliver","cutName":"County of Drenthe","keptName":"County of Bentheim","overlapKm2":5.39,"coverageOfSmaller":0.0059},{"kind":"sliver","cutName":"County of Henneberg-Schleusingen","keptName":"Princely Abbey of Fulda","overlapKm2":1.64,"coverageOfSmaller":0.0009},{"kind":"sliver","cutName":"County of Horne","keptName":"Imperial Abbey of Thorn","overlapKm2":1.15,"coverageOfSmaller":0.0301},{"kind":"sliver","cutName":"County of Leiningen","keptName":"County of Falkenstein","overlapKm2":0.4,"coverageOfSmaller":0.0039},{"kind":"sliver","cutName":"County of Leiningen","keptName":"Prince-Bishopric of Worms","overlapKm2":1.14,"coverageOfSmaller":0.0075},{"kind":"sliver","cutName":"County of Mark","keptName":"Imperial Abbey of Essen","overlapKm2":1.98,"coverageOfSmaller":0.0147},{"kind":"sliver","cutName":"County of Schaunberg","keptName":"Prince-Bishopric of Passau","overlapKm2":2.21,"coverageOfSmaller":0.0018},{"kind":"containment","cutName":"Duchy of Austria","keptName":"County of Schaunberg","overlapKm2":2267.55,"coverageOfSmaller":0.9999},{"kind":"sliver","cutName":"Duchy of Austria","keptName":"Moravia","overlapKm2":11.56,"coverageOfSmaller":0.0005},{"kind":"sliver","cutName":"Duchy of Austria","keptName":"Prince-Archbishopric of Salzburg","overlapKm2":5.83,"coverageOfSmaller":0.0006},{"kind":"sliver","cutName":"Duchy of Austria","keptName":"Prince-Bishopric of Passau","overlapKm2":5.78,"coverageOfSmaller":0.0047},{"kind":"sliver","cutName":"Duchy of Berg","keptName":"County of Mark","overlapKm2":8.96,"coverageOfSmaller":0.0036},{"kind":"sliver","cutName":"Duchy of Berg","keptName":"Imperial Abbey of Essen","overlapKm2":0.4,"coverageOfSmaller":0.003},{"kind":"sliver","cutName":"Duchy of Berg","keptName":"Imperial Abbey of Werden","overlapKm2":0.34,"coverageOfSmaller":0.0032},{"kind":"sliver","cutName":"Duchy of Carniola","keptName":"Prince-Bishopric of Freising","overlapKm2":1.1,"coverageOfSmaller":0.0008},{"kind":"sliver","cutName":"Duchy of Guelders","keptName":"County of Horne","overlapKm2":3.05,"coverageOfSmaller":0.0253},{"kind":"sliver","cutName":"Duchy of Guelders","keptName":"County of Moers","overlapKm2":0.17,"coverageOfSmaller":0.0008},{"kind":"sliver","cutName":"Duchy of Luxembourg","keptName":"Duchy of Bar","overlapKm2":20,"coverageOfSmaller":0.0028},{"kind":"sliver","cutName":"Duchy of Luxembourg","keptName":"Princely Abbey of Stavelot-Malmedy","overlapKm2":13.24,"coverageOfSmaller":0.0184},{"kind":"sliver","cutName":"Imperial Abbey of Essen","keptName":"Imperial Abbey of Werden","overlapKm2":2.84,"coverageOfSmaller":0.0271},{"kind":"sliver","cutName":"Prince-Archbishopric of Bremen","keptName":"Prince-Bishopric of Verden","overlapKm2":1.33,"coverageOfSmaller":0.0009},{"kind":"sliver","cutName":"Prince-Archbishopric of Magdeburg","keptName":"Electorate of Saxony(-Wittenberg)","overlapKm2":30.98,"coverageOfSmaller":0.007},{"kind":"sliver","cutName":"Prince-Archbishopric of Salzburg","keptName":"Imperial Abbey of Berchtesgaden","overlapKm2":5.23,"coverageOfSmaller":0.0125},{"kind":"sliver","cutName":"Prince-Bishopric of Bamberg","keptName":"County of Castell","overlapKm2":2.22,"coverageOfSmaller":0.011},{"kind":"sliver","cutName":"Prince-Bishopric of Bamberg","keptName":"Principality of Ansbach","overlapKm2":3.01,"coverageOfSmaller":0.0009},{"kind":"sliver","cutName":"Prince-Bishopric of Bamberg","keptName":"Principality of Bayreuth","overlapKm2":12.58,"coverageOfSmaller":0.0032},{"kind":"sliver","cutName":"Prince-Bishopric of Basel","keptName":"County/Principality of Neuchâtel","overlapKm2":2.18,"coverageOfSmaller":0.0028},{"kind":"sliver","cutName":"Prince-Bishopric of Minden","keptName":"County of Schaumburg","overlapKm2":2.7,"coverageOfSmaller":0.0035},{"kind":"sliver","cutName":"Prince-Bishopric of Paderborn","keptName":"County of Rietberg","overlapKm2":0.2,"coverageOfSmaller":0.0011},{"kind":"sliver","cutName":"Prince-Bishopric of Paderborn","keptName":"Imperial Abbey of Corvey","overlapKm2":2.79,"coverageOfSmaller":0.0151},{"kind":"sliver","cutName":"Prince-Bishopric of Utrecht","keptName":"County of Bentheim","overlapKm2":145.42,"coverageOfSmaller":0.16},{"kind":"containment","cutName":"Prince-Bishopric of Utrecht","keptName":"County of Drenthe","overlapKm2":2835.56,"coverageOfSmaller":1},{"kind":"sliver","cutName":"Prince-Bishopric of Utrecht","keptName":"Duchy of Guelders","overlapKm2":1.94,"coverageOfSmaller":0.0003},{"kind":"sliver","cutName":"Prince-Bishopric of Würzburg","keptName":"County of Castell","overlapKm2":1.52,"coverageOfSmaller":0.0076},{"kind":"sliver","cutName":"Prince-Bishopric of Würzburg","keptName":"County of Henneberg-Schleusingen","overlapKm2":8.6,"coverageOfSmaller":0.0047},{"kind":"sliver","cutName":"Prince-Bishopric of Würzburg","keptName":"Prince-Bishopric of Bamberg","overlapKm2":10.37,"coverageOfSmaller":0.0027},{"kind":"sliver","cutName":"Prince-Bishopric of Würzburg","keptName":"Princely Abbey of Fulda","overlapKm2":6.81,"coverageOfSmaller":0.0038},{"kind":"sliver","cutName":"Prince-Bishopric of Würzburg","keptName":"Principality of Ansbach","overlapKm2":3.46,"coverageOfSmaller":0.001},{"kind":"sliver","cutName":"Princely Abbey of Fulda","keptName":"Imperial Abbey of Hersfeld","overlapKm2":3.9,"coverageOfSmaller":0.0087},{"kind":"sliver","cutName":"Princely Abbey of Kempten","keptName":"Imperial Abbey of Ottobeuren","overlapKm2":3.2,"coverageOfSmaller":0.018},{"kind":"sliver","cutName":"Principality of Ansbach","keptName":"Prince-Bishopric of Eichstätt","overlapKm2":4.21,"coverageOfSmaller":0.0032},{"kind":"sliver","cutName":"Principality of Bayreuth","keptName":"County of Castell","overlapKm2":1.88,"coverageOfSmaller":0.0093},{"kind":"sliver","cutName":"Principality of Bayreuth","keptName":"Principality of Ansbach","overlapKm2":14.48,"coverageOfSmaller":0.0042}],"externalInputs":["data/italy_fiefs_flat_1400.geojson"],"externalRemovals":[{"cutName":"Duchy of Milan","externalName":"March of Montferrat","overlapKm2":280.97},{"cutName":"Duchy of Milan","externalName":"Republic of Genoa","overlapKm2":57.56}],"source":"OpenHistoricalMap","sourceUrl":"https://www.openhistoricalmap.org/","license":"CC0-1.0","borderPrecision":"史料に基づく復元（概略。測量された境界ではない）"}}