{"type":"FeatureCollection","features":[{"type":"Feature","properties":{"NAME":"County of Abensberg","SUBJECTO":"Holy Roman Empire","PARTOF":"Holy Roman Empire","ADMIN_LEVEL":4,"OHM_RELATION_ID":2830492,"START_DATE":"1150","END_DATE":"1485-02-28"},"geometry":{"type":"MultiPolygon","coordinates":[[[[11.84326,48.92656],[11.76224,48.93739],[11.57204,48.92746],[11.55487,48.90264],[11.58577,48.82495],[11.80824,48.76886],[11.81854,48.73627],[11.76704,48.7109],[11.76498,48.68053],[11.7952,48.69323],[11.8158,48.67373],[11.84875,48.73763],[11.88858,48.73898],[11.89682,48.72177],[11.94832,48.70864],[11.95862,48.72404],[11.93802,48.734],[11.95244,48.74713],[11.98746,48.7331],[12.00806,48.758],[12.06505,48.76388],[12.03552,48.79691],[12.01904,48.79013],[12.01836,48.81048],[11.9648,48.82947],[11.92635,48.8245],[11.86798,48.87714],[11.84051,48.87759],[11.83309,48.89852],[11.86145,48.91621],[11.92592,48.91122],[11.92532,48.88899],[11.94077,48.88199],[12.00617,48.87533],[12.13783,48.87623],[12.14521,48.88944],[12.11123,48.90625],[12.01046,48.90569],[11.99364,48.93023],[11.95158,48.90417],[11.9224,48.93457],[11.86438,48.94156],[11.84326,48.92656]]]]}},{"type":"Feature","properties":{"NAME":"County of Bentheim","SUBJECTO":"Holy Roman Empire","PARTOF":"Holy Roman Empire","ADMIN_LEVEL":4,"OHM_RELATION_ID":2807457,"START_DATE":"1180","END_DATE":"1806-07-12"},"geometry":{"type":"MultiPolygon","coordinates":[[[[7.14631,52.53491],[7.1424,52.58767],[7.07444,52.61957],[6.89574,52.6514],[6.74181,52.64532],[6.71346,52.62929],[6.72157,52.59487],[6.76666,52.56353],[6.68954,52.55214],[6.70533,52.52101],[6.69752,52.48632],[6.74484,52.46759],[6.94166,52.43543],[6.99414,52.46429],[7.07215,52.37361],[7.02604,52.28347],[7.06579,52.24124],[7.15605,52.26637],[7.29853,52.26406],[7.31724,52.28003],[7.25866,52.33933],[7.21244,52.44682],[7.15768,52.47996],[7.14631,52.53491]]]]}},{"type":"Feature","properties":{"NAME":"County of Castell","SUBJECTO":"Holy Roman Empire","PARTOF":"Holy Roman Empire","ADMIN_LEVEL":4,"OHM_RELATION_ID":2830566,"START_DATE":"1202","END_DATE":"1806-07-11"},"geometry":{"type":"MultiPolygon","coordinates":[[[[10.299,49.77772],[10.31685,49.73336],[10.35873,49.71782],[10.42396,49.75687],[10.37796,49.7919],[10.299,49.77772]]],[[[10.51065,49.70988],[10.58876,49.7085],[10.58807,49.69517],[10.60936,49.69651],[10.60455,49.67696],[10.70206,49.69384],[10.64987,49.73779],[10.56335,49.76042],[10.56747,49.77417],[10.50293,49.80033],[10.46268,49.786],[10.48096,49.77639],[10.47684,49.76042],[10.52284,49.74312],[10.47993,49.70628],[10.51065,49.70988]]],[[[9.71061,49.72706],[9.73954,49.68821],[9.7916,49.73093],[9.75534,49.75],[9.71061,49.72706]]],[[[9.66608,49.92879],[9.64668,49.92028],[9.66574,49.89983],[9.6599,49.88651],[9.70882,49.85846],[9.74367,49.86045],[9.73921,49.88844],[9.70076,49.88922],[9.68651,49.90005],[9.70556,49.90702],[9.66608,49.92879]]],[[[9.7023,49.77838],[9.73045,49.78947],[9.71844,49.81938],[9.67621,49.80564],[9.7023,49.77838]]],[[[10.34981,49.69029],[10.40817,49.69251],[10.41023,49.71782],[10.34981,49.69029]]]]}},{"type":"Feature","properties":{"NAME":"County of Drenthe","SUBJECTO":"Holy Roman Empire","PARTOF":"Holy Roman Empire","ADMIN_LEVEL":5,"OHM_RELATION_ID":2831685,"START_DATE":"1046","END_DATE":"1536-08-05"},"geometry":{"type":"MultiPolygon","coordinates":[[[[6.95327,52.63887],[7.04179,52.63269],[7.05572,52.64342],[7.0873,52.84996],[7.05872,52.86416],[7.03537,52.92174],[6.76964,53.10062],[6.75934,53.14883],[6.59454,53.25618],[6.54922,53.25125],[6.53206,53.2122],[6.48056,53.2085],[6.41601,53.1797],[6.381,53.14965],[6.36246,53.09567],[6.30478,53.08165],[6.35765,53.06556],[6.36383,53.02635],[6.43387,52.97594],[6.41258,52.94491],[6.33774,52.90766],[6.29173,52.93002],[6.24985,52.92422],[6.11732,52.8513],[6.1805,52.80359],[6.21483,52.7982],[6.21277,52.77245],[6.1338,52.73421],[6.15234,52.68845],[6.33293,52.66056],[6.38168,52.61431],[6.52245,52.61764],[6.51695,52.64681],[6.60072,52.67222],[6.70775,52.64884],[6.70166,52.62765],[6.79007,52.65238],[6.95327,52.63887]]]]}},{"type":"Feature","properties":{"NAME":"County of Falkenstein","SUBJECTO":"Holy Roman Empire","PARTOF":"Holy Roman Empire","ADMIN_LEVEL":5,"OHM_RELATION_ID":2830881,"START_DATE":"1135","END_DATE":"1797-10-17"},"geometry":{"type":"MultiPolygon","coordinates":[[[[8.23322,49.76253],[8.21743,49.77694],[8.15392,49.77273],[8.15495,49.75965],[8.18481,49.75166],[8.23322,49.76253]]],[[[7.92664,49.8776],[7.92973,49.86477],[7.95959,49.86986],[7.92664,49.8776]]],[[[7.93754,49.58807],[7.93994,49.59864],[7.90003,49.60303],[7.86346,49.62806],[7.84767,49.59402],[7.81128,49.58712],[7.76115,49.54504],[7.76974,49.53412],[7.86346,49.54526],[7.87411,49.56152],[7.94449,49.56664],[7.93754,49.58807]]],[[[7.94904,49.60821],[7.97856,49.61922],[7.94809,49.6185],[7.94904,49.60821]]],[[[8.0777,49.67829],[8.11615,49.68673],[8.05354,49.69923],[8.03345,49.68479],[8.0777,49.67829]]],[[[7.89196,49.71849],[7.84269,49.70615],[7.83892,49.6834],[7.8566,49.66241],[7.90835,49.68612],[7.89196,49.71849]]],[[[8.25871,49.78769],[8.22584,49.78703],[8.24816,49.77794],[8.25871,49.78769]]]]}},{"type":"Feature","properties":{"NAME":"County of Henneberg-Schleusingen","SUBJECTO":"Holy Roman Empire","PARTOF":"Holy Roman Empire","ADMIN_LEVEL":4,"OHM_RELATION_ID":2830377,"START_DATE":"1262","END_DATE":"1583-12-27"},"geometry":{"type":"MultiPolygon","coordinates":[[[[10.25728,50.46286],[10.25248,50.48394],[10.22879,50.49563],[10.1852,50.46453],[10.13974,50.50349],[10.11371,50.49994],[10.12085,50.48179],[10.07984,50.47497],[10.11191,50.44991],[10.17673,50.44499],[10.22458,50.42318],[10.24836,50.43225],[10.25728,50.46286]]],[[[10.34432,50.74018],[10.22201,50.73739],[10.17696,50.75707],[10.12673,50.71374],[10.15961,50.70059],[10.1421,50.67732],[10.16785,50.66317],[10.14416,50.64293],[10.11291,50.65077],[10.08133,50.61979],[10.03786,50.61418],[10.05918,50.55928],[10.03889,50.52383],[10.0734,50.52693],[10.09423,50.54836],[10.0897,50.56866],[10.13954,50.57939],[10.14443,50.61786],[10.18209,50.6168],[10.18729,50.59293],[10.2354,50.58997],[10.26312,50.5707],[10.26037,50.54845],[10.23548,50.555],[10.22055,50.53885],[10.22673,50.51747],[10.32526,50.4929],[10.33556,50.46625],[10.38036,50.44034],[10.36938,50.4352],[10.40388,50.42493],[10.38448,50.406],[10.39461,50.39484],[10.4492,50.40316],[10.45898,50.38214],[10.48885,50.37503],[10.49177,50.35543],[10.54344,50.36386],[10.55117,50.34415],[10.58361,50.33297],[10.64644,50.34984],[10.67253,50.37547],[10.59837,50.40239],[10.6768,50.4596],[10.71908,50.47149],[10.77413,50.45162],[10.81907,50.46194],[10.82209,50.49813],[10.87132,50.51751],[10.89483,50.65131],[10.96212,50.68123],[10.9778,50.75818],[10.93656,50.76633],[10.91814,50.7438],[10.90226,50.7579],[10.88238,50.75136],[10.84728,50.65207],[10.70652,50.66731],[10.66978,50.63509],[10.63485,50.67481],[10.71055,50.69934],[10.57511,50.74145],[10.55872,50.78445],[10.53254,50.79639],[10.47452,50.79026],[10.51829,50.8209],[10.46774,50.8505],[10.4159,50.84942],[10.40562,50.8221],[10.36242,50.79384],[10.37822,50.77951],[10.36998,50.76828],[10.33432,50.7592],[10.34432,50.74018]]],[[[10.27975,50.8091],[10.31187,50.78033],[10.33813,50.79454],[10.32354,50.81808],[10.27975,50.8091]]]]}},{"type":"Feature","properties":{"NAME":"County of Hohnstein","SUBJECTO":"Holy Roman Empire","PARTOF":"Holy Roman Empire","ADMIN_LEVEL":4,"OHM_RELATION_ID":2830686,"START_DATE":"1182","END_DATE":"1593"},"geometry":{"type":"MultiPolygon","coordinates":[[[[10.62717,51.57075],[10.59234,51.5832],[10.57583,51.56279],[10.57882,51.61056],[10.5254,51.6226],[10.51692,51.60569],[10.53379,51.58168],[10.50191,51.56056],[10.51043,51.55002],[10.4733,51.55125],[10.48818,51.57399],[10.43487,51.59142],[10.3759,51.58891],[10.36384,51.55612],[10.37487,51.539],[10.46836,51.54403],[10.47958,51.51836],[10.46722,51.48566],[10.42705,51.46214],[10.46585,51.45636],[10.50362,51.38378],[10.52396,51.37063],[10.55168,51.38314],[10.57151,51.36749],[10.56473,51.38619],[10.59073,51.38507],[10.58507,51.36739],[10.6267,51.38228],[10.63305,51.36171],[10.70068,51.33233],[10.71742,51.36519],[10.6818,51.3841],[10.69382,51.39556],[10.7666,51.39125],[10.79995,51.41224],[10.76866,51.43667],[10.78609,51.47652],[10.75441,51.48864],[10.76072,51.50965],[10.80136,51.52258],[10.85072,51.48518],[10.98704,51.46378],[10.95929,51.49186],[10.90805,51.50912],[10.90093,51.53123],[10.87028,51.53507],[10.86282,51.5712],[10.89312,51.60602],[10.86205,51.63166],[10.81836,51.62457],[10.76274,51.64982],[10.78257,51.66122],[10.78094,51.68261],[10.73411,51.67136],[10.70558,51.69437],[10.67084,51.69765],[10.66779,51.67014],[10.70169,51.64095],[10.63357,51.60819],[10.6385,51.5891],[10.66617,51.57582],[10.65137,51.55809],[10.62717,51.57075]]]]}},{"type":"Feature","properties":{"NAME":"County of Holland","SUBJECTO":"Holy Roman Empire","PARTOF":"Holy Roman Empire","ADMIN_LEVEL":4,"OHM_RELATION_ID":2831646,"START_DATE":"1297","END_DATE":"1400"},"geometry":{"type":"MultiPolygon","coordinates":[[[[4.32682,52.23791],[4.04206,52.01899],[3.94728,51.89165],[3.82563,51.86002],[3.75406,51.7916],[3.88092,51.74744],[3.92761,51.77124],[4.0107,51.75849],[4.04434,51.69852],[4.15626,51.68277],[4.27797,51.64402],[4.36231,51.66253],[4.41307,51.64402],[4.54422,51.63997],[4.61014,51.67341],[4.64275,51.70916],[4.75708,51.72639],[4.97749,51.68788],[5.14435,51.70703],[5.18417,51.74201],[5.17765,51.75977],[5.14315,51.75456],[5.13937,51.7723],[5.09388,51.7876],[5.07156,51.7791],[4.99569,51.82538],[5.0053,51.90086],[5.08392,51.99915],[5.10315,52.00317],[5.04822,52.03792],[4.92016,51.99376],[4.79279,51.97685],[4.76601,52.00074],[4.92874,52.02947],[4.95621,52.0508],[4.94625,52.06431],[4.80789,52.03349],[4.79931,52.05545],[4.93904,52.09048],[4.91466,52.12485],[4.82368,52.10798],[4.79107,52.124],[4.82712,52.14402],[4.87244,52.13876],[4.88102,52.1674],[4.82265,52.1933],[4.84188,52.21055],[4.80137,52.23663],[4.72721,52.21013],[4.71897,52.24336],[4.77253,52.25303],[4.80549,52.28076],[4.90745,52.25051],[4.93286,52.2774],[5.01594,52.30344],[5.13611,52.26143],[5.14709,52.20761],[5.0441,52.20424],[5.03517,52.18235],[5.04684,52.16551],[5.19928,52.17688],[5.26176,52.28244],[5.36407,52.3496],[5.11825,52.38482],[5.17181,52.42587],[5.15533,52.46438],[5.18829,52.52124],[5.12375,52.57885],[5.23361,52.5897],[5.31463,52.64056],[5.38193,52.73546],[5.38605,52.76705],[5.19791,52.81604],[5.04684,52.82766],[5.11276,52.89565],[5.11688,52.95857],[5.03723,53.00652],[4.87793,52.97594],[4.97681,53.0536],[4.9823,53.12041],[4.92462,53.17806],[4.77116,53.21194],[4.69398,53.14242],[4.64285,53.07091],[4.62973,52.90558],[4.55669,52.74669],[4.54248,52.61735],[4.50694,52.5139],[4.42555,52.35441],[4.32682,52.23791]]],[[[5.69112,52.67764],[5.67135,52.70448],[5.62157,52.70697],[5.51205,52.66285],[5.54844,52.63056],[5.62019,52.62348],[5.66204,52.64179],[5.69112,52.67764]]],[[[5.70671,52.64088],[5.85983,52.63973],[5.83786,52.68304],[5.77812,52.69199],[5.73624,52.67722],[5.70671,52.64088]]]]}},{"type":"Feature","properties":{"NAME":"County of Holstein-Pinneberg","SUBJECTO":"Holy Roman Empire","PARTOF":"Holy Roman Empire","ADMIN_LEVEL":5,"OHM_RELATION_ID":2840496,"START_DATE":"1290-12-21","END_DATE":"1640-11-14"},"geometry":{"type":"MultiPolygon","coordinates":[[[[9.56851,53.71778],[9.5993,53.70077],[9.61578,53.66743],[9.64325,53.66254],[9.66316,53.59556],[9.63295,53.58293],[9.70458,53.55915],[9.91307,53.54153],[9.91477,53.58403],[9.95959,53.58116],[9.98177,53.6033],[9.96743,53.61545],[9.98977,53.63557],[10.00013,53.71591],[9.97456,53.76735],[9.89229,53.75221],[9.90005,53.77243],[9.87579,53.77811],[9.88059,53.8123],[9.821,53.82589],[9.82429,53.84587],[9.76324,53.87303],[9.75178,53.89286],[9.64891,53.88051],[9.6575,53.85526],[9.67724,53.8505],[9.66044,53.80008],[9.64227,53.77364],[9.5662,53.75281],[9.58197,53.72396],[9.56851,53.71778]]]]}},{"type":"Feature","properties":{"NAME":"County of Horne","SUBJECTO":"Holy Roman Empire","PARTOF":"Holy Roman Empire","ADMIN_LEVEL":5,"OHM_RELATION_ID":2831137,"START_DATE":"0920","END_DATE":"1797-10-17"},"geometry":{"type":"MultiPolygon","coordinates":[[[[5.90635,51.30025],[5.85829,51.3113],[5.83426,51.27437],[5.84335,51.24916],[5.89344,51.23008],[5.88352,51.19779],[5.85859,51.18222],[5.87378,51.16619],[5.92322,51.17159],[6.00497,51.23656],[6.01132,51.27072],[5.95425,51.30041],[5.90635,51.30025]]]]}},{"type":"Feature","properties":{"NAME":"County of Leiningen","SUBJECTO":"Holy Roman Empire","PARTOF":"Holy Roman Empire","ADMIN_LEVEL":4,"OHM_RELATION_ID":2830777,"START_DATE":"1093","END_DATE":"1797-10-17"},"geometry":{"type":"MultiPolygon","coordinates":[[[[8.16246,50.40679],[8.17756,50.40909],[8.17177,50.4213],[8.15014,50.41274],[8.16246,50.40679]]],[[[7.99592,50.52511],[8.04038,50.55254],[8.02617,50.57314],[7.99315,50.57539],[7.97916,50.59647],[7.93844,50.58808],[7.93015,50.56743],[7.99592,50.52511]]],[[[8.04234,49.51875],[7.9565,49.48909],[7.94311,49.45273],[7.99461,49.44201],[8.01693,49.45764],[8.02757,49.44558],[7.99496,49.43308],[8.02139,49.43286],[7.99496,49.42348],[8.02483,49.40941],[7.99496,49.39466],[8.02448,49.36605],[8.0492,49.37477],[8.02448,49.39668],[8.0595,49.40248],[8.08662,49.43799],[8.12473,49.44558],[8.12782,49.46612],[8.22052,49.46322],[8.25829,49.49534],[8.19477,49.4945],[8.18859,49.51797],[8.16833,49.52599],[8.21588,49.52465],[8.18584,49.58067],[8.23391,49.60448],[8.20473,49.61204],[8.23151,49.61783],[8.20747,49.65274],[8.19099,49.65163],[8.18825,49.6185],[8.08765,49.61116],[8.08671,49.57571],[8.12757,49.57427],[8.08044,49.54526],[8.09418,49.53368],[8.13503,49.56219],[8.15632,49.54415],[8.08525,49.51295],[8.0801,49.53301],[8.04234,49.51875]]],[[[8.27579,49.42281],[8.283,49.39332],[8.30772,49.43018],[8.27579,49.42281]]],[[[7.83325,49.38707],[7.83136,49.37287],[7.84836,49.36684],[7.88544,49.38841],[7.91943,49.38751],[7.93934,49.40852],[7.93041,49.42058],[7.83325,49.38707]]],[[[7.70142,49.49846],[7.73815,49.47348],[7.75944,49.48664],[7.70142,49.49846]]],[[[8.05126,49.25212],[8.10894,49.24697],[8.0825,49.25638],[8.05126,49.25212]]],[[[7.90569,49.11849],[7.92054,49.12927],[7.89883,49.14882],[7.90123,49.17463],[7.84475,49.13439],[7.85952,49.11658],[7.90569,49.11849]]],[[[7.88836,49.19057],[7.91479,49.17811],[7.9511,49.18619],[7.91771,49.2102],[7.88836,49.19057]]],[[[7.52357,49.3334],[7.55628,49.2729],[7.56804,49.27643],[7.56409,49.3108],[7.58194,49.34459],[7.55962,49.35666],[7.52357,49.3334]]],[[[8.40002,49.80347],[8.38457,49.81736],[8.3321,49.81096],[8.33004,49.82957],[8.27064,49.80454],[8.22395,49.82226],[8.25871,49.78769],[8.3551,49.78348],[8.40002,49.80347]]],[[[8.23837,49.84064],[8.23528,49.8289],[8.26069,49.82337],[8.27854,49.83289],[8.23837,49.84064]]],[[[8.21571,49.72981],[8.19683,49.72204],[8.20301,49.71338],[8.33828,49.72426],[8.33828,49.73713],[8.21571,49.72981]]],[[[8.04028,49.83953],[8.03032,49.80941],[8.04989,49.80121],[8.05813,49.83577],[8.04028,49.83953]]],[[[7.93754,49.58807],[7.9771,49.60821],[7.92912,49.59519],[7.93754,49.58807]]]]}},{"type":"Feature","properties":{"NAME":"County of Mark","SUBJECTO":"Holy Roman Empire","PARTOF":"Holy Roman Empire","ADMIN_LEVEL":5,"OHM_RELATION_ID":2694704,"START_DATE":"1368","END_DATE":"1449"},"geometry":{"type":"MultiPolygon","coordinates":[[[[7.99592,51.67248],[7.97333,51.69129],[7.89539,51.7048],[7.65078,51.65834],[7.53593,51.61024],[7.47585,51.62057],[7.53765,51.50661],[7.45903,51.48673],[7.43156,51.50068],[7.40787,51.56736],[7.31621,51.59637],[7.02292,51.52135],[7.09489,51.50093],[7.11367,51.47231],[7.07897,51.4507],[7.1173,51.38078],[7.15635,51.36854],[7.14605,51.34126],[7.17266,51.29955],[7.23192,51.29746],[7.23192,51.25719],[7.39989,51.24215],[7.40315,51.22479],[7.43021,51.22123],[7.42058,51.18838],[7.44856,51.16325],[7.47362,51.16325],[7.47199,51.14064],[7.5023,51.13037],[7.50409,51.10155],[7.5328,51.09913],[7.45457,51.07398],[7.47911,51.05737],[7.43362,51.04312],[7.42298,51.02412],[7.44736,51.01095],[7.45079,50.98491],[7.47025,50.97471],[7.50504,50.99377],[7.5325,50.98134],[7.64717,51.01138],[7.72434,51.00973],[7.7315,51.03894],[7.70953,51.07085],[7.82059,51.07538],[7.81999,51.10902],[7.83737,51.12505],[7.80094,51.14624],[7.90874,51.18265],[7.94955,51.17574],[7.92998,51.20597],[7.95054,51.22863],[7.91181,51.25127],[7.85853,51.2455],[7.79113,51.26762],[7.81201,51.28718],[7.77459,51.31616],[7.77693,51.33844],[7.82673,51.35211],[7.85334,51.37947],[7.79231,51.41677],[7.73304,51.4091],[7.62913,51.34026],[7.56271,51.31747],[7.54615,51.32637],[7.54872,51.36358],[7.52259,51.38528],[7.5449,51.41446],[7.67172,51.47465],[7.84149,51.47753],[7.84947,51.49779],[7.83312,51.53913],[7.84459,51.55762],[7.91342,51.57835],[7.91389,51.6161],[7.9505,51.67021],[7.99592,51.67248]]]]}},{"type":"Feature","properties":{"NAME":"County of Moers","SUBJECTO":"Holy Roman Empire","PARTOF":"Holy Roman Empire","ADMIN_LEVEL":4,"OHM_RELATION_ID":2840625,"START_DATE":"1160","END_DATE":"1412"},"geometry":{"type":"MultiPolygon","coordinates":[[[[6.7226,51.45422],[6.68381,51.48651],[6.72295,51.51152],[6.6754,51.50922],[6.67351,51.56299],[6.6251,51.56042],[6.60092,51.57179],[6.59836,51.59136],[6.55764,51.57862],[6.57394,51.54975],[6.62956,51.54078],[6.61308,51.52071],[6.56776,51.51729],[6.55815,51.47796],[6.50803,51.44374],[6.53412,51.43689],[6.53892,51.4082],[6.56914,51.41591],[6.57806,51.40006],[6.61377,51.39835],[6.61514,51.37564],[6.64467,51.38335],[6.67426,51.36903],[6.74393,51.39529],[6.71368,51.43368],[6.7226,51.45422]]],[[[6.51455,51.37028],[6.51318,51.35099],[6.54865,51.30864],[6.58904,51.32079],[6.57484,51.34754],[6.51455,51.37028]]]]}},{"type":"Feature","properties":{"NAME":"County of Montbéliard","SUBJECTO":"Holy Roman Empire","PARTOF":"Holy Roman Empire","ADMIN_LEVEL":5,"OHM_RELATION_ID":2812115,"START_DATE":"1042","END_DATE":"1796-08-07"},"geometry":{"type":"MultiPolygon","coordinates":[[[[6.71385,47.47127],[6.82268,47.48403],[6.88431,47.46675],[6.9116,47.47649],[6.91486,47.49842],[6.95349,47.48044],[6.95675,47.49204],[6.94765,47.51535],[6.91246,47.52508],[6.89083,47.55498],[6.77547,47.53227],[6.75453,47.54061],[6.73187,47.55985],[6.74801,47.5756],[6.73943,47.58926],[6.68587,47.61334],[6.68999,47.65521],[6.6275,47.68665],[6.58905,47.67487],[6.6687,47.59621],[6.65428,47.58741],[6.6687,47.55626],[6.65394,47.53957],[6.68587,47.51535],[6.67059,47.47881],[6.6814,47.46245],[6.71385,47.47127]]],[[[6.79384,47.45427],[6.79341,47.41008],[6.83427,47.43697],[6.79384,47.45427]]],[[[6.65977,47.47846],[6.64681,47.4907],[6.61531,47.47266],[6.63016,47.46309],[6.65977,47.47846]]]]}},{"type":"Feature","properties":{"NAME":"County of Rietberg","SUBJECTO":"Holy Roman Empire","PARTOF":"Holy Roman Empire","ADMIN_LEVEL":4,"OHM_RELATION_ID":2806964,"START_DATE":"1237","END_DATE":"1807-07-07"},"geometry":{"type":"MultiPolygon","coordinates":[[[[8.35021,51.72315],[8.40291,51.71943],[8.41587,51.75934],[8.51715,51.80628],[8.53397,51.83153],[8.6283,51.86239],[8.64161,51.88439],[8.60698,51.92731],[8.51187,51.92003],[8.5096,51.89408],[8.363,51.81074],[8.36678,51.75615],[8.35021,51.72315]]]]}},{"type":"Feature","properties":{"NAME":"County of Schaumburg","SUBJECTO":"Holy Roman Empire","PARTOF":"Holy Roman Empire","ADMIN_LEVEL":5,"OHM_RELATION_ID":2807121,"START_DATE":"1295","END_DATE":"1640-11-14"},"geometry":{"type":"MultiPolygon","coordinates":[[[[9.37553,52.39572],[9.33116,52.40796],[9.36623,52.43128],[9.39833,52.4319],[9.41451,52.4422],[9.40721,52.46208],[9.42266,52.46595],[9.36263,52.49979],[9.27598,52.46987],[9.26598,52.43998],[9.16174,52.4109],[9.12312,52.36963],[9.09874,52.37303],[9.07479,52.35028],[8.9984,52.32637],[8.98529,52.28541],[8.96381,52.27887],[8.9724,52.26543],[9.07681,52.23367],[9.04308,52.22526],[9.04574,52.18317],[8.98601,52.19467],[9.01493,52.17269],[9.01154,52.1396],[9.06548,52.14924],[9.14335,52.13515],[9.15856,52.12124],[9.13374,52.09854],[9.15513,52.0976],[9.17543,52.11742],[9.22242,52.12274],[9.26701,52.16003],[9.31503,52.13012],[9.35898,52.14265],[9.38722,52.16746],[9.31156,52.22107],[9.33048,52.24323],[9.311,52.25439],[9.3128,52.27646],[9.34769,52.27572],[9.35121,52.2952],[9.41391,52.29305],[9.40069,52.3281],[9.45116,52.37859],[9.40854,52.40752],[9.37553,52.39572]]]]}},{"type":"Feature","properties":{"NAME":"County of Schaunberg","SUBJECTO":"Holy Roman Empire","PARTOF":"Holy Roman Empire","ADMIN_LEVEL":5,"OHM_RELATION_ID":2852926,"START_DATE":"1390","END_DATE":"1572-08-10"},"geometry":{"type":"MultiPolygon","coordinates":[[[[13.7165,48.51548],[13.68553,48.44697],[13.70167,48.41986],[13.68553,48.40687],[13.73016,48.36378],[13.71025,48.32533],[13.72081,48.31888],[13.65017,48.29621],[13.63309,48.30536],[13.61567,48.26366],[13.56975,48.25017],[13.59635,48.21289],[13.5773,48.19956],[13.60949,48.18798],[13.59828,48.17939],[13.61206,48.17147],[13.60914,48.12308],[13.45413,48.106],[13.40435,48.08467],[13.38341,48.05129],[13.4089,48.04464],[13.38109,48.03316],[13.39332,48.02159],[13.35869,48.01823],[13.33564,47.98721],[13.38088,47.9857],[13.36281,47.9463],[13.39525,47.92163],[13.38736,47.90679],[13.47576,47.87203],[13.50177,47.84295],[13.5356,47.83971],[13.52914,47.79759],[13.60313,47.7324],[13.63951,47.72005],[13.79196,47.8218],[13.78647,47.89551],[13.81496,47.95429],[13.81153,47.98785],[13.79248,48.00302],[13.8438,48.05232],[13.83685,48.06363],[13.87856,48.08886],[13.88123,48.13058],[14.011,48.19218],[14.33671,48.29629],[14.32308,48.32133],[14.26762,48.306],[14.21714,48.31168],[14.19043,48.33084],[14.12395,48.30978],[14.07132,48.31775],[14.02229,48.34323],[14.02909,48.37807],[14.00032,48.41405],[13.95567,48.41711],[13.94118,48.4035],[13.91073,48.45363],[13.85938,48.45041],[13.86065,48.42741],[13.7165,48.51548]]]]}},{"type":"Feature","properties":{"NAME":"County of Spiegelberg","SUBJECTO":"Holy Roman Empire","PARTOF":"Holy Roman Empire","ADMIN_LEVEL":5,"OHM_RELATION_ID":2807633,"START_DATE":"1281","END_DATE":"1819"},"geometry":{"type":"MultiPolygon","coordinates":[[[[9.51415,52.10807],[9.55085,52.10121],[9.57351,52.11971],[9.56566,52.14168],[9.58591,52.14452],[9.55583,52.16735],[9.48009,52.16783],[9.45159,52.11797],[9.51415,52.10807]]]]}},{"type":"Feature","properties":{"NAME":"County of Tecklenburg","SUBJECTO":"Holy Roman Empire","PARTOF":"Holy Roman Empire","ADMIN_LEVEL":4,"OHM_RELATION_ID":2840421,"START_DATE":"1400","END_DATE":"1548"},"geometry":{"type":"MultiPolygon","coordinates":[[[[7.9659,52.32356],[7.94277,52.35943],[7.89192,52.38066],[7.80664,52.37141],[7.7136,52.40095],[7.69258,52.41111],[7.68286,52.45784],[7.61212,52.47109],[7.61891,52.59335],[7.59818,52.61512],[7.46461,52.61769],[7.2552,52.5825],[7.26909,52.53332],[7.29971,52.51306],[7.28668,52.49553],[7.29745,52.47217],[7.35475,52.45512],[7.43139,52.36493],[7.5448,52.36626],[7.6167,52.42101],[7.67077,52.39598],[7.67412,52.37832],[7.60082,52.33754],[7.67841,52.25676],[7.64623,52.21791],[7.7142,52.18056],[7.72339,52.14287],[7.70648,52.11879],[7.74965,52.09485],[7.79411,52.10434],[7.88175,52.08531],[8.00775,52.11557],[8.00328,52.15966],[8.02345,52.15972],[8.00697,52.17625],[7.93582,52.17683],[7.89977,52.20803],[7.9202,52.22186],[7.92436,52.26243],[7.95738,52.27264],[7.9329,52.29777],[7.98929,52.30349],[7.9659,52.32356]]],[[[8.31386,51.96778],[8.24593,51.93643],[8.19752,51.94956],[8.1661,51.90806],[8.12439,51.89366],[8.14259,51.85402],[8.20189,51.86277],[8.22061,51.8432],[8.20035,51.82777],[8.25743,51.80257],[8.35133,51.90065],[8.39321,51.88539],[8.44282,51.89101],[8.45106,51.91177],[8.43325,51.9396],[8.3889,51.94246],[8.40339,51.95758],[8.37704,51.97545],[8.31386,51.96778]]]]}},{"type":"Feature","properties":{"NAME":"County/Principality of Neuchâtel","SUBJECTO":"Holy Roman Empire","PARTOF":"Holy Roman Empire","ADMIN_LEVEL":5,"OHM_RELATION_ID":2748494,"START_DATE":"1011","END_DATE":"1648-10-24"},"geometry":{"type":"MultiPolygon","coordinates":[[[[6.43637,46.92132],[6.46455,46.89028],[6.46019,46.85129],[6.48382,46.84687],[6.62956,46.88929],[6.65428,46.91369],[6.72226,46.93432],[6.71883,46.90384],[6.74148,46.89492],[6.73805,46.87052],[6.77925,46.85362],[7.00172,46.98775],[7.03812,46.98025],[7.03331,47.0327],[7.08841,47.05972],[7.07717,47.07644],[7.0885,47.08269],[7.02885,47.10431],[7.04078,47.12434],[7.02782,47.12715],[6.8692,47.08742],[6.88886,47.13112],[6.8615,47.16559],[6.70305,47.0823],[6.69219,47.06794],[6.71962,47.05203],[6.71179,47.02211],[6.68956,47.00859],[6.60879,46.98312],[6.4965,46.97411],[6.43637,46.92132]]]]}},{"type":"Feature","properties":{"NAME":"Duchy of Austria","SUBJECTO":"Holy Roman Empire","PARTOF":"Holy Roman Empire","ADMIN_LEVEL":4,"OHM_RELATION_ID":2852945,"START_DATE":"1390","END_DATE":"1453-01-06"},"geometry":{"type":"Polygon","coordinates":[[[13.33564,47.98721],[13.38088,47.9857],[13.36281,47.9463],[13.39525,47.92163],[13.38736,47.90679],[13.47576,47.87203],[13.50177,47.84295],[13.5356,47.83971],[13.52623,47.81892],[13.53885,47.7834],[13.5143,47.77204],[13.47181,47.78571],[13.44632,47.77187],[13.43605,47.73859],[13.55006,47.7139],[13.48469,47.6411],[13.52172,47.61998],[13.50563,47.58324],[13.47977,47.56926],[13.47844,47.52611],[13.51559,47.49621],[13.5856,47.47474],[13.60897,47.47504],[13.64648,47.51088],[13.7608,47.52016],[13.736,47.57687],[13.69257,47.58834],[13.6924,47.62109],[13.7118,47.6662],[13.7772,47.71461],[13.86148,47.72651],[13.91968,47.70514],[14.00963,47.70087],[14.05598,47.66758],[14.05108,47.61733],[14.20524,47.65255],[14.2321,47.65013],[14.23553,47.62722],[14.26592,47.61056],[14.3248,47.60663],[14.39363,47.64804],[14.51659,47.68174],[14.53195,47.71375],[14.64821,47.72579],[14.70168,47.76408],[14.74949,47.73563],[14.86038,47.74163],[14.8772,47.71617],[14.92724,47.71034],[14.95256,47.73315],[15.03445,47.75271],[15.06638,47.78225],[15.08457,47.7661],[15.082,47.74284],[15.13255,47.74787],[15.13882,47.76171],[15.20332,47.75641],[15.20963,47.78963],[15.29065,47.79378],[15.29735,47.81604],[15.33339,47.82739],[15.4018,47.81442],[15.4073,47.79321],[15.5072,47.76795],[15.52102,47.74804],[15.60732,47.7523],[15.63646,47.71484],[15.67955,47.69913],[15.71663,47.71346],[15.72452,47.64631],[15.74075,47.63347],[15.82237,47.63717],[15.85688,47.61993],[15.84726,47.57207],[15.88795,47.57143],[15.91249,47.53575],[16.02562,47.51488],[16.05686,47.48612],[16.11111,47.52392],[16.14338,47.439],[16.19728,47.42228],[16.30199,47.46744],[16.29736,47.4787],[16.33341,47.50491],[16.33942,47.52277],[16.31126,47.54571],[16.35006,47.61727],[16.37031,47.62283],[16.36688,47.64828],[16.34903,47.67972],[16.31264,47.6885],[16.29547,47.72362],[16.30041,47.77831],[16.27167,47.7909],[16.28376,47.81093],[16.30933,47.80728],[16.31562,47.78456],[16.37714,47.82736],[16.38465,47.84692],[16.3483,47.86705],[16.41242,47.88141],[16.43705,47.9275],[16.48826,47.94308],[16.51865,47.94356],[16.57373,47.89172],[16.65948,47.96096],[16.69982,47.96682],[16.70124,48.00997],[16.83661,48.0318],[16.82875,48.03836],[16.87227,48.07081],[16.91199,48.0691],[16.91967,48.05086],[16.96821,48.04125],[16.97916,48.02343],[17.01647,48.07469],[16.97182,48.09545],[16.97568,48.10588],[17.02907,48.09987],[17.00233,48.0927],[17.03596,48.08428],[17.06274,48.11444],[17.0551,48.13115],[17.02866,48.12896],[16.9622,48.16939],[16.97594,48.18234],[16.9471,48.23388],[16.95257,48.27315],[16.91985,48.27385],[16.88976,48.30441],[16.905,48.3202],[16.87534,48.34687],[16.84356,48.35079],[16.83378,48.37911],[16.85588,48.38395],[16.84732,48.44317],[16.89011,48.49207],[16.91092,48.494],[16.90723,48.51243],[16.9498,48.53619],[16.93427,48.55806],[16.94482,48.58776],[16.93489,48.60434],[16.96356,48.63055],[16.97467,48.68425],[16.94371,48.68294],[16.92156,48.71276],[16.89178,48.71575],[16.86443,48.7906],[16.7305,48.77378],[16.5998,48.78168],[16.53776,48.81279],[16.52197,48.79927],[16.46041,48.80903],[16.43177,48.76407],[16.38401,48.73102],[16.09856,48.74611],[16.00022,48.77747],[15.95492,48.8017],[15.95786,48.81884],[15.84924,48.85807],[15.84331,48.87339],[15.69562,48.8565],[15.61701,48.89661],[15.51339,48.91412],[15.46929,48.95088],[15.28456,48.99316],[15.26186,48.95633],[15.16206,48.94226],[15.15043,48.99495],[15.06968,48.99907],[15.05868,49.01547],[15.02077,49.0205],[14.99236,49.01075],[14.97617,48.97096],[14.99164,48.89817],[14.88815,48.90443],[14.86918,48.83721],[14.81951,48.80059],[14.80657,48.73631],[14.7293,48.68934],[14.71464,48.65639],[14.72114,48.60238],[14.6985,48.5837],[14.66643,48.58218],[14.60842,48.62809],[14.56372,48.60552],[14.50725,48.61764],[14.47019,48.64839],[14.45083,48.64375],[14.45605,48.62514],[14.43298,48.59202],[14.3932,48.59314],[14.39179,48.57594],[14.3334,48.55191],[14.26786,48.58137],[14.09902,48.59142],[14.05425,48.60414],[14.01939,48.63538],[14.05845,48.65887],[14.05123,48.67513],[13.87318,48.76776],[13.83955,48.77162],[13.8014,48.7169],[13.83382,48.70049],[13.81338,48.69235],[13.82441,48.61839],[13.80209,48.57445],[13.74956,48.55715],[13.74909,48.53222],[13.7165,48.51548],[13.68553,48.44697],[13.70167,48.41986],[13.68553,48.40687],[13.73016,48.36378],[13.71025,48.32533],[13.72081,48.31888],[13.65017,48.29621],[13.63309,48.30536],[13.61567,48.26366],[13.56975,48.25017],[13.59635,48.21289],[13.5773,48.19956],[13.60949,48.18798],[13.59828,48.17939],[13.61206,48.17147],[13.60914,48.12308],[13.45413,48.106],[13.40435,48.08467],[13.38341,48.05129],[13.4089,48.04464],[13.38109,48.03316],[13.39332,48.02159],[13.35869,48.01823],[13.33564,47.98721]],[[14.35707,48.27588],[14.42479,48.30541],[14.53079,48.29005],[14.62143,48.23108],[14.62555,48.18898],[14.58298,48.22742],[14.49899,48.24563],[14.45835,48.23611],[14.35707,48.27588]],[[14.67293,47.95498],[14.67636,47.98349],[14.78485,48.01933],[14.83017,48.01106],[14.88785,47.96142],[14.88235,47.93015],[14.81094,47.92739],[14.80682,47.88504],[14.77386,47.85833],[14.7876,47.8233],[14.74777,47.815],[14.70348,47.85671],[14.71413,47.9053],[14.67293,47.95498]],[[14.72992,48.07739],[14.7615,48.08175],[14.77009,48.06615],[14.73541,48.06018],[14.72992,48.07739]],[[15.32249,48.26537],[15.38567,48.41781],[15.50239,48.40869],[15.53055,48.37815],[15.50583,48.3494],[15.41794,48.31699],[15.38086,48.25486],[15.33691,48.23931],[15.32249,48.26537]],[[15.57587,48.18852],[15.59234,48.23016],[15.67543,48.21369],[15.66238,48.1757],[15.57587,48.18852]],[[15.70736,48.34302],[15.72281,48.37963],[15.78461,48.3745],[15.7616,48.33092],[15.70736,48.34302]],[[16.0191,48.33389],[16.06064,48.33845],[16.08982,48.37427],[16.11832,48.3688],[16.06991,48.30466],[16.0294,48.30992],[16.0191,48.33389]],[[16.47469,48.1812],[16.50215,48.24617],[16.55846,48.25531],[16.61133,48.22605],[16.55708,48.14547],[16.47469,48.1812]]]}},{"type":"Feature","properties":{"NAME":"Duchy of Bar","SUBJECTO":"Holy Roman Empire","PARTOF":"Holy Roman Empire","ADMIN_LEVEL":4,"OHM_RELATION_ID":2815086,"START_DATE":"1354","END_DATE":"1632-06-26"},"geometry":{"type":"MultiPolygon","coordinates":[[[[5.46432,49.1624],[5.45265,49.14713],[5.47256,49.12557],[5.43617,49.07791],[5.44372,49.05587],[5.51857,49.09186],[5.52269,49.10849],[5.5014,49.12557],[5.55359,49.14039],[5.54535,49.16734],[5.56183,49.17856],[5.46432,49.1624]]],[[[5.41557,49.21625],[5.51582,49.23509],[5.40596,49.23822],[5.40047,49.22567],[5.41557,49.21625]]],[[[5.56831,49.41991],[5.55479,49.39679],[5.64096,49.36796],[5.63736,49.34772],[5.65521,49.3334],[5.64835,49.31214],[5.61882,49.30185],[5.64354,49.26153],[5.6353,49.23867],[5.59753,49.21625],[5.59753,49.19292],[5.62706,49.18126],[5.67993,49.18888],[5.65796,49.17003],[5.7074,49.15836],[5.70396,49.14129],[5.64629,49.12152],[5.58037,49.13096],[5.57968,49.11074],[5.66208,49.10804],[5.72473,49.09405],[5.73967,49.07567],[5.58723,49.02571],[5.57144,49.03742],[5.43755,49.03112],[5.42313,49.02076],[5.46364,48.98608],[5.44853,48.96309],[5.46638,48.93062],[5.39223,48.93603],[5.33386,48.96985],[5.35858,48.99689],[5.31052,49.02751],[5.35034,49.06847],[5.37643,49.05002],[5.41626,49.06442],[5.36888,49.11433],[5.32082,49.10579],[5.3009,49.08016],[5.31326,49.05857],[5.28236,49.05587],[5.25352,49.08331],[5.19653,49.07926],[5.16563,49.10085],[5.21233,49.10759],[5.22949,49.14264],[5.26794,49.16016],[5.30846,49.14399],[5.3112,49.16195],[5.2391,49.1835],[5.23567,49.20324],[5.30365,49.22029],[5.32219,49.2436],[5.28236,49.28752],[5.18211,49.26736],[5.17971,49.23935],[5.14503,49.2306],[5.05062,49.28259],[4.95621,49.25167],[4.92187,49.27139],[4.86591,49.25974],[4.82197,49.22971],[4.8666,49.16195],[4.98505,49.15432],[5.04204,49.07139],[5.04307,49.048],[5.075,49.03697],[5.13714,49.05317],[5.15018,49.03629],[5.15293,49.02234],[5.09354,49.00657],[5.08942,48.99374],[5.12444,48.96399],[5.10899,48.94979],[4.96479,48.93445],[4.92428,48.9119],[4.9387,48.86855],[4.90402,48.79578],[4.97818,48.77475],[5.02453,48.72336],[5.00736,48.70342],[5.01903,48.68008],[4.99329,48.60023],[5.0283,48.55843],[5.09148,48.60863],[5.12341,48.60113],[5.15877,48.57093],[5.19516,48.56502],[5.18177,48.53366],[5.31738,48.50978],[5.35515,48.55275],[5.35343,48.57365],[5.31017,48.60545],[5.3294,48.62202],[5.42793,48.63631],[5.476,48.61226],[5.40184,48.54798],[5.43892,48.53366],[5.4427,48.4818],[5.38296,48.42943],[5.41214,48.39912],[5.47325,48.44013],[5.51891,48.42487],[5.51685,48.44401],[5.48424,48.45972],[5.50896,48.48771],[5.57659,48.49158],[5.58758,48.48316],[5.57041,48.47201],[5.60234,48.45904],[5.64766,48.4736],[5.66792,48.51479],[5.63942,48.5423],[5.65041,48.55366],[5.62946,48.56411],[5.6123,48.54571],[5.55325,48.57888],[5.56732,48.60522],[5.55153,48.64924],[5.58311,48.68711],[5.72491,48.73264],[5.78464,48.73423],[5.83031,48.76468],[5.84129,48.75664],[5.8497,48.77565],[5.81984,48.77429],[5.83014,48.81308],[5.88575,48.78764],[5.86533,48.77475],[5.87975,48.752],[5.91116,48.75777],[5.90378,48.76818],[5.95081,48.75347],[5.98025,48.7808],[6.00755,48.77469],[6.02875,48.84777],[6.08196,48.87465],[6.06548,48.87443],[6.08471,48.89204],[6.12213,48.8812],[6.14445,48.88933],[6.12556,48.8979],[6.1659,48.91269],[6.12994,48.94612],[6.08909,48.94184],[6.07741,48.95644],[6.06445,48.99903],[6.0878,49.04034],[6.07441,49.05745],[6.03012,49.0534],[6.00506,49.08444],[5.94395,49.07207],[5.93536,49.08848],[6.00952,49.10523],[5.96831,49.10863],[5.98901,49.15538],[6.0684,49.17907],[6.06377,49.15987],[6.08574,49.14769],[6.12471,49.14758],[6.1199,49.16218],[6.14393,49.16543],[6.12162,49.19797],[6.06952,49.19881],[6.06789,49.2139],[6.13947,49.22231],[6.13638,49.24035],[6.09741,49.24517],[6.10016,49.31192],[6.0351,49.31707],[6.04651,49.33128],[6.03175,49.34481],[5.98695,49.34017],[5.95579,49.36175],[5.98317,49.37712],[6.01175,49.36863],[6.01347,49.4179],[6.03716,49.42426],[6.04163,49.44789],[5.98689,49.45271],[5.97083,49.49139],[5.85063,49.50818],[5.83605,49.52178],[5.87185,49.54916],[5.84953,49.57516],[5.75375,49.59291],[5.7431,49.57789],[5.75831,49.56139],[5.75347,49.54193],[5.6444,49.55017],[5.61441,49.51088],[5.5566,49.52924],[5.46068,49.4916],[5.44098,49.50211],[5.43617,49.49049],[5.46436,49.47069],[5.51558,49.46172],[5.47565,49.44157],[5.50022,49.40881],[5.56831,49.41991]],[[5.86876,49.37489],[5.91854,49.37276],[5.88919,49.34369],[5.86876,49.37489]],[[5.70723,49.42058],[5.79924,49.44782],[5.85485,49.44023],[5.80233,49.39757],[5.73229,49.39846],[5.70723,49.42058]]],[[[5.90052,47.92744],[5.92137,47.97286],[5.90704,48.00353],[5.94369,48.0234],[5.92987,48.05307],[5.93948,48.07303],[5.97965,48.07143],[5.97416,48.09597],[5.93433,48.0939],[5.92232,48.11981],[5.85365,48.12577],[5.86292,48.15326],[5.90103,48.16357],[5.89622,48.18921],[5.85331,48.20042],[5.87254,48.2169],[5.90069,48.20797],[5.89622,48.23817],[5.84232,48.24068],[5.84267,48.26194],[5.74104,48.26537],[5.72422,48.25783],[5.74207,48.21552],[5.77263,48.19745],[5.75581,48.18303],[5.71735,48.20248],[5.70465,48.23542],[5.64835,48.23359],[5.64697,48.25577],[5.68474,48.28959],[5.69435,48.32887],[5.61436,48.32978],[5.63393,48.37336],[5.59891,48.38772],[5.53265,48.36515],[5.51651,48.32019],[5.52269,48.29256],[5.5481,48.27611],[5.53814,48.24434],[5.49248,48.21895],[5.50072,48.19882],[5.46432,48.18772],[5.4566,48.16849],[5.4966,48.12256],[5.54466,48.1221],[5.61333,48.05904],[5.72903,48.05789],[5.74894,48.03654],[5.82653,48.03746],[5.78842,47.96004],[5.84129,47.9582],[5.8564,47.98119],[5.86739,47.95498],[5.8873,47.94901],[5.877,47.90346],[5.8152,47.90392],[5.81451,47.87859],[5.86224,47.86074],[5.9333,47.86915],[5.98446,47.89477],[5.90052,47.92744]]],[[[5.81065,48.69918],[5.80816,48.71249],[5.78628,48.71379],[5.75512,48.69697],[5.74516,48.6599],[5.7589,48.62031],[5.84644,48.64607],[5.81074,48.65287],[5.81065,48.69918]]],[[[5.27584,49.36561],[5.26108,49.41812],[5.29713,49.4304],[5.38708,49.39857],[5.42862,49.41633],[5.41008,49.44938],[5.38742,49.45072],[5.31395,49.50771],[5.2858,49.50782],[5.30846,49.5125],[5.2906,49.53212],[5.26382,49.52097],[5.22623,49.54716],[5.23361,49.56798],[5.20859,49.57469],[5.10023,49.53769],[5.05783,49.50403],[5.09285,49.46009],[5.10727,49.46232],[5.11208,49.41857],[5.08392,49.40383],[5.18143,49.37299],[5.20203,49.33541],[5.27584,49.36561]]],[[[5.87193,48.70558],[5.81735,48.69753],[5.85468,48.68756],[5.87193,48.70558]]],[[[5.69409,47.98699],[5.62388,48.00078],[5.59736,47.98774],[5.69409,47.98699]]],[[[5.60183,47.96619],[5.58921,47.96993],[5.58028,47.94406],[5.59204,47.93929],[5.60183,47.96619]]]]}},{"type":"Feature","properties":{"NAME":"Duchy of Berg","SUBJECTO":"Holy Roman Empire","PARTOF":"Holy Roman Empire","ADMIN_LEVEL":4,"OHM_RELATION_ID":2696468,"START_DATE":"1380","END_DATE":"1806-03-15"},"geometry":{"type":"MultiPolygon","coordinates":[[[[7.0772,50.76871],[7.12512,50.77416],[7.15691,50.74515],[7.13485,50.72026],[7.17124,50.6978],[7.23124,50.69287],[7.21259,50.62335],[7.3382,50.64228],[7.35895,50.65033],[7.37156,50.68001],[7.35747,50.69804],[7.3732,50.71798],[7.4366,50.70988],[7.5519,50.74721],[7.5816,50.7383],[7.59748,50.76361],[7.67721,50.78163],[7.65952,50.82008],[7.70039,50.82567],[7.72991,50.85142],[7.75849,50.8434],[7.75944,50.90076],[7.73577,50.91568],[7.78599,50.93999],[7.78377,50.97174],[7.74886,50.97778],[7.72669,51.00164],[7.58898,51.00177],[7.60975,50.94956],[7.63584,50.92749],[7.61387,50.92165],[7.59979,50.88203],[7.56632,50.8609],[7.50641,50.85933],[7.47276,50.87889],[7.47025,50.97471],[7.42298,51.02412],[7.43362,51.04312],[7.47774,51.04841],[7.45371,51.06896],[7.53954,51.09821],[7.50409,51.10155],[7.50403,51.12635],[7.46942,51.14581],[7.47345,51.15838],[7.4392,51.16551],[7.41775,51.19801],[7.42993,51.22511],[7.39912,51.22511],[7.39281,51.24593],[7.23759,51.25461],[7.23192,51.29746],[7.17862,51.2985],[7.14538,51.33955],[7.14839,51.37562],[7.1173,51.38078],[7.03597,51.34713],[6.99117,51.35876],[6.95151,51.34863],[6.90147,51.38314],[6.92242,51.42019],[6.87504,51.47262],[6.85032,51.47262],[6.81599,51.4417],[6.82526,51.40178],[6.80466,51.38228],[6.726,51.38086],[6.65349,51.35508],[6.73279,51.31797],[6.70162,51.27237],[6.76749,51.23393],[6.75511,51.21944],[6.72291,51.22503],[6.73483,51.18339],[6.78926,51.18234],[6.79784,51.14365],[6.85655,51.15508],[6.84755,51.13482],[6.88244,51.10272],[6.85579,51.07512],[6.91929,51.05279],[6.91486,51.01829],[6.96441,51.00618],[6.99698,50.97439],[6.97929,50.94792],[6.99367,50.93734],[6.97334,50.91723],[7.05087,50.88023],[6.98184,50.83047],[7.02509,50.81809],[7.03423,50.7874],[7.0772,50.76871]]]]}},{"type":"Feature","properties":{"NAME":"Duchy of Carniola","SUBJECTO":"Holy Roman Empire","PARTOF":"Holy Roman Empire","ADMIN_LEVEL":4,"OHM_RELATION_ID":2830843,"START_DATE":"1364","END_DATE":"1500"},"geometry":{"type":"MultiPolygon","coordinates":[[[[13.62726,45.72023],[13.67225,45.74808],[13.75278,45.70201],[13.81183,45.70246],[13.86539,45.7613],[13.80557,45.77773],[13.79733,45.76769],[13.84398,45.7607],[13.81454,45.73566],[13.73554,45.75958],[13.74408,45.78879],[13.7254,45.81307],[13.64277,45.81978],[13.61188,45.85671],[13.63614,45.87586],[13.62938,45.88396],[13.58022,45.87916],[13.54923,45.8978],[13.56073,45.81432],[13.58511,45.80002],[13.58116,45.75507],[13.62726,45.72023]]],[[[15.37951,45.49106],[15.35254,45.48374],[15.35961,45.47688],[15.37951,45.49106]]],[[[14.2586,45.14789],[14.33212,45.29503],[14.43734,45.38792],[14.4174,45.40094],[14.42537,45.41078],[14.40617,45.43987],[14.45756,45.47945],[14.47356,45.5325],[14.49873,45.54854],[14.50134,45.60783],[14.53958,45.61884],[14.56889,45.67083],[14.60753,45.66473],[14.60152,45.62413],[14.69055,45.58],[14.6918,45.52722],[14.72038,45.53415],[14.79647,45.50281],[14.82282,45.46046],[14.90751,45.47709],[14.91343,45.51634],[14.92975,45.52899],[14.98521,45.49729],[15.0862,45.48284],[15.09174,45.46451],[15.15176,45.42753],[15.2177,45.42534],[15.27381,45.46601],[15.3476,45.45966],[15.3497,45.47769],[15.30596,45.49272],[15.32674,45.51709],[15.30408,45.5341],[15.30011,45.5767],[15.27966,45.60099],[15.30606,45.61278],[15.30542,45.63207],[15.40599,45.65034],[15.37096,45.68367],[15.35238,45.67176],[15.35832,45.71313],[15.33843,45.7123],[15.31473,45.68094],[15.2833,45.71026],[15.26424,45.69813],[15.24557,45.71608],[15.25323,45.72676],[15.39674,45.78998],[15.46864,45.79513],[15.4675,45.81468],[15.49098,45.83112],[15.51895,45.82133],[15.57083,45.85061],[15.64605,45.82371],[15.70081,45.84609],[15.69658,45.85785],[15.5399,45.92387],[15.53879,45.93897],[15.49836,45.94297],[15.46669,45.9879],[15.34172,45.99428],[15.26705,46.02212],[15.26224,46.04711],[15.21185,46.04492],[15.14153,46.10133],[15.03385,46.12953],[15.01037,46.18666],[14.88575,46.23831],[14.82974,46.25638],[14.71155,46.2587],[14.63825,46.33093],[14.63911,46.36446],[14.43633,46.36625],[14.41809,46.3456],[14.40463,46.35021],[14.40137,46.36967],[14.44226,46.42369],[14.42995,46.44669],[14.31126,46.43044],[14.2832,46.4435],[14.15791,46.4347],[14.2115,46.35119],[14.19157,46.33192],[14.2527,46.30425],[14.26849,46.27484],[14.33235,46.24896],[14.31107,46.18126],[14.35089,46.14606],[14.26918,46.01842],[14.23485,45.99744],[14.14112,45.99326],[14.06078,45.96905],[14.02782,45.98504],[14.01958,45.96833],[13.99469,45.97215],[13.90539,45.89888],[13.9043,45.86855],[13.87145,45.85077],[13.89153,45.84545],[13.87273,45.82953],[13.92066,45.79829],[13.89966,45.78243],[13.95113,45.74821],[13.95641,45.72194],[14.00089,45.70345],[13.96208,45.67008],[13.9916,45.66996],[14.02619,45.6454],[14.08507,45.6457],[14.07271,45.6165],[13.93281,45.60905],[13.9171,45.61362],[13.94405,45.62448],[13.94388,45.63853],[13.91865,45.64645],[13.84496,45.63115],[13.81097,45.60758],[13.88329,45.5601],[13.85942,45.54555],[13.8711,45.53774],[13.9262,45.54615],[14.00482,45.47048],[14.10717,45.45983],[14.24086,45.3829],[14.25734,45.34792],[14.21631,45.32717],[14.18884,45.25882],[14.20618,45.21881],[14.20466,45.16226],[14.2586,45.14789]],[[14.0424,45.76134],[14.05833,45.79434],[14.08722,45.7795],[14.08258,45.75052],[14.0424,45.76134]],[[14.19537,45.48294],[14.243,45.49227],[14.20824,45.46723],[14.19537,45.48294]],[[14.0976,45.53431],[14.14104,45.59086],[14.1606,45.57999],[14.12644,45.52637],[14.13056,45.50665],[14.11443,45.50593],[14.1158,45.52686],[14.0976,45.53431]],[[14.13606,45.60821],[14.0952,45.61878],[14.12335,45.63685],[14.16348,45.62241],[14.13606,45.60821]],[[14.02645,45.56623],[14.05289,45.58461],[14.05203,45.56923],[14.02645,45.56623]]]]}},{"type":"Feature","properties":{"NAME":"Duchy of Guelders","SUBJECTO":"Holy Roman Empire","PARTOF":"Holy Roman Empire","ADMIN_LEVEL":4,"OHM_RELATION_ID":2831618,"START_DATE":"1339","END_DATE":"1581-07-26"},"geometry":{"type":"MultiPolygon","coordinates":[[[[5.96298,51.83691],[5.98463,51.85232],[5.97738,51.88272],[5.98845,51.88587],[6.01905,51.86507],[6.00632,51.83429],[6.05741,51.87686],[6.09205,51.88158],[6.12848,51.85937],[6.14222,51.87305],[6.07673,51.90684],[5.9624,51.92511],[5.93511,51.90224],[5.90558,51.96225],[5.94798,51.96627],[5.9818,51.94389],[6.00918,51.97859],[6.03373,51.97119],[6.0563,51.98551],[6.09372,51.96923],[6.096,51.93493],[6.16153,51.91399],[6.23483,51.84068],[6.26925,51.83307],[6.34327,51.851],[6.39984,51.82867],[6.40921,51.85236],[6.39046,51.87226],[6.46858,51.85458],[6.68475,51.91743],[6.722,51.89609],[6.77005,51.91618],[6.79883,51.95873],[6.83234,51.97432],[6.75298,52.0284],[6.68788,52.03987],[6.69531,52.06429],[6.74492,52.08096],[6.76057,52.11878],[6.66115,52.12959],[6.67488,52.14086],[6.66183,52.16635],[6.61034,52.18256],[6.48571,52.17751],[6.39267,52.25324],[6.31302,52.23116],[6.16196,52.23306],[6.0926,52.31478],[6.10084,52.34709],[6.07819,52.36847],[6.11938,52.37853],[6.129,52.42713],[6.10222,52.44764],[6.10153,52.47149],[6.03493,52.51079],[5.94086,52.46982],[5.8921,52.51831],[5.774,52.52249],[5.72937,52.50201],[5.71152,52.45601],[5.50552,52.37057],[5.4808,52.3345],[5.4245,52.32107],[5.39978,52.22191],[5.50758,52.15203],[5.47668,52.08457],[5.50758,52.07529],[5.54741,52.10608],[5.56251,52.04616],[5.61195,52.0225],[5.61676,51.97896],[5.60062,51.94554],[5.44064,51.9834],[5.32391,51.95506],[5.23498,51.98065],[5.18829,51.94151],[5.13851,51.94405],[5.1289,51.99408],[5.10315,52.00317],[5.08392,51.99915],[5.0053,51.90086],[4.99569,51.82538],[5.07156,51.7791],[5.09388,51.7876],[5.13937,51.7723],[5.14315,51.75456],[5.17765,51.75977],[5.18417,51.74201],[5.24769,51.73405],[5.35995,51.75509],[5.37025,51.79418],[5.40665,51.82093],[5.4554,51.80946],[5.49316,51.83153],[5.53848,51.81753],[5.63599,51.8239],[5.66105,51.79227],[5.72731,51.78844],[5.69401,51.76635],[5.70019,51.75509],[5.86473,51.75764],[5.89364,51.7778],[5.91356,51.75889],[5.90674,51.7421],[5.88026,51.74914],[5.88713,51.72533],[5.91933,51.71763],[5.99081,51.76625],[5.96795,51.80371],[5.9257,51.81788],[5.96298,51.83691]],[[6.20307,51.93733],[6.13157,51.97859],[6.21448,51.98197],[6.25852,51.95109],[6.20307,51.93733]]],[[[5.86631,51.05181],[5.84541,51.05298],[5.83443,51.03103],[5.87671,51.03178],[5.86631,51.05181]]],[[[6.13964,51.35238],[6.21242,51.33597],[6.22272,51.31817],[6.27972,51.32375],[6.28452,51.28318],[6.30684,51.28253],[6.3755,51.30637],[6.3501,51.39406],[6.39233,51.42169],[6.47163,51.4264],[6.50871,51.39599],[6.53892,51.4082],[6.53412,51.43689],[6.50871,51.43689],[6.52656,51.46299],[6.48537,51.48758],[6.47816,51.51259],[6.46202,51.51173],[6.4555,51.52989],[6.4785,51.53181],[6.4809,51.56875],[6.42426,51.57728],[6.40554,51.55946],[6.23989,51.60331],[6.15921,51.56661],[6.09192,51.60437],[6.1172,51.65682],[6.02772,51.65744],[5.99193,51.6385],[6.02068,51.62143],[6.04819,51.55832],[6.00334,51.57024],[5.90584,51.55231],[5.83855,51.56619],[5.87219,51.4493],[5.93124,51.38475],[5.93056,51.34262],[5.90635,51.30025],[5.95425,51.30041],[6.00969,51.26578],[6.00643,51.23097],[5.96798,51.22038],[5.96755,51.19855],[5.81031,51.11807],[5.83267,51.09662],[5.79546,51.08962],[5.81863,51.05866],[5.85365,51.08714],[5.95802,51.036],[5.99235,51.0811],[6.17672,51.15674],[6.155,51.16605],[6.0684,51.14258],[6.00094,51.14915],[5.99071,51.17698],[6.06184,51.18776],[6.10763,51.16888],[6.16766,51.19532],[6.21157,51.16745],[6.24547,51.11581],[6.26513,51.12279],[6.28834,51.10659],[6.30409,51.13235],[6.26976,51.15997],[6.3016,51.15066],[6.30662,51.16493],[6.23641,51.19801],[6.21019,51.2401],[6.10728,51.22911],[6.09993,51.2576],[6.15381,51.3074],[6.11737,51.3268],[6.13964,51.35238]]],[[[6.40366,51.28425],[6.36829,51.27072],[6.36383,51.24129],[6.39954,51.23548],[6.44932,51.26514],[6.40366,51.28425]]],[[[6.33259,51.09555],[6.32881,51.10826],[6.28418,51.08908],[6.29414,51.06513],[6.32606,51.06405],[6.34289,51.0798],[6.33259,51.09555]]]]}},{"type":"Feature","properties":{"NAME":"Duchy of Luxembourg","SUBJECTO":"Holy Roman Empire","PARTOF":"Holy Roman Empire","ADMIN_LEVEL":4,"OHM_RELATION_ID":2831237,"START_DATE":"1354-03-13","END_DATE":"1659-11-07"},"geometry":{"type":"MultiPolygon","coordinates":[[[[4.78176,49.80736],[4.78257,49.77328],[4.8527,49.7531],[4.83553,49.78814],[4.81287,49.82398],[4.83064,49.84938],[4.81493,49.84938],[4.78176,49.80736]]],[[[4.79733,49.98305],[4.79956,49.95698],[4.85011,49.946],[4.89021,49.90891],[4.85316,49.86502],[4.85729,49.84638],[4.90222,49.84191],[4.91775,49.85464],[4.91149,49.84446],[4.93303,49.82242],[4.97063,49.8454],[4.95011,49.85625],[4.95071,49.87871],[4.99712,49.88773],[4.99671,49.88984],[4.99734,49.88978],[4.99712,49.88774],[5.00194,49.88867],[5.00232,49.88852],[5.00227,49.88874],[5.00825,49.8899],[5.05543,49.88158],[5.04667,49.89005],[5.07251,49.91216],[5.11448,49.92034],[5.09886,49.93647],[5.09997,49.96801],[5.12349,49.98412],[5.13456,49.98512],[5.12177,49.96188],[5.15791,49.95691],[5.17233,49.93609],[5.21719,49.9515],[5.25078,49.91271],[5.31644,49.91376],[5.31996,49.88673],[5.36699,49.89336],[5.37489,49.88606],[5.29833,49.86859],[5.25773,49.81971],[5.20666,49.83106],[5.20776,49.85753],[5.16375,49.83012],[5.1798,49.78963],[5.19859,49.80659],[5.21833,49.8001],[5.22614,49.73264],[5.25696,49.72947],[5.26331,49.70639],[5.27567,49.70861],[5.27138,49.72748],[5.29867,49.72148],[5.28331,49.68884],[5.24302,49.68552],[5.17237,49.69334],[5.15925,49.71669],[5.12765,49.7131],[5.11173,49.73347],[5.07774,49.71738],[5.07208,49.69551],[5.09706,49.69712],[5.10993,49.68063],[5.0865,49.64385],[5.09697,49.62072],[5.144,49.61738],[5.16357,49.59269],[5.23361,49.56798],[5.22623,49.54716],[5.26382,49.52097],[5.28168,49.53457],[5.30382,49.51886],[5.29198,49.5125],[5.41008,49.44938],[5.42862,49.41633],[5.41583,49.40047],[5.44737,49.40433],[5.47746,49.38698],[5.50094,49.40842],[5.47565,49.44157],[5.51136,49.45384],[5.43712,49.48711],[5.44248,49.50361],[5.46068,49.4916],[5.5592,49.52792],[5.60617,49.50773],[5.64619,49.54996],[5.74874,49.53992],[5.75375,49.59291],[5.84095,49.5731],[5.87185,49.54916],[5.8357,49.52728],[5.86422,49.50088],[5.96523,49.49276],[5.9793,49.45524],[6.03258,49.44954],[6.03716,49.42426],[6.01347,49.4179],[6.01175,49.36863],[5.97073,49.37181],[5.95579,49.36175],[5.96154,49.34749],[6.0472,49.33732],[6.0351,49.31707],[6.06033,49.30834],[6.10016,49.31192],[6.10771,49.25817],[6.09741,49.2519],[6.12865,49.23486],[6.13651,49.24887],[6.22856,49.26556],[6.22341,49.25615],[6.23989,49.25369],[6.2471,49.27072],[6.26701,49.25436],[6.33808,49.26411],[6.32126,49.28561],[6.30409,49.27856],[6.26152,49.30464],[6.39318,49.33318],[6.36168,49.35745],[6.30049,49.35342],[6.32263,49.36181],[6.30976,49.37902],[6.32092,49.39707],[6.28624,49.41807],[6.31456,49.42236],[6.3295,49.44983],[6.31697,49.46439],[6.36512,49.45958],[6.36814,49.48188],[6.38834,49.49344],[6.42614,49.4756],[6.45279,49.49015],[6.43867,49.50988],[6.40348,49.51203],[6.41308,49.53745],[6.40027,49.54278],[6.42151,49.54855],[6.35735,49.57235],[6.40606,49.56753],[6.39868,49.59402],[6.435,49.59933],[6.43052,49.59347],[6.44305,49.58974],[6.43573,49.59943],[6.46494,49.6037],[6.47095,49.58401],[6.45258,49.56575],[6.47112,49.56163],[6.48056,49.5938],[6.52039,49.60148],[6.48623,49.62862],[6.42735,49.62639],[6.49464,49.64562],[6.43799,49.64357],[6.44443,49.66207],[6.4997,49.65802],[6.50953,49.68834],[6.5603,49.69212],[6.56721,49.74778],[6.52674,49.76907],[6.55695,49.80282],[6.53515,49.815],[6.54828,49.82863],[6.52742,49.84153],[6.49841,49.83455],[6.49215,49.84844],[6.55283,49.88534],[6.5427,49.90436],[6.60364,49.89917],[6.60587,49.87672],[6.61961,49.88402],[6.64638,49.85923],[6.68964,49.85658],[6.72295,49.88225],[6.80225,49.89375],[6.83521,49.92426],[6.80225,49.95166],[6.71196,49.94017],[6.67522,49.96006],[6.66973,49.99748],[6.75771,50.03096],[6.75496,50.06133],[6.80843,50.06562],[6.76423,50.11513],[6.69497,50.08587],[6.66299,50.09468],[6.67583,50.10737],[6.6475,50.12883],[6.6184,50.12729],[6.60836,50.14116],[6.596,50.11612],[6.63239,50.11535],[6.61437,50.07582],[6.64347,50.03118],[6.62716,50.01789],[6.55781,50.02633],[6.54957,50.04248],[6.60476,50.04904],[6.56407,50.1066],[6.54339,50.10093],[6.5294,50.04215],[6.50219,50.06193],[6.48331,50.05383],[6.4791,50.03002],[6.39739,50.06857],[6.38894,50.09082],[6.42945,50.10437],[6.40378,50.15548],[6.41687,50.16197],[6.40876,50.17528],[6.32156,50.20492],[6.30735,50.18987],[6.2553,50.1963],[6.23719,50.18358],[6.17329,50.2194],[6.20749,50.24948],[6.21243,50.27815],[6.25019,50.28583],[6.26616,50.3116],[6.2792,50.30579],[6.26513,50.32486],[6.27628,50.35773],[6.36881,50.40965],[6.39859,50.3776],[6.38919,50.37166],[6.42125,50.31346],[6.50249,50.3222],[6.50906,50.34743],[6.48504,50.33844],[6.52925,50.36932],[6.55377,50.36834],[6.57969,50.39112],[6.57154,50.4083],[6.54081,50.40595],[6.49026,50.44728],[6.45164,50.4258],[6.42134,50.42039],[6.40563,50.43389],[6.3737,50.42164],[6.36233,50.4675],[6.42357,50.47504],[6.43717,50.4917],[6.45998,50.49473],[6.4799,50.47628],[6.54618,50.49194],[6.56382,50.51823],[6.55184,50.54638],[6.48717,50.54368],[6.4588,50.5274],[6.38314,50.53514],[6.28165,50.45824],[6.21835,50.52546],[6.13947,50.55325],[6.09072,50.53362],[6.15234,50.46078],[6.15844,50.42706],[6.12436,50.37853],[6.0375,50.36824],[6.00935,50.32957],[5.86773,50.34491],[5.81932,50.31428],[5.82481,50.27478],[5.88249,50.28111],[5.87288,50.27629],[5.91425,50.25258],[5.90292,50.24216],[5.80147,50.22008],[5.82859,50.2382],[5.79735,50.24808],[5.80267,50.26257],[5.71984,50.26076],[5.71555,50.23656],[5.63204,50.26564],[5.66199,50.28024],[5.71495,50.26663],[5.75203,50.3002],[5.734,50.31237],[5.72371,50.30228],[5.68929,50.34064],[5.72637,50.35466],[5.72422,50.36709],[5.63101,50.37191],[5.58981,50.40201],[5.62373,50.415],[5.60599,50.42753],[5.57755,50.41736],[5.57487,50.41497],[5.57244,50.41553],[5.54743,50.40659],[5.56269,50.39805],[5.55112,50.39325],[5.51934,50.40288],[5.51291,50.4249],[5.42789,50.40245],[5.39167,50.38152],[5.39793,50.36416],[5.36871,50.34226],[5.38669,50.3402],[5.3318,50.30762],[5.28271,50.32409],[5.29142,50.31357],[5.27464,50.31267],[5.28369,50.3042],[5.26932,50.29],[5.29558,50.27755],[5.28528,50.26954],[5.36571,50.31998],[5.40648,50.3162],[5.43583,50.28205],[5.37343,50.24375],[5.35043,50.2663],[5.32159,50.24852],[5.29944,50.25643],[5.29447,50.2387],[5.25713,50.23958],[5.25773,50.22854],[5.22752,50.22695],[5.24039,50.2013],[5.19662,50.21064],[5.21645,50.17959],[5.24868,50.17987],[5.2667,50.15961],[5.34373,50.1537],[5.33489,50.12336],[5.29601,50.14671],[5.25086,50.13984],[5.24486,50.12999],[5.28983,50.09911],[5.27198,50.06904],[5.24348,50.054],[5.19636,50.10605],[5.21138,50.04193],[5.19413,50.04226],[5.13285,50.09823],[5.06453,50.09272],[5.03483,50.0529],[5.01449,50.07196],[4.95913,50.06491],[4.96204,50.0395],[4.93793,50.01767],[4.99303,50.03013],[5.01268,49.99715],[4.99088,50.01645],[4.99663,49.99847],[4.95569,49.96254],[4.90102,49.97794],[4.91552,50.02583],[4.85201,49.99477],[4.82081,50.01021],[4.79733,49.98305]],[[4.83952,49.95137],[4.86428,49.98968],[4.87463,49.98499],[4.85737,49.96592],[4.87694,49.96341],[4.83952,49.95137]],[[5.04822,50.01618],[5.08444,50.01601],[5.08598,49.98721],[5.07122,49.97673],[5.05062,49.9865],[5.06212,49.99384],[5.04822,50.01618]],[[5.29695,50.20635],[5.32528,50.20339],[5.30605,50.18877],[5.29695,50.20635]],[[5.48759,50.31576],[5.52235,50.31094],[5.49479,50.3042],[5.48759,50.31576]],[[6.21921,49.31209],[6.25238,49.30744],[6.23195,49.30075],[6.21921,49.31209]],[[6.37525,49.54095],[6.39846,49.53588],[6.39464,49.52443],[6.37525,49.54095]],[[6.48767,49.78879],[6.51377,49.78507],[6.50982,49.77488],[6.48767,49.78879]],[[6.50184,49.75391],[6.53575,49.76244],[6.50363,49.74344],[6.50184,49.75391]],[[6.55798,49.91365],[6.56004,49.94305],[6.62767,49.95111],[6.6124,49.90912],[6.55798,49.91365]]],[[[4.82575,50.06693],[4.83097,50.04756],[4.89098,50.03669],[4.92908,50.04364],[4.95247,50.10261],[4.97659,50.10492],[4.97397,50.13742],[4.93891,50.108],[4.92127,50.11662],[4.94059,50.15018],[4.94743,50.14825],[4.95385,50.1656],[4.92411,50.18031],[4.87999,50.14689],[4.87313,50.09053],[4.83783,50.09334],[4.84166,50.07599],[4.82575,50.06693]]],[[[4.86196,49.78909],[4.87836,49.79506],[4.88454,49.83461],[4.86918,49.83397],[4.86278,49.80308],[4.86196,49.78909]]],[[[4.95479,50.17257],[4.95513,50.17162],[4.95852,50.17218],[4.95835,50.17095],[4.9632,50.17171],[4.96436,50.16854],[4.9847,50.16695],[4.95655,50.18984],[4.96271,50.17304],[4.95904,50.17581],[4.95857,50.17253],[4.95479,50.17257]]],[[[4.98711,50.14039],[5.01277,50.11359],[5.0032,50.14146],[4.98711,50.14039]]],[[[5.01056,50.10908],[5.03099,50.0971],[5.06744,50.13411],[5.04234,50.18292],[5.04032,50.13948],[5.02079,50.13995],[5.02388,50.11152],[5.01056,50.10908]]],[[[5.10066,50.21165],[5.13422,50.20509],[5.14649,50.22319],[5.1186,50.23834],[5.10066,50.21165]]],[[[5.11611,50.18877],[5.1731,50.15117],[5.17696,50.17146],[5.14246,50.19663],[5.11611,50.18877]]],[[[5.15029,50.11378],[5.15164,50.09718],[5.17962,50.11034],[5.15029,50.11378]]],[[[5.16194,50.23365],[5.18735,50.25077],[5.16598,50.25461],[5.16194,50.23365]]],[[[5.16445,50.12424],[5.2131,50.12526],[5.22331,50.15326],[5.18091,50.14578],[5.16445,50.12424]]],[[[5.21085,50.24981],[5.22108,50.23694],[5.24065,50.25906],[5.26691,50.25774],[5.23376,50.29443],[5.21806,50.28383],[5.23007,50.28214],[5.21085,50.24981]]],[[[5.26108,49.41812],[5.27584,49.36561],[5.31017,49.35756],[5.31944,49.32266],[5.40596,49.27609],[5.42519,49.29782],[5.47394,49.28505],[5.51376,49.29737],[5.49522,49.33474],[5.42999,49.36879],[5.37987,49.35465],[5.33094,49.36237],[5.38124,49.39098],[5.29713,49.4304],[5.26108,49.41812]]],[[[5.29996,50.42509],[5.35935,50.40223],[5.36201,50.38149],[5.42004,50.43012],[5.37935,50.44696],[5.29996,50.42509]],[[5.36279,50.42175],[5.40377,50.42702],[5.37111,50.40841],[5.36279,50.42175]]],[[[5.31073,50.47021],[5.31828,50.4522],[5.34262,50.4578],[5.32979,50.47734],[5.31073,50.47021]]],[[[5.62358,50.46242],[5.64341,50.45729],[5.63577,50.4396],[5.68096,50.40111],[5.73838,50.44373],[5.80009,50.44406],[5.75027,50.49571],[5.66895,50.47441],[5.66304,50.49559],[5.62358,50.46242]]],[[[6.06505,49.20016],[6.12162,49.19797],[6.13123,49.2047],[6.11904,49.21984],[6.06789,49.2139],[6.06505,49.20016]]],[[[6.13913,49.23116],[6.17311,49.22029],[6.18462,49.23946],[6.15372,49.24405],[6.13913,49.23116]]],[[[6.3098,49.4121],[6.34525,49.40916],[6.34074,49.42225],[6.3098,49.4121]]],[[[6.35799,50.55113],[6.38314,50.53514],[6.4652,50.58416],[6.39593,50.61004],[6.35799,50.55113]]],[[[6.41868,49.45529],[6.44134,49.43492],[6.47378,49.44609],[6.44052,49.46679],[6.41868,49.45529]]],[[[6.49652,50.27864],[6.58287,50.27947],[6.53154,50.31132],[6.49652,50.27864]]],[[[6.53875,50.33023],[6.55043,50.32157],[6.593,50.33078],[6.57978,50.34447],[6.53875,50.33023]]],[[[6.55884,49.64607],[6.62441,49.6319],[6.61068,49.62011],[6.62484,49.60693],[6.6645,49.6141],[6.5863,49.67957],[6.55884,49.64607]]],[[[6.64583,50.25824],[6.6702,50.25316],[6.68769,50.2688],[6.64583,50.25824]]],[[[6.81234,50.11941],[6.81942,50.03906],[6.83968,50.02759],[6.85375,50.02605],[6.84448,50.0384],[6.88499,50.08336],[6.90532,50.07847],[6.89823,50.10266],[6.86611,50.12294],[6.81234,50.11941]]]]}},{"type":"Feature","properties":{"NAME":"Duchy of Milan","SUBJECTO":"Holy Roman Empire","PARTOF":"Holy Roman Empire","ADMIN_LEVEL":4,"OHM_RELATION_ID":2750055,"START_DATE":"1395-05-11","END_DATE":"1404"},"geometry":{"type":"MultiPolygon","coordinates":[[[[10.41683,45.0905],[10.46339,45.09571],[10.45656,45.11528],[10.48734,45.12684],[10.47873,45.14497],[10.39386,45.13659],[10.31188,45.19942],[10.36098,45.2153],[10.3548,45.23096],[10.39083,45.24673],[10.3977,45.28552],[10.46608,45.32535],[10.46878,45.35959],[10.45041,45.38352],[10.46732,45.40638],[10.44976,45.41688],[10.51221,45.41221],[10.54811,45.38585],[10.62494,45.38221],[10.66176,45.41903],[10.6874,45.42385],[10.70243,45.42281],[10.69591,45.38261],[10.72556,45.35639],[10.71039,45.3412],[10.72781,45.29358],[10.78339,45.31566],[10.84608,45.25688],[10.93558,45.23264],[10.92951,45.21941],[10.99835,45.1845],[10.99718,45.1562],[11.04716,45.1533],[11.02857,45.12725],[11.04023,45.11429],[11.09745,45.09612],[11.10187,45.11345],[11.12735,45.10291],[11.14674,45.12599],[11.33249,45.08952],[11.38586,45.05304],[11.42581,45.06634],[11.44521,45.09274],[11.41111,45.12158],[11.4261,45.14254],[11.40604,45.25225],[11.55989,45.26166],[11.6024,45.24388],[11.61695,45.26712],[11.58026,45.29737],[11.61151,45.31548],[11.62698,45.35289],[11.61725,45.38943],[11.69698,45.44022],[11.71598,45.47503],[11.74535,45.47725],[11.72933,45.51621],[11.75419,45.52888],[11.72774,45.56064],[11.65794,45.53848],[11.6734,45.59262],[11.64603,45.59416],[11.64088,45.61459],[11.65389,45.6398],[11.67493,45.64144],[11.71628,45.68132],[11.81983,45.68684],[11.82576,45.77386],[11.75026,45.8118],[11.74255,45.84163],[11.8213,45.89959],[11.86131,45.88276],[11.93714,45.89104],[11.97333,45.96342],[12.06306,45.96369],[12.10986,46.00272],[12.19158,46.00409],[12.33091,46.08221],[12.38983,46.07037],[12.40033,46.04197],[12.43858,46.08371],[12.48081,46.1018],[12.4942,46.1513],[12.44991,46.18173],[12.44408,46.20716],[12.40425,46.20835],[12.40322,46.22688],[12.37061,46.22332],[12.32426,46.27578],[12.36305,46.31967],[12.4118,46.33176],[12.45815,46.36541],[12.5275,46.46411],[12.53986,46.45513],[12.56475,46.47617],[12.66123,46.46849],[12.6202,46.53419],[12.6269,46.55898],[12.70809,46.60157],[12.71045,46.6253],[12.73495,46.63569],[12.69064,46.65695],[12.56903,46.6514],[12.51781,46.67755],[12.47255,46.67825],[12.38166,46.64365],[12.38995,46.62743],[12.371,46.61976],[12.3388,46.63274],[12.28439,46.61731],[12.26065,46.62966],[12.21125,46.61002],[12.19147,46.59016],[12.24099,46.56607],[12.24849,46.52808],[12.22979,46.50535],[12.19695,46.50863],[12.1361,46.46406],[12.05907,46.49822],[12.02808,46.44542],[12.00659,46.43853],[11.9505,46.47754],[11.88669,46.46487],[11.89198,46.44361],[11.84301,46.42524],[11.83429,46.37179],[11.77403,46.35766],[11.82791,46.32689],[11.84088,46.27008],[11.88358,46.2789],[11.89476,46.25093],[11.92162,46.24781],[11.91373,46.22716],[11.96268,46.19057],[11.95495,46.16808],[11.9286,46.17581],[11.88695,46.11792],[11.68897,46.09484],[11.68232,46.07858],[11.70435,46.05371],[11.66598,46.03618],[11.68988,45.98879],[11.66997,45.9638],[11.58774,45.96939],[11.57729,46.00686],[11.54311,46.01437],[11.49659,46.00883],[11.44707,45.98098],[11.37711,45.98433],[11.38183,45.94259],[11.36359,45.94254],[11.36614,45.90442],[11.35069,45.89187],[11.22262,45.92662],[11.23215,45.85397],[11.19779,45.81788],[11.20432,45.78381],[11.17336,45.78647],[11.17825,45.73636],[11.12297,45.6892],[11.05605,45.71847],[11.0263,45.70463],[11.01763,45.71933],[10.96835,45.6799],[10.97532,45.69605],[10.94275,45.67282],[10.92004,45.68018],[10.90666,45.70708],[10.84329,45.71836],[10.88538,45.77598],[10.88428,45.80795],[10.82529,45.83788],[10.77346,45.84309],[10.66068,45.83144],[10.64843,45.80775],[10.66681,45.78166],[10.65031,45.75884],[10.60327,45.73326],[10.56326,45.73122],[10.56699,45.75648],[10.52596,45.80542],[10.5443,45.81679],[10.50248,45.83036],[10.50447,45.8741],[10.49153,45.88239],[10.51095,45.9155],[10.48607,45.94295],[10.48838,45.97206],[10.45354,45.97653],[10.45333,45.99094],[10.4663,46.01798],[10.50121,46.03916],[10.53529,46.03165],[10.59228,46.08139],[10.59151,46.16117],[10.51499,46.16096],[10.58204,46.2437],[10.5597,46.28308],[10.57967,46.29881],[10.56583,46.32632],[10.5184,46.34282],[10.5196,46.3558],[10.59942,46.37715],[10.62649,46.39887],[10.61663,46.44362],[10.55539,46.48989],[10.48467,46.49393],[10.41946,46.55088],[10.31148,46.5467],[10.26934,46.57768],[10.24646,46.57459],[10.25411,46.61399],[10.24,46.63529],[10.09883,46.60546],[10.10074,46.58275],[10.04675,46.54405],[10.05239,46.46134],[10.04033,46.44469],[10.08251,46.42174],[10.12766,46.43052],[10.16116,46.41542],[10.16285,46.39394],[10.13532,46.38248],[10.10594,46.3422],[10.172,46.2666],[10.14467,46.23097],[10.10948,46.25763],[10.05865,46.25314],[9.99962,46.28328],[10.00006,46.31318],[9.98388,46.32959],[9.9959,46.34583],[9.94568,46.37752],[9.92498,46.36607],[9.90739,46.38092],[9.76866,46.33609],[9.73717,46.35078],[9.70274,46.29102],[9.66996,46.29983],[9.63883,46.28599],[9.53922,46.30811],[9.4943,46.36522],[9.46168,46.37553],[9.46376,46.47442],[9.44969,46.47999],[9.46432,46.5079],[9.43418,46.49791],[9.41415,46.46805],[9.39069,46.47298],[9.36503,46.50791],[9.28178,46.49605],[9.26993,46.4534],[9.25224,46.44936],[9.25334,46.42908],[9.28054,46.4107],[9.29511,46.31792],[9.2497,46.25649],[9.24859,46.2337],[9.20229,46.20841],[9.18394,46.17062],[9.08792,46.21263],[9.07814,46.26071],[9.05943,46.27697],[9.05565,46.29631],[9.07608,46.31516],[9.06389,46.3269],[9.08895,46.34942],[9.08724,46.38874],[9.10423,46.41206],[9.08501,46.47641],[9.0608,46.47629],[9.02527,46.50855],[9.01651,46.53218],[9.03351,46.59721],[9.00724,46.61113],[8.97205,46.60263],[8.95712,46.63058],[8.90888,46.61749],[8.91798,46.59532],[8.89927,46.58152],[8.83387,46.56193],[8.67886,46.57892],[8.63131,46.56464],[8.62839,46.57692],[8.54032,46.586],[8.512,46.55933],[8.51938,46.53891],[8.48179,46.53111],[8.44162,46.49414],[8.39188,46.49452],[8.38474,46.45215],[8.29897,46.41744],[8.29188,46.40921],[8.31612,46.39823],[8.31276,46.37716],[8.26917,46.36581],[8.26279,46.34605],[8.22899,46.33675],[8.2019,46.30417],[8.14102,46.30207],[8.0911,46.26823],[8.08394,46.26085],[8.16507,46.18286],[8.15133,46.14322],[8.10988,46.11333],[8.03894,46.09999],[8.02308,46.07237],[8.03447,46.04423],[7.98903,45.996],[7.9087,45.99697],[7.88024,45.97459],[7.86182,45.82011],[7.88329,45.76223],[7.95341,45.72008],[8.06019,45.73974],[8.07633,45.71894],[8.08172,45.73755],[8.11477,45.75263],[8.18189,45.75128],[8.18756,45.72919],[8.32764,45.64669],[8.29485,45.63989],[8.25768,45.60357],[8.27597,45.56305],[8.29705,45.55314],[8.2782,45.5191],[8.21012,45.44995],[8.17353,45.43974],[8.16833,45.41243],[8.14516,45.40704],[8.12353,45.37534],[8.02701,45.40309],[8.01247,45.39387],[8.02127,45.32981],[8.05021,45.31712],[7.97999,45.26152],[7.98436,45.2366],[8.0596,45.18248],[8.1051,45.18649],[8.17206,45.15952],[8.19921,45.17611],[8.33454,45.17113],[8.40472,45.20452],[8.4971,45.19799],[8.50211,45.1806],[8.5569,45.16675],[8.61367,45.12699],[8.61323,45.10254],[8.64698,45.05556],[8.56316,44.93272],[8.57689,44.72283],[8.62111,44.58855],[8.72462,44.57862],[8.76477,44.52966],[8.76989,44.49034],[8.79986,44.5023],[8.79484,44.52292],[8.82438,44.53933],[8.79393,44.61786],[8.81978,44.64017],[8.76279,44.69122],[8.77087,44.71625],[8.79313,44.72329],[8.72193,44.793],[8.74409,44.80693],[8.76559,44.78513],[8.79769,44.78275],[8.83027,44.8042],[8.84712,44.79828],[8.84687,44.76136],[8.8251,44.73078],[8.84555,44.69489],[9.00363,44.70909],[9.02149,44.72893],[9.00381,44.7434],[9.02911,44.74972],[9.07809,44.72177],[9.12789,44.72752],[9.15916,44.69673],[9.20032,44.6864],[9.23556,44.68604],[9.23637,44.71498],[9.25974,44.67988],[9.36904,44.68489],[9.39801,44.65557],[9.39484,44.61123],[9.42078,44.58686],[9.4146,44.5665],[9.48029,44.56297],[9.5052,44.52934],[9.49622,44.48297],[9.46912,44.48142],[9.43829,44.41839],[9.60573,44.43488],[9.65538,44.41231],[9.67506,44.36407],[9.76024,44.39013],[9.7532,44.40031],[9.81591,44.46149],[9.924,44.47299],[9.96434,44.46638],[10.00451,44.43697],[9.99249,44.4119],[10.01652,44.38675],[10.09889,44.34608],[10.13547,44.35415],[10.3323,44.48555],[10.34389,44.52631],[10.40174,44.56351],[10.41366,44.66781],[10.44808,44.71863],[10.42667,44.73961],[10.43233,44.7588],[10.47471,44.76837],[10.53378,44.80705],[10.53539,44.8262],[10.57614,44.84104],[10.57752,44.8785],[10.55878,44.88142],[10.50353,44.88054],[10.47295,44.85507],[10.46328,44.89583],[10.50334,44.9175],[10.4671,44.93771],[10.59683,45.00385],[10.45786,44.98137],[10.46412,45.01484],[10.51106,45.01843],[10.53981,45.05528],[10.4902,45.08197],[10.49442,45.05665],[10.41329,45.04227],[10.41683,45.0905]]]]}},{"type":"Feature","properties":{"NAME":"Duchy of Pomerania-Stettin","SUBJECTO":"Holy Roman Empire","PARTOF":"Holy Roman Empire","ADMIN_LEVEL":4,"OHM_RELATION_ID":2808068,"START_DATE":"1295","END_DATE":"1478-12-17"},"geometry":{"type":"MultiPolygon","coordinates":[[[[13.03236,53.8964],[12.89083,53.8711],[12.89254,53.84149],[12.77873,53.76678],[12.81795,53.72394],[12.87838,53.71652],[12.93056,53.74374],[12.97691,53.73308],[13.06626,53.76104],[13.09999,53.75221],[13.09442,53.74343],[13.11673,53.73495],[13.11081,53.6935],[13.07433,53.69193],[13.08369,53.6807],[13.0691,53.66926],[13.12137,53.63008],[13.17441,53.64525],[13.22634,53.61619],[13.24908,53.6169],[13.26831,53.6632],[13.41259,53.70778],[13.43679,53.75105],[13.50237,53.74353],[13.54687,53.69597],[13.64227,53.70425],[13.86131,53.67038],[13.76123,53.62168],[13.7763,53.59836],[13.81694,53.59217],[13.786,53.56287],[13.86835,53.58137],[13.90238,53.56896],[13.87972,53.504],[13.89316,53.49862],[13.89427,53.51357],[13.97435,53.49913],[13.96045,53.49571],[13.96903,53.48181],[14.0237,53.46649],[14.07726,53.51663],[14.1661,53.51393],[14.17142,53.47599],[14.24163,53.42232],[14.22729,53.36387],[14.10747,53.28102],[14.09306,53.22207],[14.12121,53.16427],[14.26373,53.12087],[14.30055,53.18523],[14.32484,53.15537],[14.3708,53.13647],[14.35415,53.07897],[14.33956,53.07526],[14.37149,53.03946],[14.42848,53.02222],[14.42707,53.00056],[14.52088,52.96343],[14.65134,52.98395],[14.73245,53.03672],[14.81609,53.01809],[14.80957,53.03306],[14.84974,53.06298],[14.84974,53.10268],[14.88544,53.1218],[14.96879,53.08676],[15.00762,53.11255],[15.0408,53.11263],[15.05071,53.10281],[15.01814,53.07835],[15.02535,53.05267],[15.07247,53.05819],[15.08213,53.04005],[15.13117,53.03031],[15.19899,53.08495],[15.21155,53.06774],[15.20228,53.03627],[15.22769,53.02883],[15.28159,52.96467],[15.37549,52.97739],[15.35866,52.98917],[15.39471,53.00147],[15.41226,52.98041],[15.45845,53.00962],[15.42137,53.05195],[15.38944,53.06288],[15.40086,53.08923],[15.34842,53.11268],[15.37957,53.19904],[15.35198,53.20896],[15.36826,53.25073],[15.29168,53.25007],[15.07461,53.29559],[15.04166,53.35998],[14.90158,53.43817],[14.85077,53.50357],[14.82605,53.56764],[14.63448,53.53378],[14.60083,53.55663],[14.58182,53.62209],[14.48753,53.72515],[13.84771,53.84496],[13.76518,53.82052],[13.66631,53.82153],[13.63253,53.86374],[13.48194,53.88998],[13.44452,53.91809],[13.38358,53.91091],[13.27406,53.97457],[13.19853,53.96265],[13.19733,53.92921],[13.12248,53.89372],[13.03236,53.8964]],[[15.21713,53.14727],[15.23031,53.13297],[15.18918,53.11559],[15.18997,53.14203],[15.21713,53.14727]],[[14.79013,53.07918],[14.74812,53.0684],[14.74082,53.11051],[14.77052,53.11649],[14.79013,53.07918]]]]}},{"type":"Feature","properties":{"NAME":"Electorate of Saxony(-Wittenberg)","SUBJECTO":"Holy Roman Empire","PARTOF":"Holy Roman Empire","ADMIN_LEVEL":4,"OHM_RELATION_ID":2808146,"START_DATE":"1356-01-10","END_DATE":"1423-01-06"},"geometry":{"type":"MultiPolygon","coordinates":[[[[11.69297,51.72485],[11.71044,51.71584],[11.72529,51.72604],[11.71585,51.73264],[11.69297,51.72485]]],[[[11.69947,52.06638],[11.73185,52.02757],[11.78885,52.03238],[11.82477,52.00993],[11.8006,51.98906],[11.7382,52.00023],[11.76694,51.99183],[11.76351,51.96948],[11.79869,51.95909],[11.82931,51.91926],[11.88283,51.91566],[11.87317,51.93363],[11.92918,51.94912],[11.88412,51.97928],[11.88086,52.02102],[11.8367,52.03742],[11.89519,52.05349],[11.90841,52.04125],[11.88128,52.02725],[11.93707,52.03428],[11.88652,52.05772],[11.90403,52.06832],[11.91124,52.10345],[11.92806,52.10187],[11.91459,52.15382],[11.92789,52.18167],[11.89116,52.16656],[11.91064,52.13976],[11.9018,52.11726],[11.75333,52.09426],[11.76679,52.07779],[11.73293,52.04507],[11.69947,52.06638]]],[[[11.89502,52.32695],[11.96651,52.33235],[11.92626,52.35616],[11.89502,52.32695]]],[[[11.9642,51.99904],[11.97493,51.97949],[12.02415,51.97103],[12.05938,51.99738],[12.05349,52.01854],[12.00306,52.02708],[11.99398,52.00686],[11.9642,51.99904]]],[[[12.10196,51.58715],[12.17749,51.58736],[12.16936,51.54975],[12.19766,51.53107],[12.22255,51.52963],[12.24229,51.5601],[12.3428,51.57648],[12.3531,51.59861],[12.40356,51.60992],[12.54192,51.58198],[12.51274,51.66255],[12.54879,51.6651],[12.56973,51.68533],[12.78525,51.62388],[12.81208,51.63148],[12.80259,51.65179],[12.81598,51.6602],[12.84259,51.64768],[12.88902,51.66755],[12.9043,51.64625],[12.93795,51.6445],[12.93833,51.62017],[12.96524,51.60728],[12.96563,51.62891],[13.02811,51.59191],[13.01039,51.57942],[13.0121,51.5561],[13.02648,51.55153],[13.07142,51.57653],[13.07954,51.57631],[13.07108,51.57567],[13.09111,51.5752],[13.08437,51.57617],[13.09032,51.57601],[13.08193,51.57752],[13.07152,51.57658],[13.07339,51.57762],[13.08185,51.57785],[13.08156,51.57862],[13.07393,51.57792],[13.08126,51.582],[13.07015,51.58146],[13.07076,51.58255],[13.08173,51.5832],[13.08176,51.5834],[13.07076,51.58256],[13.07094,51.58287],[13.08169,51.58362],[13.08164,51.58406],[13.07096,51.5829],[13.0717,51.58422],[13.08168,51.58496],[13.07189,51.58456],[13.07239,51.58545],[13.07244,51.58495],[13.07318,51.58503],[13.07285,51.58629],[13.07435,51.58895],[13.07505,51.58505],[13.07547,51.58508],[13.0744,51.58904],[13.07819,51.59581],[13.13154,51.57235],[13.18926,51.57728],[13.20625,51.52316],[13.27372,51.52509],[13.31071,51.50126],[13.27736,51.48269],[13.30985,51.46738],[13.30479,51.43665],[13.34332,51.43074],[13.38289,51.42715],[13.37603,51.43523],[13.40714,51.45114],[13.40495,51.46422],[13.36517,51.45772],[13.4598,51.50757],[13.49421,51.48154],[13.5361,51.49111],[13.58932,51.47417],[13.65828,51.50634],[13.653,51.54271],[13.68484,51.55039],[13.44237,51.55162],[13.44804,51.57574],[13.43362,51.5888],[13.36684,51.59392],[13.38152,51.6137],[13.34066,51.6519],[13.40401,51.66867],[13.4131,51.63214],[13.44212,51.63869],[13.45705,51.6486],[13.44998,51.6792],[13.51942,51.70431],[13.5452,51.74401],[13.57593,51.75512],[13.57121,51.76901],[13.59936,51.79253],[13.59374,51.80838],[13.67808,51.84326],[13.57685,51.84235],[13.53627,51.8257],[13.46302,51.84885],[13.40796,51.81644],[13.3544,51.8327],[13.25848,51.81986],[13.22797,51.83769],[13.23003,51.87808],[13.16505,51.88433],[13.15106,51.85953],[13.11862,51.88322],[13.08482,51.8737],[13.08549,51.89969],[13.03365,51.90115],[13.03905,51.91791],[13.05785,51.91516],[13.05631,51.94109],[12.99399,51.94792],[12.99172,51.96106],[12.90404,51.96236],[12.93054,51.99433],[12.83152,52.04031],[12.8441,52.05196],[12.83993,52.0851],[12.77899,52.09448],[12.8322,52.14023],[12.81933,52.15235],[12.82654,52.1773],[12.85486,52.18804],[12.84542,52.24546],[12.91078,52.27407],[12.89739,52.29662],[12.78826,52.28948],[12.78156,52.26879],[12.83615,52.24746],[12.78379,52.2035],[12.62329,52.23989],[12.57128,52.26837],[12.56836,52.25166],[12.5363,52.24765],[12.5254,52.22509],[12.54029,52.2004],[12.49655,52.19882],[12.49611,52.17508],[12.4476,52.17846],[12.42741,52.15527],[12.3579,52.13702],[12.29937,52.15614],[12.26448,52.13754],[12.27662,52.10384],[12.31602,52.09195],[12.35817,52.04744],[12.43417,52.01763],[12.47238,52.03426],[12.53849,51.98758],[12.60321,51.98129],[12.60303,51.9705],[12.53205,51.87215],[12.49884,51.85609],[12.5251,51.82522],[12.51463,51.80856],[12.47772,51.8093],[12.43498,51.78282],[12.44047,51.79444],[12.41773,51.80214],[12.40245,51.78213],[12.38168,51.80044],[12.34082,51.79105],[12.36082,51.70863],[12.29765,51.69969],[12.30761,51.68597],[12.38597,51.68655],[12.31181,51.65722],[12.22383,51.68554],[12.19757,51.71586],[12.15328,51.70895],[12.19533,51.67272],[12.17097,51.67053],[12.21062,51.6721],[12.198,51.66526],[12.21954,51.61972],[12.20358,51.60405],[12.10196,51.58715]]],[[[12.25453,51.76739],[12.2746,51.73266],[12.26752,51.71762],[12.30494,51.73304],[12.3066,51.75514],[12.28733,51.75567],[12.29428,51.78566],[12.25453,51.76739]]],[[[12.45403,52.24467],[12.49575,52.23074],[12.51706,52.25565],[12.4639,52.26451],[12.45403,52.24467]]],[[[13.08231,52.19582],[13.13999,52.19119],[13.14445,52.2034],[13.12386,52.2177],[13.12798,52.23663],[13.08231,52.19582]]],[[[13.08622,51.54592],[13.11716,51.5186],[13.15124,51.53123],[13.12274,51.56293],[13.08622,51.54592]]],[[[13.25483,51.93977],[13.26861,51.89457],[13.31079,51.84477],[13.3362,51.9096],[13.37268,51.91452],[13.37804,51.92987],[13.34075,51.94591],[13.25483,51.93977]]],[[[13.27153,52.0881],[13.32719,52.07745],[13.32273,52.05769],[13.35764,52.04422],[13.35311,51.99931],[13.31543,51.98932],[13.31998,51.97336],[13.35605,51.95765],[13.37302,51.97346],[13.45014,51.97185],[13.50297,51.96225],[13.66781,52.01904],[13.6376,52.06613],[13.54082,52.09724],[13.54879,52.1371],[13.53207,52.14255],[13.49269,52.10852],[13.27153,52.0881]]]]}},{"type":"Feature","properties":{"NAME":"Erfurt Territory","SUBJECTO":"Holy Roman Empire","PARTOF":"Holy Roman Empire","ADMIN_LEVEL":5,"OHM_RELATION_ID":2831882,"START_DATE":"1000","END_DATE":"1803-04-27"},"geometry":{"type":"MultiPolygon","coordinates":[[[[10.82076,50.921],[10.81881,50.88917],[10.7701,50.85841],[10.78478,50.84371],[10.84994,50.84077],[10.86987,50.87082],[10.8599,50.91633],[10.82076,50.921]]],[[[11.02255,50.92944],[10.97032,50.92197],[10.98036,50.90433],[11.05538,50.90953],[11.05508,50.89619],[11.00718,50.89451],[10.995,50.87369],[11.01508,50.8605],[11.04396,50.88357],[11.12117,50.89931],[11.17614,50.86697],[11.21075,50.87091],[11.20829,50.88224],[11.24622,50.87515],[11.25343,50.88874],[11.22116,50.94999],[11.26682,50.97075],[11.26648,50.98545],[11.24073,50.98469],[11.2258,50.99658],[11.23661,51.00717],[11.19524,51.02131],[11.20623,51.036],[11.17653,51.07031],[11.13276,51.0579],[11.12761,51.08207],[11.08538,51.06459],[11.0435,51.07959],[11.02004,51.06046],[11.0253,51.03082],[10.98768,51.03575],[10.96848,51.07872],[10.98092,51.09749],[10.96993,51.12378],[10.95097,51.12486],[10.94976,51.10083],[10.9102,51.08854],[10.83801,51.09506],[10.8308,51.0729],[10.86925,51.05769],[10.8699,51.02774],[10.91303,51.01184],[10.88874,50.99496],[10.809,50.9995],[10.78128,50.9855],[10.83183,50.99048],[10.82698,50.95134],[10.89427,50.96051],[10.89691,50.94527],[10.87277,50.93242],[10.89586,50.92338],[10.93869,50.94707],[10.9998,50.94832],[11.02255,50.92944]],[[11.15301,50.91938],[11.19078,50.90953],[11.17601,50.8961],[11.12108,50.91277],[11.15301,50.91938]],[[11.17043,50.93961],[11.17207,50.95626],[11.18846,50.94799],[11.17043,50.93961]],[[11.10752,51.0347],[11.15507,51.0374],[11.1882,51.02207],[11.15078,51.00447],[11.10752,51.0347]]],[[[11.30733,50.80449],[11.35529,50.81494],[11.36373,50.83158],[11.40501,50.8331],[11.40947,50.85733],[11.37875,50.86469],[11.41806,50.89778],[11.39471,50.90238],[11.38098,50.92533],[11.34441,50.92652],[11.35283,50.89491],[11.28931,50.86713],[11.30733,50.80449]]],[[[11.09327,51.1122],[11.13842,51.09199],[11.17481,51.10568],[11.17413,51.12766],[11.15968,51.15891],[11.11617,51.18427],[11.08038,51.14932],[11.06143,51.15033],[11.064,51.12907],[11.09714,51.12754],[11.09327,51.1122]]],[[[11.22597,51.07053],[11.22854,51.04938],[11.27438,51.02553],[11.31214,51.05353],[11.26262,51.05192],[11.26596,51.07301],[11.22597,51.07053]]],[[[11.28678,51.12743],[11.25642,51.1308],[11.25481,51.10266],[11.28227,51.1018],[11.28678,51.12743]]]]}},{"type":"Feature","properties":{"NAME":"Imperial Abbey of Berchtesgaden","SUBJECTO":"Holy Roman Empire","PARTOF":"Holy Roman Empire","ADMIN_LEVEL":4,"OHM_RELATION_ID":2830494,"START_DATE":"1194","END_DATE":"1559"},"geometry":{"type":"MultiPolygon","coordinates":[[[[12.89791,47.69157],[12.83684,47.66631],[12.85057,47.64642],[12.82173,47.65706],[12.77985,47.6337],[12.79186,47.59829],[12.7807,47.58104],[12.79753,47.55394],[12.84697,47.54629],[12.92078,47.49343],[12.99477,47.478],[13.00318,47.46408],[13.04747,47.49215],[13.03253,47.53088],[13.05777,47.56101],[13.04146,47.57629],[13.06995,47.58614],[13.06292,47.60003],[13.09811,47.64226],[13.07373,47.69174],[13.01798,47.72299],[12.97914,47.6907],[12.95185,47.70595],[12.89791,47.69157]]]]}},{"type":"Feature","properties":{"NAME":"Imperial Abbey of Burtscheid","SUBJECTO":"Holy Roman Empire","PARTOF":"Holy Roman Empire","ADMIN_LEVEL":4,"OHM_RELATION_ID":2936190,"START_DATE":"1220","END_DATE":"1802-06-30"},"geometry":{"type":"MultiPolygon","coordinates":[[[[6.11178,50.7708],[6.0853,50.75831],[6.11145,50.73037],[6.12297,50.75625],[6.11178,50.7708]]]]}},{"type":"Feature","properties":{"NAME":"Imperial Abbey of Corvey","SUBJECTO":"Holy Roman Empire","PARTOF":"Holy Roman Empire","ADMIN_LEVEL":4,"OHM_RELATION_ID":2806962,"START_DATE":"1220","END_DATE":"1792"},"geometry":{"type":"MultiPolygon","coordinates":[[[[9.32304,51.85493],[9.25066,51.7748],[9.28645,51.73527],[9.26551,51.72038],[9.24877,51.68198],[9.25804,51.67436],[9.39869,51.69677],[9.39369,51.7324],[9.37511,51.74366],[9.44454,51.79165],[9.43168,51.81839],[9.46107,51.85971],[9.32304,51.85493]]]]}},{"type":"Feature","properties":{"NAME":"Imperial Abbey of Essen","SUBJECTO":"Holy Roman Empire","PARTOF":"Holy Roman Empire","ADMIN_LEVEL":4,"OHM_RELATION_ID":2831006,"START_DATE":"1228","END_DATE":"1803-04-27"},"geometry":{"type":"MultiPolygon","coordinates":[[[[6.92216,51.49689],[6.81255,51.48245],[6.87504,51.47262],[6.91143,51.42961],[6.93855,51.44053],[7.01614,51.41912],[7.04567,51.41869],[7.07314,51.44277],[7.08854,51.43074],[7.07929,51.44749],[7.11367,51.47231],[7.0977,51.49985],[7.00235,51.53424],[6.97093,51.50766],[6.92216,51.49689]]]]}},{"type":"Feature","properties":{"NAME":"Imperial Abbey of Hersfeld","SUBJECTO":"Holy Roman Empire","PARTOF":"Holy Roman Empire","ADMIN_LEVEL":4,"OHM_RELATION_ID":2830973,"START_DATE":"0775","END_DATE":"1648-10-24"},"geometry":{"type":"MultiPolygon","coordinates":[[[[9.50111,50.81011],[9.55261,50.7838],[9.55977,50.76294],[9.60125,50.75889],[9.72878,50.8202],[9.74041,50.8074],[9.7953,50.82145],[9.82877,50.79091],[9.89563,50.79005],[9.8992,50.81659],[9.94432,50.81927],[9.95561,50.81503],[9.94355,50.77134],[9.97842,50.77919],[10.04262,50.75641],[10.05172,50.72461],[10.07867,50.70691],[10.09309,50.73499],[10.0597,50.75981],[10.08249,50.78375],[10.07715,50.80459],[10.04133,50.844],[10.0614,50.87639],[9.99129,50.85185],[9.92163,50.85388],[9.94374,50.84516],[9.93664,50.8368],[9.89943,50.84058],[9.9034,50.85441],[9.81302,50.85704],[9.73028,50.88603],[9.75946,50.89914],[9.75303,50.90872],[9.59769,50.92985],[9.5012,50.88051],[9.50111,50.81011]]],[[[10.07442,50.87853],[10.18875,50.85256],[10.21008,50.86253],[10.18518,50.86553],[10.21437,50.87975],[10.21085,50.89416],[10.17909,50.88268],[10.16991,50.90244],[10.14261,50.89416],[10.13729,50.9072],[10.07442,50.87853]]]]}},{"type":"Feature","properties":{"NAME":"Imperial Abbey of Ottobeuren","SUBJECTO":"Holy Roman Empire","PARTOF":"Holy Roman Empire","ADMIN_LEVEL":4,"OHM_RELATION_ID":2830573,"START_DATE":"1299","END_DATE":"1624"},"geometry":{"type":"MultiPolygon","coordinates":[[[[10.40233,47.97981],[10.35805,47.98142],[10.33058,48.0191],[10.38689,48.04481],[10.37727,48.06799],[10.34157,48.06799],[10.2911,48.03746],[10.25436,48.037],[10.26672,48.01955],[10.24132,48.00807],[10.24166,47.97958],[10.2214,47.98073],[10.20081,47.95315],[10.21797,47.94073],[10.25574,47.9559],[10.27187,47.88826],[10.30483,47.86523],[10.3553,47.86616],[10.36217,47.8878],[10.41916,47.88136],[10.41332,47.90069],[10.38483,47.89954],[10.36251,47.9214],[10.36972,47.96211],[10.40233,47.97981]]]]}},{"type":"Feature","properties":{"NAME":"Imperial Abbey of Thorn","SUBJECTO":"Holy Roman Empire","PARTOF":"Holy Roman Empire","ADMIN_LEVEL":4,"OHM_RELATION_ID":2831130,"START_DATE":"1292","END_DATE":"1797-10-17"},"geometry":{"type":"MultiPolygon","coordinates":[[[[5.73864,51.20215],[5.66032,51.19188],[5.69105,51.16855],[5.74778,51.19562],[5.73864,51.20215]]],[[[5.81555,51.20538],[5.79396,51.23457],[5.77014,51.21078],[5.79486,51.19484],[5.81555,51.20538]]],[[[5.84825,51.24542],[5.83541,51.24126],[5.87116,51.21355],[5.80988,51.17267],[5.85485,51.14678],[5.85752,51.18096],[5.89451,51.23849],[5.84825,51.24542]]]]}},{"type":"Feature","properties":{"NAME":"Imperial Abbey of Werden","SUBJECTO":"Holy Roman Empire","PARTOF":"Holy Roman Empire","ADMIN_LEVEL":4,"OHM_RELATION_ID":2831007,"START_DATE":"0877-05-22","END_DATE":"1803-04-27"},"geometry":{"type":"MultiPolygon","coordinates":[[[[6.92619,51.42918],[6.92482,51.40611],[6.89701,51.38882],[6.95151,51.34863],[6.99117,51.35876],[7.03597,51.34713],[7.1173,51.38078],[7.08382,51.44069],[7.04567,51.41869],[6.94611,51.43989],[6.92619,51.42918]]]]}},{"type":"Feature","properties":{"NAME":"Lordship of Ruppin","SUBJECTO":"Holy Roman Empire","PARTOF":"Holy Roman Empire","ADMIN_LEVEL":4,"OHM_RELATION_ID":2830612,"START_DATE":"1214","END_DATE":"1524"},"geometry":{"type":"MultiPolygon","coordinates":[[[[13.2792,53.06225],[13.23449,53.05615],[13.15089,53.09668],[13.10617,53.09923],[13.11386,53.12682],[13.13201,53.1341],[13.08718,53.16426],[13.06124,53.15727],[13.0188,53.18541],[12.98005,53.16262],[12.94202,53.17461],[12.96842,53.1986],[12.94271,53.19572],[12.91168,53.15439],[12.82036,53.15007],[12.73916,53.11855],[12.54536,53.1547],[12.51102,53.14564],[12.49849,53.13678],[12.62724,53.07031],[12.61046,53.01272],[12.65252,53.00291],[12.61668,52.97705],[12.51781,52.96332],[12.48322,52.91718],[12.45644,52.92174],[12.41421,52.90248],[12.36374,52.84736],[12.33009,52.85504],[12.35069,52.84218],[12.32563,52.79695],[12.28207,52.7962],[12.33318,52.76764],[12.39601,52.77099],[12.40219,52.75437],[12.53918,52.7525],[12.54742,52.77224],[12.72569,52.82307],[12.7907,52.82745],[12.85555,52.78501],[12.92829,52.79057],[12.98571,52.8287],[12.97133,52.82885],[13.09442,52.84109],[13.09673,52.86405],[13.1545,52.86581],[13.12737,52.9074],[13.15407,52.9207],[13.19115,52.91263],[13.24471,52.93721],[13.24125,52.95342],[13.18359,52.95572],[13.16875,52.97661],[13.2375,53.01411],[13.21981,53.02852],[13.23561,53.05345],[13.2792,53.06225]]],[[[13.07206,53.20047],[13.03987,53.19434],[13.05566,53.17914],[13.07206,53.20047]]]]}},{"type":"Feature","properties":{"NAME":"Moravia","SUBJECTO":"Holy Roman Empire","PARTOF":"Holy Roman Empire","ADMIN_LEVEL":4,"OHM_RELATION_ID":2830504,"START_DATE":"1182","END_DATE":"1742-07-28"},"geometry":{"type":"MultiPolygon","coordinates":[[[[16.98274,48.6901],[17.00441,48.6981],[17.00216,48.72138],[17.04387,48.76496],[17.0884,48.78748],[17.10582,48.83271],[17.14592,48.83675],[17.19229,48.87416],[17.32167,48.8453],[17.35937,48.81517],[17.39966,48.81519],[17.45013,48.84551],[17.52431,48.81246],[17.5936,48.82776],[17.63345,48.85494],[17.70298,48.86012],[17.79203,48.92526],[17.88576,48.92818],[17.92152,49.01753],[18.0269,49.02346],[18.09016,49.05637],[18.11594,49.09214],[18.10912,49.13721],[18.1531,49.22062],[18.14857,49.24939],[18.18347,49.26911],[18.18929,49.2886],[18.37688,49.32973],[18.41433,49.36651],[18.4039,49.39556],[18.47542,49.40841],[18.54391,49.46504],[18.54095,49.4925],[18.5199,49.46929],[18.46053,49.4573],[18.36948,49.56204],[18.3566,49.60973],[18.36503,49.65743],[18.30597,49.72831],[18.29861,49.77905],[18.2752,49.80123],[18.29983,49.83495],[18.27588,49.86699],[18.22743,49.85314],[18.21416,49.82521],[18.22196,49.79582],[18.19509,49.78209],[18.18483,49.75479],[18.0094,49.67832],[17.99084,49.68689],[17.97963,49.73581],[17.91676,49.71189],[17.89094,49.78101],[17.87088,49.78297],[17.84278,49.73146],[17.86987,49.70124],[17.8457,49.65568],[17.88044,49.65584],[17.92971,49.62066],[17.84123,49.6424],[17.86776,49.60654],[17.83588,49.60669],[17.76624,49.647],[17.74417,49.67676],[17.7625,49.69272],[17.75747,49.71217],[17.69901,49.72546],[17.64142,49.80464],[17.65525,49.81898],[17.65295,49.86573],[17.83699,49.87267],[17.84877,49.90845],[17.88227,49.93707],[17.87632,49.95618],[17.84674,49.95844],[17.85426,49.93238],[17.80439,49.91562],[17.73828,49.9121],[17.71041,49.89545],[17.69426,49.90739],[17.5996,49.87703],[17.55903,49.90837],[17.53949,49.90112],[17.49412,49.93158],[17.47471,49.92636],[17.4597,49.95979],[17.42906,49.96901],[17.39878,49.97175],[17.41075,49.94795],[17.38471,49.9375],[17.3219,49.98353],[17.31558,50.01284],[17.23941,50.05466],[17.22047,50.10194],[17.15382,50.12392],[17.11298,50.18067],[17.07354,50.18726],[17.03025,50.23023],[17.00078,50.21608],[16.97036,50.24236],[16.95068,50.22159],[16.91824,50.22624],[16.87722,50.19864],[16.84051,50.20105],[16.80148,50.13222],[16.81712,50.08767],[16.80548,50.05229],[16.69512,50.05252],[16.73378,49.95478],[16.69298,49.93016],[16.68281,49.90406],[16.6526,49.896],[16.65515,49.85212],[16.62628,49.8602],[16.56977,49.83517],[16.5742,49.74343],[16.53318,49.74074],[16.50373,49.78867],[16.41165,49.78914],[16.36655,49.71668],[16.47374,49.68591],[16.47744,49.66625],[16.51448,49.65506],[16.53157,49.60845],[16.46469,49.60542],[16.44302,49.58583],[16.42423,49.59476],[16.40564,49.57235],[16.34867,49.6117],[16.23026,49.63058],[16.22336,49.66536],[16.19541,49.67564],[16.13916,49.69133],[16.09581,49.67136],[16.05049,49.70847],[16.02067,49.70654],[15.97905,49.67079],[15.93102,49.67864],[15.91636,49.66299],[15.94658,49.6384],[15.98727,49.63179],[15.98448,49.6111],[15.94893,49.59233],[15.87847,49.58813],[15.88322,49.55883],[15.81294,49.46767],[15.79247,49.46961],[15.77892,49.45],[15.70031,49.44954],[15.69238,49.43127],[15.64795,49.4535],[15.63987,49.42848],[15.60921,49.43208],[15.58714,49.40966],[15.5134,49.41002],[15.46703,49.34546],[15.413,49.31752],[15.3581,49.33678],[15.38383,49.31949],[15.34601,49.3146],[15.33508,49.27089],[15.27762,49.27681],[15.26855,49.24935],[15.27932,49.24666],[15.23819,49.25415],[15.21982,49.22677],[15.19148,49.23645],[15.13729,49.18724],[15.18172,49.17305],[15.21041,49.21198],[15.27619,49.20331],[15.20898,49.18352],[15.23475,49.17582],[15.22623,49.15072],[15.2597,49.11916],[15.23447,49.0893],[15.26405,49.07754],[15.22707,49.08522],[15.21156,49.05927],[15.28555,49.0159],[15.30117,48.97974],[15.35001,48.98434],[15.47358,48.9474],[15.52009,48.91282],[15.62071,48.89381],[15.69024,48.85559],[15.75168,48.85213],[15.78437,48.87446],[15.8369,48.87682],[15.8508,48.85777],[15.92965,48.83427],[15.93323,48.8198],[15.95959,48.82104],[15.95144,48.80373],[15.99534,48.77901],[16.08196,48.74943],[16.3838,48.73067],[16.43761,48.76851],[16.46246,48.80944],[16.54429,48.8112],[16.60644,48.78087],[16.86721,48.7883],[16.89546,48.71646],[16.91922,48.71444],[16.93566,48.68636],[16.97639,48.68824],[16.97313,48.67847],[16.98274,48.6901]]],[[[17.79201,49.75799],[17.82279,49.75642],[17.80231,49.76729],[17.79201,49.75799]]],[[[18.05982,49.72762],[18.00143,49.71765],[18.03356,49.69587],[18.06263,49.70308],[18.05982,49.72762]]],[[[17.9536,49.79493],[17.96633,49.77882],[18.00561,49.7859],[17.988,49.80597],[17.9536,49.79493]]],[[[17.796,49.96886],[17.80757,49.95633],[17.82839,49.96232],[17.796,49.96886]]],[[[17.61966,50.17117],[17.7585,50.20664],[17.76512,50.23581],[17.72702,50.25568],[17.7474,50.29427],[17.71805,50.32065],[17.69256,50.327],[17.68163,50.29702],[17.61176,50.26591],[17.5835,50.27787],[17.48687,50.27354],[17.43375,50.25331],[17.42548,50.23426],[17.42694,50.20487],[17.51757,50.21237],[17.54233,50.18909],[17.60571,50.1891],[17.61966,50.17117]]],[[[17.98013,49.92172],[17.98078,49.88619],[17.99397,49.90186],[17.98013,49.92172]]],[[[18.005,50.0498],[18.04976,50.08094],[18.0756,50.08309],[18.0768,50.06788],[18.08118,50.09245],[18.09525,50.05989],[18.12255,50.06463],[18.06539,50.11348],[17.97432,50.12713],[17.95115,50.10781],[17.94754,50.07025],[18.005,50.0498]]]]}},{"type":"Feature","properties":{"NAME":"Peasant Republic of Dithmarschen","SUBJECTO":"Holy Roman Empire","PARTOF":"Holy Roman Empire","ADMIN_LEVEL":4,"OHM_RELATION_ID":2815118,"START_DATE":"1227","END_DATE":"1447"},"geometry":{"type":"MultiPolygon","coordinates":[[[[9.39353,54.28885],[9.30422,54.27154],[9.26002,54.30451],[9.2716,54.31843],[9.25761,54.34395],[9.21993,54.34635],[9.22757,54.32654],[9.19847,54.3204],[9.17221,54.33414],[9.15959,54.3176],[9.08964,54.37037],[8.99763,54.37416],[8.98167,54.35155],[8.99488,54.33935],[8.97034,54.31701],[8.87163,54.26412],[8.84005,54.26472],[8.83198,54.21968],[8.81,54.20503],[8.80142,54.17409],[8.82065,54.1365],[8.86459,54.11597],[8.9027,54.13046],[8.93223,54.1236],[8.98308,54.04954],[8.91352,54.02668],[8.8676,54.04004],[8.8367,54.03006],[8.89592,53.98764],[8.92716,53.92287],[8.97261,53.89668],[9.01733,53.90484],[9.02287,53.88006],[9.19959,53.87976],[9.2091,53.93141],[9.29855,53.99382],[9.29031,54.03686],[9.31503,54.07319],[9.30465,54.12568],[9.44314,54.17334],[9.43003,54.20675],[9.44438,54.24015],[9.39353,54.28885]]]]}},{"type":"Feature","properties":{"NAME":"Prince-Archbishopric of Bremen","SUBJECTO":"Holy Roman Empire","PARTOF":"Holy Roman Empire","ADMIN_LEVEL":4,"OHM_RELATION_ID":2694912,"START_DATE":"1381","END_DATE":"1648-05-15"},"geometry":{"type":"MultiPolygon","coordinates":[[[[8.46703,53.63283],[8.50211,53.60413],[8.56934,53.60249],[8.60607,53.6084],[8.62564,53.62611],[8.62598,53.65074],[8.64555,53.6597],[8.69156,53.64097],[8.73799,53.65324],[8.76196,53.69101],[8.70315,53.76888],[8.5854,53.79088],[8.56868,53.81431],[8.53773,53.81996],[8.47355,53.71154],[8.46977,53.66092],[8.46703,53.63283]]],[[[8.48162,53.23543],[8.52494,53.19143],[8.61834,53.16801],[8.62737,53.15142],[8.63092,53.16026],[8.69881,53.15982],[8.6828,53.14041],[8.62949,53.14751],[8.63812,53.13166],[8.69748,53.11896],[8.75473,53.12561],[8.77044,53.14919],[8.8076,53.15109],[8.82357,53.12957],[8.84581,53.14284],[8.91127,53.13257],[8.95504,53.1579],[8.99718,53.10916],[8.96425,53.08921],[8.96081,53.04681],[8.88385,53.06311],[8.8402,53.10338],[8.85816,53.06992],[8.83262,53.06822],[8.87193,53.05811],[8.86977,53.03087],[8.89561,53.01316],[8.96673,52.99389],[8.96542,52.94847],[8.93064,52.92255],[8.95,52.89527],[8.98196,52.88868],[8.99868,52.91978],[9.02089,52.92627],[9.11857,52.89981],[9.17727,52.91863],[9.18406,52.98493],[9.22302,53.07856],[9.34113,53.13565],[9.36494,53.20326],[9.33512,53.23789],[9.36464,53.27065],[9.34679,53.30826],[9.36104,53.32042],[9.44962,53.31549],[9.61673,53.36674],[9.62188,53.38891],[9.67664,53.40958],[9.67065,53.42885],[9.69256,53.4622],[9.7344,53.48376],[9.79208,53.48856],[9.74951,53.52613],[9.66728,53.5502],[9.55051,53.61593],[9.46867,53.69417],[9.3849,53.72749],[9.35022,53.75856],[9.37808,53.79523],[9.32156,53.84989],[9.24911,53.8752],[9.10656,53.87896],[8.95935,53.84929],[8.96261,53.69701],[8.936,53.66539],[8.95454,53.65919],[8.94218,53.61328],[8.95866,53.59414],[8.97549,53.50357],[8.93463,53.49969],[8.86597,53.54072],[8.71902,53.54439],[8.69568,53.53337],[8.64933,53.55194],[8.56689,53.5386],[8.57071,53.49387],[8.55577,53.48723],[8.56642,53.47538],[8.52762,53.42293],[8.49325,53.41879],[8.50144,53.35111],[8.48162,53.23543]]]]}},{"type":"Feature","properties":{"NAME":"Prince-Archbishopric of Magdeburg","SUBJECTO":"Holy Roman Empire","PARTOF":"Holy Roman Empire","ADMIN_LEVEL":4,"OHM_RELATION_ID":2809710,"START_DATE":"1180","END_DATE":"1680-06-04"},"geometry":{"type":"MultiPolygon","coordinates":[[[[11.66952,51.85544],[11.69284,51.85945],[11.67495,51.87177],[11.82811,51.87225],[11.85957,51.81559],[11.93733,51.8815],[11.95913,51.86955],[11.96424,51.84527],[11.95085,51.80681],[11.92626,51.8015],[11.94433,51.79067],[11.98836,51.79099],[11.97274,51.80053],[12.05183,51.83225],[12.10745,51.82647],[12.10389,51.80562],[12.13895,51.8183],[12.14393,51.86605],[12.02617,51.86258],[11.93527,51.94458],[11.9003,51.94567],[11.85365,51.91317],[11.79204,51.94316],[11.69117,51.93144],[11.69514,51.95422],[11.68005,51.95632],[11.69682,51.96657],[11.76578,51.97571],[11.73726,51.9954],[11.74531,52.00425],[11.8006,51.98906],[11.82217,52.00622],[11.78885,52.03238],[11.73185,52.02757],[11.69235,52.06665],[11.73293,52.04507],[11.76245,52.07302],[11.75149,52.0926],[11.83399,52.09847],[11.79975,52.10168],[11.91107,52.13012],[11.87862,52.18035],[11.81219,52.21634],[11.88807,52.26874],[11.91613,52.28003],[11.94703,52.27026],[11.97098,52.24672],[11.94488,52.23369],[11.95106,52.21728],[11.99329,52.21455],[11.99329,52.19877],[11.92738,52.19835],[11.93132,52.16677],[11.91459,52.15382],[11.92806,52.10187],[11.91124,52.10345],[11.88652,52.05772],[11.93991,52.04283],[11.88572,52.02417],[11.89939,52.01664],[11.88549,52.01528],[11.88326,51.98583],[11.91021,51.95812],[11.89697,51.97318],[11.92716,51.96581],[11.90079,51.98155],[11.91118,52.00174],[11.99398,52.00686],[12.01093,52.03449],[12.05217,52.04516],[12.03072,52.04791],[12.03861,52.06326],[12.178,52.07676],[12.21182,52.1025],[12.26624,52.09997],[12.27662,52.10384],[12.25722,52.13436],[12.29525,52.15466],[12.3579,52.13702],[12.42049,52.15219],[12.44296,52.17746],[12.43515,52.19561],[12.39841,52.19477],[12.33353,52.22191],[12.25731,52.23285],[12.15843,52.21886],[12.13577,52.25334],[12.13371,52.26522],[12.20632,52.27866],[12.24353,52.26577],[12.31182,52.34414],[12.34226,52.33776],[12.34542,52.31093],[12.36808,52.30671],[12.45769,52.31778],[12.46579,52.32752],[12.42634,52.35355],[12.47654,52.39479],[12.39007,52.39591],[12.38824,52.43215],[12.36576,52.42933],[12.36202,52.44015],[12.43667,52.46195],[12.4506,52.48994],[12.31464,52.52651],[12.30357,52.5452],[12.32434,52.54938],[12.31439,52.61399],[12.33357,52.65184],[12.30173,52.66928],[12.23815,52.66671],[12.19744,52.71854],[12.2222,52.73998],[12.20581,52.76092],[12.22366,52.77587],[12.21319,52.79456],[12.16598,52.8038],[12.14127,52.78325],[12.10912,52.78278],[12.06599,52.81838],[12.02273,52.81226],[12.0393,52.7259],[12.01046,52.66087],[12.01597,52.62452],[11.96368,52.52442],[11.99947,52.46584],[11.96772,52.40525],[11.8642,52.41158],[11.83485,52.38948],[11.76619,52.37937],[11.77159,52.40027],[11.72181,52.40899],[11.69589,52.4008],[11.69804,52.37073],[11.66993,52.35062],[11.62311,52.36056],[11.6262,52.37513],[11.67177,52.38183],[11.67048,52.3959],[11.63748,52.40381],[11.61856,52.3789],[11.46591,52.37374],[11.45162,52.3588],[11.40364,52.37521],[11.39447,52.35304],[11.35184,52.33841],[11.31257,52.3534],[11.30154,52.32776],[11.19378,52.31105],[11.19258,52.29614],[11.17146,52.29441],[11.18614,52.27278],[11.25755,52.24504],[11.26064,52.22906],[11.28365,52.22906],[11.30304,52.2014],[11.2361,52.18298],[11.21944,52.18456],[11.23438,52.20424],[11.1319,52.28685],[11.09447,52.28874],[11.06581,52.2752],[11.08478,52.23726],[11.07714,52.22367],[11.02555,52.20995],[11.01191,52.18788],[11.06143,52.1684],[11.03435,52.12967],[10.94419,52.0996],[10.97118,52.08122],[10.96796,52.05347],[10.98697,52.05178],[11.12984,52.06051],[11.1882,52.10524],[11.24039,52.06178],[11.27266,52.066],[11.32072,52.0263],[11.31686,52.0057],[11.27034,52.01352],[11.26373,51.99804],[11.29369,51.98884],[11.29231,51.95781],[11.30013,51.97219],[11.35248,51.96088],[11.37342,51.93453],[11.33995,51.89969],[11.3645,51.88221],[11.42338,51.92881],[11.46458,51.93855],[11.51058,51.92712],[11.54097,51.88174],[11.53095,51.87419],[11.56277,51.85455],[11.66952,51.85544]],[[11.89502,52.32695],[11.92626,52.35616],[11.96651,52.33235],[11.89502,52.32695]],[[12.06951,52.23032],[12.12135,52.2257],[12.10041,52.2074],[12.06196,52.2116],[12.06951,52.23032]],[[12.18281,52.16762],[12.16633,52.15055],[12.14195,52.1594],[12.14882,52.14613],[12.10865,52.124],[12.11346,52.14739],[12.0726,52.16993],[12.1265,52.18762],[12.18281,52.16762]]],[[[12.11678,51.41821],[12.16521,51.40653],[12.17023,51.42316],[12.15088,51.45893],[12.07664,51.45369],[12.03896,51.48812],[12.08771,51.48534],[12.05441,51.494],[12.07106,51.51238],[12.12762,51.51729],[12.07801,51.53406],[12.16015,51.55109],[12.16483,51.5764],[12.01934,51.59158],[12.01977,51.58022],[11.98016,51.57491],[11.98617,51.59659],[11.95321,51.60093],[11.96398,51.62265],[11.91999,51.62239],[11.9454,51.63088],[11.93403,51.63384],[11.9487,51.66673],[11.91313,51.64849],[11.80799,51.68943],[11.7982,51.72434],[11.76915,51.75071],[11.69984,51.74396],[11.72327,51.73248],[11.71044,51.71584],[11.62354,51.73229],[11.61538,51.70347],[11.63504,51.69991],[11.60371,51.66585],[11.74404,51.62985],[11.75949,51.58262],[11.82464,51.5743],[11.81923,51.53299],[11.84206,51.51291],[11.83339,51.49827],[11.86335,51.49277],[11.84807,51.47331],[11.80133,51.46619],[11.83571,51.42405],[11.85305,51.46048],[11.94317,51.48138],[11.95463,51.47991],[11.92592,51.44593],[11.96325,51.40991],[12.01299,51.40199],[12.04991,51.42247],[12.04453,51.3929],[12.06361,51.38796],[12.08316,51.39131],[12.09026,51.42324],[12.11678,51.41821]]],[[[11.86678,51.7409],[11.90669,51.727],[11.90875,51.7404],[11.88433,51.75079],[11.86678,51.7409]]],[[[11.02195,52.39349],[11.06632,52.37329],[11.1479,52.38453],[11.14614,52.41938],[11.0919,52.45109],[11.05619,52.50645],[10.94333,52.49234],[10.93363,52.46038],[11.02195,52.39349]]],[[[13.37804,51.92987],[13.37268,51.91452],[13.3362,51.9096],[13.31019,51.83055],[13.40242,51.8166],[13.46907,51.84715],[13.51258,51.83074],[13.50537,51.86579],[13.57537,51.88884],[13.55786,51.90083],[13.54181,51.87869],[13.51619,51.87877],[13.52142,51.90578],[13.48203,51.93268],[13.45439,51.92712],[13.45134,51.96653],[13.43465,51.97547],[13.37302,51.97346],[13.36253,51.95812],[13.31998,51.97336],[13.31543,51.98932],[13.35603,51.9982],[13.36092,52.0416],[13.32721,52.05798],[13.32719,52.07745],[13.27382,52.08514],[13.22239,52.11958],[13.19424,52.15498],[13.19218,52.19077],[13.21793,52.23495],[13.17003,52.26784],[13.10686,52.24515],[13.09759,52.2176],[12.98447,52.14697],[12.95151,52.14276],[12.98241,52.12927],[12.99305,52.09617],[12.9388,52.10651],[12.90859,52.06389],[12.97623,52.02483],[12.90413,52.0357],[12.87889,52.01368],[12.93162,51.99338],[12.90733,51.9823],[12.91846,51.96109],[12.96953,51.97536],[12.99399,51.94792],[13.05725,51.93643],[13.05785,51.91516],[13.03905,51.91791],[13.03171,51.90145],[13.08291,51.90637],[13.08482,51.8737],[13.13201,51.88237],[13.15853,51.86067],[13.16239,51.88349],[13.2223,51.87776],[13.26908,51.90102],[13.25483,51.93977],[13.35259,51.94675],[13.37804,51.92987]]]]}},{"type":"Feature","properties":{"NAME":"Prince-Archbishopric of Salzburg","SUBJECTO":"Holy Roman Empire","PARTOF":"Holy Roman Empire","ADMIN_LEVEL":4,"OHM_RELATION_ID":2852598,"START_DATE":"1328","END_DATE":"1505-07-30"},"geometry":{"type":"MultiPolygon","coordinates":[[[[12.92775,47.76986],[12.94237,47.77092],[12.90439,47.72732],[12.91024,47.68981],[12.95185,47.70595],[12.9891,47.69393],[13.01798,47.72299],[13.07373,47.69174],[13.09811,47.64226],[13.06292,47.60003],[13.07098,47.58868],[13.04317,47.58347],[13.05056,47.5646],[13.0315,47.53691],[13.04747,47.49215],[13.00936,47.465],[12.92078,47.49343],[12.84697,47.54629],[12.79753,47.55394],[12.78122,47.57351],[12.79341,47.59331],[12.75959,47.65001],[12.78431,47.67198],[12.60578,47.67394],[12.5751,47.63254],[12.57385,47.60408],[12.66518,47.58116],[12.63427,47.54734],[12.70637,47.48009],[12.63977,47.46524],[12.6178,47.4095],[12.50244,47.38905],[12.48184,47.37278],[12.49557,47.34766],[12.48012,47.32626],[12.37455,47.31194],[12.33833,47.32416],[12.34194,47.37882],[12.36151,47.41159],[12.34177,47.45781],[12.25611,47.47603],[12.20495,47.46222],[12.15208,47.48415],[12.06264,47.42542],[12.08342,47.37069],[12.05312,47.32748],[11.93562,47.33208],[11.92326,47.36069],[11.88941,47.37928],[11.78679,47.3522],[11.74473,47.28284],[11.74799,47.21222],[11.66765,47.19671],[11.67332,47.16007],[11.63933,47.13018],[11.69306,47.1303],[11.67486,47.09537],[11.69151,47.1018],[11.72825,47.07795],[11.74353,47.061],[11.7334,47.03094],[11.79099,46.9895],[11.97939,47.05048],[12.07688,47.059],[12.09192,47.07605],[12.19794,47.08872],[12.25124,47.07118],[12.34577,47.10923],[12.42382,47.09186],[12.50553,47.0451],[12.48733,47.02942],[12.48665,47.0032],[12.50416,46.99805],[12.50278,46.95237],[12.42554,46.94792],[12.45438,46.92612],[12.42313,46.89915],[12.42485,46.93807],[12.34314,46.96151],[12.32597,46.95167],[12.3373,46.92588],[12.32391,46.87991],[12.38811,46.86911],[12.45609,46.88507],[12.46056,46.86512],[12.51583,46.86841],[12.5069,46.85103],[12.53471,46.85385],[12.57729,46.90431],[12.60784,46.90712],[12.57523,46.93034],[12.60406,46.98728],[12.5845,47.08088],[12.60715,47.10308],[12.59222,47.12563],[12.65676,47.09964],[12.6729,47.10939],[12.66621,47.12213],[12.73127,47.13124],[12.73762,47.10086],[12.93743,47.07784],[12.96593,47.03925],[13.01983,47.04088],[13.0727,47.0135],[13.08266,47.02731],[13.24951,47.05188],[13.24814,47.08625],[13.27766,47.09514],[13.35525,47.09794],[13.39783,47.07059],[13.45825,47.07947],[13.69377,47.03995],[13.70544,46.99735],[13.79097,46.99038],[13.80913,46.95097],[13.85719,46.99237],[13.90217,47.0624],[13.88294,47.10513],[13.93959,47.13655],[13.99384,47.13982],[13.89668,47.17606],[13.84955,47.23018],[13.86406,47.25296],[13.82389,47.267],[13.82286,47.28913],[13.78956,47.28907],[13.76106,47.26659],[13.7178,47.27783],[13.713,47.26013],[13.60519,47.28389],[13.59996,47.33749],[13.56408,47.4138],[13.59017,47.46625],[13.47844,47.52611],[13.47977,47.56926],[13.50563,47.58324],[13.52172,47.61998],[13.48469,47.6411],[13.55006,47.7139],[13.43605,47.73859],[13.46519,47.78633],[13.5143,47.77204],[13.53551,47.77585],[13.53026,47.79309],[13.45121,47.80416],[13.39065,47.79381],[13.29027,47.82417],[13.29586,47.85809],[13.27114,47.89126],[13.28281,47.89494],[13.27821,47.94945],[13.30661,47.96432],[13.35744,47.95404],[13.37924,47.98309],[13.11132,47.9809],[13.04438,48.02828],[13.04678,48.04005],[12.97392,48.02354],[12.93599,48.03576],[12.89125,47.9913],[12.86053,47.99705],[12.7699,48.0668],[12.74871,48.1067],[12.71419,48.11121],[12.66629,48.07527],[12.58947,48.065],[12.57591,48.02966],[12.54544,48.01404],[12.54441,47.99636],[12.64621,47.96924],[12.70989,47.92491],[12.68466,47.90098],[12.76637,47.78813],[12.83074,47.77908],[12.84842,47.75496],[12.89014,47.74515],[12.92775,47.76986]],[[12.00497,47.27131],[11.94385,47.24941],[11.94523,47.26176],[11.88927,47.27643],[11.87416,47.29949],[11.83708,47.29227],[11.80738,47.25249],[11.80241,47.27923],[11.83674,47.32277],[11.9212,47.33114],[11.92772,47.30787],[12.02179,47.31672],[12.00497,47.27131]]],[[[14.59053,47.00273],[14.47655,47.02006],[14.45869,46.99805],[14.38763,46.98025],[14.36565,47.02474],[14.23313,47.02801],[14.24729,47.00759],[14.23047,46.99085],[14.25047,46.8481],[14.40857,46.88953],[14.5441,46.85828],[14.55637,46.89158],[14.5495,46.97305],[14.59053,47.00273]]],[[[14.80493,46.79113],[14.77764,46.74727],[14.82914,46.72668],[14.85763,46.77796],[14.80493,46.79113]]],[[[13.28642,46.75292],[13.21484,46.74857],[13.18256,46.72857],[13.00438,46.72551],[12.99065,46.71091],[13.09055,46.69855],[13.10429,46.68489],[13.20848,46.69667],[13.26024,46.73604],[13.31474,46.73121],[13.37654,46.75562],[13.4174,46.8474],[13.34375,46.87639],[13.31526,46.85432],[13.22548,46.83659],[13.28419,46.78255],[13.28642,46.75292]]],[[[13.01906,46.88877],[13.04635,46.88014],[13.03734,46.89299],[13.01906,46.88877]]],[[[12.90567,46.82268],[12.87267,46.81084],[12.85735,46.76021],[12.89943,46.7768],[12.93155,46.76409],[12.96584,46.78734],[12.90567,46.82268]]],[[[12.46536,48.23874],[12.48648,48.22193],[12.53574,48.22147],[12.5778,48.24057],[12.5342,48.27565],[12.46536,48.23874]]]]}},{"type":"Feature","properties":{"NAME":"Prince-Bishopric of Bamberg","SUBJECTO":"Holy Roman Empire","PARTOF":"Holy Roman Empire","ADMIN_LEVEL":4,"OHM_RELATION_ID":2830379,"START_DATE":"1245","END_DATE":"1803-04-27"},"geometry":{"type":"MultiPolygon","coordinates":[[[[11.18931,50.27072],[11.24562,50.22717],[11.17095,50.20904],[11.19095,50.20135],[11.17438,50.18679],[11.03336,50.21871],[10.98822,50.21278],[11.00723,50.20001],[10.99268,50.17657],[10.90324,50.1504],[10.82445,50.09647],[10.8284,50.07653],[10.87646,50.06155],[10.88333,50.03774],[10.75355,50.0298],[10.72266,50.04391],[10.70824,50.03509],[10.76935,49.97242],[10.75905,49.96006],[10.67734,49.93973],[10.60661,49.94769],[10.61485,49.93885],[10.59494,49.92161],[10.52833,49.89729],[10.52971,49.88269],[10.56747,49.88402],[10.5558,49.86455],[10.57777,49.85924],[10.59975,49.88977],[10.62584,49.8911],[10.62721,49.87561],[10.60112,49.85614],[10.64987,49.82115],[10.63065,49.80121],[10.65124,49.79722],[10.64987,49.73779],[10.70206,49.69384],[10.79338,49.65963],[10.84573,49.66291],[10.86616,49.63606],[10.81329,49.62183],[10.82771,49.60359],[10.85243,49.60359],[10.83527,49.59157],[10.86616,49.54704],[10.83527,49.53368],[10.9259,49.52298],[10.93689,49.54482],[10.89775,49.55506],[10.91698,49.57377],[10.95337,49.56709],[10.97091,49.58332],[10.98907,49.61649],[10.97053,49.62317],[10.97603,49.66096],[11.03439,49.67341],[11.06117,49.66274],[11.01242,49.60226],[11.17653,49.59002],[11.1997,49.60671],[11.17292,49.61227],[11.19953,49.64651],[11.14735,49.64507],[11.19661,49.67185],[11.19095,49.69118],[11.34321,49.67785],[11.47728,49.75776],[11.47007,49.77217],[11.49616,49.80498],[11.47144,49.83843],[11.49651,49.85525],[11.40793,49.89596],[11.37222,49.89198],[11.35437,49.91675],[11.37634,49.93133],[11.27953,49.97198],[11.25961,50.00553],[11.28982,50.02274],[11.28502,50.03509],[11.32484,50.04964],[11.32004,50.07741],[11.35849,50.09548],[11.36673,50.1263],[11.38458,50.1307],[11.399,50.16063],[11.36261,50.15931],[11.35986,50.17602],[11.38321,50.19405],[11.41273,50.17602],[11.43677,50.18569],[11.5068,50.14919],[11.54182,50.14919],[11.57135,50.19185],[11.5432,50.22217],[11.57547,50.2573],[11.53564,50.26608],[11.5638,50.281],[11.55899,50.30601],[11.53427,50.31741],[11.54045,50.34196],[11.52054,50.35466],[11.51899,50.38915],[11.47865,50.40108],[11.47825,50.43292],[11.34356,50.44493],[11.31712,50.46843],[11.27008,50.39397],[11.28468,50.36014],[11.26751,50.35433],[11.27747,50.33626],[11.26528,50.3379],[11.25189,50.29329],[11.26219,50.27486],[11.19816,50.29164],[11.18931,50.27072]],[[11.21292,49.72892],[11.19026,49.72293],[11.18065,49.73713],[11.19919,49.74623],[11.21292,49.72892]],[[11.19232,49.8911],[11.26167,49.89906],[11.27609,49.88711],[11.25961,49.87251],[11.30699,49.78525],[11.20949,49.78082],[11.19163,49.84463],[11.22871,49.84064],[11.23352,49.87428],[11.19232,49.8911]],[[11.41883,50.20157],[11.37772,50.22371],[11.38321,50.23732],[11.45127,50.24045],[11.45857,50.22568],[11.41883,50.20157]],[[10.79613,49.91984],[10.84488,49.9079],[10.80231,49.88534],[10.79613,49.91984]],[[10.87372,49.67252],[10.86685,49.68673],[10.90324,49.68229],[10.87372,49.67252]]],[[[11.56448,49.57354],[11.59607,49.6057],[11.5626,49.63495],[11.51676,49.62739],[11.51298,49.60782],[11.54011,49.60248],[11.56448,49.57354]]],[[[11.91948,49.60248],[11.94351,49.60893],[11.92497,49.63028],[11.90506,49.62584],[11.90437,49.66585],[11.85116,49.6914],[11.8388,49.67652],[11.82026,49.68807],[11.69872,49.65652],[11.74095,49.61961],[11.79314,49.61694],[11.82609,49.59558],[11.91948,49.60248]]],[[[11.54182,50.14919],[11.54526,50.12498],[11.57959,50.11618],[11.60706,50.14347],[11.64963,50.13775],[11.64345,50.10252],[11.62491,50.08843],[11.70113,50.07477],[11.71417,50.10252],[11.67641,50.14039],[11.70181,50.15095],[11.66061,50.16942],[11.68053,50.19449],[11.65512,50.20987],[11.66611,50.22744],[11.65375,50.25423],[11.69495,50.25774],[11.69289,50.27267],[11.72996,50.29855],[11.72241,50.30995],[11.59813,50.25862],[11.605,50.22481],[11.62628,50.20679],[11.57822,50.15271],[11.54182,50.14919]]],[[[11.015,49.41243],[11.05911,49.41354],[11.02993,49.42962],[11.01242,49.49422],[10.98942,49.49723],[10.9853,49.52031],[10.95097,49.50492],[10.95612,49.47772],[10.90221,49.45853],[10.92899,49.44514],[10.97534,49.45518],[11.015,49.41243]]],[[[10.39513,49.67252],[10.48782,49.71782],[10.39719,49.74756],[10.35873,49.71782],[10.38963,49.70317],[10.40131,49.71915],[10.40817,49.69251],[10.38071,49.68407],[10.39513,49.67252]]],[[[10.6594,50.04083],[10.53863,50.02362],[10.51666,49.99185],[10.51598,49.94813],[10.56267,49.95299],[10.6176,49.99053],[10.69038,49.97419],[10.6594,50.04083]]],[[[10.85179,50.25142],[10.82703,50.23776],[10.83715,50.22096],[10.82668,50.21426],[10.77141,50.2035],[10.7872,50.17734],[10.92146,50.21076],[10.93067,50.23308],[10.85179,50.25142]]]]}},{"type":"Feature","properties":{"NAME":"Prince-Bishopric of Basel","SUBJECTO":"Holy Roman Empire","PARTOF":"Holy Roman Empire","ADMIN_LEVEL":4,"OHM_RELATION_ID":2852254,"START_DATE":"1032","END_DATE":"1797-10-17"},"geometry":{"type":"MultiPolygon","coordinates":[[[[7.51949,47.6735],[7.539,47.64766],[7.56487,47.66624],[7.54883,47.68101],[7.51949,47.6735]]],[[[7.58039,47.73465],[7.63081,47.72408],[7.60465,47.77509],[7.57356,47.77555],[7.5509,47.74401],[7.58039,47.73465]]],[[[6.99587,47.44964],[6.94188,47.43391],[6.93841,47.40609],[6.91718,47.40537],[6.88245,47.36118],[7.01818,47.37262],[7.06237,47.34403],[7.04561,47.32648],[6.96713,47.32492],[7.00929,47.3203],[7.00979,47.29704],[6.92842,47.2808],[6.93023,47.25756],[6.95492,47.24265],[6.8424,47.17207],[6.88886,47.13112],[6.8692,47.08742],[7.02782,47.12715],[7.04078,47.12434],[7.02395,47.11266],[7.0885,47.08269],[7.08138,47.06574],[7.1097,47.06615],[7.1521,47.11383],[7.19982,47.13392],[7.24147,47.12756],[7.29424,47.16124],[7.3859,47.14805],[7.3411,47.19339],[7.34058,47.21718],[7.42195,47.24195],[7.41646,47.25314],[7.53181,47.2946],[7.57164,47.32626],[7.52426,47.37092],[7.43671,47.37883],[7.44358,47.40137],[7.51877,47.38766],[7.53044,47.41415],[7.57164,47.4174],[7.57473,47.43831],[7.61352,47.43552],[7.62657,47.46338],[7.60529,47.46988],[7.61353,47.52114],[7.59443,47.51932],[7.55466,47.56437],[7.50015,47.54015],[7.53048,47.52976],[7.52958,47.46175],[7.45551,47.44939],[7.43671,47.46037],[7.4209,47.44594],[7.4556,47.42826],[7.43792,47.41287],[7.37599,47.41415],[7.37964,47.42762],[7.33857,47.44116],[7.24542,47.42104],[7.23087,47.4394],[7.19579,47.43539],[7.17559,47.44295],[7.19496,47.48906],[7.12798,47.50393],[7.08137,47.48975],[7.03693,47.49751],[7.01129,47.48409],[6.99587,47.44964]]]]}},{"type":"Feature","properties":{"NAME":"Prince-Bishopric of Cammin","SUBJECTO":"Holy Roman Empire","PARTOF":"Holy Roman Empire","ADMIN_LEVEL":4,"OHM_RELATION_ID":2696470,"START_DATE":"1248","END_DATE":"1650"},"geometry":{"type":"MultiPolygon","coordinates":[[[[15.35511,54.2104],[15.43167,54.11034],[15.41622,54.07933],[15.43304,54.03883],[15.57793,53.99364],[15.50789,53.91283],[15.60084,53.86543],[15.68324,53.88003],[15.71204,53.86898],[15.76813,53.95447],[15.96863,54.07188],[16.06819,54.11054],[16.15647,54.04714],[16.12982,54.02834],[16.19548,54.00464],[16.15977,53.98905],[16.1699,53.98138],[16.2826,53.95755],[16.29135,53.98491],[16.3135,53.98905],[16.42739,53.96851],[16.56292,53.90353],[16.62051,53.90194],[16.63047,53.8705],[16.62025,53.86204],[16.66557,53.85303],[16.66214,53.83298],[16.71192,53.81332],[16.789,53.81008],[16.79063,53.84873],[16.82376,53.86842],[16.81792,53.89271],[16.77312,53.86817],[16.75286,53.8752],[16.72789,53.91111],[16.7605,53.90626],[16.77827,53.92739],[16.87843,53.95689],[16.86957,53.97795],[16.82243,53.99963],[16.7411,53.98433],[16.68952,54.02602],[16.64832,54.03341],[16.65377,54.05284],[16.63073,54.07999],[16.58635,54.09894],[16.54455,54.08288],[16.52013,54.11361],[16.52751,54.12251],[16.40396,54.14097],[16.26526,54.23514],[16.15445,54.35846],[16.0266,54.31085],[15.81305,54.28959],[15.47861,54.21888],[15.35511,54.2104]]]]}},{"type":"Feature","properties":{"NAME":"Prince-Bishopric of Eichstätt","SUBJECTO":"Holy Roman Empire","PARTOF":"Holy Roman Empire","ADMIN_LEVEL":4,"OHM_RELATION_ID":2830374,"START_DATE":"1305-10-19","END_DATE":"1803-04-27"},"geometry":{"type":"MultiPolygon","coordinates":[[[[10.99766,48.87014],[11.00847,48.86042],[10.99869,48.84088],[11.14065,48.84834],[11.14803,48.83015],[11.01414,48.82382],[11.03199,48.79533],[11.07765,48.79013],[11.12709,48.81365],[11.23249,48.77452],[11.32553,48.76026],[11.34819,48.77746],[11.32484,48.78696],[11.33102,48.81184],[11.40518,48.84936],[11.38733,48.89858],[11.49239,48.92069],[11.50097,48.93242],[11.4838,48.95926],[11.51745,48.95407],[11.51745,48.97165],[11.5947,49.01671],[11.53461,49.04304],[11.53427,49.09478],[11.48483,49.10782],[11.43436,49.1487],[11.32278,49.14331],[11.28845,49.09658],[11.30356,49.06757],[11.25206,49.04867],[11.21635,49.05587],[11.22253,49.03922],[11.18889,49.02932],[11.0907,49.02301],[11.06804,49.00184],[11.06804,48.97616],[11.08932,48.95362],[11.05499,48.9216],[11.07628,48.90467],[11.0368,48.89994],[10.99766,48.87014]]],[[[11.09276,49.03809],[11.13087,49.0534],[11.10855,49.07387],[11.07525,49.06397],[11.09276,49.03809]]],[[[11.07319,49.09905],[11.05019,49.1752],[10.97156,49.14938],[10.98461,49.18686],[10.91732,49.19135],[10.87887,49.21289],[10.84385,49.20055],[10.84179,49.1826],[10.87166,49.15971],[10.92659,49.15162],[10.96779,49.09298],[10.99628,49.09343],[11.0416,49.06194],[11.07319,49.09905]]],[[[10.93552,49.2084],[11.02993,49.23172],[10.99422,49.26512],[10.94753,49.24876],[10.93552,49.2084]]],[[[10.6897,49.13455],[10.66017,49.19696],[10.61005,49.17901],[10.64712,49.1642],[10.57983,49.15611],[10.58533,49.12737],[10.62172,49.12242],[10.63133,49.10265],[10.67184,49.11254],[10.6897,49.13455]]],[[[10.4274,49.22253],[10.46585,49.20594],[10.4995,49.21087],[10.49057,49.19247],[10.57846,49.17722],[10.56404,49.201],[10.58097,49.2457],[10.47534,49.2665],[10.48199,49.2744],[10.45363,49.28358],[10.43887,49.25804],[10.38948,49.26116],[10.34466,49.22664],[10.4274,49.22253]]],[[[10.74394,49.02841],[10.74188,49.05812],[10.69862,49.07072],[10.66704,49.05272],[10.6945,49.02796],[10.74394,49.02841]]]]}},{"type":"Feature","properties":{"NAME":"Prince-Bishopric of Freising","SUBJECTO":"Holy Roman Empire","PARTOF":"Holy Roman Empire","ADMIN_LEVEL":4,"OHM_RELATION_ID":2695963,"START_DATE":"1294","END_DATE":"1802-12-31"},"geometry":{"type":"MultiPolygon","coordinates":[[[[11.65182,48.15178],[11.66831,48.19577],[11.71198,48.20324],[11.75018,48.24125],[11.82114,48.40609],[11.75344,48.40447],[11.7861,48.41312],[11.74335,48.43271],[11.71108,48.42297],[11.73487,48.39865],[11.73556,48.37044],[11.70016,48.32083],[11.68044,48.24688],[11.60687,48.15764],[11.65182,48.15178]]],[[[10.91818,47.51778],[10.87114,47.49923],[10.8696,47.48369],[10.93826,47.48009],[10.92779,47.47185],[10.98341,47.43064],[10.96933,47.40044],[10.98324,47.39649],[11.11095,47.39579],[11.20674,47.43366],[11.24897,47.4325],[11.22339,47.3994],[11.27283,47.39788],[11.33806,47.45108],[11.42063,47.44516],[11.38493,47.47406],[11.41222,47.49586],[11.31866,47.55151],[11.13602,47.55243],[11.06838,47.54479],[10.97972,47.50839],[10.91818,47.51778]]],[[[11.33652,48.41097],[11.35986,48.38818],[11.39419,48.39274],[11.40278,48.40892],[11.37359,48.421],[11.33652,48.41097]]],[[[11.28433,48.33069],[11.32004,48.34073],[11.30768,48.36446],[11.2706,48.34256],[11.28433,48.33069]]],[[[11.56036,48.45471],[11.54251,48.43831],[11.56311,48.42191],[11.55212,48.39821],[11.56723,48.39456],[11.61255,48.43285],[11.56036,48.45471]]],[[[12.02866,48.17791],[12.09354,48.18509],[12.09114,48.22147],[12.02453,48.19722],[12.02866,48.17791]]],[[[13.99453,46.20735],[13.97417,46.1771],[13.99158,46.16317],[14.0338,46.17189],[14.07334,46.1559],[14.01847,46.1285],[14.00496,46.08534],[14.02974,46.07003],[14.0498,46.01079],[14.11503,45.97812],[14.14112,45.99326],[14.23485,45.99744],[14.26918,46.01842],[14.35089,46.14606],[14.31107,46.18126],[14.33235,46.24896],[14.26849,46.27484],[14.2527,46.30425],[14.19157,46.33192],[14.11056,46.26107],[14.05907,46.25965],[13.99453,46.20735]]]]}},{"type":"Feature","properties":{"NAME":"Prince-Bishopric of Lübeck","SUBJECTO":"Holy Roman Empire","PARTOF":"Holy Roman Empire","ADMIN_LEVEL":4,"OHM_RELATION_ID":2835925,"START_DATE":"1180","END_DATE":"1803-04-27"},"geometry":{"type":"MultiPolygon","coordinates":[[[[10.55097,53.93847],[10.5425,53.92618],[10.57636,53.921],[10.57056,53.90639],[10.63202,53.91728],[10.66335,53.89781],[10.80756,53.93201],[10.85057,53.98595],[10.84032,54.03781],[10.75544,54.0542],[10.75759,54.03971],[10.69137,54.02592],[10.70446,54.01301],[10.66601,54.00817],[10.63434,54.02692],[10.62326,54.00898],[10.66978,53.97128],[10.66197,53.96285],[10.6291,53.96856],[10.6285,53.94361],[10.64137,53.94391],[10.60129,53.9238],[10.57966,53.92709],[10.55649,53.96538],[10.53522,53.955],[10.55097,53.93847]]],[[[10.59832,54.07046],[10.59451,54.10234],[10.67747,54.09028],[10.76055,54.10835],[10.74536,54.12287],[10.69734,54.12143],[10.69257,54.1456],[10.65691,54.16836],[10.6736,54.18868],[10.66635,54.20944],[10.57331,54.23554],[10.54031,54.22799],[10.54915,54.21998],[10.52834,54.18833],[10.48692,54.17839],[10.4907,54.15829],[10.53984,54.12855],[10.53237,54.11965],[10.49529,54.12332],[10.4734,54.10672],[10.42242,54.11577],[10.41839,54.08391],[10.45851,54.06072],[10.59832,54.07046]]]]}},{"type":"Feature","properties":{"NAME":"Prince-Bishopric of Minden","SUBJECTO":"Holy Roman Empire","PARTOF":"Holy Roman Empire","ADMIN_LEVEL":4,"OHM_RELATION_ID":2748416,"START_DATE":"1277","END_DATE":"1648-10-24"},"geometry":{"type":"MultiPolygon","coordinates":[[[[8.69817,52.48699],[8.68299,52.51883],[8.65225,52.53147],[8.41503,52.4456],[8.30069,52.45708],[8.32317,52.40074],[8.50303,52.35438],[8.50777,52.33318],[8.56152,52.29162],[8.55985,52.21934],[8.64544,52.19286],[8.68407,52.14056],[8.7133,52.16087],[8.74281,52.14975],[8.7617,52.15998],[8.79822,52.20881],[8.82723,52.22044],[8.84819,52.21378],[8.87485,52.16597],[8.93239,52.18569],[8.98815,52.18147],[8.99147,52.19648],[9.03883,52.18383],[9.03632,52.21986],[9.07183,52.22825],[9.06561,52.23618],[8.97858,52.26164],[8.96381,52.27887],[8.98808,52.2873],[8.99802,52.31842],[9.03128,52.34512],[9.05617,52.34001],[9.08604,52.35778],[9.1253,52.41203],[9.09471,52.44314],[9.1383,52.47544],[9.05007,52.49653],[8.93528,52.40451],[8.7467,52.38783],[8.70821,52.39941],[8.71701,52.42511],[8.69817,52.48699]]]]}},{"type":"Feature","properties":{"NAME":"Prince-Bishopric of Paderborn","SUBJECTO":"Holy Roman Empire","PARTOF":"Holy Roman Empire","ADMIN_LEVEL":4,"OHM_RELATION_ID":2806963,"START_DATE":"1281","END_DATE":"1803-04-27"},"geometry":{"type":"MultiPolygon","coordinates":[[[[8.89427,51.48333],[9.0178,51.51777],[9.09249,51.49444],[9.07981,51.46838],[9.09431,51.4446],[9.15494,51.44258],[9.17712,51.46409],[9.21333,51.46157],[9.22888,51.4896],[9.30276,51.512],[9.31767,51.5503],[9.37037,51.59119],[9.34025,51.60922],[9.35226,51.61874],[9.44543,51.64391],[9.37447,51.64986],[9.39412,51.67203],[9.37761,51.68839],[9.26293,51.67149],[9.24877,51.68198],[9.28645,51.73527],[9.25289,51.76768],[9.30205,51.84969],[9.2736,51.86489],[9.2092,51.85265],[9.13402,51.8727],[9.12365,51.90944],[9.05771,51.87387],[9.01154,51.87713],[9.01662,51.86538],[8.99188,51.84241],[8.9383,51.83667],[8.93152,51.80884],[8.79061,51.798],[8.71937,51.89238],[8.61487,51.93031],[8.64161,51.88439],[8.6283,51.86239],[8.53397,51.83153],[8.51715,51.80628],[8.41587,51.75934],[8.39278,51.69469],[8.42422,51.66796],[8.47457,51.68749],[8.55234,51.66979],[8.57878,51.63709],[8.58685,51.61652],[8.47527,51.57334],[8.47733,51.54826],[8.50479,51.53288],[8.52024,51.49058],[8.5479,51.46764],[8.65379,51.48138],[8.77397,51.45106],[8.84871,51.46937],[8.85854,51.48844],[8.89427,51.48333]],[[8.96419,51.7841],[8.95214,51.80806],[9.00965,51.79731],[8.96419,51.7841]]],[[[9.21101,51.9602],[9.18951,51.95467],[9.19466,51.91905],[9.21641,51.91081],[9.2689,51.93127],[9.27898,51.94008],[9.26319,51.94625],[9.28435,51.95625],[9.26255,51.97624],[9.21101,51.9602]]]]}},{"type":"Feature","properties":{"NAME":"Prince-Bishopric of Passau","SUBJECTO":"Holy Roman Empire","PARTOF":"Holy Roman Empire","ADMIN_LEVEL":4,"OHM_RELATION_ID":2809505,"START_DATE":"999","END_DATE":"1803-04-27"},"geometry":{"type":"MultiPolygon","coordinates":[[[[13.23441,48.67147],[13.26599,48.64403],[13.26668,48.60811],[13.44967,48.57576],[13.40075,48.56741],[13.38959,48.54161],[13.36246,48.5307],[13.36178,48.48817],[13.38667,48.47349],[13.44745,48.49436],[13.45722,48.51149],[13.43645,48.55264],[13.44996,48.56393],[13.47542,48.55616],[13.5109,48.59109],[13.57262,48.56051],[13.59129,48.56857],[13.64875,48.55066],[13.65734,48.54429],[13.6385,48.54389],[13.63678,48.52843],[13.69553,48.47218],[13.74355,48.52822],[13.7549,48.5643],[13.80209,48.57445],[13.82441,48.61839],[13.81351,48.68342],[13.83342,48.69187],[13.80121,48.70991],[13.83955,48.77162],[13.8085,48.77853],[13.81524,48.79709],[13.7646,48.83443],[13.73151,48.88674],[13.67143,48.88014],[13.58687,48.96615],[13.51154,48.96896],[13.507,48.92318],[13.52245,48.87939],[13.50735,48.86268],[13.45345,48.85636],[13.47027,48.84303],[13.44692,48.83128],[13.44933,48.79035],[13.42461,48.75562],[13.45327,48.69368],[13.38135,48.67033],[13.36727,48.68824],[13.34187,48.67577],[13.27148,48.69436],[13.23441,48.67147]],[[13.43697,48.63688],[13.53584,48.63019],[13.53207,48.60601],[13.48314,48.60023],[13.49061,48.57417],[13.43697,48.63688]]],[[[13.28796,48.33845],[13.31989,48.31859],[13.37628,48.35732],[13.35714,48.36885],[13.28796,48.33845]]]]}},{"type":"Feature","properties":{"NAME":"Prince-Bishopric of Regensburg","SUBJECTO":"Holy Roman Empire","PARTOF":"Holy Roman Empire","ADMIN_LEVEL":4,"OHM_RELATION_ID":2809511,"START_DATE":"1250","END_DATE":"1803-04-27"},"geometry":{"type":"MultiPolygon","coordinates":[[[[12.35825,49.11433],[12.31911,49.12467],[12.2755,49.0959],[12.22298,49.08713],[12.15637,49.04912],[12.15217,49.02051],[12.18401,49.0077],[12.21851,49.0292],[12.26744,49.01074],[12.32031,49.01423],[12.34486,48.99734],[12.32786,48.98517],[12.33507,48.97616],[12.41781,48.97751],[12.43996,49.0077],[12.42279,49.03202],[12.45506,49.04912],[12.4585,49.07207],[12.37678,49.06307],[12.32529,49.08196],[12.35825,49.11433]]]]}},{"type":"Feature","properties":{"NAME":"Prince-Bishopric of Utrecht","SUBJECTO":"Holy Roman Empire","PARTOF":"Holy Roman Empire","ADMIN_LEVEL":4,"OHM_RELATION_ID":2831619,"START_DATE":"1347","END_DATE":"1528-10-20"},"geometry":{"type":"MultiPolygon","coordinates":[[[[5.85983,52.63973],[5.77881,52.58636],[5.774,52.52249],[5.8921,52.51831],[5.94086,52.46982],[6.03493,52.51079],[6.10153,52.47149],[6.10222,52.44764],[6.129,52.42713],[6.11938,52.37853],[6.07819,52.36847],[6.10084,52.34709],[6.0926,52.31478],[6.16196,52.23306],[6.31302,52.23116],[6.39267,52.25324],[6.48571,52.17751],[6.61034,52.18256],[6.66183,52.16635],[6.67488,52.14086],[6.66115,52.12959],[6.71814,52.11821],[6.85547,52.12046],[6.90955,52.17645],[6.94951,52.1805],[6.98886,52.2263],[7.06128,52.23471],[7.02604,52.28347],[7.07228,52.37169],[6.98762,52.46977],[6.94231,52.43556],[6.75273,52.46411],[6.69758,52.4863],[6.70107,52.52664],[6.68088,52.55332],[6.85616,52.54463],[6.89461,52.56195],[6.95327,52.63887],[7.04179,52.63269],[7.05572,52.64342],[7.0873,52.84996],[7.05872,52.86416],[7.03537,52.92174],[6.76964,53.10062],[6.75934,53.14883],[6.59454,53.25618],[6.54922,53.25125],[6.53206,53.2122],[6.48056,53.2085],[6.41601,53.1797],[6.381,53.14965],[6.36246,53.09567],[6.30478,53.08165],[6.35765,53.06556],[6.36383,53.02635],[6.43387,52.97594],[6.41258,52.94491],[6.33774,52.90766],[6.29173,52.93002],[6.24985,52.92422],[6.11732,52.8513],[6.1805,52.80359],[6.21483,52.7982],[6.21277,52.77245],[6.1338,52.73421],[6.15234,52.68845],[6.06445,52.6464],[5.85983,52.63973]]],[[[5.4245,52.32107],[5.36407,52.3496],[5.26176,52.28244],[5.19928,52.17688],[5.04684,52.16551],[5.03517,52.18235],[5.0441,52.20424],[5.14709,52.20761],[5.13611,52.26143],[5.01594,52.30344],[4.93286,52.2774],[4.90745,52.25051],[4.80549,52.28076],[4.77253,52.25303],[4.71897,52.24336],[4.72721,52.21013],[4.80137,52.23663],[4.84188,52.21055],[4.82265,52.1933],[4.88102,52.1674],[4.87244,52.13876],[4.82712,52.14402],[4.79107,52.124],[4.82368,52.10798],[4.91466,52.12485],[4.93904,52.09048],[4.79931,52.05545],[4.80789,52.03349],[4.94625,52.06431],[4.95621,52.0508],[4.92874,52.02947],[4.76601,52.00074],[4.79279,51.97685],[4.92016,51.99376],[5.04822,52.03792],[5.1289,51.99408],[5.13851,51.94405],[5.18829,51.94151],[5.23498,51.98065],[5.32391,51.95506],[5.44064,51.9834],[5.60062,51.94554],[5.61676,51.97896],[5.61195,52.0225],[5.56251,52.04616],[5.54741,52.10608],[5.50758,52.07529],[5.47668,52.08457],[5.50758,52.15203],[5.39978,52.22191],[5.4245,52.32107]]]]}},{"type":"Feature","properties":{"NAME":"Prince-Bishopric of Verden","SUBJECTO":"Holy Roman Empire","PARTOF":"Holy Roman Empire","ADMIN_LEVEL":4,"OHM_RELATION_ID":2835911,"START_DATE":"1180","END_DATE":"1648-10-24"},"geometry":{"type":"MultiPolygon","coordinates":[[[[9.29332,52.8175],[9.37258,52.82472],[9.42266,52.90373],[9.50755,52.9466],[9.64574,52.96224],[9.78607,53.0217],[9.85971,53.02196],[9.9258,53.09949],[9.89113,53.14142],[9.83122,53.17502],[9.61561,53.23707],[9.56466,53.33577],[9.5837,53.35817],[9.44962,53.31549],[9.36104,53.32042],[9.34679,53.30826],[9.36464,53.27065],[9.33512,53.23789],[9.36537,53.19999],[9.34113,53.13565],[9.22302,53.07856],[9.18406,52.98493],[9.18972,52.93747],[9.16912,52.93229],[9.18869,52.92112],[9.16603,52.91284],[9.17496,52.88716],[9.21204,52.87452],[9.18148,52.86395],[9.22062,52.85068],[9.19281,52.81563],[9.29332,52.8175]]]]}},{"type":"Feature","properties":{"NAME":"Prince-Bishopric of Worms","SUBJECTO":"Holy Roman Empire","PARTOF":"Holy Roman Empire","ADMIN_LEVEL":4,"OHM_RELATION_ID":2830736,"START_DATE":"0861","END_DATE":"1797-10-10"},"geometry":{"type":"MultiPolygon","coordinates":[[[[8.08044,49.54526],[8.04199,49.52298],[8.0801,49.53301],[8.08525,49.51295],[8.15357,49.54058],[8.12576,49.55729],[8.1007,49.53657],[8.08044,49.54526]]],[[[8.42334,49.54107],[8.42363,49.58062],[8.44593,49.59037],[8.49502,49.57312],[8.5942,49.59281],[8.56187,49.60359],[8.57277,49.63362],[8.48694,49.6136],[8.41827,49.62761],[8.27751,49.61583],[8.29039,49.59091],[8.33798,49.60117],[8.31116,49.55528],[8.42334,49.54107]]],[[[8.23287,49.5879],[8.21194,49.58735],[8.21983,49.54638],[8.27494,49.53925],[8.28087,49.58671],[8.23287,49.5879]]]]}},{"type":"Feature","properties":{"NAME":"Prince-Bishopric of Würzburg","SUBJECTO":"Holy Roman Empire","PARTOF":"Holy Roman Empire","ADMIN_LEVEL":4,"OHM_RELATION_ID":2830508,"START_DATE":"1168","END_DATE":"1803-04-27"},"geometry":{"type":"MultiPolygon","coordinates":[[[[9.24757,49.59458],[9.27538,49.56778],[9.3092,49.53301],[9.33769,49.54192],[9.29272,49.61538],[9.33117,49.6096],[9.35065,49.63351],[9.29426,49.65518],[9.26147,49.64562],[9.24757,49.59458]]],[[[9.37958,49.6017],[9.40395,49.58712],[9.42163,49.58979],[9.43863,49.56085],[9.49116,49.57866],[9.5335,49.56709],[9.56669,49.60359],[9.52412,49.62116],[9.50901,49.65074],[9.43554,49.66407],[9.37958,49.6017]]],[[[9.44687,49.90304],[9.49734,49.86078],[9.50832,49.8838],[9.5351,49.86211],[9.57767,49.86942],[9.62952,49.84994],[9.65286,49.83001],[9.57664,49.82137],[9.58248,49.81074],[9.6175,49.80498],[9.61441,49.79013],[9.6611,49.76009],[9.69749,49.7745],[9.72462,49.76208],[9.7102,49.74611],[9.6611,49.7521],[9.64136,49.69884],[9.61681,49.69007],[9.65835,49.62139],[9.60411,49.59647],[9.59244,49.57466],[9.56497,49.57599],[9.56978,49.54482],[9.72565,49.53724],[9.75174,49.54704],[9.73114,49.56352],[9.7744,49.5889],[9.81766,49.57777],[9.80186,49.56352],[9.81177,49.5557],[9.85324,49.54577],[9.87652,49.5786],[9.90752,49.58493],[9.89919,49.56618],[9.91909,49.5625],[9.9254,49.5332],[9.91445,49.49558],[9.95979,49.47247],[9.9107,49.46656],[9.90108,49.43822],[9.9622,49.43554],[9.89456,49.41633],[9.86366,49.39265],[9.87053,49.37276],[9.88838,49.38662],[9.92366,49.37326],[9.96941,49.39668],[10.03807,49.40159],[9.98623,49.43063],[9.99275,49.44648],[9.97209,49.48069],[10.02176,49.48878],[10.06448,49.54552],[10.09239,49.53397],[10.18285,49.54368],[10.1651,49.56887],[10.17403,49.58245],[10.07172,49.58779],[10.08751,49.62539],[10.0676,49.62406],[10.06142,49.64674],[10.09712,49.65518],[10.15892,49.72315],[10.23926,49.71383],[10.23445,49.69517],[10.18707,49.67918],[10.18364,49.65207],[10.22827,49.65074],[10.22621,49.66496],[10.3038,49.69384],[10.37384,49.70361],[10.31685,49.73336],[10.28389,49.79767],[10.35599,49.82381],[10.37041,49.81584],[10.35667,49.79235],[10.40749,49.78038],[10.46173,49.87517],[10.48988,49.86809],[10.52971,49.88269],[10.52833,49.89729],[10.6176,49.93178],[10.60318,49.94062],[10.67734,49.93973],[10.75905,49.96006],[10.76935,49.97242],[10.70824,50.03509],[10.88333,50.03774],[10.87646,50.06155],[10.8284,50.07653],[10.82445,50.09647],[10.92264,50.15398],[10.85827,50.20503],[10.7872,50.17734],[10.77141,50.2035],[10.83715,50.22096],[10.80128,50.2516],[10.76866,50.24128],[10.73296,50.25105],[10.72351,50.20459],[10.65966,50.23107],[10.61245,50.22404],[10.60369,50.2719],[10.59151,50.26981],[10.60095,50.33396],[10.55117,50.34415],[10.54344,50.36386],[10.49177,50.35543],[10.48885,50.37503],[10.45898,50.38214],[10.4492,50.40316],[10.40028,50.3955],[10.38448,50.406],[10.40388,50.42493],[10.37161,50.43225],[10.38191,50.4387],[10.33556,50.46625],[10.33058,50.49356],[10.26857,50.47652],[10.23196,50.41989],[10.17673,50.44499],[10.11613,50.44873],[10.0809,50.48186],[10.11169,50.48087],[10.1214,50.50155],[10.14389,50.50322],[10.16528,50.47523],[10.20375,50.46758],[10.20012,50.50011],[10.23033,50.51103],[10.23136,50.53154],[10.19377,50.55489],[10.13844,50.55504],[10.15014,50.54893],[10.13909,50.54301],[10.12865,50.55507],[10.09982,50.55515],[10.04123,50.51648],[10.05412,50.55175],[10.04721,50.59452],[10.0264,50.6181],[9.99696,50.61949],[9.98228,50.60274],[10.01507,50.53776],[10.01352,50.50721],[9.97713,50.53285],[9.94606,50.5012],[9.9931,50.4516],[9.88392,50.39911],[9.87637,50.36912],[9.85268,50.35729],[9.88289,50.331],[9.92889,50.3299],[9.90108,50.31127],[9.91619,50.27552],[9.89765,50.26389],[9.92718,50.23908],[9.91207,50.23227],[9.91962,50.2136],[9.96803,50.20086],[9.95636,50.16502],[9.98383,50.14083],[9.94537,50.12718],[9.93095,50.09283],[9.94125,50.08799],[9.90074,50.05626],[9.90967,50.04347],[9.86778,50.04524],[9.85611,50.08623],[9.75174,50.10252],[9.73114,50.09261],[9.69475,50.12652],[9.68788,50.11419],[9.5945,50.11926],[9.60274,50.06904],[9.67861,50.07785],[9.68342,50.05482],[9.64256,50.05593],[9.65424,50.0352],[9.58527,49.99855],[9.59995,49.95409],[9.50197,49.95299],[9.44687,49.90304]],[[9.64668,49.92028],[9.66608,49.92879],[9.72015,49.93045],[9.73526,49.91365],[9.68651,49.90005],[9.73921,49.88844],[9.74367,49.86045],[9.70882,49.85846],[9.6599,49.88651],[9.66574,49.89983],[9.64668,49.92028]],[[9.67597,49.69326],[9.677,49.71636],[9.69951,49.71724],[9.72393,49.74412],[9.75534,49.75],[9.7916,49.73093],[9.73226,49.68832],[9.67597,49.69326]],[[9.67621,49.80564],[9.71844,49.81938],[9.73045,49.78947],[9.7023,49.77838],[9.67621,49.80564]],[[9.7641,50.07433],[9.79912,50.07565],[9.79294,50.05405],[9.76616,50.06067],[9.7641,50.07433]],[[9.83826,49.91763],[9.8568,49.96889],[9.89044,49.96491],[9.89044,49.92603],[9.83826,49.91763]],[[9.90005,49.67118],[9.90555,49.68451],[9.92958,49.68496],[9.94949,49.7085],[10.02434,49.69651],[10.03052,49.67563],[9.96323,49.68585],[9.95087,49.67518],[9.96323,49.65829],[9.95293,49.62317],[9.92821,49.62317],[9.91585,49.64718],[9.93233,49.66718],[9.90005,49.67118]],[[10.0415,49.71915],[10.11291,49.7338],[10.06142,49.70272],[10.0415,49.71915]],[[10.12871,49.90127],[10.17197,49.90392],[10.18707,49.8734],[10.14107,49.86897],[10.12871,49.90127]],[[10.16575,50.03044],[10.20081,50.07023],[10.2275,50.07392],[10.23685,50.12212],[10.26157,50.14017],[10.32337,50.13995],[10.26896,50.13202],[10.29453,50.11221],[10.25718,50.08596],[10.26912,50.05843],[10.23469,50.01379],[10.16575,50.03044]],[[10.27222,49.85304],[10.299,49.85791],[10.31273,49.84463],[10.29007,49.83223],[10.27496,49.834],[10.27222,49.85304]],[[10.27359,49.88534],[10.29213,49.91984],[10.31273,49.88446],[10.27359,49.88534]],[[10.4361,50.1718],[10.45008,50.19629],[10.46789,50.17685],[10.4361,50.1718]],[[10.51598,49.94813],[10.51666,49.99185],[10.53863,50.02362],[10.62157,50.0391],[10.57385,50.05095],[10.52064,50.08992],[10.59454,50.09676],[10.65478,50.05621],[10.66281,50.07377],[10.68341,50.07049],[10.68392,50.05386],[10.6594,50.04083],[10.69038,49.97419],[10.6176,49.99053],[10.56267,49.95299],[10.51598,49.94813]]],[[[9.52721,50.18965],[9.52858,50.16788],[9.68307,50.17602],[9.70024,50.20284],[9.66694,50.23974],[9.60411,50.22217],[9.57561,50.23227],[9.5636,50.19624],[9.52721,50.18965]]],[[[9.68685,49.31729],[9.79809,49.3334],[9.84066,49.31416],[9.86435,49.32646],[9.8386,49.34392],[9.8489,49.34928],[9.83036,49.37321],[9.84032,49.3788],[9.78012,49.38321],[9.75178,49.36169],[9.76067,49.34302],[9.73835,49.35286],[9.73801,49.3381],[9.71054,49.33966],[9.71947,49.32445],[9.68685,49.31729]]],[[[9.75414,49.21109],[9.78916,49.18978],[9.78744,49.20616],[9.75414,49.21109]]],[[[10.34706,49.66985],[10.38277,49.61382],[10.39719,49.60671],[10.45761,49.63251],[10.44096,49.66185],[10.38071,49.68407],[10.34706,49.66985]]],[[[10.56335,49.76042],[10.64987,49.73779],[10.65124,49.79722],[10.60524,49.80697],[10.59425,49.78836],[10.60867,49.77417],[10.56747,49.77417],[10.56335,49.76042]]]]}},{"type":"Feature","properties":{"NAME":"Princely Abbey of Fulda","SUBJECTO":"Holy Roman Empire","PARTOF":"Holy Roman Empire","ADMIN_LEVEL":4,"OHM_RELATION_ID":2809681,"START_DATE":"1221","END_DATE":"1752-10-05"},"geometry":{"type":"MultiPolygon","coordinates":[[[[9.74831,50.42033],[9.76024,50.40173],[9.73749,50.35929],[9.74659,50.31368],[9.72771,50.2946],[9.73526,50.2731],[9.76891,50.26213],[9.77234,50.23711],[9.8053,50.22305],[9.8101,50.18921],[9.795,50.16722],[9.8259,50.15667],[9.88769,50.18657],[9.89799,50.1791],[9.91104,50.15227],[9.87945,50.11001],[9.85542,50.10208],[9.85199,50.07609],[9.86092,50.05229],[9.90967,50.04347],[9.90074,50.05626],[9.94125,50.08799],[9.93095,50.09283],[9.94537,50.12718],[9.98383,50.14083],[9.95636,50.16502],[9.96803,50.20086],[9.91722,50.20415],[9.91207,50.23227],[9.92718,50.23908],[9.89765,50.26389],[9.91619,50.27552],[9.90108,50.31127],[9.93233,50.3242],[9.85577,50.34853],[9.88392,50.39911],[9.92392,50.41257],[9.87122,50.43149],[9.86401,50.44942],[9.95739,50.4846],[9.94606,50.5012],[9.96374,50.52991],[10.01352,50.50721],[10.01816,50.52063],[9.98726,50.58204],[9.90177,50.55598],[9.90761,50.54158],[9.92855,50.54289],[9.92443,50.51779],[9.86369,50.53881],[9.86078,50.57255],[9.91756,50.56857],[9.89821,50.59156],[9.9168,50.60524],[9.916,50.58495],[9.95524,50.58852],[9.95825,50.66674],[10.05064,50.67366],[10.07684,50.63838],[10.14416,50.64293],[10.16785,50.66317],[10.1421,50.67732],[10.15961,50.70059],[10.12673,50.71374],[10.14504,50.73589],[10.09721,50.7402],[10.07925,50.70842],[10.0458,50.73208],[10.04262,50.75641],[9.96318,50.78124],[9.92653,50.76792],[9.8707,50.79639],[9.80736,50.7962],[9.81045,50.77794],[9.77697,50.75199],[9.74436,50.77805],[9.74904,50.80436],[9.71719,50.81697],[9.6787,50.79401],[9.66975,50.76544],[9.60617,50.75907],[9.6124,50.70707],[9.64147,50.68038],[9.62129,50.64489],[9.6334,50.62198],[9.58384,50.60901],[9.47495,50.66323],[9.47318,50.63424],[9.4966,50.61574],[9.48039,50.57802],[9.49525,50.56364],[9.4682,50.55075],[9.43239,50.49129],[9.43713,50.47505],[9.45779,50.47658],[9.4227,50.45328],[9.43021,50.4455],[9.47294,50.44394],[9.49473,50.41115],[9.55069,50.38358],[9.61305,50.39392],[9.67111,50.37228],[9.6813,50.37416],[9.65573,50.40403],[9.66729,50.4212],[9.74831,50.42033]],[[9.72041,50.7452],[9.68187,50.74808],[9.69958,50.7698],[9.7223,50.76353],[9.72041,50.7452]]],[[[9.38574,50.34569],[9.46695,50.35576],[9.44841,50.38428],[9.46352,50.3979],[9.43804,50.4098],[9.36709,50.39503],[9.38574,50.34569]]],[[[9.33658,50.27524],[9.351,50.24259],[9.38198,50.23908],[9.39743,50.26241],[9.37606,50.27064],[9.44893,50.28396],[9.39683,50.31511],[9.35256,50.31892],[9.33559,50.30543],[9.33658,50.27524]]],[[[9.60943,50.32589],[9.63623,50.32566],[9.64681,50.34485],[9.61421,50.36042],[9.53243,50.34712],[9.57681,50.32627],[9.56375,50.30369],[9.6099,50.30058],[9.60943,50.32589]]],[[[9.34722,50.54022],[9.37589,50.56628],[9.36542,50.58133],[9.3189,50.57457],[9.30413,50.55014],[9.34722,50.54022]]]]}},{"type":"Feature","properties":{"NAME":"Princely Abbey of Kempten","SUBJECTO":"Holy Roman Empire","PARTOF":"Holy Roman Empire","ADMIN_LEVEL":4,"OHM_RELATION_ID":2830575,"START_DATE":"1289","END_DATE":"1662"},"geometry":{"type":"MultiPolygon","coordinates":[[[[10.11715,47.75253],[10.12033,47.71458],[10.1742,47.69243],[10.242,47.61612],[10.27203,47.60614],[10.45658,47.69081],[10.4989,47.68793],[10.48714,47.67117],[10.51598,47.67071],[10.51666,47.71276],[10.53555,47.71831],[10.52816,47.74833],[10.60009,47.76979],[10.61279,47.83574],[10.5637,47.84911],[10.57331,47.86777],[10.53692,47.89333],[10.50087,47.90392],[10.48267,47.88527],[10.49057,47.90783],[10.47169,47.91266],[10.49126,47.93176],[10.47752,47.9428],[10.48714,47.96763],[10.43186,47.95246],[10.41916,47.88136],[10.36217,47.8878],[10.36285,47.86869],[10.30483,47.86523],[10.26535,47.9],[10.26329,47.94993],[10.23891,47.95705],[10.21797,47.94073],[10.2372,47.90852],[10.19016,47.87076],[10.13969,47.85832],[10.10416,47.87214],[10.09279,47.846],[10.13489,47.81331],[10.07149,47.78892],[10.11715,47.75253]],[[10.28835,47.70722],[10.27874,47.73193],[10.33676,47.76171],[10.33779,47.71946],[10.31582,47.69659],[10.28835,47.70722]]]]}},{"type":"Feature","properties":{"NAME":"Princely Abbey of Stavelot-Malmedy","SUBJECTO":"Holy Roman Empire","PARTOF":"Holy Roman Empire","ADMIN_LEVEL":4,"OHM_RELATION_ID":2810078,"START_DATE":"1376","END_DATE":"1797-10-17"},"geometry":{"type":"MultiPolygon","coordinates":[[[[5.31262,50.44791],[5.32533,50.43166],[5.33275,50.45062],[5.32189,50.45444],[5.31262,50.44791]]],[[[5.34983,50.63433],[5.39206,50.61102],[5.40236,50.62878],[5.37437,50.64587],[5.34983,50.63433]]],[[[5.36279,50.42175],[5.37111,50.40841],[5.40377,50.42702],[5.36279,50.42175]]],[[[5.38055,50.39216],[5.40124,50.38674],[5.45252,50.4171],[5.40407,50.427],[5.38055,50.39216]]],[[[5.40776,50.62992],[5.43025,50.59038],[5.44364,50.61674],[5.40776,50.62992]]],[[[5.48183,50.48722],[5.48741,50.46664],[5.53584,50.44791],[5.51123,50.42235],[5.54432,50.39299],[5.55724,50.41459],[5.60599,50.42753],[5.62373,50.415],[5.58981,50.40201],[5.64242,50.36791],[5.7231,50.37393],[5.71684,50.35028],[5.68929,50.34064],[5.72371,50.30228],[5.734,50.31237],[5.75203,50.3002],[5.71495,50.26663],[5.66199,50.28024],[5.63204,50.26564],[5.70997,50.2303],[5.71984,50.26076],[5.79597,50.26466],[5.82859,50.2382],[5.80009,50.22645],[5.81039,50.22415],[5.91099,50.24534],[5.86498,50.28235],[5.82481,50.27478],[5.81851,50.30836],[5.85983,50.34508],[6.0042,50.33078],[6.03424,50.37043],[6.12436,50.37853],[6.15844,50.42706],[6.15234,50.46078],[6.09655,50.5131],[6.05866,50.52161],[5.83644,50.43796],[5.74377,50.44478],[5.70735,50.43214],[5.69598,50.40124],[5.6259,50.4589],[5.64083,50.49504],[5.63084,50.48923],[5.59135,50.51103],[5.52994,50.50327],[5.52506,50.49336],[5.52503,50.49345],[5.48183,50.48722]]],[[[5.64203,50.49574],[5.65281,50.48493],[5.66253,50.49544],[5.6515,50.50125],[5.64203,50.49574]]],[[[5.67581,50.5274],[5.70375,50.49724],[5.75941,50.49093],[5.75169,50.54071],[5.77351,50.56265],[5.76578,50.57303],[5.74126,50.57381],[5.7162,50.54327],[5.67581,50.5274]]]]}},{"type":"Feature","properties":{"NAME":"Principality of Ansbach","SUBJECTO":"Holy Roman Empire","PARTOF":"Holy Roman Empire","ADMIN_LEVEL":4,"OHM_RELATION_ID":2830446,"START_DATE":"1398-01-21","END_DATE":"1741-07-25"},"geometry":{"type":"MultiPolygon","coordinates":[[[[10.8552,49.52549],[10.86136,49.50069],[10.79407,49.49489],[10.77484,49.51763],[10.73364,49.48775],[10.74737,49.45607],[10.72884,49.45474],[10.75424,49.43286],[10.74188,49.40472],[10.76179,49.38371],[10.58739,49.41231],[10.58533,49.39221],[10.47752,49.39712],[10.36217,49.36494],[10.28801,49.40651],[10.25711,49.40271],[10.27119,49.3381],[10.30689,49.32423],[10.29762,49.31125],[10.33041,49.30476],[10.33092,49.29244],[10.29453,49.26422],[10.30226,49.25615],[10.25316,49.2324],[10.18244,49.22623],[10.08528,49.2566],[10.05901,49.24741],[10.03653,49.25895],[10.04047,49.29647],[10.05987,49.29412],[10.06004,49.31058],[9.92237,49.32546],[9.93825,49.28684],[9.99018,49.26086],[9.87499,49.25604],[9.87585,49.24035],[9.96563,49.23251],[9.98846,49.24551],[10.01919,49.22881],[10.03069,49.20582],[10.01078,49.19287],[10.02073,49.18294],[9.98863,49.18844],[9.95687,49.16925],[9.97335,49.15791],[9.94554,49.13905],[9.94606,49.12287],[10.01919,49.09568],[10.01404,49.07758],[10.04974,49.07656],[10.09712,49.10197],[10.11103,49.07409],[10.16098,49.06588],[10.15686,49.07533],[10.196,49.07983],[10.22501,49.10377],[10.25454,49.10332],[10.24166,49.07656],[10.26157,49.08556],[10.2935,49.06622],[10.31342,49.09006],[10.36491,49.07522],[10.33779,49.0597],[10.41229,49.01986],[10.53434,49.01344],[10.55099,49.03325],[10.58344,49.03224],[10.60593,49.00939],[10.58739,48.99824],[10.59082,48.9685],[10.61279,48.96985],[10.67081,48.90738],[10.70892,48.8961],[10.74463,48.91889],[10.79613,48.91573],[10.80643,48.93964],[10.90942,48.9446],[10.8799,48.99779],[10.91629,49.01243],[10.90496,49.02504],[10.95818,49.04034],[10.93037,49.05587],[10.93689,49.07477],[11.01311,49.05902],[10.98633,49.02819],[11.0907,49.02301],[11.16784,49.03099],[11.17001,49.0489],[11.1906,49.05115],[11.20641,49.03447],[11.22253,49.03922],[11.21635,49.05587],[11.25206,49.04867],[11.30356,49.06757],[11.22219,49.1496],[11.18889,49.10782],[11.20708,49.08444],[11.09894,49.07904],[11.07319,49.09905],[11.0416,49.06194],[10.99628,49.09343],[10.96779,49.09298],[10.92659,49.15162],[10.87166,49.15971],[10.84179,49.1826],[10.84385,49.20055],[10.87887,49.21289],[10.89397,49.19876],[10.98461,49.18686],[10.96573,49.15724],[11.05019,49.1752],[11.06701,49.15387],[11.21498,49.21109],[11.20262,49.22589],[11.22803,49.24809],[11.17687,49.28259],[11.21086,49.31729],[11.23077,49.30587],[11.23077,49.32311],[11.25549,49.32311],[11.30665,49.29826],[11.35574,49.32244],[11.31248,49.35398],[11.19438,49.33989],[11.14254,49.36449],[11.09962,49.33407],[11.11576,49.36673],[11.10683,49.37366],[11.03508,49.37142],[10.97534,49.45518],[10.92899,49.44514],[10.90221,49.45853],[10.95612,49.47772],[10.95097,49.50492],[10.9889,49.55295],[11.02203,49.55629],[11.01208,49.5751],[10.91698,49.57377],[10.89775,49.55506],[10.93689,49.54482],[10.9259,49.52298],[10.90324,49.53412],[10.8552,49.52549]],[[10.38963,49.09298],[10.36594,49.11029],[10.42705,49.10152],[10.38963,49.09298]],[[10.45452,49.04349],[10.45898,49.02391],[10.41882,49.02414],[10.41882,49.03899],[10.45452,49.04349]],[[10.46997,49.05497],[10.50739,49.05092],[10.49091,49.04057],[10.46997,49.05497]],[[10.22162,49.11766],[10.19242,49.12627],[10.21845,49.16102],[10.2554,49.13049],[10.22162,49.11766]],[[10.4274,49.22253],[10.34821,49.22566],[10.38771,49.26111],[10.43887,49.25804],[10.45568,49.2842],[10.50936,49.25893],[10.57795,49.25086],[10.56404,49.201],[10.57846,49.17722],[10.49057,49.19247],[10.4995,49.21087],[10.46585,49.20594],[10.4274,49.22253]],[[10.6897,49.13455],[10.67184,49.11254],[10.63133,49.10265],[10.62172,49.12242],[10.58533,49.12737],[10.57983,49.15611],[10.64712,49.1642],[10.61005,49.17901],[10.66017,49.19696],[10.6897,49.13455]],[[10.74394,49.02841],[10.6945,49.02796],[10.66772,49.04507],[10.69862,49.07072],[10.74188,49.05812],[10.74394,49.02841]],[[10.8823,49.15319],[10.92075,49.13433],[10.85827,49.12984],[10.8823,49.15319]],[[11.09276,49.03809],[11.07525,49.06397],[11.10855,49.07387],[11.13087,49.0534],[11.09276,49.03809]],[[10.8902,49.08691],[10.91457,49.06374],[10.88436,49.0597],[10.8902,49.08691]],[[10.93552,49.33273],[10.9465,49.35018],[10.93277,49.35286],[10.93689,49.37701],[10.99251,49.39533],[10.99594,49.37075],[10.96779,49.34749],[10.99869,49.33631],[10.93552,49.33273]],[[10.67116,49.28707],[10.65262,49.28617],[10.65193,49.29916],[10.69038,49.31035],[10.77965,49.28035],[10.77415,49.25884],[10.73502,49.24495],[10.62103,49.23464],[10.65536,49.25167],[10.67116,49.28707]],[[10.93552,49.2084],[10.94753,49.24876],[10.99422,49.26512],[11.02993,49.23172],[10.93552,49.2084]]],[[[10.93346,48.86133],[10.97671,48.85726],[11.03542,48.90986],[10.9774,48.92656],[10.9417,48.90625],[10.95474,48.88052],[10.93346,48.86133]]],[[[9.97346,49.48195],[9.99275,49.44648],[9.98623,49.43063],[10.00854,49.4246],[10.02056,49.44313],[10.05489,49.43375],[10.06382,49.4467],[10.116,49.42236],[10.14313,49.42929],[10.08854,49.44916],[10.09472,49.46165],[10.17334,49.4679],[10.17094,49.48374],[10.25479,49.4589],[10.35118,49.494],[10.40028,49.48798],[10.35908,49.53412],[10.32131,49.53368],[10.32509,49.56375],[10.29213,49.56575],[10.12493,49.531],[10.06237,49.54526],[10.03895,49.53017],[10.05263,49.50983],[10.01106,49.48298],[9.97346,49.48195]]],[[[10.07172,49.58779],[10.22346,49.58356],[10.20218,49.60448],[10.17403,49.59825],[10.16235,49.62183],[10.18707,49.67918],[10.23445,49.69517],[10.23926,49.71383],[10.15892,49.72315],[10.12321,49.69562],[10.17883,49.68718],[10.14793,49.64896],[10.06142,49.64674],[10.0676,49.62406],[10.08751,49.62539],[10.07172,49.58779]]]]}},{"type":"Feature","properties":{"NAME":"Principality of Bayreuth","SUBJECTO":"Holy Roman Empire","PARTOF":"Holy Roman Empire","ADMIN_LEVEL":4,"OHM_RELATION_ID":2830378,"START_DATE":"1398-01-21","END_DATE":"1792-01-28"},"geometry":{"type":"MultiPolygon","coordinates":[[[[11.7022,50.40225],[11.62817,50.38849],[11.56654,50.39593],[11.52637,50.3759],[11.52054,50.35466],[11.54045,50.34196],[11.53427,50.31741],[11.55899,50.30601],[11.5638,50.281],[11.53564,50.26608],[11.59813,50.25862],[11.6819,50.30294],[11.72241,50.30995],[11.72996,50.29855],[11.69289,50.27267],[11.69495,50.25774],[11.65375,50.25423],[11.66611,50.22744],[11.65512,50.20987],[11.68053,50.19449],[11.66061,50.16942],[11.70181,50.15095],[11.67641,50.14039],[11.71417,50.10252],[11.70113,50.07477],[11.62491,50.08843],[11.64345,50.10252],[11.64963,50.13775],[11.60706,50.14347],[11.57959,50.11618],[11.54526,50.12498],[11.54182,50.14919],[11.5068,50.14919],[11.43677,50.18569],[11.39831,50.17866],[11.38321,50.19405],[11.35986,50.17602],[11.36261,50.15931],[11.399,50.16063],[11.38458,50.1307],[11.36673,50.1263],[11.35849,50.09548],[11.32004,50.07741],[11.32484,50.04964],[11.28502,50.03509],[11.28982,50.02274],[11.25961,50.00553],[11.27953,49.97198],[11.37634,49.93133],[11.35437,49.91675],[11.37222,49.89198],[11.39625,49.89906],[11.49067,49.86101],[11.47144,49.84839],[11.53496,49.81761],[11.51676,49.81096],[11.52603,49.77284],[11.43471,49.73158],[11.42896,49.72004],[11.46423,49.71838],[11.47385,49.68618],[11.40621,49.64807],[11.399,49.63584],[11.42269,49.62005],[11.5626,49.63495],[11.56723,49.67629],[11.55024,49.6985],[11.57392,49.70372],[11.57959,49.76064],[11.68636,49.80465],[11.67538,49.83189],[11.73614,49.87572],[11.71177,49.89143],[11.72979,49.89917],[11.714,49.90602],[11.7164,49.92387],[11.7976,49.95144],[11.79554,50.00928],[11.85802,50.02208],[11.92223,49.98434],[12.04994,49.9892],[12.07587,49.99464],[12.04428,50.0084],[12.11637,50.03057],[12.14616,49.99189],[12.19182,50.00087],[12.19834,50.03267],[12.24611,50.03898],[12.27307,50.07442],[12.19954,50.11092],[12.19516,50.14317],[12.21597,50.1682],[12.18797,50.20035],[12.09059,50.2524],[12.13585,50.2744],[12.12616,50.30616],[12.09069,50.32416],[12.09918,50.32979],[11.97972,50.34925],[11.98377,50.38938],[11.92018,50.42433],[11.82481,50.38948],[11.79322,50.41853],[11.7022,50.40225]]],[[[11.73786,49.80919],[11.83331,49.81118],[11.83365,49.84219],[11.81065,49.85304],[11.80378,49.89552],[11.77425,49.90547],[11.76258,49.8911],[11.77563,49.87273],[11.76533,49.84772],[11.73374,49.83245],[11.73786,49.80919]]],[[[11.41883,50.20157],[11.45857,50.22568],[11.45127,50.24045],[11.3863,50.24649],[11.37463,50.23293],[11.41883,50.20157]]],[[[11.19232,49.8911],[11.23352,49.87428],[11.22871,49.84064],[11.19163,49.84463],[11.20949,49.78082],[11.30699,49.78525],[11.25961,49.87251],[11.27609,49.88711],[11.26167,49.89906],[11.19232,49.8911]]],[[[11.19661,49.67185],[11.25034,49.67607],[11.2615,49.66096],[11.27918,49.6754],[11.26133,49.69406],[11.22459,49.69806],[11.19095,49.69118],[11.19661,49.67185]]],[[[11.21292,49.72892],[11.19919,49.74623],[11.18065,49.73713],[11.19026,49.72293],[11.21292,49.72892]]],[[[10.38414,49.54214],[10.3838,49.52499],[10.4322,49.50359],[10.41161,49.47392],[10.38723,49.46522],[10.37178,49.48262],[10.40028,49.48798],[10.35118,49.494],[10.29144,49.47995],[10.25479,49.4589],[10.30689,49.43331],[10.26913,49.40405],[10.36217,49.36494],[10.40955,49.36896],[10.47752,49.39712],[10.43083,49.42393],[10.46997,49.45072],[10.55923,49.45116],[10.52353,49.41633],[10.76179,49.38371],[10.74188,49.40472],[10.75424,49.43286],[10.7103,49.465],[10.68214,49.46455],[10.71304,49.49445],[10.73364,49.48775],[10.77484,49.51763],[10.79407,49.49489],[10.86136,49.50069],[10.8552,49.52549],[10.83527,49.53368],[10.86616,49.54704],[10.83527,49.59157],[10.85243,49.60359],[10.82771,49.60359],[10.81329,49.62183],[10.86616,49.63606],[10.84573,49.66291],[10.79338,49.65963],[10.70206,49.69384],[10.56129,49.67652],[10.48576,49.63195],[10.52422,49.61972],[10.53657,49.59558],[10.49126,49.59558],[10.38414,49.54214]]],[[[11.38252,49.56486],[11.40312,49.59469],[11.37909,49.60582],[11.33926,49.57956],[11.38252,49.56486]]],[[[11.44432,49.52031],[11.47179,49.50247],[11.51779,49.51273],[11.44432,49.52031]]],[[[10.97091,49.58332],[11.1216,49.58134],[11.06907,49.60782],[11.01242,49.60226],[11.06117,49.66274],[11.03439,49.67341],[10.97603,49.66096],[10.97053,49.62317],[10.98907,49.61649],[10.97091,49.58332]]],[[[11.2463,50.44988],[11.26614,50.4363],[11.27008,50.39397],[11.31712,50.46843],[11.34218,50.46002],[11.34356,50.44493],[11.4205,50.44346],[11.41977,50.49432],[11.43539,50.50458],[11.35283,50.5203],[11.32725,50.50993],[11.32124,50.48886],[11.25358,50.48108],[11.2463,50.44988]]]]}}],"metadata":{"source":"OpenHistoricalMap","sourceUrl":"https://www.openhistoricalmap.org/","license":"CC0-1.0","year":1400,"featureCount":63,"missingWays":{},"unclosedRings":{},"droppedInnerRings":{},"relationsWithoutGeometry":[]}}