{"type":"FeatureCollection","features":[{"type":"Feature","properties":{"NAME":"Duchy of Mecklenburg-Schwerin","SUBJECTO":"Holy Roman Empire","PARTOF":"Holy Roman Empire","ADMIN_LEVEL":4,"OHM_RELATION_ID":2856449,"START_DATE":"1701-03-08","END_DATE":"1803-04-27"},"geometry":{"type":"MultiPolygon","coordinates":[[[[10.595,53.364],[10.608,53.37],[10.652,53.372],[10.663,53.364],[10.697,53.369],[10.744,53.355],[10.762,53.339],[10.762,53.329],[10.784,53.32],[10.868,53.309],[10.872,53.298],[10.891,53.289],[10.905,53.3],[10.893,53.308],[10.898,53.321],[10.881,53.335],[10.9,53.334],[10.924,53.348],[10.946,53.336],[10.988,53.333],[10.983,53.327],[10.999,53.321],[11.009,53.282],[11.03,53.277],[11.06,53.236],[11.09,53.214],[11.192,53.182],[11.19,53.166],[11.174,53.157],[11.182,53.138],[11.231,53.141],[11.212,53.123],[11.235,53.133],[11.219,53.125],[11.234,53.119],[11.255,53.127],[11.29,53.117],[11.391,53.111],[11.401,53.116],[11.392,53.13],[11.395,53.14],[11.415,53.137],[11.436,53.152],[11.446,53.17],[11.516,53.18],[11.543,53.205],[11.59,53.217],[11.626,53.241],[11.696,53.244],[11.723,53.231],[11.728,53.217],[11.834,53.232],[11.799,53.25],[11.862,53.249],[11.893,53.279],[11.951,53.273],[11.974,53.298],[11.987,53.298],[11.977,53.307],[11.991,53.328],[12,53.326],[12.005,53.3],[12.019,53.299],[12.024,53.304],[12.016,53.333],[12.004,53.334],[12.002,53.347],[11.986,53.344],[11.984,53.351],[12.002,53.354],[12.011,53.366],[12,53.381],[12.02,53.394],[12.049,53.389],[12.077,53.369],[12.082,53.346],[12.135,53.349],[12.152,53.362],[12.169,53.339],[12.187,53.344],[12.188,53.352],[12.23,53.358],[12.236,53.342],[12.257,53.325],[12.311,53.327],[12.395,53.301],[12.392,53.285],[12.427,53.275],[12.446,53.251],[12.529,53.265],[12.606,53.244],[12.648,53.255],[12.668,53.248],[12.687,53.264],[12.692,53.27],[12.694,53.27],[12.696,53.271],[12.703,53.27],[12.702,53.268],[12.703,53.268],[12.703,53.26],[12.689,53.254],[12.678,53.249],[12.68,53.238],[12.664,53.235],[12.688,53.227],[12.733,53.246],[12.735,53.245],[12.738,53.246],[12.742,53.238],[12.757,53.224],[12.751,53.207],[12.739,53.2],[12.764,53.189],[12.842,53.2],[12.853,53.196],[12.858,53.198],[12.871,53.211],[12.876,53.211],[12.878,53.213],[12.88,53.21],[12.892,53.209],[12.911,53.221],[12.904,53.224],[12.906,53.226],[12.904,53.227],[12.911,53.234],[12.901,53.251],[12.883,53.235],[12.881,53.231],[12.887,53.229],[12.882,53.228],[12.886,53.227],[12.864,53.225],[12.848,53.211],[12.844,53.211],[12.836,53.205],[12.798,53.209],[12.8,53.217],[12.801,53.231],[12.767,53.241],[12.766,53.242],[12.763,53.243],[12.753,53.252],[12.754,53.257],[12.753,53.258],[12.754,53.26],[12.755,53.27],[12.759,53.273],[12.76,53.274],[12.764,53.275],[12.774,53.282],[12.765,53.287],[12.767,53.299],[12.765,53.303],[12.771,53.321],[12.785,53.334],[12.813,53.329],[12.824,53.351],[12.832,53.353],[12.832,53.366],[12.828,53.378],[12.832,53.381],[12.832,53.386],[12.844,53.39],[12.852,53.416],[12.898,53.444],[12.941,53.437],[12.958,53.45],[12.991,53.417],[12.963,53.41],[12.945,53.394],[12.972,53.372],[12.975,53.373],[12.977,53.381],[12.994,53.389],[12.997,53.401],[13.015,53.411],[13.06,53.403],[13.098,53.416],[13.099,53.428],[13.087,53.422],[13.088,53.426],[13.084,53.425],[13.085,53.432],[13.082,53.431],[13.074,53.426],[13.057,53.429],[13.071,53.452],[13.1,53.473],[13.11,53.475],[13.114,53.478],[13.115,53.477],[13.116,53.477],[13.116,53.476],[13.118,53.474],[13.121,53.477],[13.121,53.478],[13.122,53.478],[13.124,53.48],[13.126,53.477],[13.129,53.477],[13.141,53.461],[13.148,53.463],[13.16,53.468],[13.161,53.486],[13.164,53.487],[13.164,53.489],[13.181,53.495],[13.177,53.501],[13.167,53.509],[13.164,53.521],[13.146,53.548],[13.183,53.569],[13.164,53.597],[13.165,53.598],[13.164,53.6],[13.17,53.6],[13.181,53.604],[13.229,53.595],[13.248,53.608],[13.247,53.61],[13.189,53.631],[13.174,53.645],[13.14,53.642],[13.138,53.635],[13.121,53.63],[13.106,53.64],[13.09,53.639],[13.091,53.659],[13.069,53.669],[13.083,53.675],[13.073,53.685],[13.085,53.696],[13.111,53.694],[13.122,53.712],[13.116,53.714],[13.117,53.735],[13.099,53.742],[13.085,53.76],[13.046,53.749],[13.013,53.749],[12.977,53.733],[12.931,53.744],[12.89,53.732],[12.878,53.717],[12.853,53.729],[12.818,53.724],[12.792,53.766],[12.78,53.765],[12.801,53.774],[12.893,53.841],[12.881,53.862],[12.897,53.873],[12.943,53.873],[12.995,53.883],[13.001,53.89],[12.987,53.9],[12.959,53.899],[12.953,53.919],[12.901,53.922],[12.9,53.938],[12.924,53.958],[12.909,53.966],[12.86,53.975],[12.834,53.994],[12.743,54.033],[12.744,54.055],[12.735,54.062],[12.743,54.068],[12.742,54.078],[12.718,54.091],[12.697,54.119],[12.675,54.12],[12.602,54.162],[12.587,54.162],[12.586,54.176],[12.569,54.183],[12.57,54.196],[12.543,54.223],[12.497,54.242],[12.416,54.262],[12.41,54.279],[12.426,54.292],[12.423,54.377],[12.32,54.389],[12.279,54.335],[12.243,54.319],[12.154,54.286],[12.081,54.236],[11.984,54.228],[11.839,54.195],[11.75,54.204],[11.675,54.201],[11.626,54.187],[11.559,54.149],[11.495,54.132],[11.435,54.078],[11.509,54.034],[11.499,54.003],[11.463,53.963],[11.478,53.96],[11.481,53.951],[11.482,53.929],[11.47,53.926],[11.513,53.916],[11.502,53.908],[11.51,53.9],[11.548,53.897],[11.56,53.913],[11.598,53.917],[11.607,53.909],[11.601,53.895],[11.561,53.896],[11.507,53.883],[11.521,53.869],[11.519,53.864],[11.486,53.848],[11.479,53.85],[11.48,53.868],[11.46,53.87],[11.443,53.854],[11.449,53.862],[11.442,53.866],[11.414,53.871],[11.395,53.86],[11.392,53.87],[11.381,53.875],[11.398,53.914],[11.407,53.913],[11.41,53.919],[11.401,53.927],[11.432,53.959],[11.43,53.983],[11.401,53.987],[11.403,53.982],[11.354,53.966],[11.313,53.991],[11.304,54.015],[11.39,53.994],[11.429,53.989],[11.435,53.994],[11.324,54.036],[11.308,54.026],[11.261,54.037],[11.219,54.06],[11.167,54.066],[11.063,54.062],[10.931,54.029],[10.897,53.923],[10.964,53.913],[10.972,53.9],[10.969,53.897],[10.969,53.895],[10.98,53.892],[10.978,53.889],[10.981,53.888],[10.975,53.88],[11.035,53.875],[11.065,53.865],[11.065,53.864],[11.066,53.864],[11.065,53.854],[11.082,53.852],[11.077,53.849],[11.081,53.847],[11.066,53.84],[11.065,53.84],[11.053,53.835],[11.019,53.84],[11.017,53.829],[10.992,53.828],[10.987,53.824],[10.983,53.817],[11.002,53.808],[11.004,53.807],[10.988,53.784],[10.998,53.769],[10.996,53.763],[10.998,53.757],[11.022,53.749],[11.019,53.735],[11.017,53.735],[11.015,53.729],[10.995,53.73],[10.983,53.727],[10.957,53.731],[10.961,53.717],[10.974,53.706],[10.971,53.694],[10.946,53.686],[10.921,53.691],[10.935,53.688],[10.942,53.663],[10.955,53.659],[10.952,53.651],[11.003,53.629],[10.978,53.575],[10.953,53.567],[10.898,53.572],[10.862,53.565],[10.822,53.574],[10.832,53.543],[10.818,53.528],[10.792,53.527],[10.796,53.522],[10.776,53.495],[10.756,53.483],[10.702,53.478],[10.696,53.45],[10.68,53.442],[10.664,53.447],[10.686,53.456],[10.652,53.461],[10.635,53.456],[10.62,53.425],[10.615,53.384],[10.599,53.378],[10.595,53.364]],[[10.974,53.483],[10.981,53.511],[11.017,53.509],[11.009,53.503],[11.015,53.497],[11.007,53.491],[11.007,53.489],[11.003,53.487],[10.994,53.48],[10.988,53.481],[10.986,53.48],[10.974,53.483]],[[11.388,53.853],[11.396,53.857],[11.417,53.855],[11.414,53.845],[11.397,53.839],[11.388,53.853]],[[11.616,53.851],[11.646,53.862],[11.643,53.875],[11.651,53.886],[11.645,53.896],[11.653,53.898],[11.636,53.903],[11.632,53.912],[11.659,53.931],[11.642,53.95],[11.663,53.952],[11.687,53.934],[11.7,53.949],[11.712,53.946],[11.71,53.939],[11.744,53.943],[11.727,53.928],[11.758,53.924],[11.755,53.914],[11.795,53.905],[11.798,53.891],[11.761,53.873],[11.779,53.863],[11.773,53.858],[11.732,53.836],[11.707,53.833],[11.702,53.813],[11.674,53.812],[11.648,53.838],[11.621,53.837],[11.616,53.851]],[[12.685,53.308],[12.689,53.316],[12.701,53.324],[12.703,53.323],[12.704,53.324],[12.711,53.32],[12.717,53.339],[12.721,53.339],[12.722,53.341],[12.745,53.336],[12.744,53.31],[12.728,53.31],[12.722,53.296],[12.72,53.295],[12.717,53.29],[12.702,53.289],[12.699,53.278],[12.717,53.279],[12.711,53.277],[12.717,53.277],[12.701,53.275],[12.691,53.272],[12.693,53.274],[12.689,53.273],[12.694,53.28],[12.687,53.289],[12.688,53.3],[12.685,53.308]],[[12.768,53.721],[12.799,53.716],[12.82,53.7],[12.835,53.676],[12.876,53.659],[12.864,53.62],[12.841,53.61],[12.81,53.618],[12.806,53.642],[12.79,53.647],[12.792,53.655],[12.807,53.659],[12.805,53.671],[12.789,53.679],[12.794,53.692],[12.774,53.699],[12.768,53.721]],[[13.088,53.561],[13.091,53.574],[13.094,53.575],[13.093,53.577],[13.138,53.588],[13.15,53.566],[13.127,53.556],[13.088,53.561]]],[[[12.503,52.988],[12.518,52.963],[12.541,52.96],[12.563,52.974],[12.615,52.976],[12.655,53.001],[12.622,53.014],[12.565,53],[12.531,53.007],[12.503,52.988]]],[[[12.54,53.053],[12.55,53.047],[12.543,53.039],[12.56,53.032],[12.598,53.035],[12.594,53.031],[12.608,53.027],[12.627,53.067],[12.603,53.09],[12.564,53.099],[12.555,53.066],[12.54,53.053]]],[[[12.944,53.175],[12.961,53.178],[12.968,53.18],[12.986,53.19],[12.983,53.194],[12.985,53.198],[12.988,53.205],[12.981,53.199],[12.979,53.199],[12.974,53.19],[12.944,53.175]]],[[[12.973,53.222],[12.998,53.228],[13.021,53.217],[13.023,53.218],[13.023,53.224],[13.031,53.225],[13.044,53.235],[13.046,53.237],[13.024,53.244],[13.026,53.246],[13.028,53.247],[13.049,53.247],[13.047,53.248],[13.076,53.249],[13.08,53.251],[13.077,53.255],[13.092,53.258],[13.098,53.262],[13.08,53.261],[13.074,53.261],[13.054,53.286],[13.041,53.288],[13.006,53.264],[12.993,53.268],[12.986,53.255],[12.996,53.251],[12.994,53.249],[12.995,53.249],[12.982,53.237],[12.983,53.229],[12.973,53.222]]]]}},{"type":"Feature","properties":{"NAME":"Duchy of Mecklenburg-Strelitz","SUBJECTO":"Holy Roman Empire","PARTOF":"Holy Roman Empire","ADMIN_LEVEL":4,"OHM_RELATION_ID":2694809,"START_DATE":"1701-03-08","END_DATE":"1806-08-06"},"geometry":{"type":"MultiPolygon","coordinates":[[[[10.555,53.634],[10.558,53.625],[10.581,53.619],[10.59,53.626],[10.575,53.638],[10.555,53.634]]],[[[10.596,53.65],[10.597,53.629],[10.655,53.627],[10.637,53.669],[10.608,53.668],[10.596,53.65]]],[[[10.746,53.609],[10.75,53.599],[10.77,53.598],[10.779,53.612],[10.774,53.616],[10.8,53.631],[10.789,53.644],[10.768,53.645],[10.75,53.639],[10.748,53.631],[10.76,53.621],[10.746,53.609]]],[[[10.748,53.834],[10.765,53.823],[10.772,53.789],[10.787,53.799],[10.786,53.809],[10.811,53.804],[10.813,53.794],[10.8,53.786],[10.792,53.759],[10.76,53.765],[10.762,53.715],[10.806,53.702],[10.808,53.688],[10.856,53.671],[10.861,53.677],[10.849,53.685],[10.871,53.702],[10.892,53.704],[10.896,53.716],[10.889,53.72],[10.897,53.726],[10.925,53.73],[10.924,53.723],[10.949,53.708],[10.959,53.714],[10.957,53.731],[11.015,53.729],[11.022,53.749],[10.994,53.758],[10.998,53.769],[10.987,53.786],[11.003,53.807],[10.981,53.818],[10.997,53.833],[11.015,53.829],[11.019,53.84],[11.065,53.84],[11.082,53.852],[11.065,53.854],[11.066,53.864],[11.035,53.875],[10.974,53.878],[10.981,53.888],[10.969,53.893],[10.968,53.906],[10.958,53.91],[10.908,53.899],[10.903,53.909],[10.912,53.915],[10.883,53.924],[10.845,53.896],[10.819,53.893],[10.802,53.877],[10.773,53.874],[10.749,53.852],[10.748,53.834]]],[[[10.974,53.483],[10.994,53.48],[11.015,53.497],[11.009,53.503],[11.017,53.509],[10.981,53.511],[10.974,53.483]]],[[[12.675,53.248],[12.703,53.26],[12.703,53.268],[12.692,53.27],[12.675,53.248]]],[[[12.685,53.308],[12.695,53.281],[12.689,53.273],[12.717,53.277],[12.699,53.278],[12.701,53.289],[12.717,53.29],[12.728,53.31],[12.744,53.31],[12.745,53.336],[12.722,53.341],[12.711,53.32],[12.704,53.324],[12.689,53.316],[12.685,53.308]]],[[[12.691,53.226],[12.747,53.226],[12.738,53.246],[12.691,53.226]]],[[[12.753,53.252],[12.763,53.243],[12.801,53.235],[12.8,53.211],[12.848,53.211],[12.864,53.225],[12.886,53.227],[12.88,53.229],[12.886,53.24],[12.901,53.251],[12.912,53.235],[12.904,53.227],[12.912,53.222],[12.892,53.209],[12.871,53.211],[12.855,53.195],[12.859,53.188],[12.88,53.179],[12.923,53.196],[12.929,53.194],[12.922,53.189],[12.942,53.186],[12.937,53.194],[12.981,53.199],[12.99,53.206],[12.993,53.202],[12.985,53.198],[12.988,53.191],[12.964,53.178],[12.97,53.165],[13.005,53.167],[13.026,53.185],[13.055,53.158],[13.097,53.165],[13.102,53.151],[13.13,53.142],[13.122,53.125],[13.114,53.127],[13.104,53.113],[13.11,53.098],[13.131,53.094],[13.146,53.102],[13.16,53.082],[13.183,53.075],[13.203,53.079],[13.213,53.063],[13.234,53.056],[13.305,53.06],[13.366,53.079],[13.349,53.096],[13.323,53.101],[13.311,53.121],[13.282,53.138],[13.227,53.111],[13.196,53.132],[13.194,53.155],[13.187,53.159],[13.198,53.171],[13.149,53.19],[13.113,53.186],[13.12,53.203],[13.106,53.213],[13.107,53.237],[13.181,53.251],[13.203,53.221],[13.23,53.216],[13.251,53.247],[13.23,53.249],[13.232,53.254],[13.242,53.262],[13.276,53.265],[13.296,53.279],[13.337,53.273],[13.361,53.278],[13.385,53.245],[13.395,53.245],[13.403,53.246],[13.408,53.263],[13.432,53.285],[13.442,53.286],[13.435,53.295],[13.439,53.3],[13.457,53.298],[13.464,53.289],[13.483,53.291],[13.507,53.316],[13.502,53.324],[13.524,53.32],[13.526,53.348],[13.516,53.352],[13.527,53.367],[13.543,53.364],[13.556,53.377],[13.55,53.4],[13.598,53.413],[13.592,53.428],[13.615,53.438],[13.64,53.433],[13.663,53.455],[13.707,53.476],[13.687,53.491],[13.694,53.509],[13.67,53.509],[13.672,53.517],[13.681,53.521],[13.678,53.532],[13.721,53.541],[13.719,53.561],[13.726,53.572],[13.766,53.593],[13.77,53.607],[13.761,53.622],[13.807,53.649],[13.861,53.67],[13.82,53.684],[13.754,53.686],[13.718,53.698],[13.642,53.704],[13.551,53.695],[13.538,53.701],[13.528,53.725],[13.506,53.742],[13.445,53.751],[13.429,53.744],[13.413,53.708],[13.392,53.696],[13.268,53.663],[13.271,53.654],[13.259,53.644],[13.246,53.614],[13.249,53.604],[13.229,53.595],[13.164,53.6],[13.183,53.569],[13.146,53.548],[13.162,53.53],[13.167,53.509],[13.184,53.496],[13.164,53.489],[13.16,53.468],[13.148,53.463],[13.141,53.461],[13.124,53.48],[13.117,53.472],[13.116,53.477],[13.1,53.473],[13.071,53.452],[13.057,53.429],[13.074,53.426],[13.086,53.434],[13.084,53.425],[13.099,53.428],[13.098,53.416],[13.063,53.403],[13.015,53.411],[12.997,53.401],[12.999,53.391],[12.977,53.381],[12.974,53.37],[12.945,53.394],[12.963,53.41],[12.991,53.417],[12.958,53.45],[12.941,53.437],[12.898,53.444],[12.852,53.416],[12.844,53.39],[12.828,53.378],[12.835,53.357],[12.814,53.329],[12.785,53.334],[12.771,53.321],[12.765,53.303],[12.776,53.283],[12.755,53.27],[12.753,53.252]],[[12.971,53.22],[12.983,53.229],[12.982,53.237],[12.995,53.249],[12.986,53.254],[12.993,53.269],[13.006,53.264],[13.041,53.288],[13.054,53.286],[13.074,53.261],[13.114,53.263],[13.077,53.255],[13.081,53.249],[13.047,53.248],[13.053,53.245],[13.048,53.241],[13.025,53.246],[13.049,53.24],[13.035,53.225],[13.023,53.224],[13.023,53.216],[12.998,53.228],[12.971,53.22]],[[13.035,53.192],[13.071,53.202],[13.077,53.192],[13.059,53.18],[13.035,53.192]]],[[[13.088,53.561],[13.127,53.556],[13.15,53.566],[13.138,53.588],[13.093,53.577],[13.097,53.57],[13.088,53.561]]]]}},{"type":"Feature","properties":{"NAME":"Electorate of Bavaria","SUBJECTO":"Holy Roman Empire","PARTOF":"Holy Roman Empire","ADMIN_LEVEL":4,"OHM_RELATION_ID":2830591,"START_DATE":"1705-03-20","END_DATE":"1734"},"geometry":{"type":"MultiPolygon","coordinates":[[[[9.555,48.551],[9.568,48.546],[9.583,48.517],[9.572,48.506],[9.583,48.499],[9.568,48.491],[9.635,48.49],[9.634,48.5],[9.645,48.504],[9.636,48.509],[9.667,48.523],[9.655,48.531],[9.67,48.534],[9.695,48.521],[9.698,48.533],[9.682,48.545],[9.712,48.548],[9.721,48.556],[9.718,48.564],[9.743,48.573],[9.737,48.58],[9.751,48.589],[9.732,48.643],[9.685,48.649],[9.673,48.636],[9.683,48.601],[9.627,48.581],[9.583,48.584],[9.58,48.573],[9.555,48.551]]],[[[10.295,48.091],[10.306,48.067],[10.377,48.068],[10.387,48.045],[10.346,48.033],[10.331,48.019],[10.358,47.981],[10.384,47.99],[10.402,47.98],[10.421,47.951],[10.487,47.968],[10.478,47.943],[10.491,47.932],[10.504,47.951],[10.526,47.961],[10.517,47.97],[10.528,47.988],[10.537,47.989],[10.546,47.976],[10.598,47.961],[10.6,47.983],[10.619,47.992],[10.649,47.983],[10.688,47.985],[10.693,47.995],[10.667,48.017],[10.659,48.04],[10.698,48.09],[10.69,48.125],[10.713,48.138],[10.694,48.168],[10.702,48.193],[10.735,48.204],[10.727,48.222],[10.708,48.216],[10.687,48.222],[10.635,48.201],[10.639,48.151],[10.613,48.146],[10.635,48.124],[10.609,48.116],[10.614,48.107],[10.592,48.095],[10.57,48.094],[10.548,48.096],[10.507,48.138],[10.446,48.167],[10.415,48.17],[10.372,48.19],[10.353,48.175],[10.344,48.088],[10.295,48.091]],[[10.415,48.135],[10.46,48.143],[10.479,48.131],[10.471,48.111],[10.45,48.105],[10.415,48.135]]],[[[10.635,48.905],[10.681,48.847],[10.73,48.818],[10.773,48.811],[10.801,48.815],[10.803,48.829],[10.794,48.843],[10.806,48.853],[10.764,48.862],[10.741,48.89],[10.734,48.886],[10.688,48.907],[10.671,48.907],[10.665,48.919],[10.635,48.905]]],[[[10.691,47.559],[10.695,47.545],[10.758,47.534],[10.763,47.521],[10.775,47.516],[10.886,47.537],[10.905,47.518],[10.961,47.516],[10.98,47.508],[11.068,47.545],[11.136,47.552],[11.174,47.543],[11.319,47.552],[11.412,47.496],[11.444,47.518],[11.451,47.507],[11.574,47.514],[11.587,47.525],[11.588,47.556],[11.606,47.582],[11.633,47.581],[11.634,47.593],[11.656,47.585],[11.781,47.591],[11.847,47.582],[11.855,47.602],[11.894,47.608],[11.885,47.631],[11.839,47.67],[11.846,47.682],[11.83,47.7],[11.814,47.699],[11.786,47.731],[11.787,47.743],[11.773,47.761],[11.799,47.768],[11.774,47.77],[11.811,47.825],[11.88,47.803],[11.871,47.795],[11.88,47.788],[11.858,47.772],[11.861,47.753],[11.89,47.737],[11.906,47.69],[11.914,47.688],[11.908,47.675],[11.921,47.671],[11.929,47.65],[11.921,47.646],[11.944,47.634],[11.92,47.625],[11.936,47.618],[11.933,47.613],[12.009,47.624],[12.028,47.611],[12.06,47.618],[12.14,47.605],[12.179,47.614],[12.177,47.601],[12.202,47.606],[12.208,47.614],[12.199,47.64],[12.186,47.652],[12.181,47.672],[12.169,47.676],[12.16,47.701],[12.184,47.701],[12.227,47.718],[12.257,47.743],[12.265,47.733],[12.242,47.694],[12.255,47.68],[12.337,47.697],[12.336,47.692],[12.364,47.684],[12.44,47.695],[12.439,47.676],[12.499,47.625],[12.536,47.636],[12.575,47.633],[12.606,47.674],[12.654,47.672],[12.662,47.679],[12.695,47.682],[12.736,47.679],[12.76,47.664],[12.78,47.673],[12.779,47.67],[12.784,47.672],[12.778,47.667],[12.777,47.662],[12.769,47.659],[12.762,47.651],[12.78,47.634],[12.822,47.657],[12.832,47.643],[12.851,47.646],[12.837,47.666],[12.853,47.679],[12.885,47.682],[12.898,47.692],[12.912,47.714],[12.907,47.723],[12.905,47.724],[12.905,47.725],[12.904,47.727],[12.91,47.731],[12.918,47.742],[12.936,47.749],[12.935,47.758],[12.939,47.76],[12.942,47.771],[12.89,47.745],[12.848,47.755],[12.835,47.764],[12.831,47.779],[12.805,47.777],[12.766,47.788],[12.766,47.804],[12.743,47.809],[12.732,47.839],[12.721,47.843],[12.72,47.86],[12.685,47.901],[12.694,47.918],[12.707,47.924],[12.701,47.932],[12.659,47.949],[12.646,47.969],[12.544,47.996],[12.545,48.014],[12.58,48.036],[12.584,48.039],[12.589,48.065],[12.666,48.075],[12.698,48.093],[12.704,48.106],[12.708,48.108],[12.711,48.112],[12.713,48.111],[12.714,48.111],[12.725,48.104],[12.735,48.108],[12.744,48.114],[12.748,48.113],[12.749,48.114],[12.749,48.113],[12.751,48.113],[12.752,48.089],[12.77,48.067],[12.846,48.021],[12.861,47.997],[12.891,47.991],[12.91,48.02],[12.936,48.036],[12.95,48.038],[12.974,48.024],[13.042,48.041],[13.044,48.039],[13.047,48.04],[13.047,48.036],[13.049,48.035],[13.048,48.033],[13.048,48.029],[13.059,48.03],[13.06,48.016],[13.066,48.014],[13.073,48.016],[13.111,47.981],[13.112,47.981],[13.144,47.988],[13.201,47.986],[13.206,47.982],[13.23,47.973],[13.232,47.972],[13.243,47.987],[13.248,47.988],[13.249,47.988],[13.254,47.989],[13.284,47.991],[13.29,47.991],[13.306,47.981],[13.308,47.98],[13.324,47.992],[13.325,47.991],[13.326,47.992],[13.33,47.989],[13.336,47.987],[13.359,48.018],[13.393,48.022],[13.379,48.028],[13.397,48.037],[13.396,48.045],[13.407,48.042],[13.383,48.051],[13.404,48.085],[13.419,48.083],[13.454,48.106],[13.609,48.123],[13.612,48.171],[13.598,48.179],[13.609,48.188],[13.604,48.197],[13.577,48.2],[13.585,48.21],[13.601,48.206],[13.603,48.211],[13.585,48.213],[13.584,48.226],[13.571,48.233],[13.567,48.247],[13.616,48.264],[13.633,48.305],[13.67,48.296],[13.671,48.305],[13.717,48.314],[13.721,48.319],[13.71,48.325],[13.717,48.353],[13.73,48.364],[13.686,48.407],[13.702,48.42],[13.686,48.447],[13.699,48.465],[13.677,48.484],[13.68,48.491],[13.654,48.504],[13.637,48.528],[13.643,48.539],[13.638,48.544],[13.657,48.544],[13.654,48.549],[13.625,48.554],[13.601,48.569],[13.566,48.562],[13.512,48.591],[13.504,48.574],[13.475,48.562],[13.475,48.556],[13.45,48.564],[13.437,48.556],[13.456,48.515],[13.448,48.496],[13.435,48.497],[13.41,48.476],[13.387,48.473],[13.383,48.487],[13.362,48.488],[13.362,48.531],[13.354,48.543],[13.335,48.544],[13.338,48.532],[13.325,48.528],[13.32,48.538],[13.307,48.535],[13.303,48.548],[13.284,48.542],[13.29,48.527],[13.269,48.512],[13.248,48.523],[13.225,48.522],[13.207,48.533],[13.181,48.537],[13.183,48.55],[13.21,48.569],[13.2,48.581],[13.217,48.592],[13.267,48.597],[13.289,48.588],[13.276,48.579],[13.296,48.571],[13.339,48.596],[13.347,48.585],[13.372,48.584],[13.372,48.56],[13.394,48.558],[13.401,48.567],[13.438,48.566],[13.45,48.576],[13.408,48.578],[13.385,48.595],[13.267,48.608],[13.266,48.644],[13.242,48.655],[13.234,48.671],[13.238,48.686],[13.271,48.694],[13.308,48.68],[13.342,48.676],[13.348,48.689],[13.367,48.688],[13.372,48.67],[13.381,48.67],[13.39,48.682],[13.437,48.677],[13.451,48.688],[13.455,48.718],[13.441,48.726],[13.425,48.756],[13.449,48.79],[13.44,48.81],[13.449,48.818],[13.447,48.831],[13.461,48.832],[13.47,48.843],[13.449,48.848],[13.453,48.856],[13.507,48.863],[13.522,48.879],[13.523,48.898],[13.507,48.923],[13.515,48.937],[13.406,48.985],[13.408,49.008],[13.401,49.015],[13.406,49.023],[13.395,49.04],[13.396,49.052],[13.376,49.058],[13.338,49.092],[13.289,49.119],[13.236,49.114],[13.18,49.137],[13.172,49.143],[13.176,49.166],[13.17,49.174],[13.112,49.202],[13.114,49.218],[13.09,49.227],[13.081,49.247],[13.062,49.25],[13.056,49.263],[13.034,49.264],[13.027,49.276],[13.029,49.304],[13.007,49.307],[12.973,49.334],[12.945,49.344],[12.884,49.35],[12.887,49.335],[12.877,49.332],[12.843,49.345],[12.783,49.347],[12.777,49.364],[12.758,49.375],[12.758,49.392],[12.751,49.399],[12.71,49.423],[12.657,49.434],[12.65,49.466],[12.627,49.481],[12.636,49.488],[12.617,49.489],[12.598,49.505],[12.567,49.492],[12.506,49.494],[12.515,49.503],[12.512,49.518],[12.542,49.541],[12.594,49.542],[12.574,49.561],[12.575,49.589],[12.564,49.597],[12.561,49.62],[12.528,49.618],[12.533,49.624],[12.523,49.632],[12.529,49.64],[12.519,49.643],[12.529,49.669],[12.522,49.687],[12.491,49.686],[12.446,49.703],[12.433,49.716],[12.384,49.704],[12.405,49.685],[12.42,49.687],[12.489,49.639],[12.483,49.62],[12.496,49.607],[12.452,49.604],[12.418,49.628],[12.385,49.625],[12.369,49.614],[12.378,49.604],[12.371,49.598],[12.34,49.601],[12.339,49.618],[12.286,49.632],[12.282,49.642],[12.296,49.653],[12.274,49.656],[12.225,49.622],[12.229,49.599],[12.185,49.584],[12.177,49.567],[12.11,49.573],[12.122,49.585],[12.109,49.589],[12.084,49.588],[12.061,49.57],[12.004,49.579],[11.995,49.588],[11.934,49.594],[11.919,49.602],[11.908,49.594],[11.92,49.583],[11.919,49.551],[11.934,49.544],[11.934,49.484],[11.891,49.501],[11.846,49.48],[11.848,49.47],[11.828,49.461],[11.823,49.465],[11.83,49.478],[11.813,49.48],[11.791,49.472],[11.746,49.479],[11.737,49.491],[11.689,49.488],[11.625,49.514],[11.548,49.513],[11.544,49.507],[11.552,49.497],[11.564,49.499],[11.599,49.473],[11.559,49.431],[11.562,49.414],[11.556,49.406],[11.513,49.408],[11.484,49.425],[11.414,49.417],[11.415,49.406],[11.376,49.387],[11.391,49.364],[11.374,49.35],[11.384,49.339],[11.327,49.3],[11.334,49.295],[11.306,49.277],[11.262,49.272],[11.274,49.252],[11.285,49.255],[11.295,49.246],[11.289,49.234],[11.322,49.199],[11.313,49.193],[11.313,49.174],[11.32,49.17],[11.342,49.183],[11.36,49.182],[11.371,49.192],[11.37,49.203],[11.39,49.213],[11.422,49.197],[11.453,49.178],[11.455,49.163],[11.434,49.149],[11.469,49.131],[11.471,49.117],[11.485,49.108],[11.534,49.095],[11.525,49.095],[11.525,49.087],[11.539,49.084],[11.541,49.071],[11.527,49.071],[11.527,49.062],[11.538,49.06],[11.535,49.043],[11.595,49.017],[11.545,48.985],[11.526,48.987],[11.517,48.954],[11.484,48.959],[11.486,48.939],[11.501,48.932],[11.492,48.921],[11.474,48.925],[11.469,48.916],[11.413,48.91],[11.387,48.899],[11.388,48.875],[11.403,48.863],[11.405,48.849],[11.394,48.838],[11.378,48.843],[11.331,48.812],[11.325,48.787],[11.348,48.777],[11.326,48.76],[11.277,48.773],[11.276,48.748],[11.291,48.748],[11.29,48.737],[11.335,48.722],[11.369,48.725],[11.392,48.718],[11.407,48.733],[11.434,48.737],[11.445,48.727],[11.456,48.745],[11.473,48.748],[11.484,48.739],[11.52,48.733],[11.53,48.716],[11.5,48.674],[11.505,48.655],[11.482,48.653],[11.485,48.645],[11.475,48.642],[11.444,48.656],[11.446,48.664],[11.401,48.676],[11.349,48.664],[11.347,48.674],[11.318,48.667],[11.327,48.658],[11.278,48.656],[11.282,48.642],[11.216,48.658],[11.201,48.649],[11.214,48.64],[11.207,48.629],[11.19,48.638],[11.177,48.629],[11.19,48.61],[11.166,48.614],[11.154,48.608],[11.124,48.618],[11.133,48.628],[11.111,48.633],[11.076,48.627],[11.087,48.666],[11.054,48.687],[11.026,48.678],[10.983,48.69],[10.975,48.714],[10.899,48.702],[10.879,48.651],[10.885,48.606],[10.872,48.576],[10.874,48.538],[10.863,48.505],[10.881,48.477],[10.89,48.406],[10.906,48.38],[10.936,48.361],[10.952,48.298],[10.893,48.2],[10.8,48.208],[10.793,48.197],[10.798,48.183],[10.776,48.175],[10.78,48.134],[10.801,48.105],[10.822,48.106],[10.809,48.094],[10.809,48.083],[10.769,48.066],[10.767,48.05],[10.757,48.045],[10.765,48.035],[10.797,48.036],[10.821,48.003],[10.876,48.009],[10.871,47.996],[10.879,47.992],[10.878,47.964],[10.863,47.958],[10.879,47.949],[10.879,47.941],[10.868,47.943],[10.867,47.936],[10.882,47.933],[10.862,47.925],[10.877,47.909],[10.875,47.896],[10.861,47.897],[10.853,47.878],[10.86,47.874],[10.853,47.865],[10.841,47.865],[10.838,47.852],[10.793,47.856],[10.754,47.844],[10.752,47.832],[10.803,47.824],[10.8,47.813],[10.829,47.812],[10.828,47.804],[10.807,47.804],[10.813,47.795],[10.766,47.798],[10.767,47.786],[10.788,47.783],[10.793,47.775],[10.75,47.767],[10.751,47.757],[10.737,47.752],[10.736,47.736],[10.743,47.727],[10.726,47.71],[10.729,47.699],[10.745,47.705],[10.742,47.694],[10.768,47.698],[10.76,47.707],[10.781,47.723],[10.796,47.721],[10.828,47.734],[10.822,47.712],[10.801,47.703],[10.793,47.677],[10.778,47.662],[10.735,47.649],[10.741,47.639],[10.71,47.566],[10.691,47.559]],[[11.271,48.343],[11.308,48.364],[11.32,48.341],[11.284,48.331],[11.271,48.343]],[[11.337,48.411],[11.374,48.421],[11.403,48.409],[11.391,48.403],[11.394,48.393],[11.36,48.388],[11.337,48.411]],[[11.476,49.291],[11.483,49.306],[11.497,49.312],[11.521,49.28],[11.485,49.282],[11.476,49.291]],[[11.543,48.438],[11.56,48.455],[11.613,48.433],[11.567,48.395],[11.552,48.398],[11.563,48.422],[11.543,48.438]],[[11.582,49.181],[11.598,49.203],[11.647,49.214],[11.639,49.223],[11.667,49.257],[11.654,49.268],[11.663,49.29],[11.725,49.308],[11.731,49.29],[11.702,49.283],[11.707,49.262],[11.751,49.268],[11.792,49.245],[11.796,49.204],[11.784,49.193],[11.798,49.182],[11.793,49.165],[11.803,49.162],[11.814,49.173],[11.823,49.17],[11.814,49.157],[11.864,49.148],[11.869,49.174],[11.904,49.17],[11.917,49.192],[11.89,49.234],[11.895,49.26],[11.868,49.267],[11.872,49.298],[11.889,49.296],[11.909,49.31],[11.913,49.284],[11.934,49.309],[11.975,49.309],[12.023,49.329],[12.001,49.355],[12.027,49.373],[12.047,49.36],[12.062,49.363],[12.073,49.347],[12.09,49.356],[12.103,49.384],[12.14,49.373],[12.169,49.381],[12.236,49.337],[12.22,49.33],[12.237,49.32],[12.211,49.284],[12.231,49.269],[12.171,49.253],[12.145,49.215],[12.148,49.204],[12.164,49.203],[12.169,49.216],[12.181,49.218],[12.217,49.171],[12.242,49.168],[12.243,49.149],[12.277,49.134],[12.309,49.154],[12.331,49.135],[12.319,49.125],[12.358,49.114],[12.325,49.082],[12.377,49.063],[12.428,49.077],[12.458,49.072],[12.455,49.049],[12.434,49.046],[12.423,49.032],[12.44,49.008],[12.427,48.981],[12.406,48.982],[12.393,48.973],[12.391,48.98],[12.382,48.98],[12.369,48.971],[12.326,48.98],[12.345,48.994],[12.32,49.014],[12.267,49.011],[12.256,49.021],[12.219,49.029],[12.184,49.008],[12.168,49.015],[12.135,48.994],[12.058,49.007],[12.069,49.018],[12.104,49.022],[12.124,49.022],[12.127,49.037],[12.056,49.048],[12.043,49.035],[12.022,49.033],[12.011,49.014],[11.923,49.012],[11.894,48.975],[11.866,48.969],[11.776,48.975],[11.734,48.996],[11.735,49.007],[11.713,49.013],[11.705,49.027],[11.677,49.018],[11.666,49.022],[11.677,49.028],[11.67,49.049],[11.682,49.053],[11.685,49.071],[11.663,49.08],[11.676,49.117],[11.642,49.13],[11.633,49.144],[11.608,49.148],[11.605,49.165],[11.591,49.162],[11.582,49.181]],[[11.607,48.158],[11.685,48.252],[11.68,48.262],[11.699,48.294],[11.702,48.323],[11.736,48.372],[11.729,48.388],[11.736,48.395],[11.711,48.423],[11.743,48.433],[11.784,48.415],[11.752,48.405],[11.817,48.406],[11.787,48.322],[11.751,48.264],[11.75,48.242],[11.712,48.203],[11.671,48.2],[11.652,48.152],[11.607,48.158]],[[11.831,47.883],[11.845,47.911],[11.928,47.906],[11.94,47.923],[11.959,47.927],[11.969,47.943],[12.013,47.949],[12.008,47.943],[12.028,47.92],[12.011,47.888],[11.969,47.865],[12.009,47.854],[12.004,47.847],[12.02,47.816],[11.854,47.857],[11.831,47.883]],[[12.025,48.197],[12.091,48.221],[12.102,48.197],[12.094,48.185],[12.057,48.173],[12.029,48.178],[12.025,48.197]],[[12.379,47.863],[12.394,47.876],[12.408,47.87],[12.429,47.879],[12.44,47.875],[12.412,47.85],[12.381,47.851],[12.379,47.863]],[[12.465,48.239],[12.486,48.259],[12.516,48.263],[12.516,48.275],[12.527,48.279],[12.571,48.255],[12.578,48.241],[12.536,48.221],[12.486,48.222],[12.465,48.239]],[[13.204,48.296],[13.213,48.318],[13.304,48.343],[13.328,48.361],[13.357,48.369],[13.376,48.357],[13.32,48.319],[13.255,48.294],[13.204,48.296]]],[[[10.746,48.714],[10.769,48.698],[10.778,48.714],[10.814,48.715],[10.83,48.739],[10.806,48.752],[10.785,48.754],[10.773,48.743],[10.746,48.739],[10.746,48.714]]],[[[11.289,49.588],[11.309,49.573],[11.291,49.562],[11.317,49.53],[11.372,49.529],[11.383,49.565],[11.36,49.567],[11.359,49.576],[11.339,49.58],[11.35,49.596],[11.337,49.604],[11.289,49.588]]],[[[11.469,49.827],[11.484,49.822],[11.485,49.81],[11.496,49.805],[11.47,49.772],[11.477,49.758],[11.503,49.757],[11.526,49.773],[11.523,49.795],[11.513,49.803],[11.517,49.811],[11.535,49.818],[11.499,49.839],[11.471,49.838],[11.469,49.827]]],[[[11.55,49.699],[11.567,49.676],[11.563,49.635],[11.596,49.606],[11.615,49.611],[11.622,49.624],[11.699,49.657],[11.755,49.673],[11.776,49.668],[11.777,49.68],[11.795,49.684],[11.82,49.688],[11.819,49.678],[11.839,49.677],[11.851,49.683],[11.843,49.689],[11.851,49.691],[11.891,49.681],[11.892,49.68],[11.967,49.686],[11.955,49.694],[11.972,49.698],[11.98,49.711],[12.022,49.718],[12.031,49.739],[12.053,49.76],[12.053,49.773],[12.088,49.763],[12.097,49.776],[12.089,49.779],[12.102,49.804],[12.094,49.814],[12.021,49.822],[12.037,49.837],[12.031,49.854],[12.041,49.856],[12.041,49.872],[12.064,49.888],[12.073,49.888],[12.089,49.85],[12.099,49.844],[12.098,49.826],[12.17,49.805],[12.171,49.785],[12.194,49.789],[12.205,49.801],[12.195,49.838],[12.21,49.842],[12.24,49.831],[12.288,49.83],[12.311,49.81],[12.337,49.809],[12.329,49.788],[12.34,49.781],[12.374,49.781],[12.404,49.762],[12.472,49.786],[12.464,49.81],[12.473,49.817],[12.476,49.837],[12.496,49.838],[12.498,49.855],[12.511,49.859],[12.522,49.881],[12.551,49.905],[12.543,49.924],[12.477,49.936],[12.47,49.945],[12.498,49.972],[12.471,49.987],[12.468,49.996],[12.492,49.998],[12.423,50.02],[12.41,50.012],[12.423,50.003],[12.403,50.005],[12.402,50.012],[12.381,50.014],[12.348,50.036],[12.325,50.034],[12.31,50.056],[12.267,50.06],[12.243,50.037],[12.198,50.033],[12.201,50.011],[12.193,49.998],[11.962,49.992],[11.922,49.984],[11.887,49.999],[11.874,50.016],[11.858,50.022],[11.821,50.023],[11.816,50.004],[11.796,50.009],[11.788,49.998],[11.8,49.982],[11.792,49.964],[11.798,49.951],[11.787,49.941],[11.762,49.947],[11.747,49.928],[11.716,49.924],[11.714,49.906],[11.73,49.899],[11.712,49.891],[11.736,49.876],[11.712,49.869],[11.706,49.847],[11.675,49.832],[11.673,49.819],[11.686,49.805],[11.668,49.806],[11.649,49.785],[11.58,49.761],[11.588,49.751],[11.576,49.74],[11.574,49.704],[11.55,49.699]],[[11.734,49.832],[11.765,49.848],[11.776,49.873],[11.763,49.891],[11.774,49.905],[11.804,49.896],[11.812,49.881],[11.811,49.853],[11.834,49.842],[11.833,49.811],[11.789,49.801],[11.767,49.816],[11.738,49.809],[11.734,49.832]]],[[[13.437,48.637],[13.45,48.576],[13.491,48.574],[13.483,48.6],[13.502,48.609],[13.532,48.606],[13.536,48.63],[13.437,48.637]]]]}},{"type":"Feature","properties":{"NAME":"Electorate of Brandenburg","SUBJECTO":"Holy Roman Empire","PARTOF":"Holy Roman Empire","ADMIN_LEVEL":4,"OHM_RELATION_ID":2693973,"START_DATE":"1648-10-24","END_DATE":"1807-07-09"},"geometry":{"type":"MultiPolygon","coordinates":[[[[10.755,52.786],[10.775,52.757],[10.792,52.748],[10.788,52.735],[10.798,52.713],[10.829,52.717],[10.833,52.701],[10.925,52.615],[10.92,52.61],[10.973,52.625],[10.976,52.607],[10.943,52.591],[10.937,52.569],[10.958,52.536],[11.009,52.497],[11.027,52.507],[11.022,52.517],[11.035,52.529],[11.033,52.545],[11.043,52.557],[11.059,52.568],[11.084,52.57],[11.091,52.56],[11.087,52.54],[11.051,52.508],[11.092,52.451],[11.146,52.419],[11.148,52.385],[11.179,52.384],[11.176,52.365],[11.202,52.362],[11.215,52.309],[11.302,52.328],[11.27,52.35],[11.231,52.403],[11.229,52.412],[11.241,52.417],[11.232,52.435],[11.259,52.437],[11.255,52.448],[11.238,52.453],[11.244,52.455],[11.287,52.438],[11.301,52.446],[11.328,52.443],[11.355,52.425],[11.382,52.431],[11.387,52.411],[11.376,52.409],[11.376,52.402],[11.392,52.398],[11.389,52.393],[11.445,52.388],[11.479,52.372],[11.619,52.379],[11.622,52.397],[11.637,52.404],[11.672,52.398],[11.672,52.382],[11.646,52.369],[11.626,52.375],[11.623,52.361],[11.67,52.351],[11.698,52.371],[11.696,52.401],[11.722,52.409],[11.772,52.4],[11.766,52.379],[11.835,52.389],[11.841,52.402],[11.864,52.412],[11.935,52.395],[11.968,52.405],[11.991,52.429],[12.002,52.461],[11.987,52.473],[11.982,52.498],[11.96,52.519],[11.977,52.534],[11.987,52.572],[12.016,52.625],[12.01,52.661],[12.015,52.682],[12.042,52.734],[12.023,52.812],[12.079,52.815],[12.076,52.803],[12.101,52.797],[12.109,52.783],[12.137,52.785],[12.166,52.804],[12.213,52.795],[12.222,52.779],[12.206,52.761],[12.222,52.74],[12.201,52.729],[12.206,52.727],[12.197,52.719],[12.21,52.718],[12.205,52.714],[12.224,52.702],[12.217,52.7],[12.222,52.688],[12.231,52.69],[12.227,52.684],[12.239,52.666],[12.268,52.669],[12.283,52.662],[12.297,52.672],[12.334,52.655],[12.318,52.641],[12.322,52.628],[12.314,52.614],[12.322,52.603],[12.319,52.595],[12.329,52.591],[12.322,52.58],[12.33,52.566],[12.313,52.562],[12.312,52.555],[12.325,52.552],[12.304,52.545],[12.308,52.531],[12.338,52.527],[12.35,52.51],[12.381,52.515],[12.408,52.502],[12.418,52.509],[12.454,52.494],[12.432,52.458],[12.363,52.443],[12.37,52.428],[12.389,52.435],[12.393,52.39],[12.406,52.401],[12.445,52.386],[12.458,52.399],[12.477,52.395],[12.453,52.363],[12.438,52.364],[12.424,52.351],[12.427,52.342],[12.472,52.332],[12.458,52.318],[12.368,52.304],[12.34,52.311],[12.342,52.337],[12.308,52.346],[12.244,52.266],[12.206,52.279],[12.134,52.265],[12.136,52.253],[12.147,52.249],[12.146,52.229],[12.158,52.219],[12.218,52.22],[12.257,52.233],[12.334,52.222],[12.347,52.211],[12.398,52.195],[12.435,52.196],[12.443,52.179],[12.491,52.172],[12.506,52.184],[12.495,52.199],[12.52,52.191],[12.542,52.199],[12.52,52.222],[12.536,52.247],[12.568,52.252],[12.576,52.26],[12.571,52.268],[12.623,52.24],[12.784,52.204],[12.827,52.229],[12.82,52.236],[12.836,52.247],[12.813,52.246],[12.808,52.265],[12.782,52.269],[12.788,52.289],[12.823,52.301],[12.897,52.297],[12.911,52.274],[12.839,52.248],[12.845,52.245],[12.855,52.205],[12.849,52.192],[12.855,52.188],[12.823,52.185],[12.826,52.158],[12.819,52.152],[12.832,52.14],[12.822,52.125],[12.798,52.118],[12.792,52.101],[12.779,52.099],[12.825,52.089],[12.829,52.081],[12.84,52.085],[12.847,52.069],[12.838,52.056],[12.845,52.053],[12.827,52.042],[12.876,52.02],[12.904,52.036],[12.942,52.034],[13.032,51.999],[13.064,52.004],[13.056,52.009],[13.096,52.011],[13.104,52.019],[13.12,52.004],[13.16,51.997],[13.163,52.006],[13.174,52.007],[13.18,52.024],[13.194,52.026],[13.214,52.005],[13.213,51.989],[13.246,51.99],[13.236,51.963],[13.246,51.941],[13.295,51.945],[13.323,51.937],[13.353,51.947],[13.355,51.936],[13.378,51.93],[13.386,51.934],[13.372,51.957],[13.354,51.958],[13.346,51.971],[13.32,51.973],[13.316,51.981],[13.315,51.989],[13.343,51.99],[13.356,51.998],[13.361,52.042],[13.336,52.058],[13.323,52.054],[13.327,52.077],[13.268,52.087],[13.375,52.089],[13.433,52.112],[13.493,52.109],[13.527,52.13],[13.532,52.143],[13.55,52.142],[13.541,52.097],[13.63,52.071],[13.651,52.053],[13.654,52.029],[13.673,52.021],[13.702,52.028],[13.704,52.044],[13.691,52.057],[13.724,52.082],[13.72,52.094],[13.736,52.099],[13.76,52.087],[13.775,52.052],[13.767,52.059],[13.766,52.042],[13.759,52.038],[13.767,52.034],[13.728,52.032],[13.734,52.025],[13.727,52.024],[13.741,52.017],[13.768,52.022],[13.768,52.015],[13.784,52.02],[13.834,51.993],[13.858,51.989],[13.868,51.994],[13.854,52.025],[13.862,52.04],[13.902,52.049],[13.924,52.071],[13.956,52.077],[13.983,52.095],[13.952,52.111],[13.954,52.116],[13.988,52.121],[14.011,52.109],[14.04,52.114],[14.043,52.105],[14.064,52.109],[14.069,52.101],[14.125,52.086],[14.166,52.058],[14.194,52.058],[14.206,52.086],[14.224,52.096],[14.202,52.102],[14.209,52.108],[14.204,52.121],[14.211,52.132],[14.242,52.125],[14.259,52.147],[14.28,52.152],[14.313,52.141],[14.371,52.151],[14.362,52.168],[14.378,52.194],[14.396,52.211],[14.421,52.218],[14.423,52.234],[14.539,52.221],[14.558,52.225],[14.547,52.239],[14.617,52.26],[14.657,52.242],[14.667,52.245],[14.679,52.228],[14.704,52.214],[14.708,52.225],[14.703,52.237],[14.688,52.227],[14.678,52.241],[14.691,52.256],[14.713,52.23],[14.709,52.212],[14.687,52.198],[14.705,52.173],[14.68,52.141],[14.687,52.106],[14.699,52.098],[14.757,52.09],[14.789,52.097],[14.806,52.091],[14.79,52.083],[14.799,52.078],[14.845,52.077],[14.881,52.055],[14.873,52.049],[14.886,52.032],[14.907,52.03],[14.905,51.992],[14.919,51.981],[14.918,51.967],[14.937,51.963],[14.935,51.951],[14.95,51.944],[14.943,51.931],[14.964,51.929],[14.932,51.896],[14.972,51.885],[14.962,51.872],[14.934,51.88],[14.89,51.871],[14.917,51.845],[14.909,51.839],[14.944,51.832],[14.964,51.809],[14.937,51.8],[14.922,51.781],[14.943,51.775],[14.956,51.755],[14.935,51.745],[14.989,51.744],[14.993,51.76],[14.974,51.768],[14.975,51.781],[14.985,51.789],[15.012,51.788],[15.024,51.797],[15.019,51.805],[14.987,51.81],[15.003,51.819],[15,51.832],[15.051,51.837],[15.05,51.847],[15.069,51.866],[15.105,51.862],[15.158,51.883],[15.167,51.871],[15.18,51.869],[15.173,51.858],[15.199,51.857],[15.211,51.861],[15.198,51.897],[15.204,51.9],[15.275,51.904],[15.302,51.926],[15.373,51.935],[15.353,51.966],[15.313,51.975],[15.308,51.964],[15.297,51.962],[15.277,51.974],[15.282,51.982],[15.261,52.011],[15.278,52.022],[15.27,52.034],[15.276,52.039],[15.265,52.063],[15.271,52.067],[15.285,52.056],[15.302,52.063],[15.329,52.049],[15.32,52.009],[15.406,51.997],[15.435,52.006],[15.44,52.018],[15.462,52.017],[15.495,52.037],[15.518,52.037],[15.511,52.029],[15.516,52.028],[15.532,52.035],[15.544,52.027],[15.547,52.033],[15.556,52.026],[15.565,52.034],[15.573,52.027],[15.57,52.034],[15.588,52.033],[15.585,52.026],[15.595,52.028],[15.61,52.007],[15.65,52.007],[15.662,51.999],[15.689,52.002],[15.713,52.015],[15.77,52.02],[15.794,52.033],[15.81,52.065],[15.791,52.074],[15.783,52.093],[15.741,52.099],[15.739,52.112],[15.756,52.115],[15.766,52.127],[15.756,52.147],[15.723,52.169],[15.671,52.161],[15.663,52.176],[15.576,52.152],[15.556,52.164],[15.531,52.161],[15.464,52.136],[15.456,52.122],[15.398,52.115],[15.364,52.115],[15.306,52.131],[15.293,52.149],[15.314,52.2],[15.286,52.214],[15.274,52.238],[15.304,52.258],[15.332,52.295],[15.398,52.315],[15.359,52.333],[15.378,52.348],[15.399,52.343],[15.412,52.355],[15.481,52.346],[15.497,52.361],[15.455,52.36],[15.455,52.368],[15.442,52.368],[15.436,52.376],[15.456,52.39],[15.416,52.41],[15.415,52.438],[15.395,52.455],[15.378,52.456],[15.348,52.442],[15.325,52.455],[15.317,52.43],[15.274,52.412],[15.231,52.416],[15.248,52.429],[15.224,52.439],[15.227,52.449],[15.299,52.462],[15.304,52.473],[15.266,52.485],[15.266,52.492],[15.291,52.497],[15.275,52.508],[15.276,52.53],[15.357,52.536],[15.348,52.604],[15.372,52.643],[15.398,52.658],[15.414,52.656],[15.418,52.646],[15.431,52.649],[15.439,52.636],[15.462,52.636],[15.507,52.652],[15.501,52.666],[15.514,52.696],[15.568,52.697],[15.604,52.714],[15.634,52.701],[15.739,52.713],[15.78,52.7],[15.795,52.709],[15.902,52.714],[15.945,52.729],[15.947,52.755],[15.925,52.784],[15.939,52.786],[15.934,52.8],[15.957,52.81],[15.952,52.833],[15.975,52.846],[15.966,52.854],[15.99,52.866],[15.969,52.898],[15.981,52.912],[15.973,52.93],[15.981,52.934],[15.961,52.956],[15.961,52.971],[15.946,52.972],[15.956,52.976],[15.95,52.999],[15.957,53.032],[15.952,53.034],[15.974,53.051],[15.972,53.057],[15.988,53.055],[15.985,53.064],[15.997,53.083],[15.981,53.097],[15.982,53.115],[16,53.135],[16.032,53.151],[16.03,53.164],[16.016,53.178],[16.048,53.189],[16.062,53.204],[16.061,53.245],[16.118,53.263],[16.142,53.286],[16.07,53.291],[16.064,53.295],[16.069,53.311],[16.046,53.311],[16.052,53.318],[16.023,53.312],[15.999,53.316],[15.97,53.299],[15.969,53.315],[15.917,53.327],[15.915,53.36],[15.956,53.365],[16.022,53.403],[16.043,53.392],[16.051,53.364],[16.08,53.376],[16.151,53.376],[16.217,53.396],[16.319,53.407],[16.366,53.426],[16.317,53.478],[16.281,53.479],[16.278,53.492],[16.253,53.504],[16.254,53.515],[16.233,53.532],[16.198,53.519],[16.183,53.524],[16.167,53.519],[16.132,53.525],[16.133,53.532],[16.101,53.542],[16.121,53.552],[16.06,53.542],[16.073,53.554],[16.07,53.565],[16.057,53.566],[16.053,53.577],[16.075,53.576],[16.075,53.588],[16.082,53.59],[16.072,53.602],[16.1,53.608],[16.105,53.628],[16.064,53.646],[16.059,53.658],[16.027,53.662],[16.034,53.712],[16.025,53.722],[15.981,53.725],[15.963,53.714],[15.976,53.697],[15.964,53.685],[15.938,53.682],[15.934,53.672],[15.908,53.674],[15.903,53.693],[15.883,53.713],[15.897,53.735],[15.886,53.748],[15.888,53.767],[15.897,53.774],[15.867,53.8],[15.836,53.805],[15.83,53.817],[15.891,53.832],[15.86,53.873],[15.865,53.885],[15.839,53.901],[15.822,53.899],[15.815,53.908],[15.798,53.903],[15.803,53.896],[15.787,53.891],[15.768,53.899],[15.733,53.898],[15.732,53.877],[15.717,53.869],[15.671,53.88],[15.578,53.868],[15.572,53.887],[15.531,53.891],[15.531,53.872],[15.541,53.867],[15.537,53.857],[15.555,53.848],[15.562,53.835],[15.555,53.82],[15.562,53.8],[15.597,53.76],[15.627,53.749],[15.699,53.688],[15.79,53.66],[15.788,53.652],[15.798,53.643],[15.773,53.636],[15.772,53.627],[15.781,53.624],[15.774,53.615],[15.822,53.603],[15.78,53.566],[15.76,53.563],[15.722,53.493],[15.598,53.531],[15.577,53.517],[15.548,53.53],[15.546,53.542],[15.565,53.55],[15.543,53.559],[15.499,53.548],[15.517,53.513],[15.459,53.504],[15.424,53.509],[15.429,53.496],[15.365,53.484],[15.366,53.464],[15.377,53.46],[15.369,53.451],[15.385,53.444],[15.364,53.424],[15.383,53.414],[15.423,53.421],[15.461,53.419],[15.478,53.405],[15.544,53.405],[15.539,53.412],[15.594,53.397],[15.593,53.385],[15.573,53.38],[15.573,53.364],[15.509,53.355],[15.553,53.316],[15.546,53.27],[15.491,53.237],[15.458,53.233],[15.37,53.252],[15.362,53.241],[15.352,53.209],[15.379,53.202],[15.362,53.142],[15.341,53.118],[15.404,53.094],[15.398,53.091],[15.408,53.083],[15.391,53.067],[15.421,53.052],[15.429,53.033],[15.458,53.01],[15.443,52.99],[15.412,52.98],[15.395,53.001],[15.356,52.997],[15.375,52.977],[15.282,52.965],[15.247,52.995],[15.228,53.029],[15.205,53.03],[15.207,53.053],[15.219,53.076],[15.199,53.085],[15.158,53.06],[15.14,53.028],[15.082,53.04],[15.067,53.059],[15.025,53.053],[15.009,53.074],[15.031,53.08],[15.034,53.093],[15.05,53.094],[15.041,53.113],[15.008,53.113],[15.001,53.095],[14.969,53.087],[14.963,53.095],[14.922,53.097],[14.908,53.118],[14.887,53.119],[14.85,53.103],[14.855,53.071],[14.81,53.042],[14.81,53.033],[14.821,53.032],[14.816,53.018],[14.734,53.035],[14.647,52.981],[14.563,52.977],[14.521,52.963],[14.463,52.993],[14.44,52.991],[14.444,52.996],[14.427,52.998],[14.428,53.022],[14.371,53.039],[14.356,53.065],[14.347,53.065],[14.34,53.075],[14.354,53.079],[14.348,53.089],[14.358,53.102],[14.353,53.104],[14.367,53.11],[14.357,53.111],[14.364,53.113],[14.362,53.124],[14.371,53.136],[14.359,53.152],[14.325,53.155],[14.296,53.186],[14.264,53.121],[14.228,53.13],[14.183,53.151],[14.121,53.164],[14.093,53.222],[14.107,53.281],[14.207,53.344],[14.227,53.364],[14.244,53.394],[14.242,53.422],[14.23,53.434],[14.286,53.449],[14.306,53.472],[14.305,53.486],[14.265,53.491],[14.225,53.474],[14.18,53.472],[14.164,53.488],[14.166,53.514],[14.142,53.508],[14.105,53.52],[14.039,53.496],[14.038,53.481],[14.024,53.466],[13.953,53.491],[13.974,53.499],[13.894,53.514],[13.893,53.499],[13.879,53.502],[13.898,53.533],[13.883,53.542],[13.902,53.569],[13.868,53.581],[13.795,53.559],[13.79,53.566],[13.821,53.587],[13.808,53.595],[13.776,53.597],[13.771,53.607],[13.769,53.604],[13.766,53.593],[13.759,53.589],[13.758,53.588],[13.726,53.572],[13.719,53.561],[13.725,53.543],[13.721,53.542],[13.721,53.541],[13.68,53.532],[13.683,53.524],[13.681,53.522],[13.681,53.521],[13.679,53.52],[13.671,53.513],[13.67,53.511],[13.694,53.509],[13.687,53.491],[13.708,53.479],[13.705,53.478],[13.707,53.476],[13.663,53.455],[13.64,53.433],[13.615,53.438],[13.592,53.428],[13.598,53.413],[13.55,53.4],[13.552,53.394],[13.556,53.393],[13.556,53.377],[13.543,53.364],[13.527,53.367],[13.516,53.352],[13.525,53.351],[13.524,53.349],[13.526,53.348],[13.524,53.32],[13.511,53.318],[13.506,53.323],[13.503,53.324],[13.503,53.323],[13.507,53.316],[13.483,53.291],[13.464,53.289],[13.457,53.298],[13.438,53.299],[13.437,53.298],[13.438,53.291],[13.442,53.286],[13.437,53.286],[13.407,53.259],[13.403,53.246],[13.395,53.245],[13.391,53.245],[13.389,53.243],[13.387,53.245],[13.385,53.245],[13.362,53.276],[13.355,53.277],[13.337,53.273],[13.296,53.279],[13.276,53.265],[13.243,53.262],[13.232,53.254],[13.23,53.249],[13.242,53.255],[13.251,53.247],[13.23,53.216],[13.206,53.22],[13.206,53.221],[13.203,53.221],[13.182,53.249],[13.174,53.25],[13.14,53.243],[13.133,53.239],[13.107,53.236],[13.106,53.215],[13.119,53.204],[13.12,53.203],[13.116,53.192],[13.119,53.187],[13.149,53.19],[13.198,53.171],[13.187,53.159],[13.194,53.155],[13.196,53.137],[13.198,53.131],[13.205,53.126],[13.235,53.115],[13.282,53.138],[13.283,53.138],[13.31,53.122],[13.311,53.121],[13.312,53.119],[13.326,53.1],[13.349,53.096],[13.354,53.091],[13.363,53.088],[13.367,53.082],[13.365,53.08],[13.366,53.079],[13.359,53.077],[13.35,53.071],[13.326,53.067],[13.305,53.06],[13.284,53.059],[13.253,53.053],[13.234,53.056],[13.213,53.063],[13.204,53.077],[13.197,53.078],[13.183,53.075],[13.16,53.082],[13.146,53.101],[13.131,53.094],[13.11,53.098],[13.106,53.099],[13.104,53.113],[13.114,53.127],[13.118,53.126],[13.127,53.135],[13.129,53.14],[13.099,53.151],[13.097,53.162],[13.089,53.164],[13.078,53.162],[13.058,53.157],[13.056,53.158],[13.055,53.158],[13.044,53.168],[13.025,53.184],[13.022,53.182],[13.02,53.175],[13.011,53.172],[13.005,53.167],[12.991,53.166],[12.98,53.163],[12.972,53.165],[12.97,53.165],[12.97,53.166],[12.968,53.166],[12.965,53.176],[12.944,53.172],[12.953,53.177],[12.944,53.175],[12.974,53.19],[12.976,53.194],[12.97,53.198],[12.937,53.194],[12.942,53.186],[12.922,53.189],[12.925,53.191],[12.917,53.194],[12.88,53.179],[12.859,53.188],[12.855,53.195],[12.856,53.196],[12.855,53.197],[12.853,53.196],[12.842,53.2],[12.764,53.189],[12.739,53.2],[12.745,53.204],[12.755,53.217],[12.756,53.222],[12.714,53.226],[12.691,53.226],[12.695,53.228],[12.691,53.228],[12.688,53.227],[12.682,53.229],[12.671,53.23],[12.669,53.233],[12.664,53.235],[12.667,53.236],[12.665,53.239],[12.673,53.246],[12.669,53.249],[12.668,53.248],[12.648,53.255],[12.606,53.244],[12.602,53.245],[12.601,53.245],[12.529,53.265],[12.45,53.251],[12.446,53.251],[12.444,53.253],[12.435,53.257],[12.427,53.275],[12.392,53.285],[12.395,53.301],[12.298,53.327],[12.257,53.325],[12.236,53.342],[12.235,53.345],[12.222,53.357],[12.188,53.352],[12.187,53.344],[12.169,53.339],[12.152,53.362],[12.135,53.349],[12.108,53.347],[12.109,53.344],[12.082,53.346],[12.077,53.369],[12.033,53.392],[12.021,53.394],[12.012,53.389],[12,53.381],[12.011,53.366],[12.002,53.354],[11.984,53.351],[11.986,53.345],[11.987,53.344],[12.002,53.347],[12.003,53.338],[12.014,53.334],[12.014,53.333],[12.016,53.333],[12.024,53.304],[12.019,53.299],[12.005,53.3],[12,53.326],[11.991,53.328],[11.978,53.309],[11.991,53.298],[11.974,53.298],[11.954,53.274],[11.952,53.274],[11.951,53.273],[11.893,53.279],[11.862,53.249],[11.807,53.25],[11.834,53.232],[11.728,53.217],[11.723,53.231],[11.719,53.233],[11.707,53.234],[11.696,53.244],[11.627,53.241],[11.59,53.217],[11.539,53.201],[11.516,53.18],[11.457,53.172],[11.438,53.156],[11.436,53.152],[11.415,53.137],[11.395,53.14],[11.392,53.13],[11.401,53.116],[11.394,53.112],[11.393,53.112],[11.391,53.111],[11.29,53.117],[11.274,53.122],[11.269,53.122],[11.271,53.099],[11.338,53.056],[11.448,53.079],[11.505,53.049],[11.548,53.052],[11.569,53.04],[11.557,52.999],[11.526,53.008],[11.509,53.003],[11.493,52.96],[11.505,52.941],[11.47,52.939],[11.41,52.906],[11.295,52.875],[11.288,52.888],[11.239,52.879],[11.22,52.898],[11.158,52.906],[11.111,52.896],[11.097,52.898],[11.092,52.913],[11.001,52.912],[10.989,52.9],[10.985,52.882],[10.968,52.879],[10.94,52.853],[10.895,52.856],[10.885,52.846],[10.864,52.855],[10.765,52.842],[10.772,52.834],[10.759,52.821],[10.762,52.802],[10.755,52.786]],[[11.105,52.614],[11.151,52.655],[11.185,52.651],[11.197,52.673],[11.229,52.664],[11.236,52.656],[11.236,52.631],[11.256,52.627],[11.234,52.611],[11.233,52.602],[11.227,52.604],[11.232,52.589],[11.285,52.568],[11.268,52.555],[11.228,52.544],[11.209,52.572],[11.179,52.582],[11.155,52.574],[11.142,52.592],[11.105,52.614]],[[11.116,52.546],[11.143,52.554],[11.174,52.546],[11.173,52.527],[11.16,52.525],[11.116,52.546]],[[11.246,52.672],[11.282,52.683],[11.29,52.699],[11.299,52.697],[11.291,52.669],[11.295,52.655],[11.285,52.647],[11.275,52.643],[11.26,52.65],[11.264,52.656],[11.25,52.656],[11.246,52.672]],[[12.456,52.263],[12.52,52.262],[12.54,52.254],[12.519,52.258],[12.496,52.231],[12.475,52.228],[12.458,52.242],[12.464,52.254],[12.456,52.263]],[[12.5,52.984],[12.504,52.987],[12.503,52.988],[12.531,53.007],[12.565,53],[12.622,53.014],[12.624,53.013],[12.631,53.015],[12.653,53.003],[12.652,53.002],[12.655,53.001],[12.646,52.995],[12.632,52.98],[12.619,52.979],[12.615,52.976],[12.583,52.975],[12.56,52.972],[12.541,52.96],[12.518,52.963],[12.516,52.967],[12.515,52.967],[12.5,52.984]],[[12.54,53.053],[12.553,53.064],[12.562,53.097],[12.564,53.097],[12.564,53.099],[12.568,53.098],[12.574,53.099],[12.603,53.09],[12.627,53.07],[12.626,53.068],[12.627,53.067],[12.608,53.027],[12.595,53.029],[12.596,53.031],[12.594,53.031],[12.598,53.035],[12.56,53.032],[12.543,53.039],[12.55,53.047],[12.541,53.052],[12.54,53.053]],[[13.082,52.196],[13.095,52.217],[13.128,52.237],[13.132,52.223],[13.124,52.218],[13.144,52.203],[13.14,52.191],[13.082,52.196]],[[14.237,53.458],[14.257,53.483],[14.276,53.484],[14.282,53.468],[14.274,53.461],[14.241,53.455],[14.237,53.458]]],[[[11.132,52.287],[11.167,52.257],[11.177,52.238],[11.207,52.23],[11.234,52.204],[11.219,52.185],[11.303,52.201],[11.284,52.229],[11.261,52.229],[11.258,52.245],[11.186,52.273],[11.171,52.294],[11.156,52.302],[11.132,52.287]]],[[[11.286,52.361],[11.304,52.343],[11.31,52.353],[11.329,52.351],[11.331,52.363],[11.318,52.367],[11.286,52.361]]],[[[11.812,52.216],[11.843,52.206],[11.858,52.182],[11.893,52.172],[11.928,52.182],[11.927,52.198],[11.993,52.199],[11.993,52.215],[11.951,52.217],[11.945,52.234],[11.971,52.247],[11.947,52.27],[11.916,52.28],[11.869,52.258],[11.87,52.249],[11.847,52.229],[11.825,52.229],[11.812,52.216]]],[[[12.062,52.212],[12.1,52.207],[12.121,52.226],[12.094,52.233],[12.07,52.23],[12.062,52.212]]],[[[12.073,52.17],[12.097,52.167],[12.113,52.147],[12.109,52.124],[12.149,52.146],[12.142,52.159],[12.166,52.151],[12.183,52.168],[12.127,52.188],[12.073,52.17]]],[[[12.652,51.998],[12.662,51.999],[12.672,51.983],[12.714,51.974],[12.73,51.989],[12.655,52.012],[12.652,51.998]]],[[[12.931,51.972],[12.934,51.962],[12.965,51.957],[12.97,51.975],[12.931,51.972]]],[[[13.035,53.192],[13.058,53.18],[13.067,53.185],[13.077,53.192],[13.072,53.2],[13.035,53.192]]],[[[13.221,51.858],[13.228,51.838],[13.258,51.82],[13.285,51.825],[13.304,51.819],[13.31,51.828],[13.298,51.839],[13.311,51.842],[13.306,51.859],[13.274,51.872],[13.269,51.895],[13.23,51.895],[13.232,51.869],[13.221,51.858]]],[[[13.704,51.903],[13.728,51.891],[13.737,51.907],[13.715,51.906],[13.704,51.903]]],[[[13.785,51.901],[13.835,51.898],[13.835,51.912],[13.818,51.929],[13.786,51.916],[13.785,51.901]]],[[[13.792,51.867],[13.807,51.84],[13.84,51.836],[13.843,51.849],[13.827,51.857],[13.833,51.862],[13.825,51.878],[13.792,51.867]]],[[[13.883,51.861],[13.89,51.839],[13.911,51.84],[13.906,51.863],[13.883,51.861]]],[[[13.892,51.814],[13.901,51.808],[13.919,51.819],[13.905,51.823],[13.892,51.814]]],[[[13.97,51.827],[13.986,51.822],[14.001,51.829],[13.972,51.836],[13.97,51.827]]],[[[13.998,51.736],[14.015,51.717],[14.034,51.723],[14.029,51.737],[14.01,51.741],[13.998,51.736]]],[[[14.032,51.699],[14.047,51.679],[14.056,51.693],[14.105,51.699],[14.108,51.721],[14.076,51.721],[14.067,51.71],[14.032,51.699]]],[[[14.069,51.612],[14.084,51.572],[14.132,51.569],[14.157,51.592],[14.188,51.59],[14.197,51.608],[14.232,51.625],[14.24,51.64],[14.219,51.651],[14.184,51.647],[14.181,51.668],[14.206,51.666],[14.223,51.681],[14.265,51.669],[14.269,51.651],[14.295,51.652],[14.299,51.644],[14.322,51.638],[14.392,51.649],[14.401,51.643],[14.429,51.66],[14.442,51.66],[14.462,51.641],[14.486,51.651],[14.559,51.651],[14.566,51.666],[14.583,51.667],[14.583,51.68],[14.533,51.692],[14.537,51.711],[14.512,51.722],[14.511,51.74],[14.552,51.736],[14.575,51.75],[14.556,51.748],[14.506,51.783],[14.556,51.793],[14.563,51.814],[14.542,51.824],[14.548,51.851],[14.593,51.877],[14.585,51.888],[14.552,51.896],[14.545,51.921],[14.525,51.931],[14.531,51.951],[14.542,51.957],[14.494,51.955],[14.47,51.969],[14.452,51.963],[14.428,51.941],[14.38,51.932],[14.319,51.935],[14.223,51.904],[14.225,51.889],[14.215,51.869],[14.181,51.865],[14.174,51.857],[14.134,51.871],[14.084,51.875],[14.073,51.827],[14.104,51.824],[14.124,51.799],[14.101,51.754],[14.111,51.74],[14.139,51.74],[14.149,51.716],[14.164,51.706],[14.163,51.675],[14.159,51.671],[14.164,51.639],[14.127,51.641],[14.118,51.663],[14.107,51.664],[14.099,51.629],[14.085,51.622],[14.086,51.615],[14.069,51.612]],[[14.176,51.753],[14.181,51.768],[14.2,51.763],[14.208,51.753],[14.183,51.744],[14.176,51.753]],[[14.192,51.684],[14.192,51.716],[14.222,51.706],[14.218,51.693],[14.192,51.684]],[[14.232,51.786],[14.238,51.796],[14.275,51.793],[14.282,51.782],[14.258,51.778],[14.255,51.767],[14.238,51.768],[14.232,51.786]],[[14.287,51.725],[14.333,51.717],[14.325,51.698],[14.293,51.707],[14.287,51.725]]],[[[14.227,51.581],[14.266,51.577],[14.268,51.538],[14.309,51.545],[14.301,51.577],[14.332,51.581],[14.321,51.606],[14.283,51.603],[14.278,51.613],[14.24,51.615],[14.235,51.61],[14.227,51.581]]],[[[14.274,51.627],[14.29,51.618],[14.314,51.622],[14.301,51.638],[14.274,51.627]]],[[[14.367,52.12],[14.401,52.095],[14.418,52.093],[14.432,52.101],[14.416,52.115],[14.383,52.123],[14.367,52.12]]],[[[14.619,51.912],[14.629,51.892],[14.668,51.899],[14.662,51.919],[14.619,51.912]]],[[[14.682,51.981],[14.702,51.979],[14.715,51.997],[14.687,51.997],[14.682,51.981]]],[[[14.739,53.082],[14.748,53.068],[14.79,53.079],[14.791,53.096],[14.771,53.116],[14.741,53.111],[14.739,53.082]]],[[[15.18,53.129],[15.189,53.116],[15.214,53.117],[15.23,53.133],[15.217,53.147],[15.19,53.142],[15.18,53.129]]],[[[16.198,53.321],[16.219,53.301],[16.213,53.291],[16.249,53.285],[16.253,53.278],[16.262,53.294],[16.276,53.294],[16.254,53.324],[16.3,53.319],[16.285,53.339],[16.275,53.342],[16.275,53.353],[16.252,53.359],[16.231,53.36],[16.21,53.351],[16.207,53.341],[16.221,53.333],[16.198,53.321]]],[[[16.359,53.517],[16.384,53.495],[16.396,53.469],[16.471,53.483],[16.49,53.48],[16.496,53.491],[16.473,53.518],[16.503,53.545],[16.469,53.532],[16.359,53.517]]]]}},{"type":"Feature","properties":{"NAME":"Electorate of Cologne","SUBJECTO":"Holy Roman Empire","PARTOF":"Holy Roman Empire","ADMIN_LEVEL":4,"OHM_RELATION_ID":2831106,"START_DATE":"1449-06-05","END_DATE":"1797-10-17"},"geometry":{"type":"MultiPolygon","coordinates":[[[[7.793,51.27],[7.865,51.245],[7.898,51.254],[7.931,51.246],[7.951,51.229],[7.951,51.22],[7.931,51.21],[7.941,51.182],[7.948,51.179],[7.93,51.17],[7.909,51.183],[7.888,51.164],[7.835,51.163],[7.8,51.149],[7.836,51.129],[7.82,51.111],[7.826,51.107],[7.821,51.075],[7.787,51.08],[7.714,51.073],[7.702,51.063],[7.73,51.04],[7.734,51.026],[7.726,51],[7.749,50.978],[7.783,50.976],[7.791,50.954],[7.786,50.94],[7.845,50.931],[7.857,50.918],[7.88,50.925],[7.897,50.919],[7.922,50.932],[7.928,50.95],[7.923,50.959],[7.938,50.967],[7.941,50.978],[7.934,50.991],[7.938,51.007],[7.955,51.029],[7.999,51.033],[8.022,51.042],[8.022,51.026],[8.043,51.005],[8.066,51.007],[8.08,51.023],[8.098,51.025],[8.13,51.023],[8.169,51.007],[8.177,51.02],[8.215,51.022],[8.228,51.046],[8.246,51.058],[8.221,51.091],[8.227,51.1],[8.278,51.103],[8.341,51.093],[8.483,51.17],[8.507,51.161],[8.492,51.154],[8.489,51.142],[8.506,51.126],[8.546,51.114],[8.549,51.103],[8.653,51.095],[8.715,51.109],[8.719,51.113],[8.696,51.124],[8.694,51.136],[8.758,51.177],[8.75,51.181],[8.749,51.198],[8.768,51.209],[8.741,51.219],[8.727,51.25],[8.737,51.261],[8.721,51.275],[8.692,51.277],[8.68,51.268],[8.628,51.261],[8.611,51.247],[8.595,51.247],[8.556,51.277],[8.623,51.337],[8.653,51.34],[8.659,51.354],[8.679,51.36],[8.681,51.373],[8.73,51.372],[8.804,51.391],[8.837,51.388],[8.854,51.377],[8.89,51.392],[8.937,51.388],[8.943,51.412],[8.95,51.412],[8.949,51.425],[8.919,51.43],[8.913,51.459],[8.894,51.471],[8.889,51.488],[8.871,51.491],[8.859,51.488],[8.864,51.479],[8.849,51.469],[8.769,51.448],[8.752,51.466],[8.72,51.46],[8.654,51.481],[8.604,51.485],[8.57,51.468],[8.551,51.468],[8.52,51.491],[8.512,51.53],[8.485,51.534],[8.489,51.539],[8.473,51.565],[8.482,51.566],[8.475,51.573],[8.495,51.588],[8.508,51.586],[8.512,51.595],[8.578,51.619],[8.587,51.617],[8.573,51.659],[8.552,51.67],[8.46,51.689],[8.429,51.669],[8.385,51.69],[8.374,51.685],[8.379,51.672],[8.367,51.66],[8.376,51.656],[8.374,51.646],[8.346,51.642],[8.33,51.646],[8.309,51.671],[8.291,51.675],[8.25,51.66],[8.094,51.663],[8.058,51.656],[8.005,51.67],[8.019,51.643],[8.041,51.635],[8.196,51.634],[8.205,51.609],[8.229,51.602],[8.239,51.582],[8.228,51.559],[8.247,51.545],[8.247,51.53],[8.223,51.52],[8.196,51.533],[8.053,51.522],[8.029,51.526],[8.023,51.536],[7.985,51.531],[7.986,51.548],[7.998,51.563],[7.976,51.588],[7.953,51.582],[7.941,51.588],[7.941,51.614],[7.927,51.628],[7.914,51.614],[7.913,51.578],[7.865,51.571],[7.84,51.553],[7.833,51.534],[7.838,51.531],[7.837,51.508],[7.854,51.487],[7.849,51.48],[7.795,51.468],[7.696,51.474],[7.702,51.456],[7.692,51.433],[7.677,51.425],[7.692,51.42],[7.706,51.397],[7.755,51.417],[7.792,51.417],[7.812,51.401],[7.848,51.389],[7.852,51.383],[7.839,51.361],[7.819,51.349],[7.781,51.344],[7.772,51.33],[7.778,51.308],[7.812,51.287],[7.802,51.285],[7.801,51.273],[7.793,51.27]]],[[[6.973,50.917],[6.97,50.924],[6.933,50.919],[6.928,50.95],[6.961,50.964],[6.976,50.955],[6.984,50.958],[6.997,50.967],[6.995,50.977],[6.966,50.989],[6.964,51.006],[6.915,51.018],[6.913,51.03],[6.925,51.05],[6.854,51.077],[6.854,51.087],[6.883,51.104],[6.848,51.132],[6.854,51.159],[6.838,51.161],[6.813,51.143],[6.801,51.143],[6.792,51.15],[6.797,51.172],[6.792,51.181],[6.747,51.18],[6.731,51.187],[6.723,51.225],[6.76,51.219],[6.766,51.237],[6.703,51.268],[6.704,51.278],[6.731,51.304],[6.733,51.318],[6.71,51.334],[6.655,51.352],[6.656,51.362],[6.672,51.369],[6.663,51.376],[6.645,51.383],[6.615,51.376],[6.614,51.398],[6.578,51.4],[6.569,51.416],[6.509,51.396],[6.482,51.406],[6.472,51.426],[6.439,51.415],[6.426,51.425],[6.392,51.422],[6.378,51.402],[6.35,51.394],[6.359,51.374],[6.355,51.35],[6.382,51.292],[6.469,51.257],[6.504,51.254],[6.482,51.232],[6.476,51.208],[6.497,51.202],[6.517,51.211],[6.495,51.182],[6.455,51.176],[6.419,51.16],[6.426,51.126],[6.491,51.131],[6.519,51.113],[6.556,51.116],[6.57,51.095],[6.583,51.092],[6.59,51.101],[6.653,51.119],[6.658,51.125],[6.652,51.14],[6.698,51.166],[6.705,51.128],[6.696,51.121],[6.701,51.113],[6.724,51.111],[6.714,51.101],[6.712,51.075],[6.679,51.074],[6.669,51.081],[6.654,51.074],[6.641,51.045],[6.584,51.036],[6.559,51.047],[6.537,51.04],[6.574,50.993],[6.566,50.978],[6.585,50.965],[6.632,50.985],[6.669,50.982],[6.735,51.014],[6.769,51.014],[6.832,51.029],[6.832,51.019],[6.819,51.01],[6.823,50.99],[6.792,50.981],[6.774,50.953],[6.749,50.944],[6.754,50.933],[6.776,50.929],[6.792,50.915],[6.875,50.911],[6.875,50.901],[6.836,50.885],[6.828,50.869],[6.811,50.863],[6.766,50.873],[6.739,50.869],[6.693,50.845],[6.691,50.838],[6.7,50.829],[6.679,50.817],[6.674,50.803],[6.688,50.796],[6.676,50.788],[6.719,50.747],[6.709,50.738],[6.718,50.719],[6.749,50.709],[6.787,50.718],[6.79,50.74],[6.768,50.755],[6.776,50.76],[6.804,50.757],[6.815,50.769],[6.861,50.77],[6.875,50.763],[6.871,50.73],[6.902,50.72],[6.912,50.709],[6.899,50.697],[6.913,50.678],[6.909,50.673],[6.938,50.674],[6.936,50.654],[6.917,50.643],[6.936,50.619],[6.935,50.604],[6.956,50.604],[6.968,50.596],[7.042,50.602],[7.091,50.634],[7.122,50.608],[7.157,50.622],[7.167,50.618],[7.221,50.657],[7.231,50.693],[7.217,50.7],[7.171,50.698],[7.158,50.713],[7.135,50.72],[7.157,50.745],[7.125,50.774],[7.103,50.762],[7.067,50.771],[7.032,50.79],[7.024,50.819],[6.983,50.83],[6.983,50.844],[7.051,50.88],[7.042,50.892],[6.996,50.896],[6.973,50.917]],[[6.515,51.37],[6.575,51.351],[6.594,51.322],[6.549,51.309],[6.53,51.325],[6.531,51.338],[6.513,51.351],[6.508,51.36],[6.515,51.37]]],[[[7.485,50.598],[7.478,50.608],[7.451,50.618],[7.482,50.626],[7.474,50.635],[7.482,50.641],[7.486,50.668],[7.47,50.673],[7.439,50.712],[7.373,50.718],[7.359,50.699],[7.372,50.682],[7.369,50.671],[7.356,50.665],[7.356,50.648],[7.257,50.624],[7.216,50.627],[7.211,50.597],[7.22,50.584],[7.264,50.575],[7.288,50.548],[7.333,50.556],[7.346,50.551],[7.342,50.536],[7.365,50.525],[7.394,50.524],[7.396,50.533],[7.414,50.539],[7.411,50.547],[7.419,50.556],[7.432,50.556],[7.423,50.567],[7.431,50.573],[7.476,50.576],[7.471,50.597],[7.485,50.598]]],[[[6.811,50.381],[6.799,50.363],[6.831,50.362],[6.828,50.357],[6.859,50.323],[6.872,50.319],[6.922,50.333],[6.943,50.331],[6.949,50.326],[6.943,50.316],[6.979,50.308],[6.988,50.31],[6.989,50.319],[7.034,50.334],[7.01,50.348],[6.979,50.351],[7.007,50.369],[7.007,50.384],[7.042,50.389],[7.046,50.393],[7.04,50.405],[7.056,50.413],[7.059,50.427],[7.102,50.434],[7.131,50.45],[7.16,50.449],[7.162,50.441],[7.148,50.44],[7.161,50.43],[7.141,50.432],[7.136,50.426],[7.179,50.417],[7.123,50.384],[7.163,50.384],[7.189,50.365],[7.201,50.37],[7.202,50.391],[7.228,50.412],[7.285,50.436],[7.304,50.425],[7.312,50.436],[7.345,50.431],[7.381,50.409],[7.383,50.391],[7.396,50.387],[7.407,50.394],[7.438,50.392],[7.461,50.405],[7.477,50.405],[7.48,50.412],[7.457,50.419],[7.437,50.443],[7.394,50.444],[7.373,50.454],[7.303,50.512],[7.286,50.54],[7.267,50.536],[7.261,50.518],[7.201,50.493],[7.176,50.511],[7.091,50.504],[7.09,50.537],[7.036,50.559],[6.954,50.552],[6.897,50.537],[6.874,50.519],[6.825,50.517],[6.807,50.503],[6.803,50.471],[6.825,50.456],[6.867,50.456],[6.86,50.43],[6.84,50.42],[6.833,50.412],[6.834,50.396],[6.814,50.393],[6.811,50.381]]],[[[6.558,51.579],[6.548,51.589],[6.545,51.614],[6.555,51.621],[6.554,51.628],[6.535,51.633],[6.515,51.626],[6.498,51.613],[6.488,51.59],[6.47,51.578],[6.481,51.569],[6.47,51.557],[6.484,51.544],[6.479,51.532],[6.455,51.53],[6.462,51.512],[6.478,51.513],[6.485,51.488],[6.527,51.463],[6.558,51.478],[6.561,51.496],[6.574,51.505],[6.568,51.517],[6.613,51.521],[6.63,51.541],[6.625,51.55],[6.574,51.55],[6.572,51.569],[6.558,51.579]]],[[[6.525,50.484],[6.593,50.464],[6.607,50.451],[6.636,50.484],[6.655,50.479],[6.665,50.489],[6.66,50.503],[6.646,50.502],[6.643,50.52],[6.679,50.546],[6.712,50.555],[6.676,50.575],[6.708,50.603],[6.706,50.611],[6.623,50.639],[6.614,50.613],[6.604,50.603],[6.585,50.601],[6.584,50.59],[6.596,50.573],[6.638,50.587],[6.641,50.568],[6.618,50.561],[6.609,50.55],[6.546,50.551],[6.557,50.541],[6.552,50.532],[6.557,50.52],[6.566,50.514],[6.556,50.498],[6.525,50.484]]],[[[6.594,50.715],[6.616,50.687],[6.601,50.684],[6.605,50.673],[6.647,50.666],[6.678,50.695],[6.675,50.713],[6.64,50.732],[6.62,50.73],[6.617,50.714],[6.594,50.715]]],[[[6.902,51.636],[6.868,51.631],[6.869,51.62],[6.851,51.608],[6.866,51.597],[6.836,51.581],[6.868,51.568],[6.86,51.557],[6.878,51.544],[6.857,51.505],[6.867,51.493],[6.971,51.508],[7.005,51.534],[7.022,51.521],[7.124,51.552],[7.216,51.561],[7.296,51.597],[7.344,51.593],[7.359,51.582],[7.372,51.591],[7.397,51.587],[7.459,51.614],[7.465,51.63],[7.444,51.65],[7.444,51.66],[7.348,51.684],[7.343,51.7],[7.332,51.696],[7.307,51.711],[7.301,51.706],[7.296,51.717],[7.265,51.727],[7.265,51.72],[7.246,51.718],[7.194,51.735],[7.045,51.685],[7.011,51.666],[6.961,51.664],[6.958,51.654],[6.902,51.636]]],[[[9.155,51.443],[9.137,51.449],[9.089,51.447],[9.087,51.44],[9.061,51.437],[9.066,51.429],[9.061,51.42],[9.09,51.406],[9.083,51.397],[9.087,51.384],[9.17,51.394],[9.155,51.443]]]]}},{"type":"Feature","properties":{"NAME":"Electorate of Mainz","SUBJECTO":"Holy Roman Empire","PARTOF":"Holy Roman Empire","ADMIN_LEVEL":4,"OHM_RELATION_ID":2830738,"START_DATE":"1573","END_DATE":"1797-10-10"},"geometry":{"type":"MultiPolygon","coordinates":[[[[7.589,50.321],[7.603,50.295],[7.626,50.28],[7.638,50.289],[7.695,50.288],[7.7,50.299],[7.722,50.3],[7.733,50.325],[7.705,50.33],[7.713,50.325],[7.7,50.311],[7.668,50.308],[7.649,50.312],[7.65,50.324],[7.589,50.321]]],[[[7.678,49.904],[7.69,49.895],[7.688,49.895],[7.692,49.891],[7.707,49.893],[7.713,49.885],[7.78,49.891],[7.758,49.927],[7.707,49.926],[7.678,49.904]]],[[[7.765,50.023],[7.774,49.991],[7.814,49.983],[7.851,49.962],[7.844,49.944],[7.898,49.93],[7.898,49.924],[7.922,49.935],[7.939,49.928],[7.944,49.916],[7.981,49.93],[7.98,49.943],[8.042,49.963],[7.989,49.964],[7.976,49.98],[8.036,50.003],[8.088,50.009],[8.102,49.998],[8.12,49.998],[8.18,49.948],[8.184,49.921],[8.161,49.905],[8.17,49.891],[8.189,49.894],[8.191,49.88],[8.205,49.87],[8.244,49.866],[8.272,49.884],[8.284,49.912],[8.364,49.893],[8.374,49.898],[8.373,49.913],[8.396,49.942],[8.321,49.974],[8.346,49.999],[8.411,49.998],[8.471,50.034],[8.494,50.024],[8.543,50.027],[8.552,50.013],[8.574,50.014],[8.578,50.021],[8.549,50.05],[8.511,50.056],[8.486,50.045],[8.467,50.06],[8.492,50.078],[8.523,50.073],[8.526,50.084],[8.545,50.066],[8.65,50.076],[8.631,50.077],[8.613,50.106],[8.599,50.11],[8.596,50.124],[8.581,50.134],[8.598,50.141],[8.593,50.146],[8.606,50.153],[8.595,50.162],[8.615,50.182],[8.652,50.171],[8.661,50.177],[8.649,50.198],[8.594,50.212],[8.599,50.216],[8.59,50.221],[8.571,50.216],[8.548,50.223],[8.544,50.215],[8.524,50.22],[8.534,50.212],[8.532,50.199],[8.505,50.198],[8.487,50.212],[8.491,50.216],[8.458,50.23],[8.406,50.209],[8.355,50.2],[8.327,50.183],[8.325,50.165],[8.339,50.151],[8.338,50.109],[8.374,50.12],[8.386,50.154],[8.462,50.111],[8.509,50.105],[8.506,50.097],[8.459,50.098],[8.427,50.088],[8.42,50.067],[8.434,50.051],[8.378,50.025],[8.373,50.014],[8.338,50.008],[8.284,50.039],[8.243,50.028],[8.19,50.036],[8.158,50.03],[8.143,50.047],[8.173,50.062],[8.181,50.076],[8.084,50.103],[8.056,50.091],[8.012,50.087],[8.006,50.109],[7.977,50.115],[7.955,50.106],[7.95,50.117],[7.925,50.123],[7.899,50.111],[7.895,50.113],[7.89,50.111],[7.857,50.12],[7.854,50.12],[7.826,50.104],[7.874,50.092],[7.848,50.08],[7.844,50.07],[7.774,50.076],[7.777,50.055],[7.806,50.038],[7.765,50.023]],[[7.876,49.963],[7.893,49.96],[7.903,49.941],[7.889,49.94],[7.876,49.963]],[[8.462,50.149],[8.517,50.149],[8.532,50.143],[8.538,50.128],[8.484,50.135],[8.462,50.149]]],[[[7.899,49.803],[7.908,49.787],[7.92,49.784],[7.917,49.769],[7.934,49.768],[7.95,49.797],[7.979,49.785],[8.01,49.795],[8.008,49.806],[8.03,49.809],[8.029,49.831],[8.04,49.84],[7.993,49.834],[7.966,49.845],[7.907,49.832],[7.915,49.818],[7.906,49.815],[7.912,49.806],[7.899,49.803]]],[[[8.338,49.699],[8.356,49.687],[8.384,49.625],[8.418,49.628],[8.443,49.613],[8.487,49.614],[8.516,49.623],[8.532,49.619],[8.573,49.634],[8.562,49.604],[8.595,49.605],[8.656,49.629],[8.691,49.627],[8.727,49.636],[8.725,49.644],[8.694,49.655],[8.691,49.662],[8.702,49.665],[8.7,49.676],[8.646,49.667],[8.643,49.681],[8.67,49.687],[8.674,49.694],[8.63,49.701],[8.633,49.71],[8.586,49.706],[8.572,49.72],[8.559,49.718],[8.567,49.711],[8.561,49.706],[8.58,49.699],[8.555,49.673],[8.506,49.681],[8.487,49.704],[8.468,49.696],[8.442,49.699],[8.426,49.717],[8.381,49.707],[8.362,49.718],[8.338,49.699]]],[[[8.433,49.719],[8.474,49.73],[8.493,49.723],[8.535,49.724],[8.541,49.717],[8.556,49.728],[8.556,49.761],[8.536,49.779],[8.484,49.775],[8.473,49.768],[8.478,49.757],[8.433,49.719]]],[[[8.439,49.983],[8.464,49.975],[8.483,49.988],[8.444,49.993],[8.439,49.983]]],[[[8.495,49.573],[8.542,49.528],[8.565,49.519],[8.606,49.53],[8.618,49.55],[8.603,49.594],[8.514,49.587],[8.495,49.573]]],[[[8.674,50.385],[8.712,50.38],[8.718,50.365],[8.756,50.378],[8.739,50.402],[8.717,50.407],[8.674,50.385]]],[[[8.684,49.586],[8.71,49.582],[8.756,49.584],[8.769,49.578],[8.767,49.563],[8.724,49.546],[8.706,49.548],[8.703,49.538],[8.72,49.533],[8.734,49.523],[8.727,49.523],[8.731,49.519],[8.74,49.523],[8.797,49.512],[8.808,49.535],[8.786,49.574],[8.801,49.575],[8.756,49.601],[8.737,49.63],[8.726,49.629],[8.724,49.617],[8.696,49.615],[8.697,49.593],[8.684,49.586]]],[[[8.709,50.449],[8.736,50.417],[8.768,50.41],[8.764,50.435],[8.723,50.452],[8.709,50.449]]],[[[8.723,49.881],[8.73,49.875],[8.805,49.877],[8.837,49.888],[8.846,49.862],[8.859,49.858],[8.865,49.864],[8.856,49.883],[8.863,49.905],[8.872,49.909],[8.867,49.917],[8.853,49.916],[8.792,49.942],[8.749,49.913],[8.736,49.887],[8.723,49.881]]],[[[8.735,49.637],[8.841,49.623],[8.841,49.631],[8.821,49.631],[8.816,49.641],[8.831,49.657],[8.869,49.649],[8.885,49.652],[8.886,49.659],[8.837,49.664],[8.83,49.676],[8.803,49.684],[8.77,49.66],[8.756,49.664],[8.741,49.657],[8.735,49.637]]],[[[8.793,50.086],[8.802,50.067],[8.841,50.072],[8.854,50.09],[8.873,50.094],[8.89,50.078],[8.908,50.075],[8.904,50.064],[8.89,50.066],[8.891,50.071],[8.87,50.061],[8.864,50.065],[8.863,50.049],[8.816,50.026],[8.823,50.01],[8.799,49.988],[8.814,49.977],[8.806,49.953],[8.812,49.946],[8.9,49.966],[8.898,49.991],[8.857,50.011],[8.861,50.024],[8.887,50.024],[8.892,50.015],[8.924,50.025],[8.938,50.012],[8.928,50.007],[8.952,49.998],[9.014,49.992],[9.032,49.925],[9.024,49.911],[8.982,49.902],[8.984,49.896],[9.002,49.892],[9.033,49.867],[9.044,49.855],[9.04,49.841],[9.06,49.846],[9.055,49.843],[9.062,49.832],[9.088,49.843],[9.08,49.837],[9.087,49.827],[9.078,49.82],[9.092,49.791],[9.108,49.798],[9.131,49.795],[9.13,49.789],[9.173,49.79],[9.182,49.775],[9.181,49.742],[9.231,49.713],[9.212,49.708],[9.139,49.727],[9.122,49.71],[9.128,49.702],[9.09,49.693],[9.089,49.67],[9.101,49.661],[9.102,49.642],[9.065,49.616],[9.069,49.602],[9.085,49.601],[9.103,49.579],[9.097,49.56],[9.081,49.564],[9.078,49.575],[9.074,49.562],[9.086,49.545],[9.116,49.534],[9.127,49.522],[9.107,49.51],[9.115,49.491],[9.183,49.489],[9.214,49.501],[9.232,49.488],[9.218,49.471],[9.195,49.461],[9.196,49.445],[9.223,49.445],[9.232,49.43],[9.248,49.437],[9.328,49.421],[9.327,49.415],[9.346,49.407],[9.328,49.389],[9.338,49.385],[9.37,49.395],[9.363,49.415],[9.371,49.42],[9.434,49.4],[9.472,49.416],[9.476,49.423],[9.454,49.422],[9.472,49.433],[9.468,49.442],[9.401,49.457],[9.386,49.47],[9.356,49.469],[9.315,49.452],[9.313,49.436],[9.263,49.439],[9.257,49.447],[9.263,49.455],[9.244,49.466],[9.247,49.48],[9.276,49.501],[9.456,49.472],[9.484,49.479],[9.532,49.544],[9.534,49.567],[9.511,49.566],[9.491,49.579],[9.463,49.563],[9.439,49.561],[9.441,49.573],[9.422,49.59],[9.404,49.587],[9.38,49.602],[9.382,49.605],[9.38,49.607],[9.403,49.64],[9.42,49.639],[9.436,49.664],[9.444,49.665],[9.486,49.658],[9.484,49.647],[9.509,49.651],[9.524,49.621],[9.538,49.623],[9.548,49.61],[9.565,49.611],[9.567,49.604],[9.539,49.582],[9.565,49.576],[9.592,49.575],[9.604,49.596],[9.658,49.621],[9.608,49.702],[9.511,49.692],[9.507,49.703],[9.474,49.68],[9.435,49.695],[9.355,49.702],[9.341,49.723],[9.351,49.727],[9.35,49.767],[9.369,49.778],[9.389,49.768],[9.426,49.79],[9.449,49.77],[9.471,49.776],[9.476,49.784],[9.458,49.809],[9.428,49.817],[9.43,49.839],[9.468,49.844],[9.478,49.877],[9.456,49.895],[9.445,49.899],[9.448,49.902],[9.447,49.903],[9.502,49.953],[9.598,49.951],[9.598,49.954],[9.588,49.979],[9.581,49.983],[9.581,49.994],[9.582,49.994],[9.581,49.996],[9.622,50.022],[9.651,50.029],[9.643,50.056],[9.683,50.055],[9.689,50.061],[9.686,50.077],[9.679,50.078],[9.658,50.066],[9.603,50.069],[9.594,50.079],[9.594,50.119],[9.641,50.124],[9.61,50.121],[9.59,50.134],[9.614,50.16],[9.616,50.18],[9.529,50.168],[9.531,50.162],[9.512,50.148],[9.519,50.113],[9.513,50.094],[9.435,50.085],[9.402,50.09],[9.375,50.131],[9.34,50.132],[9.328,50.141],[9.307,50.134],[9.273,50.143],[9.255,50.139],[9.221,50.149],[9.184,50.138],[9.191,50.127],[9.149,50.09],[9.142,50.096],[9.154,50.107],[9.154,50.118],[9.12,50.126],[9.009,50.105],[8.934,50.118],[8.917,50.113],[8.902,50.129],[8.862,50.126],[8.818,50.133],[8.81,50.122],[8.815,50.108],[8.793,50.086]],[[9.199,49.872],[9.209,49.876],[9.229,49.868],[9.226,49.861],[9.199,49.872]],[[9.212,49.818],[9.229,49.826],[9.232,49.851],[9.241,49.86],[9.25,49.855],[9.264,49.861],[9.315,49.854],[9.33,49.84],[9.351,49.842],[9.356,49.83],[9.307,49.81],[9.284,49.816],[9.214,49.811],[9.212,49.818]],[[9.213,49.58],[9.226,49.6],[9.242,49.594],[9.255,49.602],[9.245,49.61],[9.249,49.624],[9.265,49.632],[9.261,49.646],[9.294,49.655],[9.351,49.634],[9.331,49.61],[9.31,49.618],[9.293,49.615],[9.298,49.59],[9.345,49.548],[9.309,49.533],[9.275,49.568],[9.245,49.563],[9.213,49.58]]],[[[8.802,50.772],[8.841,50.76],[8.84,50.83],[8.817,50.829],[8.802,50.772]]],[[[8.804,49.404],[8.819,49.396],[8.831,49.408],[8.85,49.395],[8.892,49.421],[8.904,49.446],[8.911,49.438],[8.927,49.449],[8.949,49.455],[8.901,49.485],[8.864,49.465],[8.86,49.481],[8.849,49.482],[8.825,49.464],[8.834,49.451],[8.835,49.428],[8.808,49.42],[8.804,49.404]],[[8.85,49.445],[8.884,49.432],[8.878,49.419],[8.87,49.413],[8.85,49.445]]],[[[8.805,49.6],[8.825,49.592],[8.827,49.583],[8.846,49.58],[8.843,49.572],[8.88,49.568],[8.885,49.579],[8.848,49.584],[8.838,49.589],[8.845,49.599],[8.807,49.607],[8.805,49.6]]],[[[8.826,49.506],[8.852,49.501],[8.897,49.503],[8.912,49.523],[8.893,49.53],[8.89,49.54],[8.862,49.531],[8.84,49.54],[8.826,49.535],[8.83,49.526],[8.826,49.506]]],[[[8.851,50.839],[8.9,50.833],[8.96,50.854],[8.984,50.827],[8.942,50.805],[8.918,50.811],[8.868,50.784],[8.867,50.768],[8.894,50.763],[8.899,50.75],[8.892,50.732],[8.912,50.725],[8.938,50.73],[8.955,50.753],[8.951,50.775],[9.096,50.808],[9.099,50.824],[9.114,50.831],[9.138,50.827],[9.151,50.847],[9.128,50.87],[9.108,50.887],[9.088,50.89],[9.087,50.868],[9.05,50.834],[9.042,50.842],[9.002,50.85],[8.998,50.882],[8.938,50.862],[8.879,50.881],[8.854,50.872],[8.851,50.839]]],[[[9.093,51.266],[9.101,51.25],[9.126,51.244],[9.128,51.22],[9.173,51.191],[9.199,51.206],[9.234,51.202],[9.206,51.224],[9.186,51.22],[9.177,51.233],[9.21,51.253],[9.172,51.28],[9.147,51.266],[9.126,51.276],[9.098,51.269],[9.093,51.266]]],[[[9.154,50.77],[9.174,50.758],[9.186,50.769],[9.241,50.777],[9.204,50.81],[9.171,50.803],[9.165,50.779],[9.154,50.77]]],[[[9.19,51.097],[9.207,51.084],[9.229,51.099],[9.23,51.089],[9.24,51.086],[9.279,51.11],[9.301,51.11],[9.296,51.119],[9.308,51.135],[9.288,51.149],[9.26,51.147],[9.252,51.123],[9.222,51.127],[9.19,51.097]]],[[[9.21,50.198],[9.258,50.182],[9.303,50.185],[9.318,50.173],[9.369,50.174],[9.402,50.157],[9.406,50.145],[9.43,50.157],[9.482,50.15],[9.479,50.155],[9.501,50.169],[9.529,50.168],[9.527,50.19],[9.544,50.201],[9.564,50.196],[9.576,50.232],[9.537,50.226],[9.538,50.232],[9.501,50.243],[9.494,50.257],[9.463,50.262],[9.449,50.284],[9.436,50.272],[9.419,50.281],[9.379,50.275],[9.376,50.271],[9.397,50.262],[9.392,50.241],[9.382,50.239],[9.351,50.243],[9.337,50.275],[9.328,50.276],[9.313,50.266],[9.302,50.24],[9.268,50.226],[9.252,50.229],[9.225,50.202],[9.21,50.198]]],[[[9.211,49.315],[9.221,49.307],[9.212,49.292],[9.242,49.297],[9.228,49.277],[9.248,49.265],[9.26,49.268],[9.296,49.253],[9.347,49.273],[9.297,49.283],[9.307,49.29],[9.296,49.285],[9.299,49.301],[9.284,49.317],[9.286,49.325],[9.295,49.348],[9.315,49.357],[9.301,49.376],[9.263,49.382],[9.237,49.377],[9.23,49.369],[9.239,49.362],[9.23,49.349],[9.232,49.333],[9.211,49.315]]],[[[9.44,49.367],[9.46,49.351],[9.523,49.365],[9.543,49.348],[9.544,49.336],[9.51,49.326],[9.514,49.303],[9.543,49.302],[9.559,49.31],[9.569,49.303],[9.569,49.321],[9.585,49.335],[9.645,49.317],[9.654,49.343],[9.701,49.352],[9.705,49.359],[9.683,49.371],[9.701,49.377],[9.682,49.382],[9.687,49.392],[9.681,49.412],[9.706,49.416],[9.713,49.434],[9.71,49.45],[9.659,49.442],[9.644,49.431],[9.638,49.414],[9.655,49.411],[9.647,49.399],[9.592,49.393],[9.571,49.412],[9.6,49.425],[9.602,49.433],[9.567,49.445],[9.538,49.44],[9.553,49.462],[9.571,49.472],[9.55,49.484],[9.517,49.472],[9.506,49.459],[9.511,49.439],[9.538,49.422],[9.534,49.395],[9.509,49.375],[9.462,49.395],[9.446,49.391],[9.452,49.375],[9.44,49.367]]],[[[9.886,51.32],[9.914,51.325],[9.943,51.304],[9.97,51.3],[9.975,51.288],[9.988,51.294],[10.029,51.292],[10.032,51.309],[10.081,51.298],[10.047,51.259],[10.079,51.243],[10.068,51.227],[10.115,51.216],[10.144,51.218],[10.147,51.209],[10.182,51.208],[10.215,51.187],[10.236,51.187],[10.229,51.174],[10.207,51.164],[10.2,51.151],[10.21,51.143],[10.336,51.15],[10.377,51.168],[10.362,51.19],[10.343,51.188],[10.314,51.202],[10.34,51.243],[10.369,51.249],[10.39,51.285],[10.42,51.284],[10.428,51.302],[10.47,51.302],[10.481,51.324],[10.501,51.327],[10.501,51.338],[10.484,51.344],[10.519,51.363],[10.521,51.369],[10.504,51.384],[10.505,51.399],[10.488,51.427],[10.473,51.435],[10.466,51.456],[10.427,51.462],[10.434,51.477],[10.467,51.486],[10.464,51.497],[10.477,51.503],[10.48,51.518],[10.468,51.544],[10.366,51.542],[10.371,51.552],[10.364,51.556],[10.319,51.562],[10.269,51.584],[10.203,51.644],[10.112,51.666],[10.104,51.644],[10.125,51.628],[10.071,51.61],[10.073,51.602],[10.1,51.599],[10.086,51.59],[10.143,51.576],[10.113,51.554],[10.154,51.485],[10.146,51.471],[10.186,51.465],[10.174,51.446],[10.142,51.445],[10.14,51.439],[10.155,51.431],[10.144,51.429],[10.085,51.435],[10.067,51.419],[10.061,51.432],[10.05,51.435],[10.038,51.42],[10.011,51.421],[9.986,51.398],[9.946,51.388],[9.947,51.382],[9.924,51.37],[9.926,51.357],[9.912,51.349],[9.903,51.331],[9.886,51.32]]],[[[10.742,51.113],[10.764,51.105],[10.77,51.093],[10.784,51.095],[10.81,51.098],[10.801,51.118],[10.806,51.12],[10.786,51.125],[10.783,51.139],[10.764,51.137],[10.746,51.131],[10.742,51.113]]],[[[10.771,50.859],[10.787,50.843],[10.845,50.839],[10.862,50.851],[10.874,50.878],[10.862,50.88],[10.86,50.916],[10.824,50.92],[10.818,50.907],[10.819,50.89],[10.804,50.887],[10.771,50.859]]],[[[10.781,50.986],[10.814,50.98],[10.832,50.99],[10.827,50.951],[10.852,50.952],[10.855,50.963],[10.894,50.961],[10.897,50.945],[10.868,50.942],[10.876,50.927],[10.905,50.923],[10.916,50.93],[10.912,50.941],[10.939,50.947],[10.953,50.938],[11,50.948],[11.002,50.939],[11.026,50.938],[11.023,50.929],[10.97,50.922],[10.98,50.904],[11.055,50.91],[11.055,50.896],[11.007,50.895],[10.995,50.874],[11.005,50.864],[11.024,50.859],[11.036,50.88],[11.113,50.893],[11.127,50.902],[11.152,50.877],[11.178,50.867],[11.188,50.872],[11.172,50.875],[11.181,50.879],[11.206,50.865],[11.208,50.882],[11.246,50.875],[11.253,50.889],[11.221,50.931],[11.232,50.946],[11.221,50.95],[11.267,50.971],[11.266,50.985],[11.241,50.985],[11.226,50.997],[11.237,51.007],[11.214,51.006],[11.195,51.021],[11.206,51.036],[11.177,51.07],[11.159,51.057],[11.147,51.066],[11.126,51.06],[11.128,51.082],[11.085,51.065],[11.081,51.074],[11.044,51.08],[11.041,51.065],[11.023,51.066],[11.02,51.06],[11.028,51.059],[11.025,51.031],[10.988,51.036],[10.964,51.086],[10.981,51.097],[10.97,51.124],[10.951,51.125],[10.957,51.119],[10.948,51.116],[10.95,51.101],[10.91,51.089],[10.884,51.084],[10.88,51.098],[10.838,51.095],[10.831,51.073],[10.869,51.058],[10.87,51.028],[10.911,51.021],[10.915,51.004],[10.889,50.995],[10.836,51.007],[10.781,50.986]],[[11.108,51.035],[11.155,51.037],[11.188,51.022],[11.151,51.004],[11.144,51.009],[11.147,51.017],[11.124,51.021],[11.108,51.035]],[[11.12,50.918],[11.153,50.919],[11.191,50.91],[11.19,50.903],[11.176,50.896],[11.147,50.908],[11.134,50.905],[11.12,50.918]],[[11.17,50.94],[11.172,50.956],[11.188,50.948],[11.188,50.938],[11.17,50.94]]],[[[11.061,51.15],[11.064,51.129],[11.097,51.128],[11.102,51.118],[11.093,51.112],[11.138,51.092],[11.175,51.106],[11.174,51.128],[11.157,51.163],[11.122,51.172],[11.128,51.18],[11.115,51.185],[11.115,51.174],[11.085,51.169],[11.086,51.151],[11.061,51.15]]],[[[11.226,51.071],[11.229,51.049],[11.274,51.026],[11.296,51.032],[11.312,51.054],[11.28,51.062],[11.273,51.052],[11.263,51.052],[11.257,51.055],[11.272,51.061],[11.266,51.073],[11.226,51.071]]],[[[11.255,51.103],[11.282,51.102],[11.294,51.126],[11.287,51.127],[11.256,51.131],[11.255,51.103]]],[[[11.289,50.867],[11.307,50.804],[11.335,50.819],[11.358,50.815],[11.364,50.832],[11.405,50.833],[11.409,50.857],[11.379,50.865],[11.399,50.89],[11.418,50.898],[11.395,50.902],[11.381,50.925],[11.338,50.924],[11.357,50.911],[11.353,50.895],[11.32,50.873],[11.289,50.867]]]]}},{"type":"Feature","properties":{"NAME":"Hesse-Kassel","SUBJECTO":"Holy Roman Empire","PARTOF":"Holy Roman Empire","ADMIN_LEVEL":4,"OHM_RELATION_ID":2830971,"START_DATE":"1648-10-24","END_DATE":"1736-03-28"},"geometry":{"type":"MultiPolygon","coordinates":[[[[7.56,50.11],[7.58,50.099],[7.726,50.139],[7.738,50.134],[7.732,50.123],[7.76,50.106],[7.839,50.136],[7.848,50.151],[7.902,50.154],[7.934,50.146],[7.924,50.134],[7.925,50.123],[7.95,50.117],[7.955,50.106],[7.977,50.115],[8.006,50.109],[8.012,50.087],[8.056,50.091],[8.084,50.103],[8.118,50.094],[8.108,50.131],[8.089,50.147],[8.096,50.16],[8.068,50.167],[8.059,50.178],[8.072,50.184],[8.065,50.198],[8.096,50.206],[8.099,50.222],[8.044,50.22],[8.032,50.239],[7.951,50.25],[7.948,50.256],[7.965,50.267],[7.958,50.274],[7.962,50.291],[7.938,50.303],[7.873,50.28],[7.853,50.263],[7.787,50.245],[7.762,50.266],[7.741,50.266],[7.734,50.248],[7.715,50.241],[7.734,50.231],[7.717,50.223],[7.717,50.197],[7.701,50.204],[7.687,50.192],[7.689,50.169],[7.666,50.172],[7.645,50.157],[7.658,50.144],[7.607,50.14],[7.601,50.136],[7.605,50.126],[7.56,50.11]],[[7.735,50.231],[7.751,50.239],[7.775,50.231],[7.769,50.219],[7.754,50.211],[7.738,50.214],[7.735,50.231]],[[7.797,50.231],[7.861,50.24],[7.864,50.21],[7.842,50.209],[7.821,50.195],[7.804,50.209],[7.797,50.231]],[[7.927,50.236],[7.949,50.243],[7.961,50.231],[7.949,50.227],[7.927,50.236]]],[[[8.503,52.533],[8.517,52.483],[8.652,52.531],[8.627,52.546],[8.615,52.584],[8.544,52.576],[8.529,52.539],[8.503,52.533]]],[[[8.542,50.727],[8.551,50.708],[8.577,50.707],[8.57,50.701],[8.587,50.69],[8.595,50.676],[8.62,50.675],[8.646,50.701],[8.648,50.701],[8.65,50.703],[8.654,50.701],[8.664,50.701],[8.703,50.68],[8.71,50.686],[8.741,50.682],[8.768,50.695],[8.777,50.689],[8.767,50.678],[8.77,50.653],[8.759,50.644],[8.779,50.633],[8.81,50.646],[8.803,50.654],[8.806,50.668],[8.78,50.688],[8.8,50.693],[8.804,50.7],[8.814,50.703],[8.844,50.681],[8.867,50.697],[8.899,50.689],[8.913,50.694],[8.919,50.704],[8.907,50.716],[8.912,50.725],[8.892,50.732],[8.898,50.753],[8.896,50.757],[8.867,50.768],[8.865,50.776],[8.868,50.778],[8.868,50.784],[8.918,50.811],[8.942,50.805],[8.984,50.827],[8.96,50.854],[8.9,50.833],[8.851,50.839],[8.854,50.872],[8.879,50.881],[8.938,50.862],[8.998,50.882],[9.002,50.85],[9.042,50.842],[9.05,50.834],[9.087,50.868],[9.084,50.885],[9.088,50.887],[9.088,50.89],[9.093,50.889],[9.096,50.891],[9.1,50.888],[9.108,50.887],[9.126,50.872],[9.141,50.862],[9.143,50.855],[9.151,50.847],[9.147,50.841],[9.149,50.836],[9.26,50.818],[9.272,50.791],[9.293,50.79],[9.299,50.779],[9.312,50.776],[9.332,50.786],[9.333,50.796],[9.365,50.798],[9.369,50.787],[9.345,50.779],[9.344,50.768],[9.384,50.744],[9.404,50.743],[9.419,50.766],[9.432,50.77],[9.475,50.764],[9.508,50.735],[9.571,50.766],[9.602,50.759],[9.619,50.767],[9.628,50.76],[9.651,50.76],[9.671,50.769],[9.681,50.784],[9.677,50.793],[9.699,50.802],[9.7,50.813],[9.729,50.82],[9.74,50.807],[9.791,50.82],[9.807,50.814],[9.799,50.806],[9.812,50.794],[9.881,50.796],[9.896,50.79],[9.892,50.811],[9.899,50.817],[9.952,50.821],[9.957,50.81],[9.944,50.794],[9.955,50.786],[9.949,50.781],[9.969,50.783],[9.988,50.766],[10.04,50.758],[10.048,50.748],[10.043,50.734],[10.079,50.707],[10.076,50.72],[10.097,50.74],[10.06,50.76],[10.069,50.761],[10.075,50.783],[10.086,50.784],[10.078,50.789],[10.079,50.81],[10.057,50.821],[10.041,50.841],[10.054,50.851],[10.059,50.872],[10.074,50.879],[10.076,50.872],[10.092,50.874],[10.1,50.866],[10.114,50.869],[10.143,50.857],[10.189,50.853],[10.21,50.863],[10.185,50.866],[10.19,50.873],[10.22,50.888],[10.211,50.894],[10.198,50.88],[10.179,50.883],[10.17,50.902],[10.143,50.894],[10.137,50.907],[10.111,50.893],[10.094,50.893],[10.045,50.929],[9.967,50.934],[9.956,50.922],[9.951,50.941],[9.975,50.943],[10.011,50.935],[10.027,50.943],[10.061,50.943],[10.043,50.949],[10.032,50.959],[10.038,50.97],[10.019,50.982],[10.035,51.012],[10.104,51.005],[10.127,51.011],[10.127,51.001],[10.145,50.993],[10.205,51.007],[10.194,51.018],[10.214,51.025],[10.202,51.031],[10.205,51.035],[10.184,51.048],[10.14,51.059],[10.152,51.07],[10.144,51.085],[10.163,51.098],[10.16,51.108],[10.175,51.107],[10.172,51.118],[10.153,51.118],[10.121,51.137],[10.125,51.147],[10.17,51.152],[10.186,51.138],[10.18,51.131],[10.189,51.117],[10.2,51.113],[10.207,51.117],[10.208,51.14],[10.2,51.148],[10.201,51.15],[10.2,51.151],[10.207,51.164],[10.229,51.174],[10.236,51.187],[10.215,51.187],[10.21,51.19],[10.195,51.192],[10.182,51.208],[10.156,51.209],[10.151,51.207],[10.149,51.209],[10.147,51.209],[10.146,51.214],[10.142,51.218],[10.115,51.216],[10.112,51.216],[10.07,51.226],[10.068,51.227],[10.079,51.243],[10.051,51.255],[10.05,51.258],[10.047,51.259],[10.048,51.261],[10.047,51.264],[10.064,51.279],[10.078,51.295],[10.071,51.3],[10.032,51.309],[10.029,51.292],[9.988,51.294],[9.975,51.285],[9.967,51.3],[9.943,51.304],[9.931,51.312],[9.913,51.325],[9.907,51.324],[9.898,51.318],[9.886,51.32],[9.903,51.332],[9.912,51.349],[9.914,51.35],[9.914,51.351],[9.917,51.352],[9.925,51.356],[9.924,51.37],[9.932,51.38],[9.924,51.399],[9.91,51.407],[9.907,51.422],[9.883,51.415],[9.882,51.406],[9.851,51.415],[9.862,51.372],[9.843,51.382],[9.84,51.401],[9.827,51.408],[9.801,51.395],[9.802,51.39],[9.782,51.39],[9.738,51.369],[9.703,51.365],[9.738,51.319],[9.769,51.337],[9.764,51.325],[9.78,51.326],[9.768,51.307],[9.736,51.296],[9.678,51.309],[9.672,51.317],[9.657,51.312],[9.63,51.327],[9.605,51.325],[9.58,51.342],[9.568,51.34],[9.54,51.368],[9.547,51.379],[9.562,51.375],[9.561,51.384],[9.579,51.402],[9.628,51.404],[9.645,51.418],[9.629,51.442],[9.629,51.458],[9.643,51.466],[9.641,51.473],[9.618,51.482],[9.586,51.515],[9.588,51.523],[9.608,51.522],[9.621,51.534],[9.609,51.558],[9.625,51.548],[9.649,51.551],[9.625,51.574],[9.63,51.584],[9.681,51.567],[9.688,51.58],[9.639,51.608],[9.626,51.637],[9.574,51.626],[9.546,51.64],[9.522,51.626],[9.508,51.627],[9.492,51.635],[9.493,51.658],[9.458,51.65],[9.427,51.631],[9.341,51.616],[9.337,51.612],[9.374,51.591],[9.32,51.553],[9.308,51.514],[9.287,51.515],[9.224,51.488],[9.217,51.461],[9.177,51.464],[9.155,51.443],[9.17,51.394],[9.126,51.388],[9.123,51.366],[9.102,51.364],[9.108,51.351],[9.127,51.342],[9.108,51.312],[9.116,51.281],[9.147,51.266],[9.172,51.28],[9.21,51.253],[9.177,51.233],[9.186,51.22],[9.206,51.224],[9.234,51.202],[9.199,51.206],[9.173,51.191],[9.176,51.176],[9.189,51.17],[9.237,51.182],[9.233,51.157],[9.206,51.137],[9.252,51.123],[9.26,51.147],[9.288,51.149],[9.308,51.135],[9.296,51.119],[9.301,51.11],[9.279,51.11],[9.24,51.086],[9.23,51.089],[9.229,51.099],[9.207,51.084],[9.187,51.096],[9.162,51.09],[9.167,51.077],[9.156,51.074],[9.145,51.056],[9.099,51.046],[9.095,51.029],[9.083,51.04],[9.051,51.042],[9.03,51.069],[8.977,51.095],[8.963,51.11],[8.916,51.113],[8.923,51.123],[8.902,51.152],[8.857,51.147],[8.824,51.134],[8.795,51.106],[8.754,51.125],[8.717,51.114],[8.719,51.113],[8.715,51.109],[8.653,51.095],[8.65,51.095],[8.656,51.081],[8.701,51.042],[8.729,51.033],[8.714,51.019],[8.709,50.995],[8.671,50.995],[8.662,50.982],[8.651,50.982],[8.664,50.956],[8.617,50.947],[8.635,50.934],[8.609,50.912],[8.592,50.907],[8.615,50.887],[8.629,50.857],[8.614,50.846],[8.632,50.842],[8.631,50.828],[8.623,50.827],[8.629,50.822],[8.609,50.809],[8.644,50.793],[8.649,50.765],[8.62,50.76],[8.589,50.736],[8.547,50.737],[8.542,50.727]],[[8.802,50.772],[8.817,50.829],[8.84,50.83],[8.841,50.76],[8.802,50.772]]],[[[8.631,52.858],[8.656,52.834],[8.682,52.837],[8.693,52.813],[8.7,52.812],[8.703,52.795],[8.695,52.788],[8.732,52.773],[8.738,52.789],[8.803,52.772],[8.802,52.795],[8.831,52.828],[8.815,52.841],[8.763,52.849],[8.743,52.874],[8.734,52.901],[8.714,52.921],[8.691,52.913],[8.716,52.885],[8.708,52.862],[8.631,52.858]]],[[[8.638,52.871],[8.643,52.862],[8.686,52.871],[8.675,52.889],[8.647,52.887],[8.638,52.871]]],[[[8.749,52.536],[8.773,52.519],[8.82,52.52],[8.883,52.468],[8.891,52.468],[8.89,52.493],[8.914,52.493],[8.93,52.538],[8.898,52.568],[8.847,52.596],[8.866,52.608],[8.816,52.617],[8.79,52.609],[8.767,52.582],[8.776,52.554],[8.752,52.547],[8.749,52.536]]],[[[8.951,50.775],[8.958,50.753],[8.998,50.765],[9.015,50.774],[9.015,50.788],[9.007,50.788],[8.951,50.775]]],[[[8.989,52.196],[9.022,52.172],[9.012,52.162],[9.018,52.148],[9.012,52.14],[9.018,52.132],[9.071,52.149],[9.071,52.143],[9.091,52.136],[9.143,52.135],[9.159,52.12],[9.139,52.108],[9.133,52.098],[9.138,52.096],[9.165,52.101],[9.175,52.117],[9.222,52.123],[9.235,52.143],[9.255,52.145],[9.265,52.159],[9.286,52.135],[9.315,52.13],[9.325,52.142],[9.353,52.138],[9.364,52.154],[9.387,52.167],[9.367,52.19],[9.332,52.201],[9.314,52.219],[9.33,52.243],[9.311,52.254],[9.313,52.276],[9.344,52.275],[9.36,52.294],[9.414,52.293],[9.401,52.328],[9.45,52.368],[9.45,52.384],[9.427,52.388],[9.405,52.41],[9.36,52.391],[9.346,52.395],[9.355,52.409],[9.329,52.408],[9.314,52.418],[9.212,52.406],[9.224,52.39],[9.278,52.369],[9.29,52.381],[9.298,52.342],[9.285,52.331],[9.287,52.316],[9.28,52.313],[9.286,52.306],[9.28,52.289],[9.254,52.29],[9.263,52.283],[9.263,52.273],[9.238,52.265],[9.194,52.26],[9.185,52.269],[9.193,52.286],[9.186,52.289],[9.142,52.284],[9.106,52.249],[9.114,52.233],[9.128,52.234],[9.143,52.222],[9.141,52.216],[9.133,52.199],[9.1,52.211],[9.108,52.221],[9.043,52.225],[9.036,52.219],[9.046,52.21],[9.046,52.183],[8.989,52.196]]],[[[9.267,52.345],[9.284,52.34],[9.269,52.365],[9.267,52.345]]],[[[9.682,50.755],[9.69,50.738],[9.72,50.745],[9.723,50.76],[9.709,50.768],[9.689,50.768],[9.682,50.755]]],[[[9.697,51.395],[9.709,51.391],[9.725,51.395],[9.725,51.402],[9.697,51.395]]],[[[9.91,51.596],[9.916,51.579],[10.011,51.59],[10.035,51.578],[10.064,51.576],[10.1,51.599],[10.073,51.602],[10.068,51.61],[10.038,51.626],[10.034,51.618],[10.004,51.613],[9.952,51.622],[9.945,51.621],[9.956,51.615],[9.95,51.606],[9.918,51.603],[9.91,51.596]]],[[[10.023,51.437],[10.058,51.439],[10.078,51.467],[10.102,51.464],[10.111,51.432],[10.129,51.431],[10.15,51.43],[10.152,51.43],[10.147,51.435],[10.14,51.439],[10.141,51.442],[10.14,51.443],[10.141,51.443],[10.142,51.445],[10.169,51.446],[10.182,51.462],[10.146,51.471],[10.154,51.485],[10.139,51.495],[10.087,51.497],[10.095,51.528],[10.064,51.528],[10.03,51.493],[10.023,51.437]]],[[[10.28,50.809],[10.293,50.801],[10.294,50.785],[10.312,50.78],[10.338,50.795],[10.324,50.818],[10.284,50.816],[10.28,50.809]]],[[[10.334,50.759],[10.361,50.721],[10.383,50.721],[10.387,50.71],[10.403,50.709],[10.423,50.693],[10.423,50.685],[10.476,50.671],[10.586,50.678],[10.598,50.663],[10.645,50.685],[10.684,50.688],[10.711,50.699],[10.661,50.711],[10.616,50.737],[10.575,50.741],[10.563,50.781],[10.538,50.782],[10.533,50.796],[10.508,50.788],[10.475,50.79],[10.477,50.797],[10.513,50.811],[10.518,50.824],[10.468,50.85],[10.426,50.843],[10.416,50.849],[10.405,50.817],[10.393,50.816],[10.362,50.794],[10.381,50.774],[10.334,50.759]]]]}},{"type":"Feature","properties":{"NAME":"Margraviate of Baden-Baden","SUBJECTO":"Holy Roman Empire","PARTOF":"Holy Roman Empire","ADMIN_LEVEL":4,"OHM_RELATION_ID":2834739,"START_DATE":"1535","END_DATE":"1771-10-21"},"geometry":{"type":"MultiPolygon","coordinates":[[[[6.585,49.491],[6.605,49.482],[6.654,49.48],[6.661,49.494],[6.647,49.506],[6.595,49.509],[6.595,49.496],[6.585,49.491]]],[[[6.953,49.694],[6.973,49.681],[6.992,49.704],[7.029,49.717],[7,49.723],[6.974,49.715],[6.953,49.694]]],[[[6.973,49.664],[6.987,49.649],[7,49.647],[6.997,49.633],[7.008,49.63],[7.05,49.652],[7.078,49.632],[7.095,49.636],[7.125,49.622],[7.226,49.635],[7.278,49.623],[7.299,49.646],[7.321,49.657],[7.309,49.667],[7.313,49.709],[7.368,49.716],[7.402,49.71],[7.427,49.727],[7.434,49.706],[7.45,49.701],[7.436,49.693],[7.458,49.694],[7.492,49.703],[7.478,49.717],[7.483,49.722],[7.519,49.726],[7.528,49.709],[7.553,49.735],[7.564,49.736],[7.551,49.753],[7.51,49.758],[7.464,49.784],[7.424,49.747],[7.415,49.748],[7.364,49.766],[7.367,49.783],[7.39,49.792],[7.38,49.806],[7.322,49.79],[7.272,49.807],[7.263,49.804],[7.263,49.789],[7.289,49.791],[7.316,49.748],[7.278,49.745],[7.28,49.752],[7.269,49.754],[7.241,49.748],[7.231,49.762],[7.131,49.722],[7.11,49.7],[7.093,49.698],[7.105,49.708],[7.099,49.711],[7.07,49.71],[7.029,49.68],[6.974,49.675],[6.973,49.664]]],[[[7.152,49.79],[7.194,49.778],[7.237,49.795],[7.206,49.824],[7.152,49.79]]],[[[7.215,49.912],[7.216,49.901],[7.243,49.911],[7.261,49.901],[7.252,49.879],[7.267,49.884],[7.294,49.879],[7.281,49.883],[7.287,49.89],[7.281,49.899],[7.307,49.909],[7.348,49.897],[7.402,49.906],[7.397,49.888],[7.42,49.879],[7.467,49.838],[7.487,49.837],[7.518,49.812],[7.561,49.813],[7.548,49.803],[7.562,49.793],[7.554,49.78],[7.57,49.773],[7.587,49.785],[7.588,49.806],[7.579,49.819],[7.584,49.833],[7.599,49.839],[7.656,49.828],[7.64,49.854],[7.648,49.861],[7.675,49.86],[7.691,49.871],[7.664,49.886],[7.675,49.895],[7.69,49.895],[7.678,49.904],[7.66,49.897],[7.647,49.903],[7.617,49.898],[7.588,49.88],[7.539,49.872],[7.542,49.891],[7.437,49.896],[7.483,49.918],[7.475,49.923],[7.484,49.924],[7.501,49.968],[7.396,49.963],[7.391,49.972],[7.408,49.975],[7.413,49.986],[7.388,50],[7.403,50.014],[7.349,50.024],[7.334,50.051],[7.318,50.06],[7.294,50.049],[7.301,50.04],[7.29,50.033],[7.241,50.044],[7.275,50.022],[7.253,49.984],[7.263,49.987],[7.266,49.977],[7.276,49.977],[7.275,49.963],[7.215,49.912]]],[[[7.227,49.835],[7.264,49.821],[7.309,49.826],[7.305,49.839],[7.288,49.838],[7.283,49.848],[7.263,49.855],[7.227,49.835]]],[[[7.465,50.335],[7.469,50.317],[7.483,50.321],[7.503,50.306],[7.559,50.332],[7.497,50.346],[7.493,50.338],[7.465,50.335]]],[[[7.56,49.237],[7.602,49.233],[7.601,49.217],[7.616,49.212],[7.667,49.238],[7.672,49.23],[7.668,49.215],[7.651,49.203],[7.673,49.208],[7.662,49.197],[7.674,49.189],[7.709,49.208],[7.716,49.198],[7.739,49.196],[7.752,49.202],[7.763,49.231],[7.827,49.247],[7.832,49.288],[7.846,49.294],[7.837,49.299],[7.843,49.307],[7.834,49.321],[7.81,49.316],[7.788,49.293],[7.763,49.297],[7.745,49.284],[7.7,49.271],[7.691,49.258],[7.604,49.253],[7.56,49.237]]],[[[7.733,48.396],[7.734,48.362],[7.763,48.366],[7.775,48.376],[7.802,48.37],[7.857,48.404],[7.878,48.397],[7.854,48.378],[7.848,48.367],[7.853,48.358],[7.909,48.35],[7.916,48.358],[7.905,48.367],[7.959,48.356],[7.976,48.367],[7.972,48.353],[7.981,48.348],[7.981,48.369],[7.945,48.374],[7.935,48.382],[7.942,48.386],[7.939,48.393],[7.921,48.405],[7.877,48.408],[7.851,48.418],[7.859,48.435],[7.842,48.462],[7.796,48.443],[7.767,48.464],[7.733,48.396]]],[[[7.779,48.328],[7.785,48.294],[7.822,48.276],[7.84,48.276],[7.842,48.288],[7.852,48.291],[7.895,48.276],[7.906,48.307],[7.904,48.318],[7.886,48.314],[7.861,48.332],[7.839,48.317],[7.799,48.343],[7.779,48.328]]],[[[7.959,48.855],[7.988,48.849],[8.003,48.857],[8.009,48.855],[7.999,48.843],[8.001,48.836],[8.042,48.837],[8.044,48.847],[8.019,48.852],[8.026,48.864],[7.963,48.865],[7.959,48.855]]],[[[7.97,49.861],[7.974,49.852],[8.028,49.851],[8.036,49.865],[8.021,49.873],[8.02,49.895],[8.006,49.902],[7.997,49.895],[8.001,49.886],[7.993,49.867],[7.97,49.861]]],[[[7.971,48.756],[7.997,48.728],[8.021,48.723],[8.033,48.707],[8.018,48.682],[8.037,48.682],[8.033,48.678],[8.046,48.672],[8.033,48.659],[8.034,48.646],[8.056,48.643],[8.063,48.672],[8.081,48.674],[8.095,48.689],[8.148,48.666],[8.14,48.656],[8.162,48.64],[8.18,48.64],[8.2,48.628],[8.229,48.631],[8.211,48.634],[8.219,48.643],[8.245,48.637],[8.256,48.626],[8.233,48.613],[8.248,48.609],[8.247,48.603],[8.227,48.605],[8.257,48.59],[8.319,48.588],[8.357,48.6],[8.349,48.609],[8.379,48.618],[8.389,48.626],[8.387,48.636],[8.427,48.645],[8.435,48.651],[8.43,48.658],[8.447,48.661],[8.448,48.685],[8.44,48.694],[8.465,48.7],[8.458,48.717],[8.474,48.723],[8.484,48.753],[8.477,48.762],[8.461,48.764],[8.422,48.744],[8.406,48.758],[8.382,48.759],[8.372,48.778],[8.387,48.79],[8.39,48.804],[8.408,48.809],[8.379,48.831],[8.39,48.837],[8.398,48.831],[8.416,48.835],[8.439,48.812],[8.446,48.821],[8.493,48.82],[8.477,48.829],[8.468,48.845],[8.501,48.859],[8.452,48.882],[8.448,48.897],[8.475,48.903],[8.497,48.924],[8.487,48.928],[8.487,48.941],[8.426,48.945],[8.432,48.956],[8.418,48.96],[8.394,48.952],[8.381,48.959],[8.382,48.962],[8.381,48.963],[8.387,48.971],[8.427,48.977],[8.419,48.987],[8.353,49.004],[8.345,49.015],[8.302,49.016],[8.303,49.02],[8.283,49.023],[8.277,49.015],[8.284,49.007],[8.312,49.001],[8.309,48.994],[8.286,48.995],[8.28,48.98],[8.257,48.977],[8.235,48.96],[8.196,48.954],[8.213,48.932],[8.183,48.923],[8.173,48.911],[8.144,48.919],[8.127,48.912],[8.123,48.9],[8.144,48.893],[8.149,48.883],[8.123,48.872],[8.064,48.871],[8.064,48.848],[8.114,48.822],[8.078,48.826],[8.083,48.819],[8.11,48.811],[8.081,48.813],[8.079,48.794],[8.035,48.789],[8.014,48.761],[7.971,48.756]],[[8.043,48.695],[8.057,48.707],[8.073,48.712],[8.05,48.693],[8.043,48.695]]],[[[7.989,48.495],[8.017,48.48],[8.021,48.471],[8.05,48.454],[8.089,48.452],[8.054,48.492],[8.054,48.51],[8.036,48.518],[8.031,48.505],[7.999,48.51],[7.989,48.495]]]]}},{"type":"Feature","properties":{"NAME":"Margraviate of Baden-Durlach","SUBJECTO":"Holy Roman Empire","PARTOF":"Holy Roman Empire","ADMIN_LEVEL":4,"OHM_RELATION_ID":2834738,"START_DATE":"1535","END_DATE":"1771-10-21"},"geometry":{"type":"MultiPolygon","coordinates":[[[[7.516,47.695],[7.52,47.677],[7.529,47.673],[7.544,47.681],[7.559,47.674],[7.538,47.642],[7.553,47.627],[7.585,47.614],[7.592,47.605],[7.589,47.59],[7.619,47.577],[7.643,47.595],[7.675,47.592],[7.692,47.6],[7.672,47.587],[7.691,47.572],[7.717,47.577],[7.719,47.604],[7.729,47.616],[7.749,47.622],[7.798,47.618],[7.822,47.625],[7.836,47.617],[7.836,47.608],[7.867,47.609],[7.879,47.626],[7.871,47.645],[7.908,47.648],[7.909,47.663],[7.965,47.688],[7.981,47.702],[7.971,47.725],[7.955,47.729],[7.883,47.692],[7.845,47.691],[7.834,47.703],[7.829,47.712],[7.847,47.737],[7.851,47.758],[7.835,47.79],[7.835,47.821],[7.787,47.801],[7.768,47.802],[7.764,47.828],[7.729,47.846],[7.71,47.867],[7.683,47.866],[7.67,47.857],[7.617,47.877],[7.603,47.853],[7.572,47.857],[7.57,47.834],[7.582,47.834],[7.572,47.816],[7.579,47.809],[7.555,47.79],[7.579,47.774],[7.612,47.775],[7.62,47.757],[7.614,47.752],[7.63,47.738],[7.63,47.727],[7.579,47.734],[7.566,47.723],[7.575,47.716],[7.572,47.706],[7.516,47.702],[7.516,47.695]]],[[[7.612,48.052],[7.616,48.037],[7.658,48.029],[7.687,48.064],[7.708,48.056],[7.746,48.062],[7.753,48.078],[7.772,48.087],[7.821,48.072],[7.859,48.035],[7.884,48.036],[7.894,48.055],[7.911,48.056],[7.916,48.048],[7.925,48.072],[7.895,48.085],[7.931,48.102],[7.941,48.098],[7.937,48.127],[7.956,48.135],[7.96,48.161],[7.986,48.197],[7.962,48.206],[7.899,48.204],[7.891,48.197],[7.864,48.205],[7.862,48.173],[7.852,48.173],[7.847,48.183],[7.822,48.175],[7.842,48.176],[7.852,48.161],[7.818,48.151],[7.819,48.166],[7.801,48.174],[7.768,48.162],[7.776,48.137],[7.77,48.129],[7.728,48.137],[7.699,48.114],[7.688,48.086],[7.635,48.08],[7.636,48.063],[7.612,48.052]],[[7.798,48.085],[7.807,48.098],[7.843,48.09],[7.838,48.082],[7.812,48.079],[7.798,48.085]]],[[[7.614,48.107],[7.626,48.096],[7.64,48.098],[7.646,48.109],[7.641,48.128],[7.631,48.133],[7.626,48.124],[7.63,48.111],[7.614,48.107]]],[[[7.634,47.561],[7.666,47.538],[7.684,47.571],[7.634,47.561]]],[[[7.637,48.196],[7.682,48.176],[7.701,48.18],[7.709,48.197],[7.672,48.235],[7.637,48.196]]],[[[7.639,48.135],[7.649,48.133],[7.643,48.131],[7.666,48.126],[7.679,48.142],[7.673,48.152],[7.641,48.145],[7.639,48.135]]],[[[7.672,47.891],[7.679,47.878],[7.705,47.88],[7.672,47.891]]],[[[7.678,47.96],[7.684,47.95],[7.717,47.943],[7.734,47.953],[7.778,47.94],[7.767,47.956],[7.79,47.967],[7.756,47.979],[7.764,47.987],[7.761,47.997],[7.775,48.006],[7.728,48.019],[7.708,48.011],[7.679,47.996],[7.685,47.983],[7.717,47.969],[7.699,47.96],[7.678,47.96]]],[[[7.764,48.209],[7.799,48.195],[7.813,48.215],[7.859,48.227],[7.832,48.235],[7.819,48.225],[7.802,48.228],[7.798,48.21],[7.764,48.209]]],[[[7.801,47.992],[7.804,47.986],[7.827,47.983],[7.832,47.989],[7.815,48],[7.801,47.992]]],[[[8.275,49.059],[8.281,49.043],[8.308,49.035],[8.302,49.016],[8.345,49.015],[8.353,49.004],[8.419,48.987],[8.427,48.977],[8.387,48.971],[8.381,48.963],[8.394,48.952],[8.418,48.96],[8.432,48.956],[8.426,48.945],[8.439,48.946],[8.453,48.971],[8.489,48.949],[8.487,48.928],[8.497,48.924],[8.475,48.903],[8.448,48.897],[8.452,48.882],[8.501,48.859],[8.468,48.845],[8.477,48.829],[8.493,48.82],[8.513,48.819],[8.509,48.837],[8.515,48.844],[8.506,48.859],[8.525,48.878],[8.572,48.896],[8.616,48.876],[8.637,48.899],[8.649,48.88],[8.64,48.858],[8.626,48.855],[8.635,48.845],[8.664,48.835],[8.698,48.837],[8.724,48.844],[8.722,48.86],[8.728,48.858],[8.736,48.87],[8.774,48.848],[8.807,48.859],[8.791,48.872],[8.791,48.905],[8.818,48.921],[8.813,48.929],[8.808,48.934],[8.765,48.922],[8.725,48.93],[8.724,48.945],[8.744,48.951],[8.742,48.946],[8.754,48.951],[8.758,48.94],[8.768,48.939],[8.776,48.948],[8.769,48.955],[8.772,48.973],[8.754,48.968],[8.732,48.985],[8.742,48.994],[8.735,48.995],[8.711,48.989],[8.709,48.975],[8.689,48.974],[8.669,48.989],[8.696,48.994],[8.687,49.008],[8.679,49.015],[8.664,49.004],[8.65,49.026],[8.609,49.026],[8.579,49.003],[8.557,49.01],[8.543,49.028],[8.512,49.035],[8.488,49.055],[8.487,49.074],[8.511,49.074],[8.528,49.087],[8.515,49.103],[8.518,49.13],[8.512,49.144],[8.476,49.173],[8.483,49.18],[8.41,49.208],[8.418,49.201],[8.417,49.191],[8.383,49.187],[8.376,49.179],[8.382,49.168],[8.369,49.161],[8.383,49.148],[8.362,49.142],[8.357,49.131],[8.381,49.095],[8.379,49.088],[8.364,49.082],[8.353,49.098],[8.341,49.069],[8.309,49.071],[8.299,49.06],[8.275,49.059]],[[8.511,48.94],[8.538,48.954],[8.539,48.942],[8.511,48.94]]],[[[8.608,49.062],[8.638,49.033],[8.685,49.055],[8.686,49.061],[8.66,49.074],[8.661,49.088],[8.636,49.091],[8.609,49.082],[8.608,49.062]]]]}},{"type":"Feature","properties":{"NAME":"Nassau-Weilburg","SUBJECTO":"Holy Roman Empire","PARTOF":"Holy Roman Empire","ADMIN_LEVEL":4,"OHM_RELATION_ID":2830775,"START_DATE":"1651","END_DATE":"1783"},"geometry":{"type":"MultiPolygon","coordinates":[[[[7.864,50.21],[7.861,50.24],[7.797,50.231],[7.804,50.209],[7.821,50.195],[7.842,50.209],[7.864,50.21]]],[[[7.839,50.136],[7.843,50.12],[7.874,50.121],[7.899,50.111],[7.925,50.123],[7.924,50.134],[7.934,50.146],[7.902,50.154],[7.848,50.151],[7.839,50.136]]],[[[8.705,50.679],[8.664,50.701],[8.646,50.701],[8.6,50.655],[8.619,50.625],[8.613,50.618],[8.635,50.595],[8.685,50.619],[8.697,50.642],[8.687,50.653],[8.713,50.66],[8.705,50.679]]],[[[8.467,50.415],[8.52,50.406],[8.538,50.416],[8.598,50.421],[8.602,50.43],[8.574,50.446],[8.608,50.439],[8.634,50.474],[8.615,50.486],[8.616,50.493],[8.634,50.495],[8.634,50.507],[8.651,50.513],[8.615,50.529],[8.639,50.544],[8.637,50.552],[8.589,50.547],[8.614,50.564],[8.612,50.578],[8.622,50.6],[8.571,50.615],[8.567,50.592],[8.544,50.579],[8.554,50.565],[8.533,50.542],[8.52,50.539],[8.53,50.517],[8.499,50.51],[8.509,50.48],[8.53,50.467],[8.539,50.443],[8.511,50.439],[8.494,50.445],[8.468,50.423],[8.439,50.43],[8.426,50.446],[8.437,50.473],[8.426,50.471],[8.379,50.504],[8.332,50.511],[8.3,50.529],[8.228,50.53],[8.219,50.517],[8.229,50.508],[8.177,50.504],[8.183,50.478],[8.253,50.462],[8.258,50.418],[8.282,50.409],[8.317,50.419],[8.33,50.414],[8.355,50.399],[8.35,50.38],[8.384,50.385],[8.4,50.372],[8.416,50.37],[8.437,50.39],[8.436,50.4],[8.45,50.403],[8.444,50.407],[8.449,50.412],[8.467,50.415]]],[[[8.855,50.362],[8.848,50.348],[8.818,50.349],[8.82,50.332],[8.885,50.332],[8.888,50.355],[8.855,50.362]]],[[[7.901,49.564],[7.911,49.54],[7.924,49.536],[7.921,49.529],[7.958,49.526],[7.957,49.489],[8.002,49.499],[8.011,49.509],[8.042,49.519],[8.054,49.535],[8.101,49.554],[8.078,49.59],[8.088,49.611],[8.056,49.612],[8.044,49.62],[8.084,49.626],[8.112,49.649],[8.113,49.662],[8.078,49.667],[8.073,49.681],[8.033,49.685],[8.054,49.699],[8.047,49.704],[8.018,49.711],[7.982,49.697],[7.96,49.701],[7.963,49.716],[7.978,49.719],[7.969,49.724],[7.958,49.715],[7.957,49.692],[7.925,49.669],[7.949,49.669],[7.944,49.661],[7.911,49.653],[7.91,49.642],[7.891,49.63],[7.891,49.619],[7.936,49.606],[7.949,49.608],[7.948,49.618],[7.97,49.623],[8.009,49.625],[8.019,49.614],[7.977,49.608],[7.974,49.603],[7.995,49.595],[7.938,49.588],[7.944,49.567],[7.901,49.564]]],[[[7.867,49.76],[7.862,49.765],[7.843,49.763],[7.841,49.754],[7.796,49.758],[7.8,49.747],[7.813,49.743],[7.797,49.706],[7.812,49.715],[7.831,49.706],[7.846,49.711],[7.847,49.727],[7.836,49.727],[7.825,49.74],[7.83,49.744],[7.855,49.733],[7.881,49.743],[7.909,49.736],[7.928,49.749],[7.923,49.753],[7.934,49.768],[7.917,49.769],[7.914,49.777],[7.867,49.76]]]]}},{"type":"Feature","properties":{"NAME":"Prince-Archbishopric of Salzburg","SUBJECTO":"Holy Roman Empire","PARTOF":"Holy Roman Empire","ADMIN_LEVEL":4,"OHM_RELATION_ID":2806820,"START_DATE":"1565","END_DATE":"1803-04-27"},"geometry":{"type":"MultiPolygon","coordinates":[[[[12.928,47.77],[12.942,47.771],[12.945,47.764],[12.935,47.758],[12.936,47.749],[12.904,47.727],[12.913,47.712],[12.898,47.692],[12.91,47.69],[12.952,47.706],[12.979,47.691],[12.989,47.694],[13.008,47.722],[13.018,47.723],[13.074,47.692],[13.098,47.642],[13.096,47.63],[13.064,47.604],[13.071,47.589],[13.043,47.583],[13.041,47.576],[13.058,47.561],[13.032,47.537],[13.045,47.526],[13.047,47.492],[13.03,47.487],[13.009,47.465],[12.995,47.471],[12.995,47.478],[12.975,47.484],[12.972,47.475],[12.921,47.493],[12.884,47.521],[12.851,47.532],[12.847,47.546],[12.82,47.545],[12.798,47.554],[12.781,47.574],[12.793,47.593],[12.78,47.604],[12.78,47.634],[12.76,47.65],[12.784,47.672],[12.76,47.664],[12.736,47.679],[12.695,47.682],[12.662,47.679],[12.654,47.672],[12.606,47.674],[12.575,47.633],[12.574,47.604],[12.632,47.596],[12.665,47.581],[12.634,47.547],[12.706,47.48],[12.64,47.465],[12.618,47.41],[12.502,47.389],[12.482,47.373],[12.496,47.348],[12.48,47.326],[12.442,47.328],[12.413,47.314],[12.375,47.312],[12.338,47.324],[12.348,47.351],[12.342,47.379],[12.352,47.398],[12.361,47.4],[12.362,47.412],[12.356,47.438],[12.342,47.458],[12.309,47.474],[12.24,47.475],[12.205,47.462],[12.19,47.481],[12.152,47.484],[12.128,47.475],[12.135,47.471],[12.124,47.459],[12.087,47.451],[12.101,47.435],[12.063,47.425],[12.061,47.407],[12.08,47.386],[12.083,47.371],[12.053,47.327],[11.998,47.323],[11.976,47.337],[11.975,47.332],[11.936,47.332],[11.927,47.335],[11.923,47.361],[11.889,47.379],[11.787,47.352],[11.77,47.331],[11.775,47.323],[11.764,47.317],[11.77,47.307],[11.745,47.283],[11.74,47.267],[11.744,47.25],[11.755,47.242],[11.748,47.225],[11.752,47.204],[11.703,47.205],[11.668,47.197],[11.672,47.181],[11.665,47.173],[11.673,47.16],[11.638,47.14],[11.639,47.13],[11.699,47.126],[11.675,47.095],[11.692,47.102],[11.711,47.088],[11.708,47.082],[11.728,47.078],[11.744,47.061],[11.733,47.031],[11.754,47.016],[11.767,47.015],[11.791,46.99],[11.837,46.993],[11.915,47.033],[11.95,47.035],[11.979,47.05],[12.021,47.047],[12.044,47.061],[12.077,47.059],[12.1,47.078],[12.119,47.073],[12.186,47.092],[12.227,47.082],[12.237,47.07],[12.258,47.072],[12.284,47.093],[12.309,47.093],[12.318,47.105],[12.346,47.109],[12.404,47.091],[12.424,47.092],[12.448,47.078],[12.451,47.058],[12.493,47.054],[12.506,47.045],[12.488,47.033],[12.497,47.021],[12.487,47.003],[12.504,46.998],[12.497,46.986],[12.503,46.952],[12.495,46.944],[12.426,46.948],[12.454,46.926],[12.436,46.898],[12.423,46.899],[12.425,46.938],[12.343,46.962],[12.326,46.952],[12.337,46.926],[12.329,46.914],[12.333,46.902],[12.321,46.891],[12.324,46.88],[12.388,46.869],[12.42,46.885],[12.456,46.885],[12.461,46.865],[12.516,46.868],[12.507,46.851],[12.535,46.854],[12.577,46.904],[12.616,46.911],[12.575,46.93],[12.587,46.958],[12.597,46.962],[12.591,46.973],[12.604,46.987],[12.594,46.994],[12.603,47.018],[12.589,47.034],[12.594,47.048],[12.584,47.081],[12.607,47.103],[12.592,47.126],[12.657,47.1],[12.673,47.109],[12.666,47.122],[12.697,47.121],[12.731,47.131],[12.738,47.101],[12.821,47.097],[12.837,47.083],[12.869,47.086],[12.937,47.078],[12.944,47.058],[12.966,47.039],[13.02,47.041],[13.021,47.03],[13.073,47.014],[13.083,47.027],[13.129,47.027],[13.133,47.036],[13.25,47.052],[13.239,47.072],[13.248,47.086],[13.278,47.095],[13.311,47.087],[13.364,47.098],[13.381,47.093],[13.381,47.081],[13.398,47.071],[13.426,47.082],[13.458,47.079],[13.578,47.052],[13.637,47.055],[13.646,47.04],[13.694,47.04],[13.696,47.033],[13.689,47.029],[13.694,47.007],[13.705,46.997],[13.732,46.989],[13.745,46.995],[13.772,46.984],[13.791,46.99],[13.799,46.954],[13.809,46.951],[13.832,46.966],[13.845,46.989],[13.865,46.996],[13.864,47.019],[13.902,47.062],[13.906,47.07],[13.878,47.094],[13.887,47.11],[13.94,47.137],[13.991,47.138],[13.95,47.165],[13.897,47.176],[13.905,47.195],[13.85,47.23],[13.869,47.241],[13.864,47.253],[13.824,47.267],[13.827,47.283],[13.817,47.296],[13.79,47.289],[13.784,47.275],[13.761,47.267],[13.747,47.278],[13.718,47.278],[13.713,47.26],[13.671,47.275],[13.605,47.284],[13.597,47.317],[13.602,47.331],[13.565,47.416],[13.59,47.466],[13.586,47.475],[13.516,47.496],[13.478,47.526],[13.48,47.569],[13.506,47.583],[13.506,47.603],[13.522,47.62],[13.514,47.631],[13.49,47.63],[13.485,47.641],[13.51,47.675],[13.531,47.682],[13.55,47.714],[13.486,47.722],[13.436,47.739],[13.446,47.772],[13.465,47.786],[13.514,47.772],[13.536,47.776],[13.539,47.783],[13.53,47.793],[13.511,47.797],[13.498,47.79],[13.485,47.792],[13.482,47.802],[13.451,47.804],[13.391,47.794],[13.348,47.814],[13.311,47.813],[13.309,47.821],[13.29,47.824],[13.287,47.846],[13.296,47.858],[13.271,47.891],[13.283,47.895],[13.282,47.957],[13.307,47.964],[13.33,47.954],[13.357,47.954],[13.381,47.986],[13.344,47.981],[13.326,47.992],[13.311,47.979],[13.284,47.991],[13.254,47.989],[13.243,47.987],[13.232,47.972],[13.197,47.985],[13.111,47.981],[13.073,48.016],[13.06,48.013],[13.059,48.03],[13.048,48.028],[13.047,48.04],[12.974,48.024],[12.95,48.038],[12.936,48.036],[12.91,48.02],[12.891,47.991],[12.861,47.997],[12.846,48.021],[12.77,48.067],[12.752,48.089],[12.751,48.113],[12.744,48.114],[12.727,48.103],[12.714,48.111],[12.704,48.106],[12.698,48.093],[12.666,48.075],[12.589,48.065],[12.587,48.04],[12.545,48.014],[12.544,47.996],[12.646,47.969],[12.659,47.949],[12.69,47.942],[12.71,47.925],[12.694,47.918],[12.685,47.901],[12.72,47.86],[12.721,47.843],[12.732,47.839],[12.743,47.809],[12.766,47.804],[12.766,47.788],[12.805,47.777],[12.831,47.779],[12.848,47.755],[12.89,47.745],[12.928,47.77]],[[12.005,47.271],[11.988,47.266],[11.981,47.253],[11.944,47.249],[11.945,47.262],[11.926,47.273],[11.889,47.276],[11.874,47.299],[11.837,47.292],[11.807,47.252],[11.802,47.279],[11.837,47.323],[11.866,47.329],[11.876,47.317],[11.921,47.331],[11.928,47.308],[11.956,47.316],[12.022,47.317],[12.005,47.271]]],[[[14.591,47.003],[14.586,47.012],[14.516,47.01],[14.504,47.019],[14.505,47.027],[14.477,47.02],[14.473,47.009],[14.459,47.012],[14.459,46.998],[14.433,46.999],[14.388,46.98],[14.377,46.994],[14.382,47.016],[14.366,47.025],[14.264,47.027],[14.249,47.034],[14.233,47.028],[14.247,47.008],[14.23,46.991],[14.238,46.959],[14.238,46.885],[14.25,46.848],[14.297,46.857],[14.334,46.876],[14.409,46.89],[14.463,46.884],[14.492,46.876],[14.495,46.866],[14.544,46.858],[14.552,46.864],[14.556,46.892],[14.554,46.942],[14.545,46.955],[14.55,46.973],[14.591,47.003]]],[[[14.805,46.791],[14.778,46.747],[14.798,46.729],[14.829,46.727],[14.858,46.778],[14.805,46.791]]],[[[13.286,46.753],[13.215,46.749],[13.183,46.729],[13.004,46.726],[12.991,46.711],[13.091,46.699],[13.104,46.685],[13.208,46.697],[13.26,46.736],[13.315,46.731],[13.377,46.756],[13.398,46.79],[13.417,46.847],[13.344,46.876],[13.315,46.854],[13.243,46.846],[13.225,46.837],[13.265,46.804],[13.268,46.786],[13.284,46.783],[13.286,46.753]]],[[[13.019,46.889],[13.028,46.876],[13.046,46.88],[13.037,46.893],[13.019,46.889]]],[[[12.906,46.823],[12.876,46.812],[12.874,46.786],[12.857,46.76],[12.879,46.763],[12.899,46.777],[12.928,46.765],[12.966,46.787],[12.964,46.799],[12.906,46.823]]],[[[12.465,48.239],[12.486,48.222],[12.536,48.221],[12.578,48.241],[12.571,48.255],[12.527,48.279],[12.516,48.275],[12.516,48.263],[12.486,48.259],[12.465,48.239]]]]}},{"type":"Feature","properties":{"NAME":"Prince-Bishopric of Bamberg","SUBJECTO":"Holy Roman Empire","PARTOF":"Holy Roman Empire","ADMIN_LEVEL":4,"OHM_RELATION_ID":2830379,"START_DATE":"1245","END_DATE":"1803-04-27"},"geometry":{"type":"MultiPolygon","coordinates":[[[[11.189,50.271],[11.203,50.256],[11.203,50.242],[11.225,50.232],[11.247,50.238],[11.247,50.224],[11.212,50.211],[11.171,50.209],[11.178,50.2],[11.198,50.202],[11.18,50.185],[11.159,50.189],[11.152,50.199],[11.111,50.194],[11.109,50.2],[11.118,50.2],[11.103,50.211],[11.064,50.206],[11.033,50.219],[10.988,50.213],[10.984,50.208],[11.007,50.2],[11.002,50.186],[11.009,50.18],[10.961,50.174],[10.951,50.157],[10.903,50.15],[10.899,50.139],[10.84,50.115],[10.824,50.096],[10.828,50.077],[10.876,50.062],[10.883,50.038],[10.754,50.03],[10.723,50.044],[10.708,50.035],[10.753,49.978],[10.769,49.972],[10.759,49.96],[10.705,49.954],[10.677,49.94],[10.607,49.948],[10.603,49.941],[10.618,49.932],[10.595,49.922],[10.565,49.92],[10.571,49.915],[10.528,49.897],[10.53,49.883],[10.567,49.884],[10.556,49.865],[10.578,49.859],[10.587,49.875],[10.6,49.876],[10.6,49.89],[10.626,49.891],[10.627,49.876],[10.601,49.856],[10.629,49.844],[10.635,49.828],[10.65,49.821],[10.634,49.813],[10.631,49.801],[10.651,49.797],[10.65,49.738],[10.702,49.694],[10.793,49.66],[10.846,49.663],[10.866,49.636],[10.813,49.622],[10.828,49.604],[10.852,49.604],[10.835,49.592],[10.866,49.547],[10.835,49.534],[10.869,49.52],[10.903,49.534],[10.926,49.523],[10.937,49.545],[10.898,49.555],[10.917,49.574],[10.953,49.567],[10.971,49.583],[10.989,49.616],[10.971,49.623],[10.976,49.661],[11.034,49.673],[11.061,49.663],[11.034,49.645],[11.012,49.602],[11.069,49.608],[11.128,49.587],[11.177,49.59],[11.2,49.607],[11.173,49.612],[11.2,49.647],[11.198,49.654],[11.164,49.646],[11.141,49.649],[11.197,49.672],[11.201,49.681],[11.191,49.691],[11.225,49.698],[11.261,49.694],[11.279,49.675],[11.318,49.685],[11.343,49.678],[11.417,49.711],[11.435,49.732],[11.463,49.739],[11.477,49.758],[11.47,49.772],[11.496,49.805],[11.485,49.81],[11.484,49.822],[11.469,49.827],[11.471,49.848],[11.497,49.855],[11.414,49.886],[11.408,49.896],[11.387,49.896],[11.391,49.888],[11.372,49.892],[11.354,49.917],[11.376,49.931],[11.346,49.95],[11.28,49.972],[11.26,50.006],[11.264,50.017],[11.29,50.023],[11.285,50.035],[11.325,50.05],[11.319,50.062],[11.33,50.073],[11.32,50.077],[11.358,50.095],[11.367,50.126],[11.385,50.131],[11.386,50.149],[11.399,50.161],[11.363,50.159],[11.36,50.176],[11.383,50.194],[11.398,50.179],[11.413,50.176],[11.437,50.186],[11.45,50.171],[11.507,50.149],[11.542,50.149],[11.553,50.182],[11.571,50.192],[11.553,50.2],[11.557,50.217],[11.543,50.222],[11.547,50.238],[11.575,50.257],[11.536,50.266],[11.546,50.277],[11.564,50.281],[11.559,50.306],[11.534,50.317],[11.54,50.342],[11.521,50.355],[11.519,50.396],[11.479,50.401],[11.488,50.418],[11.478,50.433],[11.444,50.421],[11.452,50.43],[11.44,50.438],[11.386,50.437],[11.383,50.45],[11.371,50.441],[11.344,50.445],[11.342,50.46],[11.317,50.468],[11.302,50.462],[11.299,50.433],[11.29,50.432],[11.264,50.39],[11.285,50.36],[11.263,50.352],[11.277,50.336],[11.265,50.338],[11.256,50.322],[11.27,50.307],[11.251,50.299],[11.262,50.275],[11.253,50.268],[11.198,50.292],[11.189,50.271]],[[11.213,49.729],[11.19,49.723],[11.181,49.737],[11.199,49.746],[11.213,49.729]],[[11.192,49.891],[11.225,49.9],[11.262,49.899],[11.276,49.887],[11.26,49.873],[11.307,49.785],[11.266,49.787],[11.241,49.776],[11.209,49.781],[11.212,49.794],[11.196,49.801],[11.192,49.845],[11.229,49.841],[11.234,49.874],[11.2,49.879],[11.192,49.891]],[[11.419,50.202],[11.409,50.216],[11.378,50.224],[11.375,50.233],[11.386,50.246],[11.451,50.24],[11.459,50.226],[11.419,50.202]],[[10.796,49.92],[10.845,49.908],[10.802,49.885],[10.796,49.92]],[[10.874,49.673],[10.867,49.687],[10.885,49.69],[10.903,49.682],[10.901,49.672],[10.887,49.667],[10.874,49.673]]],[[[11.564,49.574],[11.596,49.606],[11.563,49.635],[11.517,49.627],[11.513,49.608],[11.54,49.602],[11.564,49.574]]],[[[11.919,49.602],[11.944,49.609],[11.925,49.63],[11.905,49.626],[11.904,49.666],[11.891,49.681],[11.851,49.691],[11.843,49.689],[11.851,49.683],[11.839,49.677],[11.819,49.678],[11.82,49.688],[11.777,49.68],[11.776,49.668],[11.755,49.673],[11.699,49.657],[11.741,49.62],[11.753,49.625],[11.793,49.617],[11.826,49.596],[11.874,49.59],[11.908,49.594],[11.919,49.602]]],[[[11.542,50.149],[11.545,50.125],[11.58,50.116],[11.595,50.119],[11.607,50.143],[11.65,50.138],[11.643,50.103],[11.625,50.088],[11.642,50.078],[11.701,50.075],[11.714,50.103],[11.676,50.14],[11.702,50.151],[11.695,50.161],[11.67,50.156],[11.661,50.169],[11.681,50.194],[11.655,50.21],[11.666,50.227],[11.654,50.254],[11.666,50.26],[11.678,50.254],[11.695,50.258],[11.693,50.273],[11.73,50.299],[11.722,50.31],[11.682,50.303],[11.672,50.288],[11.648,50.283],[11.638,50.269],[11.598,50.259],[11.613,50.236],[11.605,50.225],[11.626,50.207],[11.605,50.196],[11.607,50.175],[11.578,50.153],[11.542,50.149]]],[[[11.015,49.412],[11.059,49.414],[11.046,49.429],[11.03,49.43],[11.012,49.459],[11.018,49.481],[11.012,49.494],[10.989,49.497],[10.985,49.52],[10.973,49.523],[10.951,49.505],[10.956,49.478],[10.902,49.459],[10.929,49.445],[10.975,49.455],[11.005,49.414],[11.015,49.412]]],[[[10.395,49.673],[10.48,49.706],[10.488,49.718],[10.473,49.729],[10.418,49.731],[10.397,49.748],[10.359,49.718],[10.374,49.704],[10.39,49.703],[10.401,49.719],[10.41,49.718],[10.408,49.693],[10.381,49.684],[10.395,49.673]]],[[[10.659,50.041],[10.622,50.039],[10.598,50.025],[10.539,50.024],[10.517,49.992],[10.525,49.979],[10.513,49.964],[10.52,49.957],[10.516,49.948],[10.536,49.944],[10.563,49.953],[10.579,49.974],[10.599,49.976],[10.618,49.991],[10.64,49.987],[10.656,49.974],[10.69,49.974],[10.689,50.001],[10.659,50.041]]],[[[10.852,50.251],[10.827,50.238],[10.837,50.221],[10.827,50.214],[10.771,50.203],[10.787,50.177],[10.821,50.181],[10.827,50.194],[10.858,50.205],[10.876,50.195],[10.899,50.21],[10.921,50.211],[10.931,50.233],[10.928,50.243],[10.864,50.245],[10.852,50.251]]]]}},{"type":"Feature","properties":{"NAME":"Prince-Bishopric of Münster","SUBJECTO":"Holy Roman Empire","PARTOF":"Holy Roman Empire","ADMIN_LEVEL":4,"OHM_RELATION_ID":2807030,"START_DATE":"1654","END_DATE":"1803-04-27"},"geometry":{"type":"MultiPolygon","coordinates":[[[[6.387,51.865],[6.426,51.84],[6.518,51.817],[6.582,51.783],[6.606,51.755],[6.629,51.75],[6.63,51.735],[6.666,51.748],[6.726,51.753],[6.728,51.769],[6.756,51.776],[6.778,51.747],[6.824,51.741],[6.842,51.748],[6.851,51.741],[6.86,51.717],[6.876,51.702],[6.887,51.669],[6.93,51.662],[6.951,51.667],[6.964,51.664],[7.011,51.666],[7.045,51.685],[7.194,51.735],[7.246,51.718],[7.265,51.72],[7.265,51.727],[7.296,51.717],[7.3,51.708],[7.305,51.709],[7.307,51.711],[7.309,51.711],[7.31,51.709],[7.323,51.701],[7.343,51.7],[7.347,51.696],[7.345,51.694],[7.348,51.684],[7.349,51.684],[7.444,51.66],[7.444,51.65],[7.476,51.621],[7.51,51.62],[7.536,51.61],[7.559,51.618],[7.58,51.638],[7.643,51.649],[7.651,51.658],[7.749,51.679],[7.809,51.683],[7.845,51.698],[7.895,51.705],[7.945,51.7],[7.973,51.691],[8,51.67],[8.006,51.669],[8.005,51.67],[8.058,51.656],[8.094,51.663],[8.25,51.66],[8.291,51.675],[8.292,51.675],[8.295,51.676],[8.31,51.719],[8.325,51.728],[8.346,51.722],[8.344,51.731],[8.367,51.756],[8.298,51.756],[8.256,51.778],[8.257,51.803],[8.242,51.809],[8.235,51.822],[8.2,51.828],[8.221,51.843],[8.202,51.863],[8.18,51.862],[8.166,51.849],[8.143,51.854],[8.124,51.894],[8.166,51.908],[8.173,51.919],[8.166,51.924],[8.198,51.95],[8.246,51.936],[8.314,51.968],[8.287,51.996],[8.252,52.01],[8.174,52.004],[8.152,52.014],[8.133,52.003],[8.095,51.998],[8.076,52.011],[8.096,52.057],[8.091,52.063],[8.033,52.068],[7.982,52.037],[7.917,52.051],[7.921,52.058],[7.889,52.083],[7.848,52.096],[7.82,52.091],[7.794,52.104],[7.74,52.097],[7.718,52.109],[7.705,52.13],[7.727,52.16],[7.716,52.179],[7.654,52.205],[7.646,52.215],[7.672,52.239],[7.678,52.257],[7.65,52.273],[7.648,52.284],[7.619,52.296],[7.622,52.305],[7.601,52.338],[7.671,52.371],[7.671,52.396],[7.617,52.421],[7.591,52.408],[7.574,52.375],[7.553,52.368],[7.536,52.371],[7.504,52.359],[7.434,52.362],[7.419,52.395],[7.392,52.402],[7.397,52.409],[7.371,52.422],[7.368,52.438],[7.351,52.449],[7.355,52.454],[7.301,52.471],[7.289,52.493],[7.302,52.512],[7.29,52.516],[7.295,52.52],[7.288,52.531],[7.267,52.537],[7.275,52.55],[7.261,52.554],[7.248,52.584],[7.368,52.599],[7.414,52.612],[7.445,52.608],[7.465,52.618],[7.546,52.61],[7.604,52.614],[7.608,52.658],[7.66,52.698],[7.684,52.688],[7.775,52.682],[7.794,52.687],[7.818,52.716],[7.874,52.714],[7.879,52.7],[7.92,52.677],[7.947,52.677],[7.959,52.693],[7.974,52.697],[8.018,52.684],[8.052,52.651],[8.073,52.643],[8.083,52.618],[8.072,52.598],[8.042,52.589],[8.044,52.552],[8.034,52.545],[8.036,52.535],[8.013,52.533],[8.023,52.521],[8.062,52.503],[8.11,52.504],[8.17,52.481],[8.241,52.48],[8.303,52.5],[8.314,52.536],[8.344,52.542],[8.349,52.55],[8.339,52.564],[8.344,52.575],[8.323,52.573],[8.312,52.583],[8.294,52.651],[8.309,52.667],[8.31,52.687],[8.336,52.687],[8.41,52.723],[8.445,52.723],[8.466,52.734],[8.472,52.755],[8.502,52.76],[8.502,52.796],[8.464,52.799],[8.474,52.813],[8.471,52.823],[8.394,52.829],[8.406,52.848],[8.356,52.853],[8.333,52.883],[8.227,52.87],[8.157,52.905],[8.157,52.925],[8.122,52.928],[8.123,52.951],[8.115,52.967],[8.124,52.997],[8.083,53.037],[8.076,53.034],[8.062,53.053],[7.899,53.121],[7.876,53.133],[7.852,53.164],[7.817,53.175],[7.749,53.173],[7.714,53.181],[7.664,53.176],[7.645,53.188],[7.609,53.042],[7.568,53.039],[7.426,53.073],[7.385,53.075],[7.38,53.091],[7.363,53.106],[7.334,53.102],[7.329,53.113],[7.203,53.113],[7.201,53.071],[7.217,53.007],[7.182,52.943],[7.087,52.85],[7.093,52.838],[7.072,52.81],[7.055,52.644],[7.042,52.633],[7.139,52.589],[7.149,52.564],[7.145,52.51],[7.158,52.48],[7.181,52.456],[7.203,52.444],[7.212,52.449],[7.258,52.341],[7.317,52.28],[7.299,52.264],[7.122,52.261],[7.102,52.243],[7.066,52.241],[7.039,52.228],[6.992,52.227],[6.951,52.181],[6.908,52.176],[6.883,52.158],[6.873,52.133],[6.855,52.12],[6.763,52.119],[6.755,52.095],[6.746,52.094],[6.747,52.082],[6.696,52.07],[6.688,52.04],[6.753,52.028],[6.827,51.994],[6.832,51.974],[6.828,51.964],[6.799,51.959],[6.794,51.935],[6.77,51.916],[6.733,51.899],[6.722,51.896],[6.696,51.915],[6.675,51.916],[6.542,51.884],[6.471,51.854],[6.452,51.864],[6.434,51.86],[6.394,51.873],[6.387,51.865]],[[6.8,51.858],[6.811,51.859],[6.833,51.884],[6.892,51.893],[6.901,51.88],[6.897,51.866],[6.887,51.87],[6.822,51.85],[6.8,51.858]],[[6.992,52.177],[7.004,52.219],[7.078,52.229],[7.101,52.186],[7.048,52.163],[6.992,52.177]],[[7.261,52.167],[7.304,52.192],[7.415,52.194],[7.432,52.18],[7.407,52.144],[7.393,52.145],[7.336,52.116],[7.293,52.141],[7.268,52.145],[7.261,52.167]]],[[[8.543,52.831],[8.547,52.819],[8.561,52.798],[8.569,52.8],[8.565,52.794],[8.601,52.776],[8.627,52.781],[8.647,52.772],[8.7,52.781],[8.69,52.782],[8.695,52.788],[8.701,52.795],[8.7,52.812],[8.693,52.813],[8.693,52.814],[8.667,52.819],[8.628,52.851],[8.543,52.831]]]]}},{"type":"Feature","properties":{"NAME":"Prince-Bishopric of Würzburg","SUBJECTO":"Holy Roman Empire","PARTOF":"Holy Roman Empire","ADMIN_LEVEL":4,"OHM_RELATION_ID":2830508,"START_DATE":"1168","END_DATE":"1803-04-27"},"geometry":{"type":"MultiPolygon","coordinates":[[[[9.245,49.61],[9.255,49.602],[9.248,49.595],[9.269,49.584],[9.264,49.578],[9.275,49.568],[9.309,49.533],[9.345,49.548],[9.298,49.59],[9.293,49.615],[9.31,49.618],[9.331,49.61],[9.351,49.634],[9.294,49.655],[9.261,49.646],[9.265,49.632],[9.249,49.624],[9.245,49.61]]],[[[9.38,49.607],[9.404,49.587],[9.422,49.59],[9.441,49.573],[9.439,49.561],[9.463,49.563],[9.491,49.579],[9.511,49.566],[9.534,49.567],[9.539,49.582],[9.567,49.604],[9.565,49.611],[9.548,49.61],[9.538,49.623],[9.524,49.621],[9.509,49.651],[9.484,49.647],[9.486,49.658],[9.444,49.665],[9.436,49.664],[9.42,49.639],[9.403,49.64],[9.38,49.607]]],[[[9.447,49.903],[9.497,49.861],[9.509,49.864],[9.496,49.88],[9.508,49.884],[9.535,49.862],[9.578,49.869],[9.63,49.85],[9.653,49.83],[9.644,49.823],[9.577,49.821],[9.582,49.811],[9.618,49.805],[9.623,49.797],[9.614,49.79],[9.626,49.789],[9.661,49.76],[9.697,49.775],[9.725,49.762],[9.71,49.746],[9.671,49.744],[9.661,49.752],[9.643,49.726],[9.641,49.699],[9.617,49.69],[9.658,49.621],[9.604,49.596],[9.592,49.575],[9.565,49.576],[9.558,49.565],[9.57,49.545],[9.638,49.549],[9.726,49.537],[9.752,49.547],[9.731,49.564],[9.774,49.589],[9.818,49.578],[9.802,49.564],[9.812,49.556],[9.858,49.546],[9.875,49.578],[9.914,49.583],[9.898,49.564],[9.924,49.561],[9.927,49.551],[9.922,49.551],[9.924,49.525],[9.917,49.518],[9.924,49.509],[9.917,49.491],[9.954,49.481],[9.96,49.472],[9.949,49.465],[9.931,49.471],[9.911,49.467],[9.901,49.438],[9.934,49.437],[9.941,49.444],[9.962,49.436],[9.96,49.428],[9.895,49.416],[9.891,49.405],[9.864,49.393],[9.859,49.377],[9.871,49.373],[9.882,49.375],[9.888,49.387],[9.924,49.373],[9.969,49.397],[9.998,49.392],[10.014,49.403],[10.038,49.402],[10.04,49.411],[9.986,49.431],[9.993,49.446],[9.972,49.481],[10.013,49.483],[10.028,49.502],[10.053,49.51],[10.06,49.518],[10.04,49.528],[10.065,49.546],[10.084,49.544],[10.099,49.529],[10.183,49.544],[10.169,49.554],[10.165,49.569],[10.174,49.582],[10.072,49.588],[10.072,49.607],[10.088,49.625],[10.068,49.624],[10.061,49.647],[10.097,49.655],[10.114,49.687],[10.128,49.69],[10.123,49.696],[10.159,49.723],[10.219,49.725],[10.239,49.714],[10.234,49.695],[10.216,49.694],[10.21,49.679],[10.187,49.679],[10.184,49.652],[10.228,49.651],[10.226,49.665],[10.252,49.668],[10.304,49.694],[10.35,49.69],[10.35,49.701],[10.374,49.704],[10.359,49.718],[10.317,49.733],[10.284,49.798],[10.308,49.806],[10.32,49.819],[10.356,49.824],[10.37,49.816],[10.357,49.792],[10.407,49.78],[10.443,49.838],[10.437,49.847],[10.462,49.875],[10.49,49.868],[10.53,49.883],[10.528,49.897],[10.571,49.915],[10.565,49.92],[10.595,49.922],[10.618,49.932],[10.603,49.941],[10.607,49.948],[10.677,49.94],[10.705,49.954],[10.759,49.96],[10.769,49.972],[10.753,49.978],[10.708,50.035],[10.723,50.044],[10.754,50.03],[10.883,50.038],[10.876,50.062],[10.828,50.077],[10.824,50.096],[10.84,50.115],[10.899,50.139],[10.903,50.15],[10.922,50.154],[10.914,50.168],[10.877,50.176],[10.873,50.197],[10.858,50.205],[10.827,50.194],[10.821,50.181],[10.787,50.177],[10.771,50.203],[10.837,50.221],[10.827,50.238],[10.801,50.252],[10.782,50.252],[10.769,50.241],[10.733,50.251],[10.727,50.232],[10.732,50.213],[10.724,50.205],[10.687,50.222],[10.658,50.224],[10.663,50.228],[10.612,50.224],[10.599,50.246],[10.611,50.25],[10.599,50.263],[10.604,50.272],[10.592,50.27],[10.605,50.294],[10.593,50.317],[10.601,50.334],[10.562,50.338],[10.551,50.344],[10.555,50.357],[10.543,50.364],[10.533,50.365],[10.515,50.35],[10.514,50.359],[10.492,50.355],[10.496,50.367],[10.489,50.375],[10.47,50.374],[10.459,50.382],[10.449,50.403],[10.426,50.394],[10.395,50.395],[10.384,50.406],[10.404,50.425],[10.372,50.432],[10.382,50.439],[10.368,50.439],[10.336,50.466],[10.342,50.483],[10.331,50.494],[10.301,50.494],[10.303,50.486],[10.269,50.477],[10.251,50.44],[10.245,50.442],[10.248,50.432],[10.236,50.431],[10.232,50.42],[10.177,50.445],[10.149,50.442],[10.111,50.451],[10.097,50.461],[10.099,50.467],[10.083,50.474],[10.084,50.485],[10.118,50.481],[10.124,50.491],[10.111,50.499],[10.144,50.503],[10.155,50.502],[10.161,50.478],[10.175,50.469],[10.204,50.469],[10.2,50.5],[10.23,50.511],[10.231,50.532],[10.194,50.555],[10.176,50.544],[10.129,50.564],[10.109,50.564],[10.1,50.555],[10.073,50.538],[10.074,50.528],[10.045,50.517],[10.039,50.528],[10.061,50.557],[10.045,50.575],[10.047,50.601],[10.026,50.618],[9.997,50.619],[9.982,50.603],[10.015,50.538],[10.014,50.507],[9.977,50.533],[9.949,50.518],[9.946,50.501],[9.957,50.485],[9.996,50.461],[9.993,50.452],[9.958,50.424],[9.884,50.399],[9.876,50.369],[9.853,50.357],[9.883,50.331],[9.912,50.336],[9.929,50.33],[9.932,50.324],[9.901,50.311],[9.9,50.3],[9.916,50.276],[9.898,50.264],[9.927,50.239],[9.912,50.232],[9.92,50.214],[9.912,50.208],[9.968,50.201],[9.956,50.192],[9.956,50.165],[9.97,50.16],[9.984,50.141],[9.975,50.13],[9.945,50.127],[9.931,50.093],[9.941,50.088],[9.901,50.056],[9.91,50.043],[9.868,50.045],[9.852,50.076],[9.856,50.086],[9.835,50.093],[9.756,50.092],[9.752,50.103],[9.731,50.093],[9.717,50.099],[9.729,50.105],[9.695,50.127],[9.688,50.114],[9.641,50.124],[9.594,50.119],[9.594,50.079],[9.603,50.069],[9.658,50.066],[9.679,50.078],[9.686,50.077],[9.689,50.061],[9.683,50.055],[9.643,50.056],[9.651,50.029],[9.622,50.022],[9.581,49.996],[9.599,49.951],[9.502,49.953],[9.447,49.903]],[[9.647,49.92],[9.666,49.929],[9.72,49.93],[9.735,49.914],[9.687,49.9],[9.701,49.889],[9.739,49.888],[9.744,49.86],[9.709,49.858],[9.672,49.888],[9.66,49.887],[9.658,49.895],[9.666,49.9],[9.647,49.92]],[[9.676,49.693],[9.677,49.716],[9.701,49.717],[9.724,49.744],[9.755,49.75],[9.792,49.731],[9.753,49.71],[9.751,49.697],[9.736,49.688],[9.676,49.693]],[[9.676,49.806],[9.682,49.815],[9.718,49.819],[9.73,49.789],[9.702,49.778],[9.676,49.806]],[[9.764,50.074],[9.78,50.081],[9.799,50.076],[9.793,50.054],[9.766,50.061],[9.764,50.074]],[[9.838,49.918],[9.856,49.938],[9.857,49.969],[9.89,49.965],[9.89,49.926],[9.838,49.918]],[[9.9,49.671],[9.906,49.685],[9.93,49.685],[9.949,49.708],[10.024,49.697],[10.031,49.676],[9.963,49.686],[9.951,49.675],[9.963,49.658],[9.953,49.623],[9.928,49.623],[9.916,49.647],[9.932,49.667],[9.9,49.671]],[[10.042,49.719],[10.042,49.728],[10.105,49.742],[10.113,49.734],[10.098,49.716],[10.061,49.703],[10.06,49.715],[10.042,49.719]],[[10.121,50.556],[10.122,50.563],[10.151,50.552],[10.139,50.543],[10.121,50.556]],[[10.129,49.901],[10.172,49.904],[10.187,49.873],[10.141,49.869],[10.129,49.901]],[[10.167,50.028],[10.19,50.043],[10.182,50.053],[10.195,50.068],[10.205,50.073],[10.225,50.066],[10.229,50.085],[10.222,50.091],[10.237,50.122],[10.262,50.14],[10.275,50.139],[10.281,50.147],[10.323,50.14],[10.31,50.129],[10.269,50.132],[10.295,50.112],[10.257,50.086],[10.267,50.067],[10.26,50.059],[10.276,50.058],[10.241,50.039],[10.239,50.023],[10.249,50.019],[10.235,50.014],[10.212,50.009],[10.167,50.028]],[[10.269,49.897],[10.283,49.902],[10.279,49.916],[10.292,49.92],[10.313,49.884],[10.274,49.885],[10.269,49.897]],[[10.272,49.853],[10.299,49.858],[10.313,49.845],[10.29,49.832],[10.275,49.834],[10.272,49.853]],[[10.437,50.17],[10.45,50.196],[10.47,50.187],[10.471,50.178],[10.437,50.17]],[[10.513,49.964],[10.525,49.979],[10.517,49.992],[10.539,50.024],[10.598,50.025],[10.622,50.039],[10.613,50.051],[10.574,50.051],[10.574,50.062],[10.538,50.069],[10.52,50.088],[10.551,50.095],[10.58,50.087],[10.595,50.097],[10.632,50.083],[10.62,50.078],[10.647,50.058],[10.655,50.056],[10.653,50.07],[10.663,50.074],[10.686,50.069],[10.685,50.048],[10.659,50.041],[10.689,50.001],[10.69,49.974],[10.656,49.974],[10.64,49.987],[10.618,49.991],[10.599,49.976],[10.579,49.974],[10.563,49.953],[10.536,49.944],[10.516,49.948],[10.52,49.957],[10.513,49.964]],[[10.578,50.16],[10.595,50.161],[10.596,50.148],[10.586,50.146],[10.578,50.16]]],[[[9.527,50.19],[9.529,50.168],[9.616,50.18],[9.683,50.176],[9.7,50.203],[9.685,50.209],[9.682,50.231],[9.667,50.24],[9.604,50.222],[9.582,50.222],[9.576,50.232],[9.564,50.196],[9.544,50.201],[9.527,50.19]]],[[[9.687,49.317],[9.756,49.318],[9.798,49.333],[9.841,49.314],[9.864,49.326],[9.839,49.344],[9.849,49.349],[9.842,49.373],[9.83,49.373],[9.84,49.379],[9.836,49.386],[9.811,49.379],[9.78,49.383],[9.752,49.362],[9.761,49.343],[9.73,49.352],[9.738,49.338],[9.711,49.34],[9.705,49.335],[9.719,49.324],[9.701,49.327],[9.687,49.317]]],[[[9.752,49.204],[9.762,49.193],[9.781,49.188],[9.789,49.19],[9.787,49.206],[9.754,49.211],[9.752,49.204]]],[[[10.347,49.67],[10.376,49.643],[10.383,49.614],[10.397,49.607],[10.458,49.633],[10.457,49.648],[10.441,49.662],[10.404,49.666],[10.395,49.673],[10.381,49.684],[10.347,49.67]]],[[[10.563,49.76],[10.65,49.738],[10.651,49.797],[10.631,49.801],[10.605,49.807],[10.594,49.788],[10.609,49.774],[10.567,49.774],[10.563,49.76]]]]}}],"metadata":{"generatedBy":"scripts/build-fief-flat.ts","input":"data/hre_fiefs_1715.geojson","year":1715,"cutPolicy":"keep-smaller","containmentCoverageThreshold":0.9,"minOverlapAreaM2":1000,"sliverAreaLimitM2":1000000000,"resolutions":[{"kind":"sliver","cutName":"Duchy of Mecklenburg-Schwerin","keptName":"Duchy of Mecklenburg-Strelitz","overlapKm2":14.98,"coverageOfSmaller":0.0057},{"kind":"sliver","cutName":"Electorate of Bavaria","keptName":"Prince-Archbishopric of Salzburg","overlapKm2":4.25,"coverageOfSmaller":0.0004},{"kind":"sliver","cutName":"Electorate of Bavaria","keptName":"Prince-Bishopric of Bamberg","overlapKm2":0.69,"coverageOfSmaller":0.0002},{"kind":"sliver","cutName":"Electorate of Brandenburg","keptName":"Duchy of Mecklenburg-Schwerin","overlapKm2":15.58,"coverageOfSmaller":0.0011},{"kind":"sliver","cutName":"Electorate of Brandenburg","keptName":"Duchy of Mecklenburg-Strelitz","overlapKm2":13.2,"coverageOfSmaller":0.005},{"kind":"sliver","cutName":"Electorate of Mainz","keptName":"Margraviate of Baden-Baden","overlapKm2":0.08,"coverageOfSmaller":0},{"kind":"sliver","cutName":"Electorate of Mainz","keptName":"Nassau-Weilburg","overlapKm2":0.38,"coverageOfSmaller":0.0005},{"kind":"sliver","cutName":"Electorate of Mainz","keptName":"Prince-Bishopric of Würzburg","overlapKm2":42.67,"coverageOfSmaller":0.0072},{"kind":"sliver","cutName":"Hesse-Kassel","keptName":"Electorate of Cologne","overlapKm2":1.44,"coverageOfSmaller":0.0002},{"kind":"sliver","cutName":"Hesse-Kassel","keptName":"Electorate of Mainz","overlapKm2":6.95,"coverageOfSmaller":0.0011},{"kind":"sliver","cutName":"Hesse-Kassel","keptName":"Nassau-Weilburg","overlapKm2":1.59,"coverageOfSmaller":0.0023},{"kind":"sliver","cutName":"Margraviate of Baden-Baden","keptName":"Margraviate of Baden-Durlach","overlapKm2":0.84,"coverageOfSmaller":0.0005},{"kind":"sliver","cutName":"Prince-Bishopric of Münster","keptName":"Electorate of Cologne","overlapKm2":1.52,"coverageOfSmaller":0.0002},{"kind":"sliver","cutName":"Prince-Bishopric of Münster","keptName":"Hesse-Kassel","overlapKm2":0.01,"coverageOfSmaller":0},{"kind":"sliver","cutName":"Prince-Bishopric of Würzburg","keptName":"Prince-Bishopric of Bamberg","overlapKm2":0.11,"coverageOfSmaller":0}],"source":"OpenHistoricalMap","sourceUrl":"https://www.openhistoricalmap.org/","license":"CC0-1.0","borderPrecision":"史料に基づく復元（概略。測量された境界ではない）"}}