{"type":"FeatureCollection","features":[{"type":"Feature","properties":{"NAME":"Duchy of Mecklenburg-Schwerin","SUBJECTO":"Holy Roman Empire","PARTOF":"Holy Roman Empire","ADMIN_LEVEL":4,"OHM_RELATION_ID":2856449,"START_DATE":"1701-03-08","END_DATE":"1803-04-27"},"geometry":{"type":"MultiPolygon","coordinates":[[[[12.243,54.319],[12.154,54.286],[12.081,54.236],[11.984,54.228],[11.839,54.195],[11.75,54.204],[11.675,54.201],[11.626,54.187],[11.559,54.149],[11.495,54.132],[11.435,54.078],[11.509,54.034],[11.499,54.003],[11.463,53.963],[11.478,53.96],[11.481,53.951],[11.482,53.929],[11.47,53.926],[11.513,53.916],[11.502,53.908],[11.51,53.9],[11.548,53.897],[11.56,53.913],[11.598,53.917],[11.607,53.909],[11.601,53.895],[11.561,53.896],[11.507,53.883],[11.521,53.869],[11.519,53.864],[11.486,53.848],[11.479,53.85],[11.48,53.868],[11.46,53.87],[11.443,53.854],[11.449,53.862],[11.442,53.866],[11.414,53.871],[11.395,53.86],[11.392,53.87],[11.381,53.875],[11.398,53.914],[11.407,53.913],[11.41,53.919],[11.401,53.927],[11.432,53.959],[11.43,53.983],[11.401,53.987],[11.403,53.982],[11.354,53.966],[11.313,53.991],[11.304,54.015],[11.39,53.994],[11.429,53.989],[11.435,53.994],[11.324,54.036],[11.308,54.026],[11.261,54.037],[11.219,54.06],[11.167,54.066],[11.063,54.062],[10.931,54.029],[10.897,53.923],[10.964,53.913],[10.972,53.9],[10.967,53.896],[10.98,53.892],[10.973,53.88],[11.035,53.875],[11.065,53.865],[11.065,53.854],[11.081,53.847],[11.053,53.835],[11.019,53.84],[11.017,53.829],[10.99,53.828],[10.98,53.813],[11.004,53.807],[10.988,53.784],[10.999,53.755],[11.022,53.749],[11.019,53.735],[10.983,53.727],[10.957,53.731],[10.961,53.717],[10.974,53.706],[10.971,53.694],[10.946,53.686],[10.921,53.691],[10.935,53.688],[10.942,53.663],[10.955,53.659],[10.952,53.651],[11.003,53.629],[10.978,53.575],[10.953,53.567],[10.898,53.572],[10.862,53.565],[10.822,53.574],[10.832,53.543],[10.818,53.528],[10.792,53.527],[10.796,53.522],[10.776,53.495],[10.756,53.483],[10.702,53.478],[10.696,53.45],[10.68,53.442],[10.664,53.447],[10.686,53.456],[10.652,53.461],[10.635,53.456],[10.62,53.425],[10.615,53.384],[10.599,53.378],[10.595,53.364],[10.608,53.37],[10.652,53.372],[10.663,53.364],[10.697,53.369],[10.744,53.355],[10.762,53.339],[10.762,53.329],[10.784,53.32],[10.868,53.309],[10.872,53.298],[10.891,53.289],[10.905,53.3],[10.893,53.308],[10.898,53.321],[10.881,53.335],[10.9,53.334],[10.924,53.348],[10.946,53.336],[10.988,53.333],[10.983,53.327],[10.999,53.321],[11.009,53.282],[11.03,53.277],[11.06,53.236],[11.09,53.214],[11.192,53.182],[11.19,53.166],[11.174,53.157],[11.182,53.138],[11.231,53.141],[11.212,53.123],[11.235,53.133],[11.219,53.125],[11.234,53.119],[11.255,53.127],[11.29,53.117],[11.391,53.111],[11.401,53.116],[11.392,53.13],[11.395,53.14],[11.415,53.137],[11.436,53.152],[11.446,53.17],[11.516,53.18],[11.543,53.205],[11.59,53.217],[11.626,53.241],[11.696,53.244],[11.723,53.231],[11.728,53.217],[11.834,53.232],[11.799,53.25],[11.862,53.249],[11.893,53.279],[11.951,53.273],[11.974,53.298],[11.987,53.298],[11.977,53.307],[11.991,53.328],[12,53.326],[12.005,53.3],[12.019,53.299],[12.024,53.304],[12.016,53.333],[12.004,53.334],[12.002,53.347],[11.986,53.344],[11.984,53.351],[12.002,53.354],[12.011,53.366],[12,53.381],[12.02,53.394],[12.049,53.389],[12.077,53.369],[12.082,53.346],[12.135,53.349],[12.152,53.362],[12.169,53.339],[12.187,53.344],[12.188,53.352],[12.23,53.358],[12.236,53.342],[12.257,53.325],[12.311,53.327],[12.395,53.301],[12.392,53.285],[12.427,53.275],[12.446,53.251],[12.529,53.265],[12.606,53.244],[12.648,53.255],[12.668,53.248],[12.696,53.271],[12.703,53.27],[12.7,53.259],[12.678,53.249],[12.68,53.238],[12.664,53.235],[12.688,53.227],[12.733,53.246],[12.757,53.224],[12.751,53.207],[12.739,53.2],[12.764,53.189],[12.842,53.2],[12.853,53.196],[12.87,53.202],[12.878,53.213],[12.883,53.207],[12.906,53.211],[12.914,53.22],[12.904,53.224],[12.913,53.231],[12.901,53.251],[12.879,53.231],[12.887,53.229],[12.864,53.225],[12.836,53.205],[12.798,53.209],[12.804,53.23],[12.767,53.241],[12.753,53.258],[12.76,53.274],[12.776,53.28],[12.765,53.287],[12.771,53.321],[12.785,53.334],[12.812,53.327],[12.824,53.351],[12.832,53.353],[12.832,53.386],[12.844,53.39],[12.852,53.416],[12.867,53.419],[12.898,53.444],[12.941,53.437],[12.958,53.45],[12.991,53.417],[12.963,53.412],[12.944,53.395],[12.97,53.37],[12.993,53.386],[12.997,53.401],[13.015,53.411],[13.059,53.403],[13.098,53.416],[13.099,53.428],[13.087,53.422],[13.089,53.432],[13.057,53.429],[13.071,53.452],[13.114,53.478],[13.121,53.471],[13.121,53.478],[13.129,53.477],[13.141,53.461],[13.148,53.463],[13.16,53.468],[13.161,53.486],[13.182,53.494],[13.146,53.548],[13.183,53.569],[13.164,53.597],[13.181,53.604],[13.229,53.595],[13.25,53.609],[13.189,53.631],[13.174,53.645],[13.14,53.642],[13.138,53.635],[13.121,53.63],[13.106,53.64],[13.09,53.639],[13.091,53.659],[13.069,53.669],[13.083,53.675],[13.073,53.685],[13.085,53.696],[13.111,53.694],[13.122,53.712],[13.116,53.714],[13.117,53.735],[13.099,53.742],[13.085,53.76],[13.046,53.749],[13.013,53.749],[12.977,53.733],[12.931,53.744],[12.89,53.732],[12.878,53.717],[12.853,53.729],[12.818,53.724],[12.792,53.766],[12.78,53.765],[12.801,53.774],[12.893,53.841],[12.881,53.862],[12.897,53.873],[12.943,53.873],[12.995,53.883],[13.001,53.89],[12.987,53.9],[12.959,53.899],[12.953,53.919],[12.901,53.922],[12.9,53.938],[12.924,53.958],[12.909,53.966],[12.86,53.975],[12.834,53.994],[12.743,54.033],[12.744,54.055],[12.735,54.062],[12.743,54.068],[12.742,54.078],[12.718,54.091],[12.697,54.119],[12.675,54.12],[12.602,54.162],[12.587,54.162],[12.586,54.176],[12.569,54.183],[12.57,54.196],[12.543,54.223],[12.497,54.242],[12.416,54.262],[12.41,54.279],[12.426,54.292],[12.423,54.377],[12.32,54.389],[12.279,54.335],[12.243,54.319]],[[12.768,53.721],[12.799,53.716],[12.82,53.7],[12.835,53.676],[12.876,53.659],[12.864,53.62],[12.841,53.61],[12.81,53.618],[12.806,53.642],[12.79,53.647],[12.792,53.655],[12.807,53.659],[12.805,53.671],[12.789,53.679],[12.794,53.692],[12.774,53.699],[12.768,53.721]],[[12.699,53.278],[12.717,53.279],[12.691,53.272],[12.696,53.277],[12.687,53.289],[12.689,53.316],[12.701,53.324],[12.711,53.32],[12.717,53.339],[12.745,53.336],[12.744,53.31],[12.728,53.31],[12.722,53.296],[12.703,53.291],[12.699,53.278]],[[10.981,53.511],[11.017,53.509],[11.009,53.503],[11.007,53.489],[10.986,53.48],[10.974,53.483],[10.981,53.511]],[[13.088,53.561],[13.091,53.574],[13.137,53.587],[13.15,53.566],[13.127,53.556],[13.088,53.561]],[[11.396,53.857],[11.417,53.855],[11.414,53.845],[11.397,53.839],[11.388,53.853],[11.396,53.857]],[[11.7,53.949],[11.712,53.946],[11.71,53.939],[11.744,53.943],[11.727,53.928],[11.758,53.924],[11.755,53.914],[11.795,53.905],[11.798,53.891],[11.761,53.873],[11.779,53.863],[11.773,53.858],[11.732,53.836],[11.707,53.833],[11.702,53.813],[11.674,53.812],[11.648,53.838],[11.621,53.837],[11.616,53.851],[11.646,53.862],[11.643,53.875],[11.651,53.886],[11.645,53.896],[11.653,53.898],[11.636,53.903],[11.632,53.912],[11.659,53.931],[11.642,53.95],[11.663,53.952],[11.687,53.934],[11.7,53.949]]],[[[12.983,53.229],[12.971,53.221],[12.998,53.228],[13.02,53.216],[13.047,53.237],[13.024,53.244],[13.028,53.247],[13.073,53.247],[13.103,53.265],[13.11,53.262],[13.104,53.267],[13.079,53.261],[13.054,53.286],[13.041,53.288],[13.006,53.264],[12.989,53.269],[12.985,53.255],[12.996,53.251],[12.981,53.239],[12.983,53.229]]],[[[12.608,53.027],[12.627,53.067],[12.603,53.09],[12.564,53.099],[12.555,53.066],[12.54,53.053],[12.55,53.047],[12.543,53.039],[12.56,53.032],[12.598,53.035],[12.594,53.031],[12.608,53.027]]],[[[12.518,52.963],[12.541,52.96],[12.563,52.974],[12.615,52.976],[12.655,53.001],[12.622,53.014],[12.565,53],[12.531,53.007],[12.503,52.988],[12.518,52.963]]],[[[12.961,53.178],[12.989,53.187],[12.983,53.194],[12.991,53.21],[12.986,53.213],[12.974,53.19],[12.944,53.175],[12.961,53.178]]]]}},{"type":"Feature","properties":{"NAME":"Duchy of Mecklenburg-Strelitz","SUBJECTO":"Holy Roman Empire","PARTOF":"Holy Roman Empire","ADMIN_LEVEL":4,"OHM_RELATION_ID":2694809,"START_DATE":"1701-03-08","END_DATE":"1806-08-06"},"geometry":{"type":"MultiPolygon","coordinates":[[[[10.555,53.634],[10.558,53.625],[10.581,53.619],[10.59,53.626],[10.575,53.638],[10.555,53.634]]],[[[10.596,53.65],[10.597,53.629],[10.655,53.627],[10.637,53.669],[10.608,53.668],[10.596,53.65]]],[[[10.746,53.609],[10.75,53.599],[10.77,53.598],[10.779,53.612],[10.774,53.616],[10.8,53.631],[10.789,53.644],[10.768,53.645],[10.75,53.639],[10.748,53.631],[10.76,53.621],[10.746,53.609]]],[[[10.748,53.834],[10.765,53.823],[10.772,53.789],[10.787,53.799],[10.786,53.809],[10.811,53.804],[10.813,53.794],[10.8,53.786],[10.792,53.759],[10.76,53.765],[10.762,53.715],[10.806,53.702],[10.808,53.688],[10.856,53.671],[10.861,53.677],[10.849,53.685],[10.871,53.702],[10.892,53.704],[10.896,53.716],[10.889,53.72],[10.897,53.726],[10.925,53.73],[10.924,53.723],[10.949,53.708],[10.959,53.714],[10.957,53.731],[11.015,53.729],[11.022,53.749],[10.994,53.758],[10.998,53.769],[10.987,53.786],[11.003,53.807],[10.981,53.818],[10.997,53.833],[11.015,53.829],[11.019,53.84],[11.065,53.84],[11.082,53.852],[11.065,53.854],[11.066,53.864],[11.035,53.875],[10.974,53.878],[10.981,53.888],[10.969,53.893],[10.968,53.906],[10.958,53.91],[10.908,53.899],[10.903,53.909],[10.912,53.915],[10.883,53.924],[10.845,53.896],[10.819,53.893],[10.802,53.877],[10.773,53.874],[10.749,53.852],[10.748,53.834]]],[[[10.974,53.483],[10.994,53.48],[11.015,53.497],[11.009,53.503],[11.017,53.509],[10.981,53.511],[10.974,53.483]]],[[[12.675,53.248],[12.703,53.26],[12.703,53.268],[12.692,53.27],[12.675,53.248]]],[[[12.685,53.308],[12.695,53.281],[12.689,53.273],[12.717,53.277],[12.699,53.278],[12.701,53.289],[12.717,53.29],[12.728,53.31],[12.744,53.31],[12.745,53.336],[12.722,53.341],[12.711,53.32],[12.704,53.324],[12.689,53.316],[12.685,53.308]]],[[[12.691,53.226],[12.747,53.226],[12.738,53.246],[12.691,53.226]]],[[[12.753,53.252],[12.763,53.243],[12.801,53.235],[12.8,53.211],[12.848,53.211],[12.864,53.225],[12.886,53.227],[12.88,53.229],[12.886,53.24],[12.901,53.251],[12.912,53.235],[12.904,53.227],[12.912,53.222],[12.892,53.209],[12.871,53.211],[12.855,53.195],[12.859,53.188],[12.88,53.179],[12.923,53.196],[12.929,53.194],[12.922,53.189],[12.942,53.186],[12.937,53.194],[12.981,53.199],[12.99,53.206],[12.993,53.202],[12.985,53.198],[12.988,53.191],[12.964,53.178],[12.97,53.165],[13.005,53.167],[13.026,53.185],[13.055,53.158],[13.097,53.165],[13.102,53.151],[13.13,53.142],[13.122,53.125],[13.114,53.127],[13.104,53.113],[13.11,53.098],[13.131,53.094],[13.146,53.102],[13.16,53.082],[13.183,53.075],[13.203,53.079],[13.213,53.063],[13.234,53.056],[13.305,53.06],[13.366,53.079],[13.349,53.096],[13.323,53.101],[13.311,53.121],[13.282,53.138],[13.227,53.111],[13.196,53.132],[13.194,53.155],[13.187,53.159],[13.198,53.171],[13.149,53.19],[13.113,53.186],[13.12,53.203],[13.106,53.213],[13.107,53.237],[13.181,53.251],[13.203,53.221],[13.23,53.216],[13.251,53.247],[13.23,53.249],[13.232,53.254],[13.242,53.262],[13.276,53.265],[13.296,53.279],[13.337,53.273],[13.361,53.278],[13.385,53.245],[13.395,53.245],[13.403,53.246],[13.408,53.263],[13.432,53.285],[13.442,53.286],[13.435,53.295],[13.439,53.3],[13.457,53.298],[13.464,53.289],[13.483,53.291],[13.507,53.316],[13.502,53.324],[13.524,53.32],[13.526,53.348],[13.516,53.352],[13.527,53.367],[13.543,53.364],[13.556,53.377],[13.55,53.4],[13.598,53.413],[13.592,53.428],[13.615,53.438],[13.64,53.433],[13.663,53.455],[13.707,53.476],[13.687,53.491],[13.694,53.509],[13.67,53.509],[13.672,53.517],[13.681,53.521],[13.678,53.532],[13.721,53.541],[13.719,53.561],[13.726,53.572],[13.766,53.593],[13.77,53.607],[13.761,53.622],[13.807,53.649],[13.861,53.67],[13.82,53.684],[13.754,53.686],[13.718,53.698],[13.642,53.704],[13.551,53.695],[13.538,53.701],[13.528,53.725],[13.506,53.742],[13.445,53.751],[13.429,53.744],[13.413,53.708],[13.392,53.696],[13.268,53.663],[13.271,53.654],[13.259,53.644],[13.246,53.614],[13.249,53.604],[13.229,53.595],[13.164,53.6],[13.183,53.569],[13.146,53.548],[13.162,53.53],[13.167,53.509],[13.184,53.496],[13.164,53.489],[13.16,53.468],[13.148,53.463],[13.141,53.461],[13.124,53.48],[13.117,53.472],[13.116,53.477],[13.1,53.473],[13.071,53.452],[13.057,53.429],[13.074,53.426],[13.086,53.434],[13.084,53.425],[13.099,53.428],[13.098,53.416],[13.063,53.403],[13.015,53.411],[12.997,53.401],[12.999,53.391],[12.977,53.381],[12.974,53.37],[12.945,53.394],[12.963,53.41],[12.991,53.417],[12.958,53.45],[12.941,53.437],[12.898,53.444],[12.852,53.416],[12.844,53.39],[12.828,53.378],[12.835,53.357],[12.814,53.329],[12.785,53.334],[12.771,53.321],[12.765,53.303],[12.776,53.283],[12.755,53.27],[12.753,53.252]],[[12.971,53.22],[12.983,53.229],[12.982,53.237],[12.995,53.249],[12.986,53.254],[12.993,53.269],[13.006,53.264],[13.041,53.288],[13.054,53.286],[13.074,53.261],[13.114,53.263],[13.077,53.255],[13.081,53.249],[13.047,53.248],[13.053,53.245],[13.048,53.241],[13.025,53.246],[13.049,53.24],[13.035,53.225],[13.023,53.224],[13.023,53.216],[12.998,53.228],[12.971,53.22]],[[13.035,53.192],[13.071,53.202],[13.077,53.192],[13.059,53.18],[13.035,53.192]]],[[[13.088,53.561],[13.127,53.556],[13.15,53.566],[13.138,53.588],[13.093,53.577],[13.097,53.57],[13.088,53.561]]]]}},{"type":"Feature","properties":{"NAME":"Electorate of Brandenburg","SUBJECTO":"Holy Roman Empire","PARTOF":"Holy Roman Empire","ADMIN_LEVEL":4,"OHM_RELATION_ID":2693973,"START_DATE":"1648-10-24","END_DATE":"1807-07-09"},"geometry":{"type":"MultiPolygon","coordinates":[[[[11.935,52.395],[11.968,52.405],[11.991,52.429],[12.002,52.461],[11.987,52.473],[11.982,52.498],[11.96,52.519],[11.977,52.534],[11.987,52.572],[12.016,52.625],[12.01,52.661],[12.015,52.682],[12.042,52.734],[12.023,52.812],[12.079,52.815],[12.076,52.803],[12.101,52.797],[12.109,52.783],[12.137,52.785],[12.166,52.804],[12.213,52.795],[12.222,52.779],[12.206,52.761],[12.222,52.74],[12.201,52.729],[12.206,52.727],[12.197,52.719],[12.21,52.718],[12.205,52.714],[12.224,52.702],[12.217,52.7],[12.222,52.688],[12.231,52.69],[12.227,52.684],[12.239,52.666],[12.268,52.669],[12.283,52.662],[12.297,52.672],[12.334,52.655],[12.318,52.641],[12.322,52.628],[12.314,52.614],[12.322,52.603],[12.319,52.595],[12.329,52.591],[12.322,52.58],[12.33,52.566],[12.313,52.562],[12.312,52.555],[12.325,52.552],[12.304,52.545],[12.308,52.531],[12.338,52.527],[12.35,52.51],[12.381,52.515],[12.408,52.502],[12.418,52.509],[12.454,52.494],[12.432,52.458],[12.363,52.443],[12.37,52.428],[12.389,52.435],[12.393,52.39],[12.406,52.401],[12.445,52.386],[12.458,52.399],[12.477,52.395],[12.453,52.363],[12.438,52.364],[12.424,52.351],[12.427,52.342],[12.472,52.332],[12.458,52.318],[12.368,52.304],[12.34,52.311],[12.342,52.337],[12.308,52.346],[12.244,52.266],[12.206,52.279],[12.134,52.265],[12.136,52.253],[12.147,52.249],[12.146,52.229],[12.158,52.219],[12.218,52.22],[12.257,52.233],[12.334,52.222],[12.347,52.211],[12.398,52.195],[12.435,52.196],[12.443,52.179],[12.491,52.172],[12.506,52.184],[12.495,52.199],[12.52,52.191],[12.542,52.199],[12.52,52.222],[12.536,52.247],[12.568,52.252],[12.576,52.26],[12.571,52.268],[12.623,52.24],[12.784,52.204],[12.827,52.229],[12.82,52.236],[12.836,52.247],[12.813,52.246],[12.808,52.265],[12.782,52.269],[12.788,52.289],[12.823,52.301],[12.897,52.297],[12.911,52.274],[12.839,52.248],[12.845,52.245],[12.855,52.205],[12.849,52.192],[12.855,52.188],[12.823,52.185],[12.826,52.158],[12.819,52.152],[12.832,52.14],[12.822,52.125],[12.798,52.118],[12.792,52.101],[12.779,52.099],[12.825,52.089],[12.829,52.081],[12.84,52.085],[12.847,52.069],[12.838,52.056],[12.845,52.053],[12.827,52.042],[12.876,52.02],[12.904,52.036],[12.942,52.034],[13.032,51.999],[13.064,52.004],[13.056,52.009],[13.096,52.011],[13.104,52.019],[13.12,52.004],[13.16,51.997],[13.163,52.006],[13.174,52.007],[13.18,52.024],[13.194,52.026],[13.214,52.005],[13.213,51.989],[13.246,51.99],[13.236,51.963],[13.246,51.941],[13.295,51.945],[13.323,51.937],[13.353,51.947],[13.355,51.936],[13.378,51.93],[13.386,51.934],[13.372,51.957],[13.354,51.958],[13.346,51.971],[13.32,51.973],[13.316,51.981],[13.315,51.989],[13.343,51.99],[13.356,51.998],[13.361,52.042],[13.336,52.058],[13.323,52.054],[13.327,52.077],[13.268,52.087],[13.375,52.089],[13.433,52.112],[13.493,52.109],[13.527,52.13],[13.532,52.143],[13.55,52.142],[13.541,52.097],[13.63,52.071],[13.651,52.053],[13.654,52.029],[13.673,52.021],[13.702,52.028],[13.704,52.044],[13.691,52.057],[13.724,52.082],[13.72,52.094],[13.736,52.099],[13.76,52.087],[13.775,52.052],[13.767,52.059],[13.766,52.042],[13.759,52.038],[13.767,52.034],[13.728,52.032],[13.734,52.025],[13.727,52.024],[13.741,52.017],[13.768,52.022],[13.768,52.015],[13.784,52.02],[13.834,51.993],[13.858,51.989],[13.868,51.994],[13.854,52.025],[13.862,52.04],[13.902,52.049],[13.924,52.071],[13.956,52.077],[13.983,52.095],[13.952,52.111],[13.954,52.116],[13.988,52.121],[14.011,52.109],[14.04,52.114],[14.043,52.105],[14.064,52.109],[14.069,52.101],[14.125,52.086],[14.166,52.058],[14.194,52.058],[14.206,52.086],[14.224,52.096],[14.202,52.102],[14.209,52.108],[14.204,52.121],[14.211,52.132],[14.242,52.125],[14.259,52.147],[14.28,52.152],[14.313,52.141],[14.371,52.151],[14.362,52.168],[14.378,52.194],[14.396,52.211],[14.421,52.218],[14.423,52.234],[14.539,52.221],[14.558,52.225],[14.547,52.239],[14.617,52.26],[14.657,52.242],[14.667,52.245],[14.679,52.228],[14.704,52.214],[14.708,52.225],[14.703,52.237],[14.688,52.227],[14.678,52.241],[14.691,52.256],[14.713,52.23],[14.709,52.212],[14.687,52.198],[14.705,52.173],[14.68,52.141],[14.687,52.106],[14.699,52.098],[14.757,52.09],[14.789,52.097],[14.806,52.091],[14.79,52.083],[14.799,52.078],[14.845,52.077],[14.881,52.055],[14.873,52.049],[14.886,52.032],[14.907,52.03],[14.905,51.992],[14.919,51.981],[14.918,51.967],[14.937,51.963],[14.935,51.951],[14.95,51.944],[14.943,51.931],[14.964,51.929],[14.932,51.896],[14.972,51.885],[14.962,51.872],[14.934,51.88],[14.89,51.871],[14.917,51.845],[14.909,51.839],[14.944,51.832],[14.964,51.809],[14.937,51.8],[14.922,51.781],[14.943,51.775],[14.956,51.755],[14.935,51.745],[14.989,51.744],[14.993,51.76],[14.974,51.768],[14.975,51.781],[14.985,51.789],[15.012,51.788],[15.024,51.797],[15.019,51.805],[14.987,51.81],[15.003,51.819],[15,51.832],[15.051,51.837],[15.05,51.847],[15.069,51.866],[15.105,51.862],[15.158,51.883],[15.167,51.871],[15.18,51.869],[15.173,51.858],[15.199,51.857],[15.211,51.861],[15.198,51.897],[15.204,51.9],[15.275,51.904],[15.302,51.926],[15.373,51.935],[15.353,51.966],[15.313,51.975],[15.308,51.964],[15.297,51.962],[15.277,51.974],[15.282,51.982],[15.261,52.011],[15.278,52.022],[15.27,52.034],[15.276,52.039],[15.265,52.063],[15.271,52.067],[15.285,52.056],[15.302,52.063],[15.329,52.049],[15.32,52.009],[15.406,51.997],[15.435,52.006],[15.44,52.018],[15.462,52.017],[15.495,52.037],[15.518,52.037],[15.511,52.029],[15.516,52.028],[15.532,52.035],[15.544,52.027],[15.547,52.033],[15.556,52.026],[15.565,52.034],[15.573,52.027],[15.57,52.034],[15.588,52.033],[15.585,52.026],[15.595,52.028],[15.61,52.007],[15.65,52.007],[15.662,51.999],[15.689,52.002],[15.713,52.015],[15.77,52.02],[15.794,52.033],[15.81,52.065],[15.791,52.074],[15.783,52.093],[15.741,52.099],[15.739,52.112],[15.756,52.115],[15.766,52.127],[15.756,52.147],[15.723,52.169],[15.671,52.161],[15.663,52.176],[15.576,52.152],[15.556,52.164],[15.531,52.161],[15.464,52.136],[15.456,52.122],[15.398,52.115],[15.364,52.115],[15.306,52.131],[15.293,52.149],[15.314,52.2],[15.286,52.214],[15.274,52.238],[15.304,52.258],[15.332,52.295],[15.398,52.315],[15.359,52.333],[15.378,52.348],[15.399,52.343],[15.412,52.355],[15.481,52.346],[15.497,52.361],[15.455,52.36],[15.455,52.368],[15.442,52.368],[15.436,52.376],[15.456,52.39],[15.416,52.41],[15.415,52.438],[15.395,52.455],[15.378,52.456],[15.348,52.442],[15.325,52.455],[15.317,52.43],[15.274,52.412],[15.231,52.416],[15.248,52.429],[15.224,52.439],[15.227,52.449],[15.299,52.462],[15.304,52.473],[15.266,52.485],[15.266,52.492],[15.291,52.497],[15.275,52.508],[15.276,52.53],[15.357,52.536],[15.348,52.604],[15.372,52.643],[15.398,52.658],[15.414,52.656],[15.418,52.646],[15.431,52.649],[15.439,52.636],[15.462,52.636],[15.507,52.652],[15.501,52.666],[15.514,52.696],[15.568,52.697],[15.604,52.714],[15.634,52.701],[15.739,52.713],[15.78,52.7],[15.795,52.709],[15.902,52.714],[15.945,52.729],[15.947,52.755],[15.925,52.784],[15.939,52.786],[15.934,52.8],[15.957,52.81],[15.952,52.833],[15.975,52.846],[15.966,52.854],[15.99,52.866],[15.969,52.898],[15.981,52.912],[15.973,52.93],[15.981,52.934],[15.961,52.956],[15.961,52.971],[15.946,52.972],[15.956,52.976],[15.95,52.999],[15.957,53.032],[15.952,53.034],[15.974,53.051],[15.972,53.057],[15.988,53.055],[15.985,53.064],[15.997,53.083],[15.981,53.097],[15.982,53.115],[16,53.135],[16.032,53.151],[16.03,53.164],[16.016,53.178],[16.048,53.189],[16.062,53.204],[16.061,53.245],[16.118,53.263],[16.142,53.286],[16.07,53.291],[16.064,53.295],[16.069,53.311],[16.046,53.311],[16.052,53.318],[16.023,53.312],[15.999,53.316],[15.97,53.299],[15.969,53.315],[15.917,53.327],[15.915,53.36],[15.956,53.365],[16.022,53.403],[16.043,53.392],[16.051,53.364],[16.08,53.376],[16.151,53.376],[16.217,53.396],[16.319,53.407],[16.366,53.426],[16.317,53.478],[16.281,53.479],[16.278,53.492],[16.253,53.504],[16.254,53.515],[16.233,53.532],[16.198,53.519],[16.183,53.524],[16.167,53.519],[16.132,53.525],[16.133,53.532],[16.101,53.542],[16.121,53.552],[16.06,53.542],[16.073,53.554],[16.07,53.565],[16.057,53.566],[16.053,53.577],[16.075,53.576],[16.075,53.588],[16.082,53.59],[16.072,53.602],[16.1,53.608],[16.105,53.628],[16.064,53.646],[16.059,53.658],[16.027,53.662],[16.034,53.712],[16.025,53.722],[15.981,53.725],[15.963,53.714],[15.976,53.697],[15.964,53.685],[15.938,53.682],[15.934,53.672],[15.908,53.674],[15.903,53.693],[15.883,53.713],[15.897,53.735],[15.886,53.748],[15.888,53.767],[15.897,53.774],[15.867,53.8],[15.836,53.805],[15.83,53.817],[15.891,53.832],[15.86,53.873],[15.865,53.885],[15.839,53.901],[15.822,53.899],[15.815,53.908],[15.798,53.903],[15.803,53.896],[15.787,53.891],[15.768,53.899],[15.733,53.898],[15.732,53.877],[15.717,53.869],[15.671,53.88],[15.578,53.868],[15.572,53.887],[15.531,53.891],[15.531,53.872],[15.541,53.867],[15.537,53.857],[15.555,53.848],[15.562,53.835],[15.555,53.82],[15.562,53.8],[15.597,53.76],[15.627,53.749],[15.699,53.688],[15.79,53.66],[15.788,53.652],[15.798,53.643],[15.773,53.636],[15.772,53.627],[15.781,53.624],[15.774,53.615],[15.822,53.603],[15.78,53.566],[15.76,53.563],[15.722,53.493],[15.598,53.531],[15.577,53.517],[15.548,53.53],[15.546,53.542],[15.565,53.55],[15.543,53.559],[15.499,53.548],[15.517,53.513],[15.459,53.504],[15.424,53.509],[15.429,53.496],[15.365,53.484],[15.366,53.464],[15.377,53.46],[15.369,53.451],[15.385,53.444],[15.364,53.424],[15.383,53.414],[15.423,53.421],[15.461,53.419],[15.478,53.405],[15.544,53.405],[15.539,53.412],[15.594,53.397],[15.593,53.385],[15.573,53.38],[15.573,53.364],[15.509,53.355],[15.553,53.316],[15.546,53.27],[15.491,53.237],[15.458,53.233],[15.37,53.252],[15.362,53.241],[15.352,53.209],[15.379,53.202],[15.362,53.142],[15.341,53.118],[15.404,53.094],[15.398,53.091],[15.408,53.083],[15.391,53.067],[15.421,53.052],[15.429,53.033],[15.458,53.01],[15.443,52.99],[15.412,52.98],[15.395,53.001],[15.356,52.997],[15.375,52.977],[15.282,52.965],[15.247,52.995],[15.228,53.029],[15.205,53.03],[15.207,53.053],[15.219,53.076],[15.199,53.085],[15.158,53.06],[15.14,53.028],[15.082,53.04],[15.067,53.059],[15.025,53.053],[15.009,53.074],[15.031,53.08],[15.034,53.093],[15.05,53.094],[15.041,53.113],[15.008,53.113],[15.001,53.095],[14.969,53.087],[14.963,53.095],[14.922,53.097],[14.908,53.118],[14.887,53.119],[14.85,53.103],[14.855,53.071],[14.81,53.042],[14.81,53.033],[14.821,53.032],[14.816,53.018],[14.734,53.035],[14.647,52.981],[14.563,52.977],[14.521,52.963],[14.463,52.993],[14.44,52.991],[14.444,52.996],[14.427,52.998],[14.428,53.022],[14.371,53.039],[14.356,53.065],[14.347,53.065],[14.34,53.075],[14.354,53.079],[14.348,53.089],[14.358,53.102],[14.353,53.104],[14.367,53.11],[14.357,53.111],[14.364,53.113],[14.362,53.124],[14.371,53.136],[14.359,53.152],[14.325,53.155],[14.296,53.186],[14.264,53.121],[14.228,53.13],[14.183,53.151],[14.121,53.164],[14.093,53.222],[14.107,53.281],[14.207,53.344],[14.227,53.364],[14.244,53.394],[14.242,53.422],[14.23,53.434],[14.286,53.449],[14.306,53.472],[14.305,53.486],[14.265,53.491],[14.225,53.474],[14.18,53.472],[14.164,53.488],[14.166,53.514],[14.142,53.508],[14.105,53.52],[14.039,53.496],[14.038,53.481],[14.024,53.466],[13.953,53.491],[13.974,53.499],[13.894,53.514],[13.893,53.499],[13.879,53.502],[13.898,53.533],[13.883,53.542],[13.902,53.569],[13.868,53.581],[13.795,53.559],[13.79,53.566],[13.821,53.587],[13.808,53.595],[13.776,53.597],[13.771,53.607],[13.758,53.588],[13.726,53.572],[13.719,53.561],[13.725,53.543],[13.679,53.536],[13.683,53.524],[13.669,53.511],[13.694,53.509],[13.687,53.491],[13.708,53.479],[13.664,53.457],[13.639,53.434],[13.615,53.438],[13.592,53.428],[13.598,53.413],[13.55,53.4],[13.546,53.395],[13.556,53.393],[13.556,53.377],[13.543,53.364],[13.527,53.367],[13.516,53.352],[13.525,53.351],[13.519,53.338],[13.524,53.32],[13.511,53.318],[13.503,53.327],[13.502,53.313],[13.483,53.291],[13.464,53.289],[13.457,53.298],[13.437,53.299],[13.439,53.287],[13.389,53.243],[13.364,53.276],[13.299,53.281],[13.276,53.265],[13.248,53.266],[13.232,53.254],[13.23,53.249],[13.242,53.255],[13.251,53.247],[13.23,53.216],[13.206,53.22],[13.185,53.249],[13.152,53.251],[13.133,53.239],[13.104,53.236],[13.106,53.215],[13.119,53.204],[13.113,53.196],[13.119,53.187],[13.149,53.19],[13.198,53.171],[13.187,53.159],[13.199,53.128],[13.237,53.114],[13.283,53.138],[13.31,53.122],[13.327,53.099],[13.363,53.088],[13.367,53.082],[13.35,53.071],[13.253,53.053],[13.234,53.056],[13.213,53.063],[13.205,53.077],[13.16,53.082],[13.15,53.103],[13.131,53.094],[13.106,53.099],[13.104,53.113],[13.131,53.139],[13.099,53.151],[13.097,53.162],[13.087,53.164],[13.058,53.157],[13.023,53.185],[13.02,53.175],[12.98,53.163],[12.968,53.166],[12.965,53.176],[12.944,53.172],[12.98,53.191],[12.968,53.199],[12.937,53.194],[12.942,53.186],[12.912,53.195],[12.88,53.179],[12.849,53.201],[12.764,53.189],[12.742,53.199],[12.758,53.222],[12.671,53.23],[12.665,53.239],[12.673,53.246],[12.66,53.255],[12.628,53.255],[12.601,53.245],[12.529,53.265],[12.45,53.251],[12.435,53.257],[12.427,53.275],[12.392,53.285],[12.397,53.3],[12.293,53.328],[12.257,53.325],[12.222,53.357],[12.191,53.354],[12.169,53.339],[12.152,53.362],[12.135,53.351],[12.108,53.35],[12.109,53.344],[12.082,53.346],[12.08,53.367],[12.025,53.396],[11.996,53.38],[12.007,53.368],[11.997,53.359],[12.002,53.356],[11.983,53.353],[11.982,53.346],[12.014,53.334],[12.024,53.304],[12.007,53.3],[12,53.326],[11.991,53.328],[11.976,53.311],[11.991,53.298],[11.974,53.298],[11.954,53.274],[11.893,53.279],[11.862,53.249],[11.799,53.255],[11.834,53.232],[11.728,53.217],[11.727,53.232],[11.707,53.234],[11.696,53.244],[11.628,53.242],[11.59,53.217],[11.528,53.198],[11.518,53.182],[11.466,53.179],[11.415,53.137],[11.395,53.14],[11.392,53.13],[11.401,53.116],[11.394,53.112],[11.269,53.122],[11.271,53.099],[11.338,53.056],[11.448,53.079],[11.505,53.049],[11.548,53.052],[11.569,53.04],[11.557,52.999],[11.526,53.008],[11.509,53.003],[11.493,52.96],[11.505,52.941],[11.47,52.939],[11.41,52.906],[11.295,52.875],[11.288,52.888],[11.239,52.879],[11.22,52.898],[11.158,52.906],[11.111,52.896],[11.097,52.898],[11.092,52.913],[11.001,52.912],[10.989,52.9],[10.985,52.882],[10.968,52.879],[10.94,52.853],[10.895,52.856],[10.885,52.846],[10.864,52.855],[10.765,52.842],[10.772,52.834],[10.759,52.821],[10.762,52.802],[10.755,52.786],[10.775,52.757],[10.792,52.748],[10.788,52.735],[10.798,52.713],[10.829,52.717],[10.833,52.701],[10.925,52.615],[10.92,52.61],[10.973,52.625],[10.976,52.607],[10.943,52.591],[10.937,52.569],[10.958,52.536],[11.009,52.497],[11.027,52.507],[11.022,52.517],[11.035,52.529],[11.033,52.545],[11.043,52.557],[11.059,52.568],[11.084,52.57],[11.091,52.56],[11.087,52.54],[11.051,52.508],[11.092,52.451],[11.146,52.419],[11.148,52.385],[11.179,52.384],[11.176,52.365],[11.202,52.362],[11.215,52.309],[11.302,52.328],[11.27,52.35],[11.231,52.403],[11.229,52.412],[11.241,52.417],[11.232,52.435],[11.259,52.437],[11.255,52.448],[11.238,52.453],[11.244,52.455],[11.287,52.438],[11.301,52.446],[11.328,52.443],[11.355,52.425],[11.382,52.431],[11.387,52.411],[11.376,52.409],[11.376,52.402],[11.392,52.398],[11.389,52.393],[11.445,52.388],[11.479,52.372],[11.619,52.379],[11.622,52.397],[11.637,52.404],[11.672,52.398],[11.672,52.382],[11.646,52.369],[11.626,52.375],[11.623,52.361],[11.67,52.351],[11.698,52.371],[11.696,52.401],[11.722,52.409],[11.772,52.4],[11.766,52.379],[11.835,52.389],[11.841,52.402],[11.864,52.412],[11.935,52.395]],[[12.496,52.231],[12.475,52.228],[12.458,52.242],[12.464,52.254],[12.456,52.263],[12.52,52.262],[12.54,52.254],[12.519,52.258],[12.496,52.231]],[[11.116,52.546],[11.143,52.554],[11.174,52.546],[11.173,52.527],[11.16,52.525],[11.116,52.546]],[[11.142,52.592],[11.105,52.614],[11.151,52.655],[11.185,52.651],[11.197,52.673],[11.229,52.664],[11.236,52.656],[11.236,52.631],[11.256,52.627],[11.234,52.611],[11.233,52.602],[11.227,52.604],[11.232,52.589],[11.285,52.568],[11.268,52.555],[11.228,52.544],[11.209,52.572],[11.179,52.582],[11.155,52.574],[11.142,52.592]],[[11.246,52.672],[11.282,52.683],[11.29,52.699],[11.299,52.697],[11.291,52.669],[11.295,52.655],[11.285,52.647],[11.275,52.643],[11.26,52.65],[11.264,52.656],[11.25,52.656],[11.246,52.672]],[[13.082,52.196],[13.095,52.217],[13.128,52.237],[13.132,52.223],[13.124,52.218],[13.144,52.203],[13.14,52.191],[13.082,52.196]],[[14.241,53.455],[14.237,53.458],[14.257,53.483],[14.276,53.484],[14.282,53.468],[14.274,53.461],[14.241,53.455]],[[12.615,53.048],[12.608,53.027],[12.595,53.029],[12.598,53.035],[12.56,53.032],[12.543,53.039],[12.55,53.047],[12.541,53.052],[12.553,53.064],[12.562,53.097],[12.574,53.099],[12.603,53.09],[12.627,53.07],[12.615,53.048]],[[12.557,52.972],[12.541,52.96],[12.515,52.967],[12.5,52.984],[12.531,53.007],[12.565,53],[12.631,53.015],[12.653,53.003],[12.632,52.98],[12.557,52.972]]],[[[16.252,53.359],[16.231,53.36],[16.21,53.351],[16.207,53.341],[16.221,53.333],[16.198,53.321],[16.219,53.301],[16.213,53.291],[16.249,53.285],[16.253,53.278],[16.262,53.294],[16.276,53.294],[16.254,53.324],[16.3,53.319],[16.285,53.339],[16.275,53.342],[16.275,53.353],[16.252,53.359]]],[[[14.163,51.675],[14.159,51.671],[14.164,51.639],[14.127,51.641],[14.118,51.663],[14.107,51.664],[14.099,51.629],[14.085,51.622],[14.086,51.615],[14.069,51.612],[14.084,51.572],[14.132,51.569],[14.157,51.592],[14.188,51.59],[14.197,51.608],[14.232,51.625],[14.24,51.64],[14.219,51.651],[14.184,51.647],[14.181,51.668],[14.206,51.666],[14.223,51.681],[14.265,51.669],[14.269,51.651],[14.295,51.652],[14.299,51.644],[14.322,51.638],[14.392,51.649],[14.401,51.643],[14.429,51.66],[14.442,51.66],[14.462,51.641],[14.486,51.651],[14.559,51.651],[14.566,51.666],[14.583,51.667],[14.583,51.68],[14.533,51.692],[14.537,51.711],[14.512,51.722],[14.511,51.74],[14.552,51.736],[14.575,51.75],[14.556,51.748],[14.506,51.783],[14.556,51.793],[14.563,51.814],[14.542,51.824],[14.548,51.851],[14.593,51.877],[14.585,51.888],[14.552,51.896],[14.545,51.921],[14.525,51.931],[14.531,51.951],[14.542,51.957],[14.494,51.955],[14.47,51.969],[14.452,51.963],[14.428,51.941],[14.38,51.932],[14.319,51.935],[14.223,51.904],[14.225,51.889],[14.215,51.869],[14.181,51.865],[14.174,51.857],[14.134,51.871],[14.084,51.875],[14.073,51.827],[14.104,51.824],[14.124,51.799],[14.101,51.754],[14.111,51.74],[14.139,51.74],[14.149,51.716],[14.164,51.706],[14.163,51.675]],[[14.192,51.684],[14.192,51.716],[14.222,51.706],[14.218,51.693],[14.192,51.684]],[[14.293,51.707],[14.287,51.725],[14.333,51.717],[14.325,51.698],[14.293,51.707]],[[14.282,51.782],[14.258,51.778],[14.255,51.767],[14.238,51.768],[14.232,51.786],[14.238,51.796],[14.275,51.793],[14.282,51.782]],[[14.208,51.753],[14.183,51.744],[14.176,51.753],[14.181,51.768],[14.2,51.763],[14.208,51.753]]],[[[14.274,51.627],[14.29,51.618],[14.314,51.622],[14.301,51.638],[14.274,51.627]]],[[[14.235,51.61],[14.227,51.581],[14.266,51.577],[14.268,51.538],[14.309,51.545],[14.301,51.577],[14.332,51.581],[14.321,51.606],[14.283,51.603],[14.278,51.613],[14.24,51.615],[14.235,51.61]]],[[[13.269,51.895],[13.23,51.895],[13.232,51.869],[13.221,51.858],[13.228,51.838],[13.258,51.82],[13.285,51.825],[13.304,51.819],[13.31,51.828],[13.298,51.839],[13.311,51.842],[13.306,51.859],[13.274,51.872],[13.269,51.895]]],[[[12.934,51.962],[12.965,51.957],[12.97,51.975],[12.931,51.972],[12.934,51.962]]],[[[12.655,52.012],[12.652,51.998],[12.662,51.999],[12.672,51.983],[12.714,51.974],[12.73,51.989],[12.655,52.012]]],[[[14.662,51.919],[14.619,51.912],[14.629,51.892],[14.668,51.899],[14.662,51.919]]],[[[14.687,51.997],[14.682,51.981],[14.702,51.979],[14.715,51.997],[14.687,51.997]]],[[[14.383,52.123],[14.367,52.12],[14.401,52.095],[14.418,52.093],[14.432,52.101],[14.416,52.115],[14.383,52.123]]],[[[13.972,51.836],[13.97,51.827],[13.986,51.822],[14.001,51.829],[13.972,51.836]]],[[[14.076,51.721],[14.067,51.71],[14.032,51.699],[14.047,51.679],[14.056,51.693],[14.105,51.699],[14.108,51.721],[14.076,51.721]]],[[[14.01,51.741],[13.998,51.736],[14.015,51.717],[14.034,51.723],[14.029,51.737],[14.01,51.741]]],[[[13.905,51.823],[13.892,51.814],[13.901,51.808],[13.919,51.819],[13.905,51.823]]],[[[13.906,51.863],[13.883,51.861],[13.89,51.839],[13.911,51.84],[13.906,51.863]]],[[[13.833,51.862],[13.825,51.878],[13.792,51.867],[13.807,51.84],[13.84,51.836],[13.843,51.849],[13.827,51.857],[13.833,51.862]]],[[[13.818,51.929],[13.786,51.916],[13.785,51.901],[13.835,51.898],[13.835,51.912],[13.818,51.929]]],[[[13.715,51.906],[13.704,51.903],[13.728,51.891],[13.737,51.907],[13.715,51.906]]],[[[11.304,52.343],[11.31,52.353],[11.329,52.351],[11.331,52.363],[11.318,52.367],[11.286,52.361],[11.304,52.343]]],[[[11.893,52.172],[11.928,52.182],[11.927,52.198],[11.993,52.199],[11.993,52.215],[11.951,52.217],[11.945,52.234],[11.971,52.247],[11.947,52.27],[11.916,52.28],[11.869,52.258],[11.87,52.249],[11.847,52.229],[11.825,52.229],[11.812,52.216],[11.843,52.206],[11.858,52.182],[11.893,52.172]]],[[[12.07,52.23],[12.062,52.212],[12.1,52.207],[12.121,52.226],[12.094,52.233],[12.07,52.23]]],[[[12.183,52.168],[12.127,52.188],[12.073,52.17],[12.097,52.167],[12.113,52.147],[12.109,52.124],[12.149,52.146],[12.142,52.159],[12.166,52.151],[12.183,52.168]]],[[[11.171,52.294],[11.156,52.302],[11.132,52.287],[11.167,52.257],[11.177,52.238],[11.207,52.23],[11.234,52.204],[11.219,52.185],[11.303,52.201],[11.284,52.229],[11.261,52.229],[11.258,52.245],[11.186,52.273],[11.171,52.294]]],[[[13.072,53.2],[13.035,53.192],[13.056,53.179],[13.077,53.191],[13.072,53.2]]],[[[16.469,53.532],[16.359,53.517],[16.384,53.495],[16.396,53.469],[16.471,53.483],[16.49,53.48],[16.496,53.491],[16.473,53.518],[16.503,53.545],[16.469,53.532]]],[[[15.217,53.147],[15.19,53.142],[15.18,53.129],[15.189,53.116],[15.214,53.117],[15.23,53.133],[15.217,53.147]]],[[[14.79,53.079],[14.791,53.096],[14.771,53.116],[14.741,53.111],[14.739,53.082],[14.748,53.068],[14.79,53.079]]]]}},{"type":"Feature","properties":{"NAME":"Electorate of Saxony","SUBJECTO":"Holy Roman Empire","PARTOF":"Holy Roman Empire","ADMIN_LEVEL":4,"OHM_RELATION_ID":2806956,"START_DATE":"1780-03-31","END_DATE":"1806-08-06"},"geometry":{"type":"MultiPolygon","coordinates":[[[[10.368,51.106],[10.393,51.096],[10.387,51.078],[10.422,51.073],[10.413,51.066],[10.435,51.05],[10.45,51.063],[10.45,51.072],[10.44,51.075],[10.483,51.084],[10.491,51.075],[10.515,51.079],[10.524,51.063],[10.595,51.055],[10.664,51.068],[10.669,51.087],[10.742,51.112],[10.742,51.128],[10.764,51.137],[10.783,51.139],[10.786,51.125],[10.797,51.12],[10.828,51.121],[10.825,51.129],[10.875,51.138],[10.9,51.134],[10.876,51.126],[10.884,51.084],[10.944,51.097],[10.952,51.107],[10.947,51.113],[10.957,51.119],[10.949,51.122],[11.003,51.149],[11.025,51.154],[11.033,51.146],[11.062,51.14],[11.07,51.154],[11.086,51.15],[11.085,51.169],[11.115,51.174],[11.115,51.186],[11.128,51.18],[11.122,51.172],[11.154,51.166],[11.174,51.135],[11.196,51.164],[11.226,51.151],[11.255,51.148],[11.255,51.135],[11.336,51.128],[11.336,51.144],[11.302,51.153],[11.325,51.17],[11.325,51.181],[11.378,51.165],[11.397,51.188],[11.454,51.198],[11.468,51.193],[11.472,51.175],[11.447,51.159],[11.442,51.147],[11.46,51.136],[11.464,51.118],[11.433,51.117],[11.428,51.091],[11.385,51.088],[11.393,51.078],[11.492,51.071],[11.479,51.105],[11.543,51.103],[11.548,51.112],[11.558,51.109],[11.579,51.119],[11.569,51.09],[11.604,51.09],[11.628,51.105],[11.625,51.101],[11.643,51.105],[11.653,51.1],[11.658,51.074],[11.665,51.073],[11.679,51.079],[11.674,51.086],[11.68,51.093],[11.673,51.102],[11.695,51.095],[11.716,51.106],[11.72,51.118],[11.744,51.109],[11.753,51.116],[11.763,51.112],[11.838,51.138],[11.829,51.128],[11.828,51.106],[11.834,51.102],[11.792,51.089],[11.793,51.081],[11.817,51.074],[11.827,51.086],[11.842,51.087],[11.85,51.079],[11.846,51.071],[11.868,51.076],[11.864,51.055],[11.804,51.046],[11.79,51.035],[11.779,51.036],[11.771,51.023],[11.759,51.023],[11.752,51.032],[11.715,51.031],[11.685,51.014],[11.696,50.998],[11.681,50.997],[11.678,50.984],[11.736,50.97],[11.739,50.953],[11.731,50.947],[11.758,50.953],[11.773,50.978],[11.839,51.008],[11.838,51.014],[11.855,51.016],[11.835,51.028],[11.848,51.037],[11.867,51.024],[11.859,51.018],[11.869,51.003],[11.895,51.013],[11.93,51.007],[11.927,51.027],[11.943,51.033],[11.966,51.016],[11.977,51.017],[11.97,50.994],[11.999,50.989],[11.974,50.979],[11.955,50.981],[11.954,50.966],[11.979,50.967],[11.997,50.95],[12.016,50.948],[12.017,50.968],[12.038,50.973],[12.055,50.968],[12.092,50.977],[12.132,50.961],[12.162,50.96],[12.179,50.974],[12.198,50.957],[12.216,50.955],[12.214,50.94],[12.248,50.945],[12.241,50.96],[12.271,50.972],[12.268,50.987],[12.276,50.989],[12.269,50.997],[12.286,51.006],[12.294,51.021],[12.287,51.04],[12.305,51.052],[12.295,51.056],[12.314,51.08],[12.289,51.08],[12.283,51.089],[12.321,51.094],[12.333,51.103],[12.355,51.095],[12.355,51.084],[12.364,51.08],[12.351,51.058],[12.362,51.058],[12.387,51.084],[12.41,51.073],[12.479,51.085],[12.488,51.065],[12.506,51.057],[12.507,51.018],[12.514,51.027],[12.539,51.021],[12.529,51.02],[12.534,51.014],[12.533,51.01],[12.534,51.01],[12.534,51.013],[12.538,51.008],[12.537,51.007],[12.536,51.008],[12.535,51.008],[12.536,51.007],[12.535,51.006],[12.528,51.002],[12.532,50.998],[12.55,50.999],[12.583,50.982],[12.582,50.988],[12.603,50.996],[12.618,50.983],[12.626,50.952],[12.647,50.948],[12.643,50.928],[12.654,50.919],[12.64,50.905],[12.62,50.909],[12.574,50.901],[12.57,50.881],[12.528,50.895],[12.528,50.901],[12.557,50.906],[12.545,50.906],[12.55,50.909],[12.569,50.91],[12.557,50.912],[12.576,50.942],[12.543,50.942],[12.517,50.933],[12.531,50.927],[12.527,50.917],[12.532,50.916],[12.507,50.905],[12.511,50.894],[12.485,50.893],[12.477,50.887],[12.486,50.874],[12.444,50.862],[12.447,50.853],[12.432,50.84],[12.432,50.841],[12.425,50.828],[12.43,50.842],[12.411,50.847],[12.418,50.855],[12.404,50.865],[12.359,50.871],[12.335,50.844],[12.323,50.842],[12.346,50.837],[12.347,50.831],[12.302,50.825],[12.361,50.832],[12.347,50.824],[12.327,50.825],[12.338,50.823],[12.321,50.812],[12.316,50.794],[12.273,50.81],[12.255,50.794],[12.22,50.781],[12.21,50.786],[12.187,50.78],[12.178,50.797],[12.125,50.811],[12.106,50.827],[12.135,50.837],[12.121,50.835],[12.108,50.845],[12.016,50.821],[12.014,50.83],[12.009,50.827],[12.011,50.819],[12.001,50.817],[11.995,50.82],[11.998,50.817],[11.995,50.818],[11.994,50.82],[11.993,50.821],[11.981,50.827],[11.979,50.825],[11.977,50.827],[11.979,50.827],[11.978,50.828],[11.976,50.827],[11.971,50.829],[11.976,50.829],[11.972,50.831],[11.943,50.845],[11.897,50.853],[11.892,50.837],[11.909,50.821],[11.888,50.802],[11.841,50.805],[11.811,50.789],[11.765,50.782],[11.749,50.784],[11.743,50.797],[11.732,50.799],[11.713,50.791],[11.723,50.782],[11.708,50.764],[11.653,50.761],[11.646,50.754],[11.637,50.759],[11.578,50.734],[11.591,50.725],[11.587,50.721],[11.567,50.728],[11.575,50.717],[11.605,50.71],[11.613,50.686],[11.602,50.691],[11.588,50.682],[11.574,50.692],[11.549,50.686],[11.537,50.707],[11.505,50.7],[11.492,50.689],[11.507,50.668],[11.5,50.666],[11.501,50.652],[11.517,50.644],[11.513,50.634],[11.52,50.618],[11.51,50.611],[11.517,50.61],[11.513,50.598],[11.532,50.584],[11.551,50.583],[11.557,50.572],[11.576,50.577],[11.577,50.559],[11.607,50.578],[11.613,50.554],[11.627,50.55],[11.699,50.561],[11.705,50.574],[11.695,50.568],[11.675,50.58],[11.695,50.583],[11.707,50.597],[11.756,50.603],[11.759,50.623],[11.75,50.626],[11.769,50.646],[11.783,50.654],[11.786,50.641],[11.799,50.643],[11.791,50.665],[11.809,50.655],[11.894,50.664],[11.914,50.647],[11.947,50.653],[11.985,50.672],[11.984,50.687],[12.036,50.698],[12.035,50.721],[12.051,50.728],[12.091,50.727],[12.097,50.719],[12.15,50.738],[12.154,50.717],[12.177,50.702],[12.198,50.709],[12.209,50.725],[12.202,50.733],[12.228,50.743],[12.217,50.738],[12.227,50.735],[12.226,50.715],[12.235,50.709],[12.253,50.715],[12.274,50.688],[12.295,50.681],[12.316,50.686],[12.318,50.707],[12.337,50.716],[12.37,50.714],[12.357,50.694],[12.32,50.683],[12.3,50.653],[12.268,50.645],[12.263,50.631],[12.232,50.627],[12.2,50.642],[12.187,50.618],[12.184,50.612],[12.173,50.617],[12.17,50.63],[12.115,50.637],[12.107,50.631],[12.11,50.625],[12.145,50.626],[12.151,50.616],[12.143,50.603],[12.121,50.599],[12.132,50.594],[12.116,50.597],[12.115,50.587],[12.137,50.582],[12.16,50.589],[12.16,50.58],[12.153,50.573],[12.13,50.574],[12.109,50.557],[12.091,50.562],[12.032,50.549],[12.019,50.567],[12.035,50.581],[12.036,50.594],[12.008,50.61],[12.022,50.626],[12.007,50.634],[11.968,50.616],[11.98,50.617],[11.983,50.608],[11.944,50.591],[11.934,50.605],[11.92,50.603],[11.923,50.594],[11.897,50.581],[11.896,50.565],[11.905,50.559],[11.874,50.542],[11.887,50.517],[11.929,50.523],[11.933,50.508],[11.964,50.486],[11.939,50.472],[11.948,50.457],[11.933,50.463],[11.888,50.444],[11.892,50.452],[11.84,50.465],[11.848,50.454],[11.835,50.452],[11.831,50.439],[11.881,50.427],[11.888,50.443],[11.928,50.433],[11.922,50.425],[11.956,50.407],[11.949,50.397],[11.982,50.39],[11.979,50.368],[11.984,50.366],[11.973,50.352],[12.012,50.347],[12.046,50.327],[12.091,50.333],[12.098,50.33],[12.094,50.323],[12.114,50.316],[12.126,50.316],[12.132,50.331],[12.14,50.325],[12.131,50.32],[12.181,50.323],[12.2,50.307],[12.205,50.272],[12.25,50.271],[12.266,50.259],[12.26,50.251],[12.245,50.258],[12.25,50.255],[12.24,50.248],[12.244,50.245],[12.293,50.241],[12.257,50.236],[12.289,50.222],[12.283,50.209],[12.288,50.205],[12.277,50.195],[12.292,50.176],[12.323,50.172],[12.333,50.172],[12.327,50.18],[12.338,50.192],[12.324,50.206],[12.332,50.238],[12.355,50.238],[12.352,50.262],[12.365,50.28],[12.401,50.295],[12.398,50.32],[12.434,50.325],[12.443,50.342],[12.462,50.352],[12.487,50.349],[12.488,50.372],[12.517,50.397],[12.582,50.397],[12.587,50.407],[12.617,50.415],[12.649,50.411],[12.672,50.417],[12.705,50.399],[12.734,50.432],[12.791,50.448],[12.809,50.432],[12.807,50.443],[12.824,50.458],[12.947,50.404],[12.942,50.412],[12.987,50.421],[13.018,50.446],[13.023,50.488],[13.035,50.51],[13.087,50.501],[13.132,50.519],[13.137,50.507],[13.193,50.503],[13.196,50.516],[13.229,50.551],[13.224,50.564],[13.248,50.591],[13.277,50.593],[13.296,50.577],[13.321,50.581],[13.326,50.608],[13.365,50.618],[13.378,50.628],[13.373,50.648],[13.392,50.644],[13.415,50.617],[13.464,50.602],[13.499,50.632],[13.524,50.641],[13.514,50.655],[13.544,50.677],[13.526,50.7],[13.551,50.713],[13.604,50.711],[13.664,50.732],[13.709,50.718],[13.729,50.734],[13.745,50.728],[13.758,50.736],[13.855,50.727],[13.861,50.741],[13.881,50.738],[13.899,50.746],[13.889,50.767],[13.9,50.793],[13.936,50.79],[13.956,50.801],[13.958,50.81],[13.99,50.819],[14.028,50.805],[14.076,50.812],[14.091,50.826],[14.224,50.859],[14.235,50.886],[14.265,50.894],[14.303,50.884],[14.349,50.893],[14.348,50.898],[14.385,50.899],[14.386,50.913],[14.402,50.924],[14.396,50.937],[14.312,50.954],[14.312,50.961],[14.303,50.965],[14.327,50.973],[14.325,50.984],[14.283,50.978],[14.259,50.987],[14.269,51],[14.261,51.007],[14.282,51.015],[14.286,51.031],[14.277,51.037],[14.301,51.054],[14.317,51.055],[14.337,51.039],[14.363,51.045],[14.382,51.039],[14.388,51.025],[14.41,51.019],[14.454,51.036],[14.492,51.023],[14.49,51.044],[14.5,51.047],[14.506,51.039],[14.503,51.021],[14.534,51.015],[14.535,51.004],[14.568,51.008],[14.598,50.987],[14.596,50.963],[14.563,50.921],[14.584,50.915],[14.651,50.928],[14.653,50.906],[14.637,50.898],[14.623,50.857],[14.689,50.838],[14.706,50.841],[14.72,50.833],[14.718,50.823],[14.743,50.829],[14.77,50.82],[14.8,50.823],[14.829,50.872],[14.866,50.855],[14.849,50.87],[14.857,50.88],[14.857,50.881],[14.864,50.888],[14.863,50.886],[14.866,50.888],[14.861,50.876],[14.871,50.888],[14.862,50.872],[14.86,50.874],[14.858,50.87],[14.858,50.871],[14.857,50.869],[14.877,50.856],[14.882,50.855],[14.868,50.867],[14.888,50.857],[14.896,50.865],[14.869,50.875],[14.895,50.868],[14.905,50.876],[14.961,50.862],[15.001,50.869],[14.996,50.901],[15.007,50.907],[14.986,50.92],[15.012,50.939],[15.014,50.951],[15.015,50.94],[15.018,50.952],[15.016,50.957],[15.018,50.967],[15.013,50.977],[15.005,50.986],[15.004,50.971],[15.014,50.964],[15.001,50.967],[15.003,50.963],[14.997,50.965],[14.99,50.979],[14.968,50.99],[14.988,51.011],[15.014,51.016],[15.019,51.032],[15.039,51.012],[15.054,51.012],[15.059,51.023],[15.104,51.011],[15.101,50.994],[15.112,50.992],[15.142,50.993],[15.135,50.999],[15.145,51.012],[15.169,51.019],[15.176,50.989],[15.188,50.981],[15.206,50.993],[15.238,50.999],[15.243,50.984],[15.273,50.979],[15.274,50.964],[15.292,50.954],[15.268,50.933],[15.276,50.898],[15.301,50.912],[15.312,50.932],[15.337,50.942],[15.328,50.963],[15.361,50.977],[15.366,50.99],[15.383,50.991],[15.407,51.007],[15.413,51.028],[15.396,51.024],[15.407,51.041],[15.397,51.05],[15.368,51.052],[15.349,51.045],[15.354,51.03],[15.375,51.03],[15.375,51.019],[15.341,51.02],[15.333,51.03],[15.263,51.03],[15.292,51.081],[15.332,51.09],[15.329,51.097],[15.3,51.099],[15.299,51.129],[15.32,51.161],[15.386,51.19],[15.406,51.247],[15.433,51.293],[15.419,51.309],[15.423,51.387],[15.394,51.436],[15.398,51.445],[15.386,51.466],[15.365,51.48],[15.329,51.43],[15.325,51.418],[15.334,51.41],[15.302,51.405],[15.273,51.438],[15.252,51.449],[15.234,51.476],[15.226,51.506],[15.206,51.512],[15.195,51.493],[15.203,51.478],[15.197,51.462],[15.095,51.425],[15.018,51.446],[14.984,51.441],[14.986,51.464],[14.94,51.477],[14.929,51.473],[14.91,51.486],[14.888,51.487],[14.9,51.479],[14.883,51.459],[14.842,51.469],[14.786,51.462],[14.77,51.468],[14.836,51.486],[14.832,51.504],[14.787,51.517],[14.797,51.521],[14.778,51.536],[14.774,51.56],[14.748,51.573],[14.75,51.58],[14.767,51.58],[14.784,51.568],[14.806,51.592],[14.825,51.587],[14.811,51.56],[14.856,51.553],[14.878,51.57],[14.886,51.594],[14.897,51.601],[14.949,51.612],[15.044,51.603],[15.105,51.547],[15.174,51.551],[15.163,51.585],[15.233,51.583],[15.237,51.598],[15.259,51.607],[15.269,51.662],[15.234,51.706],[15.218,51.776],[15.236,51.782],[15.194,51.856],[15.176,51.857],[15.18,51.868],[15.169,51.87],[15.161,51.883],[15.105,51.862],[15.065,51.866],[15.051,51.837],[15,51.832],[15.003,51.819],[14.988,51.811],[15.019,51.805],[15.024,51.797],[15.007,51.785],[14.988,51.789],[14.971,51.779],[14.993,51.753],[14.98,51.743],[14.935,51.745],[14.952,51.754],[14.952,51.763],[14.947,51.773],[14.921,51.778],[14.923,51.791],[14.963,51.805],[14.948,51.831],[14.913,51.839],[14.914,51.85],[14.89,51.871],[14.929,51.88],[14.967,51.874],[14.972,51.885],[14.932,51.896],[14.964,51.929],[14.943,51.931],[14.95,51.944],[14.935,51.951],[14.937,51.963],[14.919,51.963],[14.92,51.979],[14.905,51.992],[14.906,52.029],[14.9,52.035],[14.889,52.03],[14.873,52.049],[14.88,52.054],[14.845,52.077],[14.806,52.074],[14.79,52.083],[14.806,52.09],[14.789,52.097],[14.757,52.09],[14.687,52.106],[14.68,52.141],[14.705,52.173],[14.687,52.198],[14.709,52.212],[14.713,52.228],[14.691,52.256],[14.679,52.243],[14.688,52.229],[14.703,52.237],[14.709,52.226],[14.704,52.214],[14.68,52.227],[14.667,52.244],[14.657,52.242],[14.617,52.259],[14.547,52.239],[14.558,52.225],[14.539,52.221],[14.444,52.227],[14.425,52.236],[14.42,52.221],[14.378,52.194],[14.362,52.168],[14.371,52.151],[14.313,52.141],[14.28,52.152],[14.259,52.147],[14.242,52.125],[14.211,52.132],[14.204,52.121],[14.209,52.108],[14.2,52.104],[14.224,52.096],[14.193,52.059],[14.166,52.058],[14.126,52.086],[14.091,52.091],[14.059,52.108],[14.045,52.105],[14.045,52.113],[14.007,52.111],[13.986,52.121],[13.951,52.116],[13.983,52.095],[13.952,52.075],[13.926,52.072],[13.902,52.049],[13.862,52.04],[13.854,52.025],[13.868,51.994],[13.861,51.992],[13.834,51.993],[13.784,52.02],[13.768,52.015],[13.768,52.022],[13.741,52.017],[13.727,52.024],[13.735,52.033],[13.767,52.034],[13.759,52.038],[13.771,52.052],[13.763,52.057],[13.775,52.051],[13.774,52.072],[13.763,52.085],[13.736,52.099],[13.72,52.094],[13.727,52.085],[13.691,52.057],[13.706,52.043],[13.703,52.033],[13.675,52.019],[13.654,52.029],[13.651,52.053],[13.63,52.071],[13.541,52.097],[13.549,52.137],[13.532,52.143],[13.519,52.125],[13.484,52.11],[13.426,52.111],[13.375,52.089],[13.272,52.088],[13.327,52.077],[13.323,52.058],[13.336,52.058],[13.358,52.044],[13.36,52.02],[13.353,51.999],[13.343,51.99],[13.315,51.989],[13.316,51.981],[13.32,51.973],[13.343,51.973],[13.356,51.958],[13.376,51.957],[13.391,51.934],[13.378,51.93],[13.341,51.946],[13.342,51.939],[13.323,51.937],[13.274,51.945],[13.246,51.941],[13.236,51.963],[13.246,51.99],[13.216,51.987],[13.214,52.005],[13.194,52.026],[13.18,52.024],[13.174,52.007],[13.163,52.006],[13.16,51.997],[13.12,52.004],[13.104,52.019],[13.096,52.011],[13.056,52.009],[13.064,52.004],[13.032,51.999],[12.942,52.034],[12.904,52.036],[12.876,52.02],[12.827,52.042],[12.844,52.052],[12.838,52.056],[12.847,52.069],[12.84,52.085],[12.829,52.081],[12.825,52.089],[12.779,52.094],[12.792,52.101],[12.798,52.118],[12.822,52.125],[12.832,52.14],[12.819,52.152],[12.826,52.158],[12.823,52.185],[12.855,52.188],[12.849,52.192],[12.855,52.205],[12.845,52.245],[12.839,52.248],[12.911,52.274],[12.897,52.297],[12.854,52.304],[12.788,52.289],[12.782,52.269],[12.808,52.265],[12.813,52.246],[12.836,52.247],[12.82,52.236],[12.827,52.229],[12.784,52.204],[12.623,52.24],[12.571,52.268],[12.576,52.26],[12.568,52.252],[12.536,52.248],[12.52,52.222],[12.54,52.2],[12.52,52.191],[12.495,52.199],[12.506,52.179],[12.493,52.17],[12.448,52.178],[12.427,52.155],[12.358,52.137],[12.299,52.156],[12.257,52.134],[12.277,52.104],[12.316,52.092],[12.331,52.067],[12.358,52.047],[12.385,52.044],[12.435,52.017],[12.448,52.016],[12.462,52.035],[12.481,52.033],[12.494,52.012],[12.536,52.003],[12.54,51.985],[12.603,51.981],[12.581,51.927],[12.532,51.882],[12.532,51.872],[12.499,51.856],[12.499,51.844],[12.519,51.84],[12.514,51.837],[12.533,51.822],[12.515,51.819],[12.516,51.81],[12.478,51.809],[12.475,51.797],[12.449,51.799],[12.439,51.784],[12.431,51.784],[12.44,51.791],[12.435,51.798],[12.418,51.802],[12.401,51.779],[12.382,51.8],[12.341,51.791],[12.339,51.78],[12.347,51.772],[12.343,51.752],[12.349,51.752],[12.343,51.749],[12.361,51.71],[12.311,51.705],[12.294,51.696],[12.311,51.695],[12.304,51.69],[12.308,51.686],[12.349,51.684],[12.381,51.696],[12.39,51.682],[12.354,51.682],[12.351,51.674],[12.327,51.673],[12.337,51.671],[12.334,51.666],[12.312,51.657],[12.224,51.686],[12.219,51.701],[12.225,51.703],[12.198,51.716],[12.153,51.709],[12.195,51.673],[12.171,51.671],[12.177,51.678],[12.168,51.687],[12.094,51.649],[11.936,51.647],[11.934,51.634],[11.945,51.631],[11.915,51.626],[11.968,51.627],[11.952,51.62],[11.957,51.598],[11.983,51.601],[11.989,51.591],[11.992,51.585],[11.98,51.575],[12.02,51.58],[12.019,51.592],[12.046,51.584],[12.164,51.581],[12.169,51.55],[12.118,51.546],[12.078,51.534],[12.082,51.522],[12.115,51.528],[12.128,51.519],[12.086,51.508],[12.071,51.512],[12.074,51.503],[12.054,51.497],[12.09,51.491],[12.088,51.485],[12.039,51.488],[12.038,51.477],[12.057,51.46],[12.074,51.46],[12.077,51.454],[12.151,51.459],[12.17,51.427],[12.167,51.409],[12.093,51.426],[12.085,51.416],[12.089,51.392],[12.061,51.393],[12.045,51.393],[12.056,51.421],[12.043,51.423],[12.015,51.399],[12.001,51.407],[11.955,51.407],[11.95,51.41],[11.955,51.413],[11.942,51.415],[11.944,51.424],[11.956,51.42],[11.953,51.433],[11.926,51.446],[11.926,51.456],[11.933,51.453],[11.953,51.468],[11.946,51.474],[11.955,51.48],[11.943,51.481],[11.853,51.46],[11.848,51.432],[11.836,51.424],[11.81,51.465],[11.811,51.459],[11.782,51.467],[11.76,51.445],[11.763,51.428],[11.791,51.43],[11.794,51.422],[11.811,51.417],[11.809,51.411],[11.714,51.39],[11.694,51.423],[11.516,51.486],[11.535,51.496],[11.522,51.519],[11.581,51.527],[11.58,51.549],[11.539,51.56],[11.512,51.551],[11.5,51.536],[11.443,51.522],[11.417,51.526],[11.406,51.542],[11.36,51.541],[11.38,51.553],[11.36,51.553],[11.452,51.611],[11.512,51.609],[11.554,51.669],[11.538,51.686],[11.518,51.688],[11.517,51.704],[11.497,51.717],[11.446,51.712],[11.4,51.727],[11.392,51.698],[11.346,51.682],[11.348,51.624],[11.332,51.615],[11.263,51.608],[11.176,51.623],[11.155,51.613],[11.154,51.603],[11.096,51.6],[11.028,51.629],[10.981,51.624],[10.959,51.634],[10.922,51.628],[10.924,51.622],[10.89,51.608],[10.864,51.579],[10.868,51.562],[10.856,51.553],[10.866,51.538],[10.903,51.533],[10.897,51.522],[10.908,51.509],[10.922,51.509],[10.927,51.497],[10.94,51.501],[10.955,51.494],[10.989,51.468],[11.128,51.44],[11.146,51.445],[11.171,51.425],[11.176,51.406],[11.192,51.403],[11.223,51.413],[11.248,51.405],[11.239,51.389],[11.252,51.384],[11.248,51.352],[11.206,51.344],[11.212,51.333],[11.221,51.332],[11.216,51.321],[11.191,51.317],[11.17,51.297],[11.071,51.323],[11.058,51.314],[11.066,51.31],[11.067,51.298],[11.029,51.291],[11.009,51.323],[10.962,51.328],[10.959,51.324],[10.991,51.311],[10.99,51.298],[11.02,51.271],[10.997,51.262],[10.927,51.267],[10.926,51.259],[10.942,51.246],[10.964,51.242],[10.964,51.225],[10.979,51.22],[10.973,51.2],[10.896,51.208],[10.895,51.217],[10.799,51.221],[10.788,51.249],[10.75,51.238],[10.741,51.21],[10.711,51.218],[10.697,51.238],[10.685,51.24],[10.667,51.228],[10.677,51.217],[10.649,51.221],[10.645,51.214],[10.631,51.213],[10.646,51.184],[10.64,51.177],[10.622,51.177],[10.574,51.194],[10.533,51.175],[10.486,51.175],[10.486,51.157],[10.449,51.137],[10.37,51.119],[10.368,51.106]],[[10.75,51.188],[10.767,51.198],[10.814,51.182],[10.794,51.169],[10.771,51.173],[10.763,51.185],[10.75,51.188]],[[11.317,51.424],[11.33,51.44],[11.341,51.441],[11.342,51.46],[11.355,51.46],[11.383,51.441],[11.381,51.432],[11.402,51.431],[11.43,51.447],[11.478,51.453],[11.504,51.415],[11.504,51.403],[11.48,51.393],[11.467,51.376],[11.445,51.369],[11.461,51.354],[11.44,51.35],[11.436,51.343],[11.441,51.342],[11.4,51.345],[11.382,51.333],[11.362,51.332],[11.36,51.326],[11.337,51.328],[11.331,51.34],[11.337,51.36],[11.361,51.365],[11.363,51.372],[11.353,51.415],[11.317,51.424]],[[11.597,50.722],[11.624,50.733],[11.614,50.713],[11.597,50.722]],[[12.106,50.784],[12.119,50.803],[12.132,50.794],[12.126,50.787],[12.125,50.779],[12.106,50.784]],[[12.258,51.066],[12.269,51.073],[12.281,51.079],[12.281,51.058],[12.262,51.056],[12.258,51.066]],[[12.414,51.553],[12.447,51.548],[12.449,51.537],[12.44,51.532],[12.425,51.537],[12.414,51.553]],[[12.652,51.998],[12.655,52.012],[12.73,51.989],[12.714,51.974],[12.675,51.982],[12.666,51.999],[12.652,51.998]],[[12.703,50.857],[12.726,50.858],[12.757,50.848],[12.715,50.841],[12.703,50.857]],[[12.931,51.972],[12.97,51.975],[12.965,51.957],[12.934,51.962],[12.931,51.972]],[[13.221,51.858],[13.232,51.869],[13.228,51.89],[13.269,51.895],[13.273,51.876],[13.308,51.853],[13.311,51.845],[13.301,51.84],[13.31,51.831],[13.306,51.82],[13.283,51.825],[13.258,51.82],[13.228,51.838],[13.221,51.858]],[[13.704,51.903],[13.715,51.906],[13.737,51.907],[13.728,51.891],[13.704,51.903]],[[13.785,51.901],[13.786,51.916],[13.818,51.929],[13.835,51.912],[13.835,51.898],[13.785,51.901]],[[13.792,51.867],[13.825,51.878],[13.833,51.862],[13.827,51.857],[13.842,51.85],[13.84,51.836],[13.807,51.84],[13.792,51.867]],[[13.883,51.861],[13.906,51.863],[13.911,51.84],[13.89,51.839],[13.883,51.861]],[[13.892,51.814],[13.905,51.823],[13.919,51.819],[13.901,51.808],[13.892,51.814]],[[13.97,51.827],[13.972,51.836],[14.001,51.829],[13.986,51.822],[13.97,51.827]],[[13.998,51.736],[14.01,51.741],[14.029,51.737],[14.034,51.723],[14.015,51.717],[13.998,51.736]],[[14.032,51.699],[14.067,51.71],[14.076,51.721],[14.108,51.721],[14.105,51.699],[14.056,51.693],[14.047,51.679],[14.032,51.699]],[[14.069,51.612],[14.086,51.615],[14.085,51.622],[14.099,51.629],[14.107,51.664],[14.118,51.663],[14.127,51.641],[14.164,51.639],[14.159,51.671],[14.163,51.675],[14.164,51.706],[14.149,51.714],[14.139,51.739],[14.116,51.739],[14.101,51.754],[14.115,51.791],[14.122,51.79],[14.116,51.814],[14.104,51.824],[14.073,51.827],[14.08,51.872],[14.088,51.878],[14.174,51.857],[14.181,51.865],[14.215,51.869],[14.225,51.889],[14.223,51.904],[14.319,51.935],[14.38,51.932],[14.428,51.941],[14.452,51.963],[14.471,51.968],[14.494,51.955],[14.542,51.957],[14.523,51.935],[14.545,51.921],[14.552,51.896],[14.585,51.888],[14.593,51.877],[14.56,51.863],[14.545,51.846],[14.549,51.818],[14.563,51.814],[14.554,51.796],[14.526,51.793],[14.506,51.778],[14.556,51.748],[14.575,51.75],[14.552,51.736],[14.511,51.74],[14.512,51.722],[14.537,51.711],[14.529,51.694],[14.56,51.691],[14.587,51.678],[14.583,51.67],[14.566,51.666],[14.559,51.651],[14.486,51.651],[14.462,51.641],[14.442,51.66],[14.429,51.66],[14.401,51.643],[14.387,51.65],[14.373,51.642],[14.322,51.638],[14.301,51.642],[14.295,51.652],[14.269,51.651],[14.265,51.669],[14.227,51.682],[14.206,51.666],[14.181,51.668],[14.184,51.647],[14.219,51.651],[14.239,51.641],[14.232,51.625],[14.203,51.613],[14.188,51.59],[14.157,51.592],[14.132,51.569],[14.084,51.572],[14.069,51.612]],[[14.227,51.581],[14.235,51.61],[14.278,51.613],[14.283,51.603],[14.321,51.606],[14.332,51.581],[14.301,51.577],[14.309,51.545],[14.268,51.538],[14.266,51.577],[14.227,51.581]],[[14.274,51.627],[14.304,51.638],[14.314,51.622],[14.281,51.619],[14.274,51.627]],[[14.367,52.12],[14.383,52.123],[14.416,52.115],[14.432,52.101],[14.418,52.093],[14.401,52.095],[14.367,52.12]],[[14.387,51.076],[14.413,51.089],[14.445,51.072],[14.434,51.071],[14.431,51.061],[14.391,51.071],[14.387,51.076]],[[14.469,51.583],[14.47,51.605],[14.494,51.599],[14.502,51.582],[14.469,51.583]],[[14.503,51.558],[14.512,51.576],[14.545,51.574],[14.548,51.564],[14.541,51.56],[14.503,51.558]],[[14.602,51.57],[14.608,51.59],[14.649,51.593],[14.651,51.58],[14.696,51.575],[14.681,51.553],[14.646,51.554],[14.638,51.529],[14.603,51.538],[14.609,51.55],[14.633,51.551],[14.639,51.56],[14.636,51.571],[14.602,51.57]],[[14.615,50.965],[14.673,50.956],[14.641,50.949],[14.616,50.956],[14.615,50.965]],[[14.619,51.912],[14.662,51.919],[14.668,51.899],[14.629,51.892],[14.619,51.912]],[[14.682,51.981],[14.687,51.997],[14.715,51.997],[14.702,51.979],[14.682,51.981]],[[15.205,51.22],[15.299,51.224],[15.322,51.22],[15.341,51.207],[15.34,51.2],[15.302,51.183],[15.274,51.195],[15.249,51.189],[15.233,51.193],[15.226,51.214],[15.205,51.22]],[[15.218,51.044],[15.225,51.053],[15.233,51.051],[15.232,51.023],[15.218,51.044]]],[[[10.442,50.671],[10.458,50.663],[10.45,50.657],[10.458,50.644],[10.448,50.639],[10.465,50.625],[10.447,50.617],[10.455,50.609],[10.452,50.599],[10.467,50.587],[10.457,50.58],[10.464,50.567],[10.486,50.552],[10.51,50.564],[10.539,50.56],[10.55,50.565],[10.547,50.574],[10.553,50.577],[10.566,50.573],[10.566,50.566],[10.583,50.585],[10.606,50.587],[10.606,50.579],[10.654,50.572],[10.655,50.555],[10.64,50.542],[10.674,50.522],[10.635,50.499],[10.635,50.492],[10.675,50.487],[10.67,50.481],[10.677,50.46],[10.711,50.472],[10.774,50.452],[10.821,50.464],[10.814,50.487],[10.822,50.498],[10.877,50.522],[10.883,50.567],[10.873,50.576],[10.878,50.597],[10.897,50.612],[10.858,50.62],[10.866,50.639],[10.847,50.652],[10.707,50.667],[10.687,50.639],[10.67,50.635],[10.635,50.675],[10.598,50.663],[10.586,50.678],[10.476,50.671],[10.443,50.682],[10.442,50.671]]],[[[10.992,51.062],[11.038,51.064],[11.044,51.08],[11,51.076],[10.992,51.062]]],[[[11.045,51.118],[11.047,51.109],[11.055,51.116],[11.083,51.109],[11.102,51.118],[11.098,51.125],[11.049,51.13],[11.045,51.118]]],[[[11.346,51.052],[11.361,51.019],[11.442,51.039],[11.441,51.051],[11.421,51.053],[11.417,51.066],[11.398,51.062],[11.37,51.068],[11.346,51.052]]],[[[11.419,50.642],[11.441,50.637],[11.471,50.612],[11.482,50.617],[11.48,50.64],[11.471,50.65],[11.419,50.642]]],[[[11.502,51.089],[11.504,51.073],[11.558,51.083],[11.558,51.09],[11.502,51.089]]],[[[11.546,50.99],[11.563,50.968],[11.596,50.973],[11.595,50.959],[11.628,50.952],[11.636,50.968],[11.663,50.974],[11.675,50.992],[11.615,50.988],[11.577,51],[11.546,50.99]]],[[[11.572,51.071],[11.594,51.054],[11.577,51.044],[11.582,51.038],[11.616,51.038],[11.62,51.053],[11.63,51.056],[11.625,51.066],[11.597,51.078],[11.572,51.071]]],[[[11.689,51.724],[11.71,51.716],[11.714,51.726],[11.725,51.726],[11.716,51.733],[11.689,51.724]]],[[[11.69,50.414],[11.706,50.407],[11.702,50.402],[11.713,50.397],[11.732,50.404],[11.721,50.422],[11.707,50.412],[11.69,50.414]]],[[[11.701,51.079],[11.709,51.068],[11.738,51.074],[11.731,51.087],[11.701,51.079]]],[[[11.707,52.054],[11.713,52.045],[11.708,52.042],[11.732,52.028],[11.752,52.023],[11.789,52.032],[11.825,52.01],[11.801,51.989],[11.748,52.009],[11.738,52],[11.767,51.992],[11.766,51.963],[11.795,51.962],[11.793,51.944],[11.829,51.919],[11.883,51.916],[11.864,51.931],[11.9,51.935],[11.896,51.944],[11.929,51.949],[11.884,51.979],[11.891,52.007],[11.881,52.021],[11.837,52.037],[11.854,52.052],[11.895,52.053],[11.896,52.045],[11.908,52.041],[11.898,52.029],[11.881,52.027],[11.886,52.024],[11.929,52.026],[11.937,52.034],[11.94,52.043],[11.887,52.058],[11.89,52.068],[11.904,52.068],[11.911,52.103],[11.928,52.102],[11.931,52.114],[11.915,52.154],[11.931,52.167],[11.928,52.182],[11.893,52.172],[11.911,52.14],[11.902,52.117],[11.886,52.124],[11.803,52.111],[11.8,52.102],[11.832,52.107],[11.834,52.098],[11.753,52.094],[11.767,52.078],[11.753,52.074],[11.756,52.064],[11.743,52.053],[11.736,52.055],[11.741,52.047],[11.733,52.045],[11.707,52.054]]],[[[11.752,50.416],[11.771,50.411],[11.785,50.425],[11.778,50.431],[11.752,50.424],[11.752,50.416]]],[[[11.781,50.452],[11.805,50.44],[11.816,50.441],[11.804,50.447],[11.817,50.454],[11.821,50.456],[11.82,50.461],[11.788,50.454],[11.805,50.45],[11.781,50.452]]],[[[11.883,50.633],[11.901,50.616],[11.932,50.623],[11.924,50.63],[11.925,50.641],[11.883,50.633]]],[[[11.895,52.327],[11.905,52.318],[11.967,52.332],[11.942,52.341],[11.926,52.356],[11.895,52.327]]],[[[11.961,51.98],[12.02,51.97],[12.059,51.997],[12.054,52.018],[12.027,52.017],[12.028,52.025],[12.003,52.027],[11.994,52.007],[11.964,51.999],[11.968,51.986],[11.961,51.98]]],[[[11.985,50.837],[12.014,50.83],[12.012,50.842],[12,50.848],[11.991,50.842],[11.985,50.837]]],[[[12.078,50.698],[12.088,50.694],[12.12,50.69],[12.114,50.715],[12.1,50.713],[12.104,50.702],[12.094,50.695],[12.078,50.698]]],[[[12.114,50.863],[12.137,50.858],[12.165,50.858],[12.17,50.868],[12.117,50.873],[12.123,50.87],[12.114,50.863]]],[[[12.134,50.82],[12.161,50.824],[12.171,50.814],[12.19,50.82],[12.177,50.83],[12.145,50.829],[12.134,50.82]]],[[[12.252,51.762],[12.268,51.735],[12.274,51.736],[12.268,51.718],[12.29,51.718],[12.293,51.729],[12.31,51.736],[12.307,51.75],[12.301,51.748],[12.307,51.756],[12.291,51.754],[12.301,51.766],[12.289,51.763],[12.287,51.768],[12.299,51.767],[12.282,51.775],[12.293,51.78],[12.288,51.789],[12.252,51.762]]],[[[12.454,52.245],[12.475,52.228],[12.494,52.229],[12.519,52.258],[12.54,52.254],[12.52,52.262],[12.463,52.265],[12.456,52.263],[12.465,52.255],[12.454,52.245]]],[[[13.082,52.196],[13.14,52.191],[13.144,52.203],[13.124,52.218],[13.132,52.223],[13.128,52.237],[13.095,52.217],[13.082,52.196]]],[[[14.176,51.753],[14.183,51.744],[14.208,51.753],[14.185,51.767],[14.176,51.753]]],[[[14.187,51.712],[14.192,51.684],[14.22,51.691],[14.222,51.706],[14.187,51.712]]],[[[14.232,51.786],[14.238,51.768],[14.255,51.767],[14.258,51.778],[14.282,51.782],[14.275,51.793],[14.238,51.796],[14.232,51.786]]],[[[14.287,51.725],[14.293,51.707],[14.325,51.698],[14.333,51.717],[14.287,51.725]]],[[[15.011,50.989],[15.028,50.956],[15.033,50.964],[15.011,50.989]]],[[[15.027,50.95],[15.035,50.934],[15.048,50.939],[15.031,50.955],[15.027,50.95]]]]}},{"type":"Feature","properties":{"NAME":"Hesse-Darmstadt","SUBJECTO":"Holy Roman Empire","PARTOF":"Holy Roman Empire","ADMIN_LEVEL":4,"OHM_RELATION_ID":2830885,"START_DATE":"1797-10-17","END_DATE":"1803-04-27"},"geometry":{"type":"MultiPolygon","coordinates":[[[[8.462,50.149],[8.484,50.135],[8.538,50.128],[8.532,50.143],[8.517,50.149],[8.462,50.149]]],[[[8.633,49.71],[8.771,49.729],[8.771,49.715],[8.79,49.717],[8.803,49.709],[8.842,49.739],[8.872,49.738],[8.886,49.745],[8.896,49.789],[8.872,49.79],[8.878,49.795],[8.853,49.813],[8.863,49.834],[8.86,49.847],[8.973,49.854],[8.995,49.845],[8.995,49.836],[9.009,49.843],[9.003,49.853],[9.007,49.86],[9.034,49.862],[8.982,49.902],[9.023,49.91],[9.032,49.925],[9.025,49.945],[8.97,49.95],[8.961,49.921],[8.967,49.904],[8.943,49.91],[8.949,49.918],[8.93,49.916],[8.935,49.929],[8.928,49.933],[8.947,49.941],[8.946,49.951],[8.9,49.966],[8.865,49.964],[8.885,49.944],[8.875,49.936],[8.886,49.922],[8.874,49.906],[8.863,49.905],[8.856,49.883],[8.864,49.868],[8.859,49.858],[8.846,49.862],[8.837,49.888],[8.796,49.875],[8.772,49.88],[8.73,49.875],[8.724,49.877],[8.745,49.908],[8.792,49.942],[8.788,49.947],[8.719,49.961],[8.708,49.987],[8.661,50.015],[8.656,50.055],[8.591,50.043],[8.552,50.054],[8.542,50.075],[8.529,50.083],[8.524,50.082],[8.526,50.064],[8.513,50.057],[8.549,50.05],[8.578,50.021],[8.574,50.014],[8.552,50.013],[8.543,50.027],[8.494,50.024],[8.471,50.034],[8.465,50.024],[8.408,49.997],[8.35,49.999],[8.321,49.974],[8.396,49.942],[8.37,49.904],[8.386,49.893],[8.41,49.904],[8.421,49.886],[8.377,49.861],[8.385,49.853],[8.38,49.821],[8.405,49.817],[8.442,49.837],[8.476,49.826],[8.471,49.816],[8.444,49.814],[8.427,49.802],[8.418,49.785],[8.423,49.768],[8.536,49.779],[8.556,49.761],[8.556,49.728],[8.541,49.717],[8.535,49.724],[8.469,49.729],[8.426,49.717],[8.442,49.699],[8.468,49.696],[8.487,49.704],[8.506,49.681],[8.555,49.673],[8.58,49.699],[8.561,49.706],[8.567,49.711],[8.559,49.718],[8.572,49.72],[8.586,49.706],[8.633,49.71]],[[8.439,49.983],[8.444,49.993],[8.483,49.988],[8.464,49.975],[8.439,49.983]]],[[[8.295,50.038],[8.338,50.008],[8.373,50.014],[8.378,50.025],[8.434,50.051],[8.42,50.067],[8.427,50.088],[8.459,50.098],[8.506,50.097],[8.509,50.105],[8.462,50.111],[8.386,50.154],[8.374,50.12],[8.338,50.109],[8.337,50.095],[8.308,50.091],[8.306,50.047],[8.295,50.038]]],[[[7.885,48.661],[7.875,48.64],[7.836,48.633],[7.818,48.606],[7.844,48.553],[7.834,48.541],[7.847,48.495],[7.862,48.487],[7.888,48.505],[7.906,48.531],[7.934,48.531],[7.942,48.549],[7.957,48.552],[7.939,48.591],[7.944,48.59],[7.95,48.612],[7.973,48.624],[7.975,48.648],[7.988,48.655],[7.98,48.666],[7.998,48.676],[8.007,48.669],[8.033,48.707],[8.019,48.724],[7.996,48.731],[7.973,48.752],[7.965,48.748],[7.966,48.725],[7.929,48.712],[7.94,48.688],[7.904,48.683],[7.898,48.678],[7.905,48.659],[7.885,48.661]]],[[[8.799,49.988],[8.823,50.01],[8.821,50.022],[8.778,50.039],[8.75,50.023],[8.757,49.987],[8.774,49.983],[8.799,49.988]]],[[[8.818,50.133],[8.769,50.132],[8.806,50.114],[8.81,50.11],[8.795,50.105],[8.801,50.097],[8.829,50.105],[8.817,50.105],[8.808,50.119],[8.818,50.133]]],[[[9.506,50.735],[9.491,50.755],[9.472,50.765],[9.421,50.767],[9.401,50.744],[9.362,50.752],[9.343,50.769],[9.348,50.779],[9.367,50.785],[9.364,50.8],[9.331,50.796],[9.332,50.786],[9.299,50.779],[9.293,50.79],[9.272,50.792],[9.262,50.815],[9.24,50.818],[9.235,50.825],[9.227,50.82],[9.148,50.835],[9.134,50.822],[9.13,50.83],[9.117,50.831],[9.098,50.823],[9.095,50.808],[9.023,50.794],[9.015,50.771],[8.974,50.761],[8.936,50.731],[8.911,50.725],[8.907,50.714],[8.919,50.703],[8.912,50.693],[8.863,50.696],[8.845,50.682],[8.831,50.685],[8.814,50.703],[8.804,50.692],[8.788,50.693],[8.781,50.683],[8.806,50.668],[8.803,50.654],[8.812,50.647],[8.789,50.642],[8.79,50.636],[8.761,50.641],[8.769,50.65],[8.767,50.678],[8.775,50.692],[8.765,50.696],[8.741,50.682],[8.703,50.684],[8.713,50.661],[8.705,50.653],[8.688,50.655],[8.694,50.643],[8.686,50.622],[8.638,50.595],[8.623,50.615],[8.61,50.62],[8.617,50.629],[8.6,50.655],[8.619,50.674],[8.594,50.676],[8.571,50.7],[8.578,50.705],[8.551,50.708],[8.541,50.726],[8.55,50.739],[8.589,50.736],[8.623,50.76],[8.649,50.764],[8.648,50.787],[8.606,50.805],[8.626,50.816],[8.633,50.842],[8.619,50.845],[8.629,50.861],[8.61,50.895],[8.592,50.905],[8.626,50.92],[8.635,50.934],[8.617,50.947],[8.656,50.95],[8.668,50.958],[8.65,50.98],[8.661,50.981],[8.671,50.995],[8.706,50.994],[8.726,51.032],[8.687,51.053],[8.65,51.095],[8.621,51.1],[8.554,51.104],[8.508,51.086],[8.502,51.077],[8.525,51.064],[8.504,51.041],[8.522,51.04],[8.536,51.022],[8.53,51.013],[8.501,50.998],[8.474,50.976],[8.477,50.971],[8.459,50.967],[8.462,50.95],[8.45,50.94],[8.457,50.918],[8.434,50.918],[8.387,50.891],[8.386,50.876],[8.355,50.862],[8.348,50.845],[8.368,50.813],[8.391,50.811],[8.403,50.792],[8.448,50.796],[8.459,50.786],[8.435,50.763],[8.445,50.745],[8.431,50.723],[8.438,50.7],[8.495,50.701],[8.504,50.688],[8.563,50.691],[8.545,50.659],[8.525,50.646],[8.521,50.618],[8.535,50.614],[8.53,50.609],[8.511,50.6],[8.478,50.633],[8.482,50.593],[8.471,50.572],[8.49,50.565],[8.506,50.595],[8.514,50.574],[8.552,50.58],[8.565,50.589],[8.575,50.616],[8.584,50.606],[8.595,50.61],[8.625,50.598],[8.612,50.579],[8.619,50.565],[8.593,50.544],[8.63,50.554],[8.64,50.55],[8.615,50.529],[8.65,50.515],[8.634,50.509],[8.634,50.498],[8.617,50.493],[8.615,50.487],[8.63,50.482],[8.624,50.45],[8.603,50.438],[8.574,50.446],[8.602,50.432],[8.598,50.422],[8.517,50.408],[8.547,50.37],[8.6,50.369],[8.603,50.38],[8.62,50.389],[8.674,50.385],[8.717,50.407],[8.739,50.402],[8.765,50.371],[8.783,50.373],[8.785,50.382],[8.768,50.41],[8.736,50.417],[8.709,50.449],[8.669,50.458],[8.665,50.468],[8.674,50.494],[8.711,50.509],[8.713,50.531],[8.754,50.543],[8.797,50.539],[8.807,50.561],[8.817,50.564],[8.818,50.583],[8.848,50.594],[8.861,50.594],[8.873,50.577],[8.932,50.58],[8.937,50.566],[8.984,50.565],[8.987,50.572],[9.041,50.587],[9.037,50.605],[9.061,50.616],[9.1,50.567],[9.131,50.56],[9.126,50.547],[9.108,50.543],[9.081,50.512],[9.046,50.494],[9.026,50.499],[8.997,50.487],[8.982,50.494],[8.943,50.491],[8.937,50.485],[8.942,50.47],[8.905,50.446],[8.869,50.458],[8.849,50.444],[8.853,50.433],[8.842,50.421],[8.855,50.362],[8.878,50.364],[8.89,50.349],[8.885,50.334],[8.946,50.343],[8.976,50.376],[9.008,50.364],[9.027,50.368],[9.034,50.382],[9.088,50.379],[9.163,50.424],[9.185,50.424],[9.231,50.447],[9.237,50.462],[9.253,50.471],[9.284,50.456],[9.298,50.463],[9.336,50.452],[9.336,50.465],[9.359,50.464],[9.388,50.493],[9.366,50.509],[9.347,50.54],[9.311,50.543],[9.304,50.55],[9.316,50.557],[9.319,50.575],[9.347,50.583],[9.358,50.604],[9.398,50.612],[9.436,50.6],[9.477,50.625],[9.481,50.65],[9.449,50.684],[9.483,50.718],[9.499,50.715],[9.506,50.735]],[[9.204,50.81],[9.241,50.777],[9.175,50.761],[9.155,50.766],[9.171,50.803],[9.204,50.81]]],[[[7.951,50.25],[7.985,50.25],[7.989,50.261],[8.004,50.26],[8.019,50.27],[8.024,50.282],[8.015,50.289],[8.028,50.306],[7.992,50.334],[7.958,50.322],[7.955,50.315],[7.971,50.31],[7.953,50.299],[7.962,50.291],[7.958,50.274],[7.965,50.267],[7.948,50.256],[7.951,50.25]]],[[[7.906,50.331],[7.898,50.325],[7.906,50.316],[7.931,50.313],[7.935,50.32],[7.935,50.328],[7.906,50.331]]],[[[7.626,50.28],[7.646,50.268],[7.653,50.257],[7.645,50.248],[7.654,50.242],[7.715,50.241],[7.734,50.248],[7.741,50.266],[7.725,50.287],[7.638,50.289],[7.626,50.28]]],[[[7.775,50.231],[7.751,50.239],[7.734,50.231],[7.738,50.214],[7.754,50.211],[7.769,50.219],[7.775,50.231]]]]}},{"type":"Feature","properties":{"NAME":"Hesse-Kassel","SUBJECTO":"Holy Roman Empire","PARTOF":"Holy Roman Empire","ADMIN_LEVEL":4,"OHM_RELATION_ID":2806989,"START_DATE":"1797-10-17","END_DATE":"1803-04-27"},"geometry":{"type":"MultiPolygon","coordinates":[[[[9.782,51.39],[9.738,51.369],[9.703,51.365],[9.738,51.319],[9.769,51.337],[9.764,51.325],[9.78,51.326],[9.768,51.307],[9.736,51.296],[9.678,51.309],[9.672,51.317],[9.657,51.312],[9.63,51.327],[9.605,51.325],[9.58,51.342],[9.568,51.34],[9.54,51.368],[9.547,51.379],[9.562,51.375],[9.561,51.384],[9.579,51.402],[9.628,51.404],[9.645,51.418],[9.629,51.442],[9.629,51.458],[9.643,51.466],[9.641,51.473],[9.618,51.482],[9.586,51.515],[9.588,51.523],[9.608,51.522],[9.621,51.534],[9.609,51.558],[9.625,51.548],[9.649,51.551],[9.625,51.574],[9.63,51.584],[9.681,51.567],[9.688,51.58],[9.639,51.608],[9.626,51.637],[9.574,51.626],[9.546,51.64],[9.522,51.626],[9.508,51.627],[9.492,51.635],[9.493,51.658],[9.458,51.65],[9.427,51.631],[9.341,51.616],[9.337,51.612],[9.374,51.591],[9.32,51.553],[9.308,51.514],[9.287,51.515],[9.224,51.488],[9.217,51.461],[9.177,51.464],[9.155,51.443],[9.17,51.394],[9.126,51.388],[9.123,51.366],[9.102,51.364],[9.108,51.351],[9.127,51.342],[9.108,51.312],[9.116,51.281],[9.147,51.266],[9.172,51.28],[9.21,51.253],[9.177,51.233],[9.186,51.22],[9.206,51.224],[9.234,51.202],[9.199,51.206],[9.173,51.191],[9.176,51.176],[9.189,51.17],[9.237,51.182],[9.233,51.157],[9.206,51.137],[9.252,51.123],[9.26,51.147],[9.288,51.149],[9.308,51.135],[9.296,51.119],[9.301,51.11],[9.279,51.11],[9.24,51.086],[9.23,51.089],[9.229,51.099],[9.207,51.084],[9.187,51.096],[9.162,51.09],[9.167,51.077],[9.156,51.074],[9.145,51.056],[9.099,51.046],[9.095,51.029],[9.083,51.04],[9.051,51.042],[9.03,51.069],[8.977,51.095],[8.963,51.11],[8.916,51.113],[8.923,51.123],[8.902,51.152],[8.857,51.147],[8.824,51.134],[8.795,51.106],[8.754,51.125],[8.65,51.095],[8.656,51.081],[8.701,51.042],[8.729,51.033],[8.714,51.019],[8.709,50.995],[8.671,50.995],[8.662,50.982],[8.651,50.982],[8.664,50.956],[8.617,50.947],[8.635,50.934],[8.609,50.912],[8.592,50.907],[8.615,50.887],[8.629,50.857],[8.614,50.846],[8.632,50.842],[8.631,50.828],[8.623,50.827],[8.629,50.822],[8.609,50.809],[8.644,50.793],[8.649,50.765],[8.62,50.76],[8.589,50.736],[8.547,50.737],[8.542,50.727],[8.551,50.708],[8.577,50.707],[8.57,50.701],[8.587,50.69],[8.595,50.676],[8.623,50.675],[8.65,50.703],[8.702,50.679],[8.71,50.686],[8.741,50.682],[8.768,50.695],[8.777,50.689],[8.767,50.678],[8.77,50.653],[8.759,50.644],[8.779,50.633],[8.81,50.646],[8.803,50.654],[8.806,50.668],[8.78,50.688],[8.8,50.693],[8.804,50.7],[8.814,50.703],[8.844,50.681],[8.867,50.697],[8.899,50.689],[8.913,50.694],[8.919,50.704],[8.907,50.716],[8.912,50.725],[8.892,50.732],[8.899,50.756],[8.867,50.768],[8.865,50.776],[8.918,50.811],[8.942,50.805],[8.984,50.827],[8.96,50.854],[8.9,50.833],[8.851,50.839],[8.854,50.872],[8.879,50.881],[8.938,50.862],[8.998,50.882],[9.002,50.85],[9.042,50.842],[9.05,50.834],[9.087,50.868],[9.084,50.885],[9.096,50.891],[9.141,50.862],[9.149,50.836],[9.26,50.818],[9.272,50.791],[9.293,50.79],[9.299,50.779],[9.312,50.776],[9.332,50.786],[9.333,50.796],[9.365,50.798],[9.369,50.787],[9.345,50.779],[9.344,50.768],[9.384,50.744],[9.404,50.743],[9.419,50.766],[9.432,50.77],[9.475,50.764],[9.508,50.735],[9.571,50.766],[9.602,50.759],[9.619,50.767],[9.628,50.76],[9.651,50.76],[9.671,50.769],[9.681,50.784],[9.677,50.793],[9.699,50.802],[9.7,50.813],[9.729,50.82],[9.74,50.807],[9.791,50.82],[9.807,50.814],[9.799,50.806],[9.812,50.794],[9.881,50.796],[9.896,50.79],[9.892,50.811],[9.899,50.817],[9.952,50.821],[9.957,50.81],[9.944,50.794],[9.955,50.786],[9.949,50.781],[9.969,50.783],[9.988,50.766],[10.04,50.758],[10.048,50.748],[10.043,50.734],[10.079,50.707],[10.076,50.72],[10.097,50.74],[10.06,50.76],[10.069,50.761],[10.075,50.783],[10.086,50.784],[10.078,50.789],[10.079,50.81],[10.057,50.821],[10.041,50.841],[10.054,50.851],[10.059,50.872],[10.074,50.879],[10.076,50.872],[10.092,50.874],[10.1,50.866],[10.114,50.869],[10.143,50.857],[10.189,50.853],[10.21,50.863],[10.185,50.866],[10.19,50.873],[10.22,50.888],[10.211,50.894],[10.198,50.88],[10.179,50.883],[10.17,50.902],[10.143,50.894],[10.137,50.907],[10.111,50.893],[10.094,50.893],[10.045,50.929],[9.967,50.934],[9.956,50.922],[9.951,50.941],[9.975,50.943],[10.011,50.935],[10.027,50.943],[10.061,50.943],[10.043,50.949],[10.032,50.959],[10.038,50.97],[10.019,50.982],[10.035,51.012],[10.104,51.005],[10.127,51.011],[10.127,51.001],[10.145,50.993],[10.205,51.007],[10.194,51.018],[10.214,51.025],[10.202,51.031],[10.205,51.035],[10.184,51.048],[10.14,51.059],[10.152,51.07],[10.144,51.085],[10.163,51.098],[10.16,51.108],[10.175,51.107],[10.172,51.118],[10.153,51.118],[10.121,51.137],[10.125,51.147],[10.17,51.152],[10.186,51.138],[10.18,51.131],[10.189,51.117],[10.2,51.113],[10.207,51.117],[10.208,51.14],[10.2,51.148],[10.207,51.164],[10.229,51.174],[10.236,51.187],[10.195,51.192],[10.182,51.208],[10.165,51.212],[10.151,51.207],[10.14,51.22],[10.112,51.216],[10.07,51.226],[10.079,51.243],[10.051,51.255],[10.047,51.264],[10.081,51.293],[10.062,51.307],[10.031,51.309],[10.026,51.293],[9.988,51.294],[9.975,51.285],[9.966,51.302],[9.944,51.304],[9.911,51.326],[9.898,51.318],[9.886,51.32],[9.907,51.334],[9.914,51.351],[9.925,51.354],[9.924,51.37],[9.932,51.38],[9.924,51.399],[9.91,51.407],[9.907,51.422],[9.883,51.415],[9.882,51.406],[9.851,51.415],[9.862,51.372],[9.843,51.382],[9.84,51.401],[9.827,51.408],[9.801,51.395],[9.802,51.39],[9.782,51.39]],[[8.817,50.829],[8.84,50.83],[8.841,50.76],[8.802,50.772],[8.817,50.829]]],[[[9.505,50.169],[9.479,50.155],[9.482,50.15],[9.43,50.157],[9.406,50.145],[9.402,50.157],[9.369,50.174],[9.318,50.173],[9.303,50.185],[9.258,50.182],[9.197,50.2],[9.184,50.195],[9.192,50.183],[9.188,50.174],[9.141,50.156],[9.073,50.143],[9.023,50.16],[9.003,50.145],[8.982,50.148],[8.959,50.132],[8.956,50.179],[9.016,50.216],[8.947,50.213],[8.936,50.231],[8.96,50.252],[8.95,50.263],[8.929,50.263],[8.913,50.276],[8.886,50.273],[8.868,50.281],[8.842,50.271],[8.852,50.266],[8.855,50.25],[8.894,50.253],[8.896,50.241],[8.826,50.201],[8.788,50.195],[8.779,50.199],[8.781,50.207],[8.763,50.197],[8.752,50.205],[8.747,50.197],[8.767,50.18],[8.734,50.163],[8.709,50.179],[8.729,50.186],[8.729,50.202],[8.705,50.192],[8.708,50.184],[8.682,50.165],[8.656,50.175],[8.644,50.151],[8.627,50.15],[8.625,50.159],[8.593,50.146],[8.611,50.135],[8.633,50.14],[8.635,50.135],[8.613,50.118],[8.635,50.112],[8.669,50.136],[8.698,50.144],[8.719,50.137],[8.724,50.127],[8.742,50.13],[8.748,50.116],[8.77,50.108],[8.78,50.117],[8.769,50.128],[8.783,50.129],[8.81,50.11],[8.795,50.105],[8.801,50.097],[8.829,50.105],[8.817,50.105],[8.808,50.119],[8.817,50.129],[8.902,50.129],[8.917,50.115],[9.009,50.105],[9.115,50.127],[9.143,50.115],[9.154,50.118],[9.154,50.107],[9.142,50.096],[9.149,50.09],[9.163,50.098],[9.174,50.119],[9.188,50.124],[9.184,50.138],[9.229,50.147],[9.307,50.134],[9.324,50.141],[9.34,50.132],[9.375,50.131],[9.402,50.09],[9.414,50.084],[9.513,50.094],[9.519,50.113],[9.508,50.146],[9.531,50.162],[9.505,50.169]]],[[[9.449,50.284],[9.463,50.262],[9.494,50.257],[9.517,50.234],[9.535,50.235],[9.543,50.224],[9.576,50.232],[9.582,50.222],[9.604,50.222],[9.637,50.235],[9.664,50.234],[9.667,50.24],[9.64,50.249],[9.655,50.273],[9.702,50.279],[9.747,50.314],[9.747,50.342],[9.734,50.351],[9.755,50.388],[9.754,50.417],[9.74,50.425],[9.706,50.414],[9.703,50.423],[9.688,50.416],[9.667,50.421],[9.655,50.406],[9.657,50.394],[9.68,50.378],[9.681,50.373],[9.67,50.372],[9.613,50.394],[9.556,50.382],[9.49,50.413],[9.479,50.441],[9.433,50.443],[9.438,50.41],[9.464,50.398],[9.448,50.384],[9.467,50.356],[9.417,50.342],[9.386,50.346],[9.353,50.319],[9.397,50.315],[9.431,50.286],[9.449,50.284]],[[9.609,50.326],[9.602,50.319],[9.61,50.301],[9.567,50.298],[9.564,50.304],[9.579,50.324],[9.532,50.347],[9.574,50.353],[9.581,50.348],[9.611,50.36],[9.638,50.356],[9.631,50.352],[9.647,50.345],[9.635,50.339],[9.642,50.333],[9.636,50.326],[9.609,50.326]]],[[[8.818,50.344],[8.818,50.353],[8.793,50.363],[8.791,50.372],[8.756,50.378],[8.731,50.374],[8.71,50.353],[8.76,50.348],[8.785,50.336],[8.818,50.344]]],[[[9.141,52.216],[9.133,52.199],[9.1,52.211],[9.108,52.221],[9.043,52.225],[9.036,52.219],[9.046,52.21],[9.046,52.183],[8.989,52.196],[9.022,52.172],[9.012,52.162],[9.018,52.148],[9.012,52.14],[9.018,52.132],[9.071,52.149],[9.071,52.143],[9.091,52.136],[9.143,52.135],[9.159,52.12],[9.139,52.108],[9.133,52.098],[9.138,52.096],[9.165,52.101],[9.175,52.117],[9.222,52.123],[9.235,52.143],[9.255,52.145],[9.265,52.159],[9.286,52.135],[9.315,52.13],[9.325,52.142],[9.353,52.138],[9.364,52.154],[9.387,52.167],[9.367,52.19],[9.332,52.201],[9.314,52.219],[9.33,52.243],[9.311,52.254],[9.313,52.276],[9.344,52.275],[9.36,52.294],[9.414,52.293],[9.401,52.328],[9.45,52.368],[9.45,52.384],[9.427,52.388],[9.405,52.41],[9.36,52.391],[9.346,52.395],[9.355,52.409],[9.329,52.408],[9.314,52.418],[9.212,52.406],[9.224,52.39],[9.278,52.369],[9.29,52.381],[9.298,52.342],[9.285,52.331],[9.287,52.316],[9.28,52.313],[9.286,52.306],[9.28,52.289],[9.254,52.29],[9.263,52.283],[9.263,52.273],[9.238,52.265],[9.194,52.26],[9.185,52.269],[9.193,52.286],[9.186,52.289],[9.142,52.284],[9.106,52.249],[9.114,52.233],[9.128,52.234],[9.143,52.222],[9.141,52.216]]],[[[9.269,52.365],[9.267,52.345],[9.284,52.34],[9.269,52.365]]],[[[10.28,50.809],[10.293,50.801],[10.294,50.785],[10.312,50.78],[10.338,50.795],[10.324,50.818],[10.284,50.816],[10.28,50.809]]],[[[10.393,50.816],[10.362,50.794],[10.381,50.774],[10.334,50.759],[10.361,50.721],[10.383,50.721],[10.387,50.71],[10.403,50.709],[10.423,50.693],[10.423,50.685],[10.476,50.671],[10.586,50.678],[10.598,50.663],[10.645,50.685],[10.684,50.688],[10.711,50.699],[10.661,50.711],[10.616,50.737],[10.575,50.741],[10.563,50.781],[10.538,50.782],[10.533,50.796],[10.508,50.788],[10.475,50.79],[10.477,50.797],[10.513,50.811],[10.518,50.824],[10.468,50.85],[10.426,50.843],[10.416,50.849],[10.405,50.817],[10.393,50.816]]],[[[8.88,50.286],[8.887,50.282],[8.898,50.291],[8.882,50.295],[8.88,50.286]]],[[[10.068,51.61],[10.038,51.626],[10.034,51.618],[10.004,51.613],[9.952,51.622],[9.945,51.621],[9.956,51.615],[9.95,51.606],[9.918,51.603],[9.91,51.596],[9.916,51.579],[10.011,51.59],[10.035,51.578],[10.064,51.576],[10.1,51.599],[10.073,51.602],[10.068,51.61]]],[[[10.167,51.444],[10.182,51.462],[10.146,51.471],[10.154,51.485],[10.139,51.495],[10.087,51.497],[10.095,51.528],[10.064,51.528],[10.03,51.493],[10.023,51.437],[10.058,51.439],[10.078,51.467],[10.102,51.464],[10.111,51.431],[10.152,51.43],[10.14,51.443],[10.167,51.444]]],[[[9.709,51.391],[9.725,51.395],[9.725,51.402],[9.697,51.395],[9.709,51.391]]],[[[8.998,50.765],[9.015,50.774],[9.015,50.788],[8.981,50.787],[8.951,50.775],[8.958,50.753],[8.998,50.765]]],[[[8.652,52.531],[8.627,52.546],[8.615,52.584],[8.544,52.576],[8.529,52.539],[8.503,52.533],[8.517,52.483],[8.652,52.531]]],[[[8.89,52.493],[8.914,52.493],[8.93,52.538],[8.898,52.568],[8.847,52.596],[8.866,52.608],[8.816,52.617],[8.79,52.609],[8.767,52.582],[8.776,52.554],[8.752,52.547],[8.749,52.536],[8.773,52.519],[8.82,52.52],[8.883,52.468],[8.891,52.468],[8.89,52.493]]],[[[8.945,50.002],[8.928,50.007],[8.938,50.012],[8.924,50.025],[8.896,50.016],[8.887,50.024],[8.861,50.024],[8.857,50.011],[8.898,49.991],[8.9,49.966],[8.946,49.951],[8.947,49.941],[8.928,49.933],[8.935,49.929],[8.93,49.92],[8.936,49.913],[8.944,49.92],[8.943,49.91],[8.967,49.904],[8.963,49.941],[8.97,49.95],[8.993,49.944],[9.022,49.95],[9.02,49.982],[9.008,49.995],[8.945,50.002]]],[[[8.647,52.887],[8.638,52.871],[8.643,52.862],[8.686,52.871],[8.675,52.889],[8.647,52.887]]],[[[8.738,52.789],[8.803,52.772],[8.802,52.795],[8.831,52.828],[8.815,52.841],[8.763,52.849],[8.743,52.874],[8.734,52.901],[8.714,52.921],[8.691,52.913],[8.716,52.885],[8.708,52.862],[8.631,52.858],[8.656,52.834],[8.682,52.837],[8.693,52.813],[8.7,52.812],[8.703,52.795],[8.695,52.788],[8.732,52.773],[8.738,52.789]]],[[[8.728,50.28],[8.704,50.292],[8.66,50.295],[8.65,50.292],[8.654,50.281],[8.659,50.281],[8.657,50.289],[8.667,50.287],[8.647,50.259],[8.672,50.249],[8.709,50.265],[8.737,50.259],[8.741,50.27],[8.728,50.28]]],[[[8.723,50.452],[8.742,50.44],[8.79,50.435],[8.808,50.451],[8.795,50.478],[8.747,50.469],[8.742,50.458],[8.723,50.452]]],[[[9.72,50.745],[9.723,50.76],[9.709,50.768],[9.689,50.768],[9.682,50.755],[9.69,50.738],[9.72,50.745]]],[[[8.496,50.245],[8.486,50.245],[8.492,50.236],[8.488,50.223],[8.496,50.223],[8.496,50.245]]]]}},{"type":"Feature","properties":{"NAME":"Margraviate of Baden","SUBJECTO":"Holy Roman Empire","PARTOF":"Holy Roman Empire","ADMIN_LEVEL":4,"OHM_RELATION_ID":2830880,"START_DATE":"1797-10-17","END_DATE":"1803-04-27"},"geometry":{"type":"MultiPolygon","coordinates":[[[[7.516,47.695],[7.52,47.677],[7.529,47.673],[7.544,47.681],[7.559,47.674],[7.538,47.642],[7.553,47.627],[7.585,47.614],[7.592,47.605],[7.589,47.59],[7.619,47.577],[7.643,47.595],[7.675,47.592],[7.692,47.6],[7.672,47.587],[7.691,47.572],[7.717,47.577],[7.719,47.604],[7.729,47.616],[7.749,47.622],[7.798,47.618],[7.822,47.625],[7.836,47.617],[7.836,47.608],[7.867,47.609],[7.879,47.626],[7.871,47.645],[7.908,47.648],[7.909,47.663],[7.965,47.688],[7.981,47.702],[7.971,47.725],[7.955,47.729],[7.883,47.692],[7.845,47.691],[7.834,47.703],[7.829,47.712],[7.847,47.737],[7.851,47.758],[7.835,47.79],[7.835,47.821],[7.787,47.801],[7.768,47.802],[7.764,47.828],[7.729,47.846],[7.71,47.867],[7.683,47.866],[7.67,47.857],[7.617,47.877],[7.603,47.853],[7.572,47.857],[7.57,47.834],[7.582,47.834],[7.572,47.816],[7.579,47.809],[7.555,47.79],[7.579,47.774],[7.612,47.775],[7.62,47.757],[7.614,47.752],[7.63,47.738],[7.63,47.727],[7.579,47.734],[7.566,47.723],[7.575,47.716],[7.572,47.706],[7.516,47.702],[7.516,47.695]]],[[[7.612,48.052],[7.616,48.037],[7.658,48.029],[7.687,48.064],[7.708,48.056],[7.746,48.062],[7.753,48.078],[7.772,48.087],[7.821,48.072],[7.859,48.035],[7.884,48.036],[7.894,48.055],[7.911,48.056],[7.916,48.048],[7.925,48.072],[7.895,48.085],[7.931,48.102],[7.941,48.098],[7.937,48.127],[7.956,48.135],[7.96,48.161],[7.986,48.197],[7.962,48.206],[7.899,48.204],[7.891,48.197],[7.864,48.205],[7.862,48.173],[7.852,48.173],[7.847,48.183],[7.822,48.175],[7.842,48.176],[7.852,48.161],[7.818,48.151],[7.819,48.166],[7.801,48.174],[7.768,48.162],[7.776,48.137],[7.77,48.129],[7.728,48.137],[7.699,48.114],[7.688,48.086],[7.635,48.08],[7.636,48.063],[7.612,48.052]],[[7.798,48.085],[7.807,48.098],[7.843,48.09],[7.838,48.082],[7.812,48.079],[7.798,48.085]]],[[[7.614,48.107],[7.626,48.096],[7.64,48.098],[7.646,48.109],[7.641,48.128],[7.631,48.133],[7.626,48.124],[7.63,48.111],[7.614,48.107]]],[[[7.634,47.561],[7.666,47.538],[7.684,47.571],[7.634,47.561]]],[[[7.637,48.196],[7.682,48.176],[7.701,48.18],[7.709,48.197],[7.672,48.235],[7.637,48.196]]],[[[7.639,48.135],[7.649,48.133],[7.643,48.131],[7.666,48.126],[7.679,48.142],[7.673,48.152],[7.641,48.145],[7.639,48.135]]],[[[7.672,47.891],[7.679,47.878],[7.705,47.88],[7.672,47.891]]],[[[7.678,47.96],[7.684,47.95],[7.717,47.943],[7.734,47.953],[7.778,47.94],[7.767,47.956],[7.79,47.967],[7.756,47.979],[7.764,47.987],[7.761,47.997],[7.775,48.006],[7.728,48.019],[7.708,48.011],[7.679,47.996],[7.685,47.983],[7.717,47.969],[7.699,47.96],[7.678,47.96]]],[[[7.733,48.396],[7.734,48.362],[7.763,48.366],[7.775,48.376],[7.802,48.37],[7.857,48.404],[7.878,48.397],[7.854,48.378],[7.848,48.367],[7.853,48.358],[7.909,48.35],[7.916,48.358],[7.905,48.367],[7.959,48.356],[7.976,48.367],[7.972,48.353],[7.981,48.348],[7.981,48.369],[7.945,48.374],[7.935,48.382],[7.942,48.386],[7.939,48.393],[7.921,48.405],[7.877,48.408],[7.851,48.418],[7.859,48.435],[7.842,48.462],[7.796,48.443],[7.767,48.464],[7.733,48.396]]],[[[7.764,48.209],[7.799,48.195],[7.813,48.215],[7.859,48.227],[7.832,48.235],[7.819,48.225],[7.802,48.228],[7.798,48.21],[7.764,48.209]]],[[[7.779,48.328],[7.785,48.294],[7.822,48.276],[7.84,48.276],[7.842,48.288],[7.852,48.291],[7.895,48.276],[7.906,48.307],[7.904,48.318],[7.886,48.314],[7.861,48.332],[7.839,48.317],[7.799,48.343],[7.779,48.328]]],[[[7.801,47.992],[7.804,47.986],[7.827,47.983],[7.832,47.989],[7.815,48],[7.801,47.992]]],[[[7.971,48.756],[7.997,48.728],[8.021,48.723],[8.033,48.707],[8.018,48.682],[8.037,48.682],[8.033,48.678],[8.046,48.672],[8.033,48.659],[8.034,48.646],[8.056,48.643],[8.063,48.672],[8.081,48.674],[8.095,48.689],[8.148,48.666],[8.14,48.656],[8.162,48.64],[8.18,48.64],[8.2,48.628],[8.229,48.631],[8.211,48.634],[8.219,48.643],[8.245,48.637],[8.256,48.626],[8.233,48.613],[8.248,48.609],[8.247,48.603],[8.227,48.605],[8.257,48.59],[8.319,48.588],[8.357,48.6],[8.349,48.609],[8.379,48.618],[8.389,48.626],[8.387,48.636],[8.427,48.645],[8.435,48.651],[8.43,48.658],[8.447,48.661],[8.448,48.685],[8.44,48.694],[8.465,48.7],[8.458,48.717],[8.474,48.723],[8.482,48.747],[8.482,48.758],[8.466,48.764],[8.422,48.744],[8.406,48.758],[8.382,48.759],[8.372,48.778],[8.387,48.79],[8.39,48.804],[8.408,48.809],[8.379,48.831],[8.385,48.835],[8.416,48.835],[8.439,48.812],[8.458,48.823],[8.513,48.819],[8.509,48.837],[8.515,48.844],[8.506,48.859],[8.525,48.878],[8.572,48.896],[8.616,48.876],[8.637,48.899],[8.649,48.88],[8.64,48.858],[8.626,48.855],[8.635,48.845],[8.664,48.835],[8.698,48.837],[8.724,48.844],[8.722,48.86],[8.728,48.858],[8.736,48.87],[8.774,48.848],[8.807,48.859],[8.791,48.872],[8.791,48.905],[8.818,48.921],[8.813,48.929],[8.808,48.934],[8.765,48.922],[8.725,48.93],[8.724,48.945],[8.744,48.951],[8.742,48.946],[8.754,48.951],[8.758,48.94],[8.768,48.939],[8.776,48.948],[8.769,48.955],[8.772,48.973],[8.754,48.968],[8.732,48.985],[8.742,48.994],[8.735,48.995],[8.711,48.989],[8.709,48.975],[8.689,48.974],[8.669,48.989],[8.696,48.994],[8.687,49.008],[8.679,49.015],[8.664,49.004],[8.65,49.026],[8.609,49.026],[8.579,49.003],[8.557,49.01],[8.543,49.028],[8.512,49.035],[8.488,49.055],[8.487,49.074],[8.511,49.074],[8.528,49.087],[8.515,49.103],[8.518,49.13],[8.512,49.144],[8.476,49.173],[8.483,49.18],[8.41,49.208],[8.418,49.201],[8.417,49.191],[8.383,49.187],[8.376,49.179],[8.382,49.168],[8.369,49.161],[8.383,49.148],[8.362,49.142],[8.357,49.131],[8.381,49.095],[8.379,49.088],[8.364,49.082],[8.353,49.098],[8.341,49.069],[8.309,49.071],[8.299,49.06],[8.275,49.059],[8.281,49.043],[8.308,49.035],[8.303,49.023],[8.283,49.023],[8.277,49.015],[8.289,49.004],[8.312,49.001],[8.309,48.994],[8.286,48.995],[8.28,48.98],[8.257,48.977],[8.235,48.96],[8.196,48.954],[8.213,48.932],[8.183,48.923],[8.173,48.911],[8.144,48.919],[8.127,48.912],[8.123,48.9],[8.144,48.893],[8.149,48.883],[8.12,48.867],[8.105,48.833],[8.113,48.812],[8.081,48.813],[8.079,48.794],[8.035,48.789],[8.014,48.761],[7.971,48.756]],[[8.043,48.695],[8.057,48.707],[8.073,48.712],[8.05,48.693],[8.043,48.695]],[[8.444,48.946],[8.448,48.967],[8.457,48.971],[8.478,48.96],[8.489,48.949],[8.487,48.941],[8.444,48.946]],[[8.511,48.94],[8.538,48.954],[8.539,48.942],[8.511,48.94]]],[[[7.989,48.495],[8.017,48.48],[8.021,48.471],[8.05,48.454],[8.089,48.452],[8.054,48.492],[8.054,48.51],[8.036,48.518],[8.031,48.505],[7.999,48.51],[7.989,48.495]]],[[[8.608,49.062],[8.638,49.033],[8.685,49.055],[8.686,49.061],[8.66,49.074],[8.661,49.088],[8.636,49.091],[8.609,49.082],[8.608,49.062]]]]}},{"type":"Feature","properties":{"NAME":"Nassau-Weilburg","SUBJECTO":"Holy Roman Empire","PARTOF":"Holy Roman Empire","ADMIN_LEVEL":4,"OHM_RELATION_ID":2832289,"START_DATE":"1797-10-17","END_DATE":"1806-08-30"},"geometry":{"type":"MultiPolygon","coordinates":[[[[7.864,50.21],[7.861,50.24],[7.797,50.231],[7.804,50.209],[7.821,50.195],[7.842,50.209],[7.864,50.21]]],[[[7.839,50.136],[7.843,50.12],[7.874,50.121],[7.899,50.111],[7.925,50.123],[7.924,50.134],[7.934,50.146],[7.902,50.154],[7.848,50.151],[7.839,50.136]]],[[[8.705,50.679],[8.664,50.701],[8.646,50.701],[8.6,50.655],[8.619,50.625],[8.613,50.618],[8.635,50.595],[8.685,50.619],[8.697,50.642],[8.687,50.653],[8.713,50.66],[8.705,50.679]]],[[[8.467,50.415],[8.52,50.406],[8.538,50.416],[8.598,50.421],[8.602,50.43],[8.574,50.446],[8.608,50.439],[8.634,50.474],[8.615,50.486],[8.616,50.493],[8.634,50.495],[8.634,50.507],[8.651,50.513],[8.615,50.529],[8.639,50.544],[8.637,50.552],[8.589,50.547],[8.614,50.564],[8.612,50.578],[8.622,50.6],[8.571,50.615],[8.567,50.592],[8.544,50.579],[8.554,50.565],[8.533,50.542],[8.52,50.539],[8.53,50.517],[8.499,50.51],[8.509,50.48],[8.53,50.467],[8.539,50.443],[8.511,50.439],[8.494,50.445],[8.468,50.423],[8.439,50.43],[8.426,50.446],[8.437,50.473],[8.426,50.471],[8.379,50.504],[8.332,50.511],[8.3,50.529],[8.228,50.53],[8.219,50.517],[8.229,50.508],[8.177,50.504],[8.183,50.478],[8.253,50.462],[8.258,50.418],[8.282,50.409],[8.317,50.419],[8.33,50.414],[8.355,50.399],[8.35,50.38],[8.384,50.385],[8.4,50.372],[8.416,50.37],[8.437,50.39],[8.436,50.4],[8.45,50.403],[8.444,50.407],[8.449,50.412],[8.467,50.415]]],[[[8.855,50.362],[8.848,50.348],[8.818,50.349],[8.82,50.332],[8.885,50.332],[8.888,50.355],[8.855,50.362]]]]}},{"type":"Feature","properties":{"NAME":"Prince-Archbishopric of Salzburg","SUBJECTO":"Holy Roman Empire","PARTOF":"Holy Roman Empire","ADMIN_LEVEL":4,"OHM_RELATION_ID":2806820,"START_DATE":"1565","END_DATE":"1803-04-27"},"geometry":{"type":"MultiPolygon","coordinates":[[[[12.928,47.77],[12.942,47.771],[12.945,47.764],[12.935,47.758],[12.936,47.749],[12.904,47.727],[12.913,47.712],[12.898,47.692],[12.91,47.69],[12.952,47.706],[12.979,47.691],[12.989,47.694],[13.008,47.722],[13.018,47.723],[13.074,47.692],[13.098,47.642],[13.096,47.63],[13.064,47.604],[13.071,47.589],[13.043,47.583],[13.041,47.576],[13.058,47.561],[13.032,47.537],[13.045,47.526],[13.047,47.492],[13.03,47.487],[13.009,47.465],[12.995,47.471],[12.995,47.478],[12.975,47.484],[12.972,47.475],[12.921,47.493],[12.884,47.521],[12.851,47.532],[12.847,47.546],[12.82,47.545],[12.798,47.554],[12.781,47.574],[12.793,47.593],[12.78,47.604],[12.78,47.634],[12.76,47.65],[12.784,47.672],[12.76,47.664],[12.736,47.679],[12.695,47.682],[12.662,47.679],[12.654,47.672],[12.606,47.674],[12.575,47.633],[12.574,47.604],[12.632,47.596],[12.665,47.581],[12.634,47.547],[12.706,47.48],[12.64,47.465],[12.618,47.41],[12.502,47.389],[12.482,47.373],[12.496,47.348],[12.48,47.326],[12.442,47.328],[12.413,47.314],[12.375,47.312],[12.338,47.324],[12.348,47.351],[12.342,47.379],[12.352,47.398],[12.361,47.4],[12.362,47.412],[12.356,47.438],[12.342,47.458],[12.309,47.474],[12.24,47.475],[12.205,47.462],[12.19,47.481],[12.152,47.484],[12.128,47.475],[12.135,47.471],[12.124,47.459],[12.087,47.451],[12.101,47.435],[12.063,47.425],[12.061,47.407],[12.08,47.386],[12.083,47.371],[12.053,47.327],[11.998,47.323],[11.976,47.337],[11.975,47.332],[11.936,47.332],[11.927,47.335],[11.923,47.361],[11.889,47.379],[11.787,47.352],[11.77,47.331],[11.775,47.323],[11.764,47.317],[11.77,47.307],[11.745,47.283],[11.74,47.267],[11.744,47.25],[11.755,47.242],[11.748,47.225],[11.752,47.204],[11.703,47.205],[11.668,47.197],[11.672,47.181],[11.665,47.173],[11.673,47.16],[11.638,47.14],[11.639,47.13],[11.699,47.126],[11.675,47.095],[11.692,47.102],[11.711,47.088],[11.708,47.082],[11.728,47.078],[11.744,47.061],[11.733,47.031],[11.754,47.016],[11.767,47.015],[11.791,46.99],[11.837,46.993],[11.915,47.033],[11.95,47.035],[11.979,47.05],[12.021,47.047],[12.044,47.061],[12.077,47.059],[12.1,47.078],[12.119,47.073],[12.186,47.092],[12.227,47.082],[12.237,47.07],[12.258,47.072],[12.284,47.093],[12.309,47.093],[12.318,47.105],[12.346,47.109],[12.404,47.091],[12.424,47.092],[12.448,47.078],[12.451,47.058],[12.493,47.054],[12.506,47.045],[12.488,47.033],[12.497,47.021],[12.487,47.003],[12.504,46.998],[12.497,46.986],[12.503,46.952],[12.495,46.944],[12.426,46.948],[12.454,46.926],[12.436,46.898],[12.423,46.899],[12.425,46.938],[12.343,46.962],[12.326,46.952],[12.337,46.926],[12.329,46.914],[12.333,46.902],[12.321,46.891],[12.324,46.88],[12.388,46.869],[12.42,46.885],[12.456,46.885],[12.461,46.865],[12.516,46.868],[12.507,46.851],[12.535,46.854],[12.577,46.904],[12.616,46.911],[12.575,46.93],[12.587,46.958],[12.597,46.962],[12.591,46.973],[12.604,46.987],[12.594,46.994],[12.603,47.018],[12.589,47.034],[12.594,47.048],[12.584,47.081],[12.607,47.103],[12.592,47.126],[12.657,47.1],[12.673,47.109],[12.666,47.122],[12.697,47.121],[12.731,47.131],[12.738,47.101],[12.821,47.097],[12.837,47.083],[12.869,47.086],[12.937,47.078],[12.944,47.058],[12.966,47.039],[13.02,47.041],[13.021,47.03],[13.073,47.014],[13.083,47.027],[13.129,47.027],[13.133,47.036],[13.25,47.052],[13.239,47.072],[13.248,47.086],[13.278,47.095],[13.311,47.087],[13.364,47.098],[13.381,47.093],[13.381,47.081],[13.398,47.071],[13.426,47.082],[13.458,47.079],[13.578,47.052],[13.637,47.055],[13.646,47.04],[13.694,47.04],[13.696,47.033],[13.689,47.029],[13.694,47.007],[13.705,46.997],[13.732,46.989],[13.745,46.995],[13.772,46.984],[13.791,46.99],[13.799,46.954],[13.809,46.951],[13.832,46.966],[13.845,46.989],[13.865,46.996],[13.864,47.019],[13.902,47.062],[13.906,47.07],[13.878,47.094],[13.887,47.11],[13.94,47.137],[13.991,47.138],[13.95,47.165],[13.897,47.176],[13.905,47.195],[13.85,47.23],[13.869,47.241],[13.864,47.253],[13.824,47.267],[13.827,47.283],[13.817,47.296],[13.79,47.289],[13.784,47.275],[13.761,47.267],[13.747,47.278],[13.718,47.278],[13.713,47.26],[13.671,47.275],[13.605,47.284],[13.597,47.317],[13.602,47.331],[13.565,47.416],[13.59,47.466],[13.586,47.475],[13.516,47.496],[13.478,47.526],[13.48,47.569],[13.506,47.583],[13.506,47.603],[13.522,47.62],[13.514,47.631],[13.49,47.63],[13.485,47.641],[13.51,47.675],[13.531,47.682],[13.55,47.714],[13.486,47.722],[13.436,47.739],[13.446,47.772],[13.465,47.786],[13.514,47.772],[13.536,47.776],[13.539,47.783],[13.53,47.793],[13.511,47.797],[13.498,47.79],[13.485,47.792],[13.482,47.802],[13.451,47.804],[13.391,47.794],[13.348,47.814],[13.311,47.813],[13.309,47.821],[13.29,47.824],[13.287,47.846],[13.296,47.858],[13.271,47.891],[13.283,47.895],[13.282,47.957],[13.307,47.964],[13.33,47.954],[13.357,47.954],[13.381,47.986],[13.344,47.981],[13.326,47.992],[13.311,47.979],[13.284,47.991],[13.254,47.989],[13.243,47.987],[13.232,47.972],[13.197,47.985],[13.111,47.981],[13.073,48.016],[13.06,48.013],[13.059,48.03],[13.048,48.028],[13.047,48.04],[12.974,48.024],[12.95,48.038],[12.936,48.036],[12.91,48.02],[12.891,47.991],[12.861,47.997],[12.846,48.021],[12.77,48.067],[12.752,48.089],[12.751,48.113],[12.744,48.114],[12.727,48.103],[12.714,48.111],[12.704,48.106],[12.698,48.093],[12.666,48.075],[12.589,48.065],[12.587,48.04],[12.545,48.014],[12.544,47.996],[12.646,47.969],[12.659,47.949],[12.69,47.942],[12.71,47.925],[12.694,47.918],[12.685,47.901],[12.72,47.86],[12.721,47.843],[12.732,47.839],[12.743,47.809],[12.766,47.804],[12.766,47.788],[12.805,47.777],[12.831,47.779],[12.848,47.755],[12.89,47.745],[12.928,47.77]],[[12.005,47.271],[11.988,47.266],[11.981,47.253],[11.944,47.249],[11.945,47.262],[11.926,47.273],[11.889,47.276],[11.874,47.299],[11.837,47.292],[11.807,47.252],[11.802,47.279],[11.837,47.323],[11.866,47.329],[11.876,47.317],[11.921,47.331],[11.928,47.308],[11.956,47.316],[12.022,47.317],[12.005,47.271]]],[[[14.591,47.003],[14.586,47.012],[14.516,47.01],[14.504,47.019],[14.505,47.027],[14.477,47.02],[14.473,47.009],[14.459,47.012],[14.459,46.998],[14.433,46.999],[14.388,46.98],[14.377,46.994],[14.382,47.016],[14.366,47.025],[14.264,47.027],[14.249,47.034],[14.233,47.028],[14.247,47.008],[14.23,46.991],[14.238,46.959],[14.238,46.885],[14.25,46.848],[14.297,46.857],[14.334,46.876],[14.409,46.89],[14.463,46.884],[14.492,46.876],[14.495,46.866],[14.544,46.858],[14.552,46.864],[14.556,46.892],[14.554,46.942],[14.545,46.955],[14.55,46.973],[14.591,47.003]]],[[[14.805,46.791],[14.778,46.747],[14.798,46.729],[14.829,46.727],[14.858,46.778],[14.805,46.791]]],[[[13.286,46.753],[13.215,46.749],[13.183,46.729],[13.004,46.726],[12.991,46.711],[13.091,46.699],[13.104,46.685],[13.208,46.697],[13.26,46.736],[13.315,46.731],[13.377,46.756],[13.398,46.79],[13.417,46.847],[13.344,46.876],[13.315,46.854],[13.243,46.846],[13.225,46.837],[13.265,46.804],[13.268,46.786],[13.284,46.783],[13.286,46.753]]],[[[13.019,46.889],[13.028,46.876],[13.046,46.88],[13.037,46.893],[13.019,46.889]]],[[[12.906,46.823],[12.876,46.812],[12.874,46.786],[12.857,46.76],[12.879,46.763],[12.899,46.777],[12.928,46.765],[12.966,46.787],[12.964,46.799],[12.906,46.823]]],[[[12.465,48.239],[12.486,48.222],[12.536,48.221],[12.578,48.241],[12.571,48.255],[12.527,48.279],[12.516,48.275],[12.516,48.263],[12.486,48.259],[12.465,48.239]]]]}},{"type":"Feature","properties":{"NAME":"Prince-Bishopric of Bamberg","SUBJECTO":"Holy Roman Empire","PARTOF":"Holy Roman Empire","ADMIN_LEVEL":4,"OHM_RELATION_ID":2830379,"START_DATE":"1245","END_DATE":"1803-04-27"},"geometry":{"type":"MultiPolygon","coordinates":[[[[11.189,50.271],[11.203,50.256],[11.203,50.242],[11.225,50.232],[11.247,50.238],[11.247,50.224],[11.212,50.211],[11.171,50.209],[11.178,50.2],[11.198,50.202],[11.18,50.185],[11.159,50.189],[11.152,50.199],[11.111,50.194],[11.109,50.2],[11.118,50.2],[11.103,50.211],[11.064,50.206],[11.033,50.219],[10.988,50.213],[10.984,50.208],[11.007,50.2],[11.002,50.186],[11.009,50.18],[10.961,50.174],[10.951,50.157],[10.903,50.15],[10.899,50.139],[10.84,50.115],[10.824,50.096],[10.828,50.077],[10.876,50.062],[10.883,50.038],[10.754,50.03],[10.723,50.044],[10.708,50.035],[10.753,49.978],[10.769,49.972],[10.759,49.96],[10.705,49.954],[10.677,49.94],[10.607,49.948],[10.603,49.941],[10.618,49.932],[10.595,49.922],[10.565,49.92],[10.571,49.915],[10.528,49.897],[10.53,49.883],[10.567,49.884],[10.556,49.865],[10.578,49.859],[10.587,49.875],[10.6,49.876],[10.6,49.89],[10.626,49.891],[10.627,49.876],[10.601,49.856],[10.629,49.844],[10.635,49.828],[10.65,49.821],[10.634,49.813],[10.631,49.801],[10.651,49.797],[10.65,49.738],[10.702,49.694],[10.793,49.66],[10.846,49.663],[10.866,49.636],[10.813,49.622],[10.828,49.604],[10.852,49.604],[10.835,49.592],[10.866,49.547],[10.835,49.534],[10.869,49.52],[10.903,49.534],[10.926,49.523],[10.937,49.545],[10.898,49.555],[10.917,49.574],[10.953,49.567],[10.971,49.583],[10.989,49.616],[10.971,49.623],[10.976,49.661],[11.034,49.673],[11.061,49.663],[11.034,49.645],[11.012,49.602],[11.069,49.608],[11.128,49.587],[11.177,49.59],[11.2,49.607],[11.173,49.612],[11.2,49.647],[11.198,49.654],[11.164,49.646],[11.141,49.649],[11.197,49.672],[11.201,49.681],[11.191,49.691],[11.225,49.698],[11.261,49.694],[11.279,49.675],[11.318,49.685],[11.343,49.678],[11.417,49.711],[11.435,49.732],[11.463,49.739],[11.477,49.758],[11.47,49.772],[11.496,49.805],[11.485,49.81],[11.484,49.822],[11.469,49.827],[11.471,49.848],[11.497,49.855],[11.414,49.886],[11.408,49.896],[11.387,49.896],[11.391,49.888],[11.372,49.892],[11.354,49.917],[11.376,49.931],[11.346,49.95],[11.28,49.972],[11.26,50.006],[11.264,50.017],[11.29,50.023],[11.285,50.035],[11.325,50.05],[11.319,50.062],[11.33,50.073],[11.32,50.077],[11.358,50.095],[11.367,50.126],[11.385,50.131],[11.386,50.149],[11.399,50.161],[11.363,50.159],[11.36,50.176],[11.383,50.194],[11.398,50.179],[11.413,50.176],[11.437,50.186],[11.45,50.171],[11.507,50.149],[11.542,50.149],[11.553,50.182],[11.571,50.192],[11.553,50.2],[11.557,50.217],[11.543,50.222],[11.547,50.238],[11.575,50.257],[11.536,50.266],[11.546,50.277],[11.564,50.281],[11.559,50.306],[11.534,50.317],[11.54,50.342],[11.521,50.355],[11.519,50.396],[11.479,50.401],[11.488,50.418],[11.478,50.433],[11.444,50.421],[11.452,50.43],[11.44,50.438],[11.386,50.437],[11.383,50.45],[11.371,50.441],[11.344,50.445],[11.342,50.46],[11.317,50.468],[11.302,50.462],[11.299,50.433],[11.29,50.432],[11.264,50.39],[11.285,50.36],[11.263,50.352],[11.277,50.336],[11.265,50.338],[11.256,50.322],[11.27,50.307],[11.251,50.299],[11.262,50.275],[11.253,50.268],[11.198,50.292],[11.189,50.271]],[[11.213,49.729],[11.19,49.723],[11.181,49.737],[11.199,49.746],[11.213,49.729]],[[11.192,49.891],[11.225,49.9],[11.262,49.899],[11.276,49.887],[11.26,49.873],[11.307,49.785],[11.266,49.787],[11.241,49.776],[11.209,49.781],[11.212,49.794],[11.196,49.801],[11.192,49.845],[11.229,49.841],[11.234,49.874],[11.2,49.879],[11.192,49.891]],[[11.419,50.202],[11.409,50.216],[11.378,50.224],[11.375,50.233],[11.386,50.246],[11.451,50.24],[11.459,50.226],[11.419,50.202]],[[10.796,49.92],[10.845,49.908],[10.802,49.885],[10.796,49.92]],[[10.874,49.673],[10.867,49.687],[10.885,49.69],[10.903,49.682],[10.901,49.672],[10.887,49.667],[10.874,49.673]]],[[[11.564,49.574],[11.596,49.606],[11.563,49.635],[11.517,49.627],[11.513,49.608],[11.54,49.602],[11.564,49.574]]],[[[11.919,49.602],[11.944,49.609],[11.925,49.63],[11.905,49.626],[11.904,49.666],[11.891,49.681],[11.851,49.691],[11.843,49.689],[11.851,49.683],[11.839,49.677],[11.819,49.678],[11.82,49.688],[11.777,49.68],[11.776,49.668],[11.755,49.673],[11.699,49.657],[11.741,49.62],[11.753,49.625],[11.793,49.617],[11.826,49.596],[11.874,49.59],[11.908,49.594],[11.919,49.602]]],[[[11.542,50.149],[11.545,50.125],[11.58,50.116],[11.595,50.119],[11.607,50.143],[11.65,50.138],[11.643,50.103],[11.625,50.088],[11.642,50.078],[11.701,50.075],[11.714,50.103],[11.676,50.14],[11.702,50.151],[11.695,50.161],[11.67,50.156],[11.661,50.169],[11.681,50.194],[11.655,50.21],[11.666,50.227],[11.654,50.254],[11.666,50.26],[11.678,50.254],[11.695,50.258],[11.693,50.273],[11.73,50.299],[11.722,50.31],[11.682,50.303],[11.672,50.288],[11.648,50.283],[11.638,50.269],[11.598,50.259],[11.613,50.236],[11.605,50.225],[11.626,50.207],[11.605,50.196],[11.607,50.175],[11.578,50.153],[11.542,50.149]]],[[[11.015,49.412],[11.059,49.414],[11.046,49.429],[11.03,49.43],[11.012,49.459],[11.018,49.481],[11.012,49.494],[10.989,49.497],[10.985,49.52],[10.973,49.523],[10.951,49.505],[10.956,49.478],[10.902,49.459],[10.929,49.445],[10.975,49.455],[11.005,49.414],[11.015,49.412]]],[[[10.395,49.673],[10.48,49.706],[10.488,49.718],[10.473,49.729],[10.418,49.731],[10.397,49.748],[10.359,49.718],[10.374,49.704],[10.39,49.703],[10.401,49.719],[10.41,49.718],[10.408,49.693],[10.381,49.684],[10.395,49.673]]],[[[10.659,50.041],[10.622,50.039],[10.598,50.025],[10.539,50.024],[10.517,49.992],[10.525,49.979],[10.513,49.964],[10.52,49.957],[10.516,49.948],[10.536,49.944],[10.563,49.953],[10.579,49.974],[10.599,49.976],[10.618,49.991],[10.64,49.987],[10.656,49.974],[10.69,49.974],[10.689,50.001],[10.659,50.041]]],[[[10.852,50.251],[10.827,50.238],[10.837,50.221],[10.827,50.214],[10.771,50.203],[10.787,50.177],[10.821,50.181],[10.827,50.194],[10.858,50.205],[10.876,50.195],[10.899,50.21],[10.921,50.211],[10.931,50.233],[10.928,50.243],[10.864,50.245],[10.852,50.251]]]]}},{"type":"Feature","properties":{"NAME":"Prince-Bishopric of Münster","SUBJECTO":"Holy Roman Empire","PARTOF":"Holy Roman Empire","ADMIN_LEVEL":4,"OHM_RELATION_ID":2807030,"START_DATE":"1654","END_DATE":"1803-04-27"},"geometry":{"type":"MultiPolygon","coordinates":[[[[6.951,51.667],[6.978,51.661],[7.011,51.666],[7.045,51.685],[7.194,51.735],[7.246,51.718],[7.265,51.72],[7.265,51.727],[7.296,51.717],[7.299,51.707],[7.309,51.711],[7.315,51.702],[7.343,51.7],[7.347,51.696],[7.339,51.688],[7.349,51.684],[7.444,51.66],[7.444,51.65],[7.476,51.621],[7.51,51.62],[7.536,51.61],[7.559,51.618],[7.58,51.638],[7.643,51.649],[7.651,51.658],[7.749,51.679],[7.809,51.683],[7.845,51.698],[7.895,51.705],[7.945,51.7],[7.973,51.691],[8,51.67],[8.058,51.656],[8.094,51.663],[8.25,51.66],[8.295,51.676],[8.31,51.719],[8.325,51.728],[8.346,51.722],[8.344,51.731],[8.367,51.756],[8.298,51.756],[8.256,51.778],[8.257,51.803],[8.242,51.809],[8.235,51.822],[8.2,51.828],[8.221,51.843],[8.202,51.863],[8.18,51.862],[8.166,51.849],[8.143,51.854],[8.124,51.894],[8.166,51.908],[8.173,51.919],[8.166,51.924],[8.198,51.95],[8.246,51.936],[8.314,51.968],[8.287,51.996],[8.252,52.01],[8.174,52.004],[8.152,52.014],[8.133,52.003],[8.095,51.998],[8.076,52.011],[8.096,52.057],[8.091,52.063],[8.033,52.068],[7.982,52.037],[7.917,52.051],[7.921,52.058],[7.889,52.083],[7.848,52.096],[7.82,52.091],[7.794,52.104],[7.74,52.097],[7.718,52.109],[7.705,52.13],[7.727,52.16],[7.716,52.179],[7.654,52.205],[7.646,52.215],[7.672,52.239],[7.678,52.257],[7.65,52.273],[7.648,52.284],[7.619,52.296],[7.622,52.305],[7.601,52.338],[7.671,52.371],[7.671,52.396],[7.617,52.421],[7.591,52.408],[7.574,52.375],[7.553,52.368],[7.536,52.371],[7.504,52.359],[7.434,52.362],[7.419,52.395],[7.392,52.402],[7.397,52.409],[7.371,52.422],[7.368,52.438],[7.351,52.449],[7.355,52.454],[7.301,52.471],[7.289,52.493],[7.302,52.512],[7.29,52.516],[7.295,52.52],[7.288,52.531],[7.267,52.537],[7.275,52.55],[7.261,52.554],[7.248,52.584],[7.368,52.599],[7.414,52.612],[7.445,52.608],[7.465,52.618],[7.546,52.61],[7.604,52.614],[7.608,52.658],[7.66,52.698],[7.684,52.688],[7.775,52.682],[7.794,52.687],[7.818,52.716],[7.874,52.714],[7.879,52.7],[7.92,52.677],[7.947,52.677],[7.959,52.693],[7.974,52.697],[8.018,52.684],[8.052,52.651],[8.073,52.643],[8.083,52.618],[8.072,52.598],[8.042,52.589],[8.044,52.552],[8.034,52.545],[8.036,52.535],[8.013,52.533],[8.023,52.521],[8.062,52.503],[8.11,52.504],[8.17,52.481],[8.241,52.48],[8.303,52.5],[8.314,52.536],[8.344,52.542],[8.349,52.55],[8.339,52.564],[8.344,52.575],[8.323,52.573],[8.312,52.583],[8.294,52.651],[8.309,52.667],[8.31,52.687],[8.336,52.687],[8.41,52.723],[8.445,52.723],[8.466,52.734],[8.472,52.755],[8.502,52.76],[8.502,52.796],[8.464,52.799],[8.474,52.813],[8.471,52.823],[8.394,52.829],[8.406,52.848],[8.356,52.853],[8.333,52.883],[8.227,52.87],[8.157,52.905],[8.157,52.925],[8.122,52.928],[8.123,52.951],[8.115,52.967],[8.124,52.997],[8.083,53.037],[8.076,53.034],[8.062,53.053],[7.899,53.121],[7.876,53.133],[7.852,53.164],[7.817,53.175],[7.749,53.173],[7.714,53.181],[7.664,53.176],[7.645,53.188],[7.609,53.042],[7.568,53.039],[7.426,53.073],[7.385,53.075],[7.38,53.091],[7.363,53.106],[7.334,53.102],[7.329,53.113],[7.203,53.113],[7.201,53.071],[7.217,53.007],[7.182,52.943],[7.087,52.85],[7.093,52.838],[7.072,52.81],[7.055,52.644],[7.042,52.633],[7.139,52.589],[7.149,52.564],[7.145,52.51],[7.158,52.48],[7.181,52.456],[7.203,52.444],[7.212,52.449],[7.258,52.341],[7.317,52.28],[7.299,52.264],[7.122,52.261],[7.102,52.243],[7.066,52.241],[7.039,52.228],[6.992,52.227],[6.951,52.181],[6.908,52.176],[6.883,52.158],[6.873,52.133],[6.855,52.12],[6.763,52.119],[6.755,52.095],[6.746,52.094],[6.747,52.082],[6.696,52.07],[6.688,52.04],[6.753,52.028],[6.827,51.994],[6.832,51.974],[6.828,51.964],[6.799,51.959],[6.794,51.935],[6.77,51.916],[6.733,51.899],[6.722,51.896],[6.696,51.915],[6.675,51.916],[6.542,51.884],[6.471,51.854],[6.452,51.864],[6.434,51.86],[6.394,51.873],[6.387,51.865],[6.426,51.84],[6.518,51.817],[6.582,51.783],[6.606,51.755],[6.629,51.75],[6.63,51.735],[6.666,51.748],[6.726,51.753],[6.728,51.769],[6.756,51.776],[6.778,51.747],[6.824,51.741],[6.842,51.748],[6.851,51.741],[6.86,51.717],[6.876,51.702],[6.887,51.669],[6.93,51.662],[6.951,51.667]],[[7.415,52.194],[7.432,52.18],[7.407,52.144],[7.393,52.145],[7.336,52.116],[7.293,52.141],[7.268,52.145],[7.261,52.167],[7.304,52.192],[7.415,52.194]],[[7.078,52.229],[7.101,52.186],[7.048,52.163],[6.992,52.177],[7.004,52.219],[7.078,52.229]],[[6.892,51.893],[6.901,51.88],[6.897,51.866],[6.887,51.87],[6.822,51.85],[6.8,51.858],[6.811,51.859],[6.833,51.884],[6.892,51.893]]],[[[8.547,52.819],[8.561,52.798],[8.569,52.8],[8.565,52.794],[8.601,52.776],[8.627,52.781],[8.647,52.772],[8.7,52.781],[8.69,52.782],[8.701,52.795],[8.7,52.812],[8.667,52.819],[8.628,52.851],[8.543,52.831],[8.547,52.819]]]]}},{"type":"Feature","properties":{"NAME":"Prince-Bishopric of Würzburg","SUBJECTO":"Holy Roman Empire","PARTOF":"Holy Roman Empire","ADMIN_LEVEL":4,"OHM_RELATION_ID":2830508,"START_DATE":"1168","END_DATE":"1803-04-27"},"geometry":{"type":"MultiPolygon","coordinates":[[[[9.245,49.61],[9.255,49.602],[9.248,49.595],[9.269,49.584],[9.264,49.578],[9.275,49.568],[9.309,49.533],[9.345,49.548],[9.298,49.59],[9.293,49.615],[9.31,49.618],[9.331,49.61],[9.351,49.634],[9.294,49.655],[9.261,49.646],[9.265,49.632],[9.249,49.624],[9.245,49.61]]],[[[9.38,49.607],[9.404,49.587],[9.422,49.59],[9.441,49.573],[9.439,49.561],[9.463,49.563],[9.491,49.579],[9.511,49.566],[9.534,49.567],[9.539,49.582],[9.567,49.604],[9.565,49.611],[9.548,49.61],[9.538,49.623],[9.524,49.621],[9.509,49.651],[9.484,49.647],[9.486,49.658],[9.444,49.665],[9.436,49.664],[9.42,49.639],[9.403,49.64],[9.38,49.607]]],[[[9.447,49.903],[9.497,49.861],[9.509,49.864],[9.496,49.88],[9.508,49.884],[9.535,49.862],[9.578,49.869],[9.63,49.85],[9.653,49.83],[9.644,49.823],[9.577,49.821],[9.582,49.811],[9.618,49.805],[9.623,49.797],[9.614,49.79],[9.626,49.789],[9.661,49.76],[9.697,49.775],[9.725,49.762],[9.71,49.746],[9.671,49.744],[9.661,49.752],[9.643,49.726],[9.641,49.699],[9.617,49.69],[9.658,49.621],[9.604,49.596],[9.592,49.575],[9.565,49.576],[9.558,49.565],[9.57,49.545],[9.638,49.549],[9.726,49.537],[9.752,49.547],[9.731,49.564],[9.774,49.589],[9.818,49.578],[9.802,49.564],[9.812,49.556],[9.858,49.546],[9.875,49.578],[9.914,49.583],[9.898,49.564],[9.924,49.561],[9.927,49.551],[9.922,49.551],[9.924,49.525],[9.917,49.518],[9.924,49.509],[9.917,49.491],[9.954,49.481],[9.96,49.472],[9.949,49.465],[9.931,49.471],[9.911,49.467],[9.901,49.438],[9.934,49.437],[9.941,49.444],[9.962,49.436],[9.96,49.428],[9.895,49.416],[9.891,49.405],[9.864,49.393],[9.859,49.377],[9.871,49.373],[9.882,49.375],[9.888,49.387],[9.924,49.373],[9.969,49.397],[9.998,49.392],[10.014,49.403],[10.038,49.402],[10.04,49.411],[9.986,49.431],[9.993,49.446],[9.972,49.481],[10.013,49.483],[10.028,49.502],[10.053,49.51],[10.06,49.518],[10.04,49.528],[10.065,49.546],[10.084,49.544],[10.099,49.529],[10.183,49.544],[10.169,49.554],[10.165,49.569],[10.174,49.582],[10.072,49.588],[10.072,49.607],[10.088,49.625],[10.068,49.624],[10.061,49.647],[10.097,49.655],[10.114,49.687],[10.128,49.69],[10.123,49.696],[10.159,49.723],[10.219,49.725],[10.239,49.714],[10.234,49.695],[10.216,49.694],[10.21,49.679],[10.187,49.679],[10.184,49.652],[10.228,49.651],[10.226,49.665],[10.252,49.668],[10.304,49.694],[10.35,49.69],[10.35,49.701],[10.374,49.704],[10.359,49.718],[10.317,49.733],[10.284,49.798],[10.308,49.806],[10.32,49.819],[10.356,49.824],[10.37,49.816],[10.357,49.792],[10.407,49.78],[10.443,49.838],[10.437,49.847],[10.462,49.875],[10.49,49.868],[10.53,49.883],[10.528,49.897],[10.571,49.915],[10.565,49.92],[10.595,49.922],[10.618,49.932],[10.603,49.941],[10.607,49.948],[10.677,49.94],[10.705,49.954],[10.759,49.96],[10.769,49.972],[10.753,49.978],[10.708,50.035],[10.723,50.044],[10.754,50.03],[10.883,50.038],[10.876,50.062],[10.828,50.077],[10.824,50.096],[10.84,50.115],[10.899,50.139],[10.903,50.15],[10.922,50.154],[10.914,50.168],[10.877,50.176],[10.873,50.198],[10.858,50.205],[10.827,50.194],[10.821,50.181],[10.787,50.177],[10.771,50.203],[10.837,50.221],[10.827,50.238],[10.801,50.252],[10.782,50.252],[10.769,50.241],[10.733,50.251],[10.727,50.232],[10.732,50.213],[10.724,50.205],[10.687,50.222],[10.658,50.224],[10.663,50.228],[10.612,50.224],[10.599,50.246],[10.611,50.25],[10.599,50.263],[10.604,50.272],[10.592,50.27],[10.605,50.294],[10.593,50.317],[10.601,50.334],[10.562,50.338],[10.551,50.344],[10.555,50.357],[10.543,50.364],[10.533,50.365],[10.515,50.35],[10.514,50.359],[10.492,50.355],[10.496,50.367],[10.489,50.375],[10.47,50.374],[10.459,50.382],[10.449,50.403],[10.426,50.394],[10.395,50.395],[10.384,50.406],[10.404,50.425],[10.372,50.432],[10.382,50.439],[10.368,50.439],[10.336,50.466],[10.342,50.483],[10.331,50.494],[10.301,50.494],[10.303,50.486],[10.269,50.477],[10.251,50.44],[10.245,50.442],[10.248,50.432],[10.236,50.431],[10.232,50.42],[10.177,50.445],[10.149,50.442],[10.111,50.451],[10.097,50.461],[10.099,50.467],[10.083,50.474],[10.084,50.485],[10.118,50.481],[10.124,50.491],[10.111,50.499],[10.144,50.503],[10.155,50.502],[10.161,50.478],[10.175,50.469],[10.204,50.469],[10.2,50.5],[10.23,50.511],[10.231,50.532],[10.194,50.555],[10.176,50.544],[10.129,50.564],[10.109,50.564],[10.1,50.555],[10.073,50.538],[10.074,50.528],[10.045,50.517],[10.039,50.528],[10.061,50.557],[10.045,50.575],[10.047,50.601],[10.026,50.618],[9.997,50.619],[9.982,50.603],[10.015,50.538],[10.014,50.507],[9.977,50.533],[9.949,50.518],[9.946,50.501],[9.957,50.485],[9.996,50.461],[9.993,50.452],[9.958,50.424],[9.884,50.399],[9.876,50.369],[9.853,50.357],[9.883,50.331],[9.912,50.336],[9.929,50.33],[9.932,50.324],[9.901,50.311],[9.9,50.3],[9.916,50.276],[9.898,50.264],[9.927,50.239],[9.912,50.232],[9.92,50.214],[9.912,50.208],[9.968,50.201],[9.956,50.192],[9.956,50.165],[9.97,50.16],[9.984,50.141],[9.975,50.13],[9.945,50.127],[9.931,50.093],[9.941,50.088],[9.901,50.056],[9.91,50.043],[9.868,50.045],[9.852,50.076],[9.856,50.086],[9.835,50.093],[9.756,50.092],[9.752,50.103],[9.731,50.093],[9.717,50.099],[9.729,50.105],[9.695,50.127],[9.688,50.114],[9.641,50.124],[9.594,50.119],[9.594,50.079],[9.603,50.069],[9.658,50.066],[9.679,50.078],[9.686,50.077],[9.689,50.061],[9.683,50.055],[9.643,50.056],[9.651,50.029],[9.622,50.022],[9.581,49.996],[9.599,49.951],[9.502,49.953],[9.447,49.903]],[[10.122,50.563],[10.151,50.552],[10.139,50.543],[10.121,50.556],[10.122,50.563]],[[9.647,49.92],[9.666,49.929],[9.72,49.93],[9.735,49.914],[9.687,49.9],[9.701,49.889],[9.739,49.888],[9.744,49.86],[9.709,49.858],[9.672,49.888],[9.66,49.887],[9.658,49.895],[9.666,49.9],[9.647,49.92]],[[9.676,49.693],[9.677,49.716],[9.701,49.717],[9.724,49.744],[9.755,49.75],[9.792,49.731],[9.753,49.71],[9.751,49.697],[9.736,49.688],[9.676,49.693]],[[9.676,49.806],[9.682,49.815],[9.718,49.819],[9.73,49.789],[9.702,49.778],[9.676,49.806]],[[9.764,50.074],[9.78,50.081],[9.799,50.076],[9.793,50.054],[9.766,50.061],[9.764,50.074]],[[9.838,49.918],[9.856,49.938],[9.857,49.969],[9.89,49.965],[9.89,49.926],[9.838,49.918]],[[9.9,49.671],[9.906,49.685],[9.93,49.685],[9.949,49.708],[10.024,49.697],[10.031,49.676],[9.963,49.686],[9.951,49.675],[9.963,49.658],[9.953,49.623],[9.928,49.623],[9.916,49.647],[9.932,49.667],[9.9,49.671]],[[10.042,49.719],[10.042,49.728],[10.105,49.742],[10.113,49.734],[10.098,49.716],[10.061,49.703],[10.06,49.715],[10.042,49.719]],[[10.129,49.901],[10.172,49.904],[10.187,49.873],[10.141,49.869],[10.129,49.901]],[[10.167,50.028],[10.19,50.043],[10.182,50.053],[10.195,50.068],[10.205,50.073],[10.225,50.066],[10.229,50.085],[10.222,50.091],[10.237,50.122],[10.262,50.14],[10.275,50.139],[10.281,50.147],[10.323,50.14],[10.31,50.129],[10.269,50.132],[10.295,50.112],[10.257,50.086],[10.267,50.067],[10.26,50.059],[10.276,50.058],[10.241,50.039],[10.239,50.023],[10.249,50.019],[10.235,50.014],[10.212,50.009],[10.167,50.028]],[[10.269,49.897],[10.283,49.902],[10.279,49.916],[10.292,49.92],[10.313,49.884],[10.274,49.885],[10.269,49.897]],[[10.272,49.853],[10.299,49.858],[10.313,49.845],[10.29,49.832],[10.275,49.834],[10.272,49.853]],[[10.437,50.17],[10.45,50.196],[10.47,50.187],[10.471,50.178],[10.437,50.17]],[[10.513,49.964],[10.525,49.979],[10.517,49.992],[10.539,50.024],[10.598,50.025],[10.622,50.039],[10.613,50.051],[10.574,50.051],[10.574,50.062],[10.538,50.069],[10.52,50.088],[10.551,50.095],[10.58,50.087],[10.595,50.097],[10.632,50.083],[10.62,50.078],[10.647,50.058],[10.655,50.056],[10.653,50.07],[10.663,50.074],[10.686,50.069],[10.685,50.048],[10.659,50.041],[10.689,50.001],[10.69,49.974],[10.656,49.974],[10.64,49.987],[10.618,49.991],[10.599,49.976],[10.579,49.974],[10.563,49.953],[10.536,49.944],[10.516,49.948],[10.52,49.957],[10.513,49.964]],[[10.578,50.16],[10.595,50.161],[10.596,50.148],[10.586,50.146],[10.578,50.16]]],[[[9.527,50.19],[9.529,50.168],[9.616,50.18],[9.683,50.176],[9.7,50.203],[9.685,50.209],[9.682,50.231],[9.667,50.24],[9.604,50.222],[9.582,50.222],[9.576,50.232],[9.564,50.196],[9.544,50.201],[9.527,50.19]]],[[[9.687,49.317],[9.756,49.318],[9.798,49.333],[9.841,49.314],[9.864,49.326],[9.839,49.344],[9.849,49.349],[9.842,49.373],[9.83,49.373],[9.84,49.379],[9.836,49.386],[9.811,49.379],[9.78,49.383],[9.752,49.362],[9.761,49.343],[9.73,49.352],[9.738,49.338],[9.711,49.34],[9.705,49.335],[9.719,49.324],[9.701,49.327],[9.687,49.317]]],[[[9.752,49.204],[9.762,49.193],[9.781,49.188],[9.789,49.19],[9.787,49.206],[9.754,49.211],[9.752,49.204]]],[[[10.347,49.67],[10.376,49.643],[10.383,49.614],[10.397,49.607],[10.458,49.633],[10.457,49.648],[10.441,49.662],[10.404,49.666],[10.381,49.684],[10.347,49.67]]],[[[10.563,49.76],[10.65,49.738],[10.651,49.797],[10.605,49.807],[10.594,49.788],[10.609,49.774],[10.567,49.774],[10.563,49.76]]]]}}],"metadata":{"source":"OpenHistoricalMap","sourceUrl":"https://www.openhistoricalmap.org/","license":"CC0-1.0","year":1800,"featureCount":12,"missingWays":{},"unclosedRings":{},"droppedInnerRings":{},"relationsWithoutGeometry":[],"borderPrecision":"史料に基づく復元（概略。測量された境界ではない）"}}