{"type":"FeatureCollection","features":[{"type":"Feature","properties":{"NAME":"Duchy of Bavaria","SUBJECTO":"Holy Roman Empire","PARTOF":"Holy Roman Empire"},"geometry":{"type":"Polygon","coordinates":[[[12.845,47.614],[12.801,47.629],[12.792,47.66],[12.772,47.678],[12.638,47.679],[12.617,47.675],[12.604,47.653],[12.522,47.63],[12.494,47.643],[12.466,47.679],[12.444,47.693],[12.369,47.692],[12.336,47.7],[12.259,47.694],[12.254,47.701],[12.265,47.733],[12.254,47.744],[12.226,47.729],[12.196,47.727],[12.194,47.681],[12.218,47.628],[12.213,47.613],[11.999,47.612],[11.875,47.587],[11.775,47.551],[11.711,47.552],[11.435,47.522],[11.365,47.491],[11.237,47.395],[11.22,47.389],[11.051,47.374],[11.009,47.358],[10.947,47.415],[10.917,47.421],[10.801,47.408],[10.782,47.398],[10.682,47.398],[10.663,47.388],[10.505,47.37],[10.479,47.359],[10.431,47.378],[10.321,47.346],[10.3,47.35],[10.281,47.373],[10.261,47.378],[10.279,47.422],[10.333,47.496],[10.407,47.53],[10.485,47.606],[10.526,47.673],[10.529,47.691],[10.506,47.722],[10.519,47.739],[10.52,47.754],[10.605,47.789],[10.697,47.849],[10.703,47.868],[10.678,47.897],[10.598,47.903],[10.591,47.914],[10.595,47.933],[10.608,47.946],[10.616,47.991],[10.633,48.016],[10.665,48.034],[10.655,48.058],[10.667,48.084],[10.731,48.116],[10.806,48.132],[10.819,48.141],[10.933,48.276],[10.938,48.357],[10.924,48.391],[10.919,48.446],[10.897,48.489],[10.887,48.54],[10.904,48.596],[10.893,48.669],[10.913,48.694],[10.938,48.712],[10.963,48.71],[10.995,48.696],[11.023,48.673],[11.09,48.664],[11.101,48.639],[11.122,48.631],[11.162,48.636],[11.199,48.702],[11.263,48.72],[11.353,48.72],[11.397,48.712],[11.43,48.695],[11.436,48.667],[11.486,48.668],[11.498,48.675],[11.512,48.713],[11.535,48.726],[11.522,48.749],[11.369,48.735],[11.323,48.746],[11.277,48.774],[11.384,48.867],[11.414,48.881],[11.416,48.907],[11.437,48.923],[11.466,48.929],[11.473,48.963],[11.508,48.984],[11.549,48.987],[11.522,49.065],[11.521,49.098],[11.579,49.124],[11.644,49.139],[11.674,49.118],[11.671,49.077],[11.696,49.039],[11.731,49.018],[11.808,49.009],[11.865,49.029],[11.896,49.019],[11.956,49.026],[11.994,49.042],[12.018,49.039],[12.04,49.026],[12.051,49.062],[12.09,49.064],[12.084,49.088],[12.105,49.1],[12.253,49.124],[12.315,49.125],[12.346,49.155],[12.511,49.156],[12.527,49.17],[12.548,49.213],[12.541,49.251],[12.557,49.267],[12.556,49.297],[12.59,49.326],[12.598,49.351],[12.62,49.367],[12.653,49.358],[12.662,49.314],[12.682,49.31],[12.725,49.325],[12.782,49.324],[12.835,49.338],[12.954,49.322],[13.01,49.289],[13.083,49.227],[13.133,49.203],[13.214,49.102],[13.296,49.095],[13.382,49.057],[13.399,49.044],[13.41,48.997],[13.485,48.946],[13.525,48.94],[13.52,48.86],[13.467,48.842],[13.468,48.799],[13.425,48.778],[13.427,48.754],[13.458,48.699],[13.431,48.681],[13.418,48.653],[13.402,48.65],[13.313,48.681],[13.295,48.679],[13.277,48.664],[13.256,48.673],[13.24,48.668],[13.235,48.655],[13.248,48.628],[13.298,48.616],[13.3,48.602],[13.273,48.576],[13.341,48.545],[13.357,48.503],[13.387,48.497],[13.435,48.508],[13.457,48.523],[13.478,48.575],[13.516,48.591],[13.552,48.591],[13.583,48.574],[13.617,48.577],[13.646,48.565],[13.716,48.554],[13.729,48.541],[13.702,48.525],[13.7,48.511],[13.719,48.472],[13.734,48.395],[13.724,48.376],[13.676,48.347],[13.661,48.304],[13.618,48.254],[13.616,48.238],[13.651,48.226],[13.653,48.216],[13.593,48.158],[13.565,48.149],[13.525,48.15],[13.511,48.136],[13.459,48.133],[13.457,48.124],[13.408,48.088],[13.373,48.022],[13.318,48.02],[13.196,47.996],[13.13,47.996],[13.076,48.005],[13.046,48.019],[12.988,48.023],[12.957,48.036],[12.941,48.031],[12.913,48.004],[12.894,48.005],[12.802,48.06],[12.79,48.09],[12.772,48.093],[12.718,48.076],[12.646,48.071],[12.639,48.04],[12.613,48.026],[12.611,48.011],[12.634,47.984],[12.67,47.983],[12.692,47.953],[12.72,47.937],[12.723,47.929],[12.7,47.914],[12.73,47.884],[12.746,47.838],[12.764,47.814],[12.786,47.802],[12.866,47.797],[12.868,47.777],[12.893,47.758],[12.908,47.758],[12.947,47.776],[12.952,47.768],[12.929,47.739],[12.896,47.716],[12.845,47.614]],[[12.576,48.98],[12.551,49.037],[12.481,49.063],[12.381,49.054],[12.249,49.083],[12.212,49.077],[12.203,49.067],[12.206,49.036],[12.231,49.021],[12.327,49.016],[12.338,49.003],[12.318,48.989],[12.332,48.985],[12.434,48.984],[12.444,48.972],[12.499,48.96],[12.508,48.951],[12.5,48.933],[12.527,48.923],[12.558,48.917],[12.608,48.942],[12.604,48.956],[12.576,48.98]],[[13.276,48.552],[13.251,48.567],[13.207,48.543],[13.249,48.525],[13.276,48.552]],[[12.149,49.018],[12.127,49.037],[12.066,49.044],[12.053,49.041],[12.043,49.015],[12.057,49.004],[12.093,48.997],[12.149,49.018]],[[11.797,48.418],[11.715,48.444],[11.711,48.434],[11.721,48.406],[11.706,48.36],[11.698,48.295],[11.647,48.233],[11.604,48.202],[11.597,48.184],[11.65,48.192],[11.695,48.241],[11.741,48.261],[11.744,48.312],[11.796,48.39],[11.797,48.418]],[[12.578,48.257],[12.55,48.268],[12.521,48.266],[12.509,48.258],[12.507,48.242],[12.53,48.229],[12.564,48.23],[12.578,48.257]]]}},{"type":"Feature","properties":{"NAME":"Kingdom of Bohemia","SUBJECTO":"Holy Roman Empire","PARTOF":"Holy Roman Empire"},"geometry":{"type":"Polygon","coordinates":[[[16.773,50.195],[16.743,50.123],[16.742,50.091],[16.716,50.083],[16.665,50.046],[16.652,50.025],[16.649,49.978],[16.622,49.937],[16.622,49.869],[16.604,49.843],[16.556,49.829],[16.484,49.832],[16.452,49.851],[16.333,49.814],[16.329,49.798],[16.442,49.704],[16.445,49.687],[16.429,49.674],[16.39,49.657],[16.357,49.651],[16.346,49.658],[16.294,49.623],[16.265,49.621],[16.22,49.65],[16.115,49.655],[16.089,49.701],[15.993,49.701],[15.984,49.719],[15.958,49.729],[15.883,49.711],[15.87,49.682],[15.893,49.668],[15.889,49.639],[15.833,49.621],[15.791,49.575],[15.773,49.536],[15.74,49.532],[15.722,49.522],[15.731,49.502],[15.679,49.475],[15.58,49.452],[15.559,49.421],[15.515,49.418],[15.481,49.377],[15.434,49.375],[15.424,49.365],[15.418,49.326],[15.345,49.293],[15.257,49.229],[15.23,49.222],[15.223,49.203],[15.311,49.205],[15.324,49.183],[15.26,49.134],[15.255,49.112],[15.282,49.101],[15.286,49.084],[15.259,49.064],[15.256,49.043],[15.28,48.99],[15.267,48.982],[15.273,48.964],[15.267,48.95],[15.241,48.938],[15.175,48.927],[15.131,48.96],[15.071,48.976],[15.036,48.977],[14.982,48.956],[14.961,48.935],[14.969,48.891],[14.914,48.759],[14.921,48.74],[14.939,48.731],[14.935,48.719],[14.916,48.711],[14.832,48.719],[14.776,48.706],[14.75,48.712],[14.728,48.708],[14.71,48.694],[14.698,48.658],[14.659,48.65],[14.655,48.585],[14.606,48.558],[14.575,48.563],[14.54,48.589],[14.491,48.582],[14.453,48.61],[14.416,48.605],[14.418,48.58],[14.373,48.588],[14.324,48.559],[14.303,48.56],[14.216,48.596],[14.136,48.608],[14.077,48.631],[14.054,48.644],[14.052,48.656],[14.072,48.663],[14.072,48.678],[14.052,48.698],[13.974,48.708],[13.909,48.78],[13.885,48.788],[13.848,48.785],[13.843,48.794],[13.851,48.819],[13.819,48.846],[13.813,48.881],[13.803,48.888],[13.747,48.885],[13.728,48.898],[13.714,48.95],[13.69,48.957],[13.677,48.946],[13.651,48.95],[13.647,48.973],[13.632,48.977],[13.583,48.957],[13.536,48.965],[13.434,49.042],[13.41,49.088],[13.265,49.119],[13.231,49.14],[13.198,49.187],[13.173,49.208],[13.086,49.249],[13.03,49.289],[13.026,49.308],[12.964,49.318],[12.947,49.328],[12.938,49.36],[12.894,49.375],[12.826,49.37],[12.77,49.376],[12.694,49.463],[12.645,49.486],[12.652,49.521],[12.643,49.567],[12.593,49.628],[12.574,49.676],[12.555,49.686],[12.519,49.735],[12.504,49.74],[12.502,49.759],[12.482,49.785],[12.502,49.806],[12.551,49.828],[12.555,49.873],[12.614,49.904],[12.637,49.927],[12.643,49.952],[12.635,49.969],[12.596,49.977],[12.606,50.028],[12.566,50.04],[12.552,50.065],[12.553,50.107],[12.544,50.128],[12.52,50.138],[12.477,50.136],[12.455,50.146],[12.45,50.164],[12.45,50.192],[12.481,50.281],[12.514,50.311],[12.55,50.306],[12.54,50.238],[12.545,50.224],[12.56,50.218],[12.578,50.226],[12.614,50.264],[12.689,50.357],[12.727,50.383],[12.824,50.425],[12.851,50.433],[12.877,50.43],[12.91,50.407],[12.936,50.404],[12.973,50.433],[12.986,50.455],[13,50.46],[13.026,50.459],[13.04,50.446],[13.043,50.425],[13.056,50.418],[13.088,50.422],[13.147,50.447],[13.167,50.498],[13.207,50.506],[13.245,50.496],[13.329,50.521],[13.337,50.554],[13.391,50.567],[13.467,50.617],[13.522,50.631],[13.532,50.612],[13.606,50.635],[13.623,50.675],[13.638,50.686],[13.697,50.701],[13.767,50.699],[13.927,50.722],[13.967,50.789],[14.033,50.791],[14.086,50.806],[14.222,50.812],[14.292,50.843],[14.432,50.844],[14.437,50.866],[14.346,50.946],[14.345,50.966],[14.359,50.977],[14.38,50.985],[14.42,50.987],[14.5,50.96],[14.532,50.976],[14.598,50.983],[14.621,50.955],[14.688,50.911],[14.701,50.895],[14.648,50.864],[14.652,50.855],[14.728,50.846],[14.717,50.803],[14.874,50.765],[14.89,50.764],[14.936,50.819],[14.958,50.829],[15.02,50.811],[15.094,50.813],[15.114,50.824],[15.121,50.844],[15.103,50.878],[15.132,50.892],[15.101,50.908],[15.094,50.918],[15.096,50.933],[15.12,50.944],[15.195,50.95],[15.257,50.921],[15.315,50.941],[15.381,50.923],[15.396,50.909],[15.376,50.871],[15.39,50.862],[15.389,50.835],[15.421,50.812],[15.414,50.793],[15.442,50.755],[15.437,50.74],[15.449,50.725],[15.55,50.751],[15.585,50.737],[15.604,50.749],[15.634,50.75],[15.679,50.724],[15.858,50.713],[15.897,50.698],[15.928,50.671],[15.976,50.672],[15.996,50.686],[16.032,50.692],[16.035,50.66],[15.989,50.612],[16.007,50.601],[16.037,50.603],[16.123,50.641],[16.242,50.637],[16.272,50.642],[16.305,50.666],[16.386,50.674],[16.456,50.638],[16.463,50.583],[16.455,50.561],[16.357,50.514],[16.316,50.506],[16.296,50.479],[16.198,50.451],[16.222,50.402],[16.238,50.391],[16.384,50.383],[16.517,50.315],[16.544,50.289],[16.566,50.205],[16.599,50.157],[16.641,50.146],[16.665,50.15],[16.72,50.195],[16.751,50.201],[16.773,50.195]]]}},{"type":"Feature","properties":{"NAME":"Landgraviate of Hesse","SUBJECTO":"Holy Roman Empire","PARTOF":"Holy Roman Empire"},"geometry":{"type":"MultiPolygon","coordinates":[[[[8.489,49.693],[8.452,49.687],[8.438,49.693],[8.443,49.706],[8.482,49.726],[8.548,49.721],[8.58,49.692],[8.56,49.669],[8.533,49.668],[8.496,49.673],[8.489,49.693]]],[[[8.507,49.976],[8.499,49.987],[8.463,49.984],[8.447,49.968],[8.411,49.961],[8.42,49.92],[8.458,49.922],[8.468,49.948],[8.509,49.964],[8.583,49.971],[8.658,49.957],[8.719,49.967],[8.715,49.944],[8.734,49.924],[8.726,49.912],[8.771,49.897],[8.834,49.901],[8.836,49.882],[8.878,49.88],[8.889,49.886],[8.89,49.915],[8.922,49.929],[8.856,49.938],[8.862,49.962],[8.838,49.989],[8.858,49.991],[8.859,50.015],[8.812,50.019],[8.811,50.032],[8.906,50.036],[8.927,50.019],[8.926,50.009],[8.887,49.986],[8.894,49.971],[8.98,49.956],[8.989,49.97],[9.028,49.966],[9.024,49.935],[8.982,49.919],[8.992,49.898],[9.022,49.879],[9.021,49.867],[8.955,49.848],[8.95,49.824],[8.89,49.797],[8.876,49.767],[8.864,49.767],[8.859,49.788],[8.832,49.789],[8.801,49.774],[8.792,49.758],[8.734,49.753],[8.716,49.742],[8.708,49.749],[8.649,49.739],[8.66,49.721],[8.658,49.709],[8.633,49.703],[8.617,49.71],[8.595,49.698],[8.575,49.714],[8.576,49.726],[8.54,49.733],[8.543,49.742],[8.531,49.771],[8.562,49.792],[8.554,49.799],[8.513,49.774],[8.496,49.777],[8.478,49.761],[8.434,49.765],[8.435,49.783],[8.49,49.803],[8.488,49.83],[8.48,49.837],[8.446,49.832],[8.406,49.81],[8.394,49.814],[8.393,49.854],[8.427,49.883],[8.415,49.897],[8.385,49.88],[8.373,49.926],[8.354,49.943],[8.354,49.956],[8.384,49.974],[8.375,49.993],[8.461,50.018],[8.527,50.016],[8.538,49.991],[8.507,49.976]]],[[[7.622,50.34],[7.633,50.321],[7.627,50.311],[7.588,50.296],[7.578,50.317],[7.622,50.34]]],[[[7.757,50.397],[7.775,50.385],[7.744,50.355],[7.745,50.341],[7.715,50.337],[7.704,50.344],[7.704,50.359],[7.691,50.362],[7.711,50.396],[7.733,50.389],[7.757,50.397]]],[[[7.989,50.379],[8.022,50.377],[8.021,50.359],[8.035,50.36],[8.02,50.331],[8.027,50.319],[8.004,50.313],[8.001,50.275],[8.026,50.273],[8.02,50.254],[8.07,50.272],[8.085,50.238],[8.047,50.217],[8.089,50.17],[8.136,50.157],[8.133,50.134],[8.096,50.136],[8.085,50.113],[8.032,50.11],[7.989,50.08],[7.976,50.081],[7.951,50.106],[7.907,50.123],[7.914,50.166],[7.856,50.188],[7.85,50.163],[7.793,50.15],[7.779,50.158],[7.753,50.141],[7.735,50.139],[7.718,50.151],[7.702,50.14],[7.676,50.146],[7.661,50.13],[7.651,50.129],[7.609,50.131],[7.587,50.144],[7.579,50.162],[7.597,50.174],[7.62,50.16],[7.657,50.196],[7.689,50.192],[7.706,50.211],[7.692,50.233],[7.702,50.243],[7.698,50.25],[7.66,50.265],[7.682,50.277],[7.681,50.286],[7.651,50.32],[7.677,50.32],[7.713,50.307],[7.746,50.309],[7.76,50.295],[7.814,50.331],[7.876,50.331],[7.903,50.356],[7.934,50.362],[7.94,50.361],[7.942,50.322],[7.953,50.324],[7.968,50.327],[7.97,50.355],[7.989,50.36],[7.989,50.379]],[[7.783,50.254],[7.795,50.215],[7.892,50.252],[7.865,50.274],[7.783,50.254]]],[[[8.469,50.164],[8.503,50.143],[8.534,50.142],[8.546,50.123],[8.519,50.109],[8.503,50.11],[8.476,50.13],[8.457,50.129],[8.458,50.148],[8.469,50.164]]],[[[8.353,50.183],[8.35,50.191],[8.38,50.189],[8.379,50.17],[8.407,50.167],[8.419,50.125],[8.417,50.114],[8.389,50.094],[8.389,50.08],[8.402,50.061],[8.368,50.022],[8.334,50.049],[8.31,50.03],[8.291,50.04],[8.286,50.055],[8.304,50.074],[8.276,50.103],[8.299,50.149],[8.339,50.178],[8.35,50.162],[8.353,50.183]]],[[[8.777,51.307],[8.778,51.294],[8.746,51.292],[8.751,51.283],[8.723,51.277],[8.698,51.306],[8.701,51.311],[8.731,51.308],[8.733,51.323],[8.778,51.329],[8.787,51.316],[8.777,51.307]]],[[[9.01,51.304],[9.043,51.298],[9.043,51.277],[9.056,51.265],[9.029,51.256],[8.977,51.26],[8.99,51.28],[9,51.283],[8.999,51.299],[9.01,51.304]]],[[[10.071,51.481],[10.124,51.489],[10.132,51.455],[10.115,51.446],[10.081,51.453],[10.088,51.47],[10.071,51.481]]],[[[9.999,51.553],[10.025,51.546],[10.021,51.523],[10.027,51.513],[10.081,51.54],[10.092,51.536],[10.099,51.517],[10.067,51.507],[10.051,51.492],[10.019,51.488],[10.013,51.481],[10.015,51.465],[10,51.463],[10.007,51.444],[9.973,51.437],[9.965,51.439],[9.979,51.468],[9.961,51.491],[9.996,51.498],[9.991,51.517],[9.976,51.524],[9.999,51.553]]],[[[10.52,50.819],[10.601,50.787],[10.596,50.745],[10.587,50.738],[10.536,50.745],[10.504,50.759],[10.495,50.755],[10.495,50.733],[10.509,50.726],[10.552,50.727],[10.558,50.72],[10.555,50.65],[10.516,50.652],[10.464,50.669],[10.496,50.688],[10.501,50.693],[10.496,50.7],[10.452,50.701],[10.402,50.715],[10.353,50.707],[10.345,50.716],[10.341,50.793],[10.239,50.839],[10.263,50.848],[10.303,50.849],[10.342,50.836],[10.396,50.859],[10.386,50.886],[10.419,50.896],[10.433,50.888],[10.447,50.897],[10.483,50.886],[10.495,50.862],[10.464,50.849],[10.464,50.839],[10.496,50.841],[10.52,50.819]]],[[[10.15,50.936],[10.168,50.917],[10.187,50.917],[10.181,50.887],[10.163,50.881],[10.129,50.889],[10.073,50.887],[10.076,50.895],[10.113,50.905],[10.115,50.925],[10.15,50.936]]],[[[10.075,50.946],[10.082,50.933],[10.077,50.928],[10.047,50.931],[10.048,50.939],[10.075,50.946]]],[[[9.004,50.381],[8.955,50.327],[8.909,50.329],[8.88,50.353],[8.881,50.37],[8.845,50.376],[8.85,50.447],[8.87,50.451],[8.876,50.434],[8.892,50.433],[8.909,50.462],[8.967,50.483],[8.976,50.483],[8.97,50.467],[9.01,50.447],[9.033,50.459],[9.112,50.453],[9.143,50.479],[9.246,50.521],[9.27,50.511],[9.349,50.527],[9.363,50.515],[9.344,50.504],[9.346,50.491],[9.382,50.49],[9.374,50.467],[9.333,50.442],[9.289,50.446],[9.264,50.459],[9.237,50.455],[9.156,50.425],[9.132,50.391],[9.09,50.405],[9.004,50.381]]],[[[8.489,50.426],[8.622,50.415],[8.665,50.402],[8.662,50.391],[8.632,50.389],[8.645,50.376],[8.596,50.348],[8.567,50.38],[8.532,50.38],[8.491,50.407],[8.489,50.426]]],[[[8.038,50.442],[8.071,50.429],[8.064,50.41],[8.039,50.409],[8.019,50.423],[8.038,50.442]]],[[[8.018,50.473],[8.019,50.444],[8.003,50.437],[7.992,50.44],[7.99,50.451],[7.967,50.451],[7.954,50.441],[7.936,50.456],[7.936,50.462],[7.957,50.463],[7.966,50.484],[8.018,50.473]]],[[[7.961,50.551],[7.964,50.53],[7.991,50.53],[7.981,50.513],[7.937,50.515],[7.944,50.545],[7.961,50.551]]],[[[9.492,50.737],[9.461,50.711],[9.455,50.697],[9.403,50.711],[9.393,50.692],[9.425,50.678],[9.47,50.681],[9.484,50.673],[9.482,50.619],[9.459,50.602],[9.411,50.61],[9.429,50.623],[9.414,50.639],[9.427,50.656],[9.406,50.663],[9.375,50.661],[9.358,50.641],[9.327,50.654],[9.269,50.623],[9.222,50.64],[9.246,50.67],[9.151,50.662],[9.128,50.634],[9.042,50.603],[8.978,50.544],[8.913,50.554],[8.89,50.545],[8.864,50.551],[8.858,50.561],[8.815,50.558],[8.81,50.533],[8.768,50.525],[8.763,50.507],[8.741,50.509],[8.659,50.456],[8.691,50.443],[8.68,50.426],[8.642,50.426],[8.619,50.44],[8.568,50.438],[8.557,50.444],[8.559,50.456],[8.601,50.469],[8.594,50.478],[8.515,50.484],[8.51,50.494],[8.468,50.499],[8.461,50.511],[8.465,50.524],[8.562,50.551],[8.55,50.57],[8.581,50.586],[8.569,50.599],[8.555,50.599],[8.537,50.58],[8.51,50.586],[8.512,50.594],[8.47,50.597],[8.466,50.602],[8.487,50.623],[8.423,50.667],[8.409,50.688],[8.448,50.708],[8.434,50.717],[8.451,50.741],[8.444,50.767],[8.47,50.783],[8.416,50.791],[8.415,50.802],[8.378,50.808],[8.382,50.834],[8.366,50.834],[8.349,50.852],[8.405,50.875],[8.414,50.9],[8.443,50.904],[8.441,50.914],[8.499,50.917],[8.508,50.951],[8.546,50.949],[8.57,50.989],[8.571,51.013],[8.542,50.996],[8.527,50.997],[8.533,51.047],[8.527,51.071],[8.557,51.094],[8.59,51.104],[8.714,51.107],[8.776,51.137],[8.806,51.121],[8.792,51.107],[8.843,51.108],[8.864,51.121],[8.852,51.143],[8.903,51.179],[8.914,51.202],[8.893,51.228],[8.906,51.249],[8.916,51.251],[8.951,51.229],[8.993,51.238],[8.996,51.216],[9.013,51.208],[8.983,51.184],[8.997,51.157],[8.975,51.147],[8.988,51.137],[8.975,51.112],[8.992,51.066],[9.039,51.058],[9.06,51.037],[9.138,51.058],[9.16,51.094],[9.173,51.1],[9.231,51.087],[9.274,51.116],[9.281,51.146],[9.251,51.15],[9.242,51.128],[9.211,51.147],[9.211,51.156],[9.23,51.168],[9.223,51.177],[9.185,51.172],[9.18,51.183],[9.214,51.197],[9.21,51.219],[9.191,51.218],[9.177,51.199],[9.161,51.198],[9.157,51.235],[9.174,51.255],[9.207,51.274],[9.202,51.284],[9.182,51.283],[9.153,51.265],[9.131,51.263],[9.123,51.306],[9.131,51.339],[9.11,51.35],[9.118,51.362],[9.141,51.367],[9.143,51.39],[9.167,51.4],[9.168,51.426],[9.2,51.449],[9.234,51.453],[9.251,51.483],[9.275,51.489],[9.34,51.526],[9.34,51.544],[9.374,51.579],[9.366,51.599],[9.345,51.602],[9.353,51.625],[9.406,51.628],[9.458,51.647],[9.496,51.644],[9.51,51.626],[9.537,51.625],[9.57,51.643],[9.604,51.644],[9.633,51.624],[9.635,51.614],[9.675,51.604],[9.692,51.575],[9.658,51.576],[9.62,51.588],[9.631,51.556],[9.591,51.553],[9.595,51.539],[9.58,51.524],[9.609,51.518],[9.627,51.499],[9.645,51.442],[9.625,51.405],[9.586,51.407],[9.566,51.396],[9.566,51.373],[9.549,51.366],[9.571,51.328],[9.647,51.316],[9.647,51.339],[9.624,51.375],[9.639,51.388],[9.666,51.389],[9.7,51.374],[9.733,51.375],[9.735,51.396],[9.78,51.399],[9.83,51.428],[9.86,51.426],[9.878,51.415],[9.893,51.37],[9.877,51.325],[9.939,51.329],[9.946,51.326],[9.948,51.302],[9.97,51.301],[9.979,51.316],[10.023,51.309],[10.012,51.273],[10.038,51.264],[10.042,51.244],[10.075,51.243],[10.081,51.217],[10.089,51.213],[10.111,51.216],[10.112,51.234],[10.135,51.245],[10.15,51.23],[10.206,51.203],[10.219,51.202],[10.236,51.215],[10.261,51.213],[10.245,51.187],[10.262,51.163],[10.254,51.127],[10.237,51.116],[10.172,51.118],[10.137,51.137],[10.118,51.107],[10.13,51.087],[10.136,51.08],[10.18,51.078],[10.192,51.067],[10.172,51.044],[10.174,51.03],[10.142,51.021],[10.117,51.024],[10.114,51.041],[10.098,51.047],[10.075,51.03],[10.013,51.031],[10.009,51.016],[10.016,50.984],[10.039,50.977],[10.041,50.954],[9.987,50.951],[9.978,50.959],[9.974,50.985],[9.945,50.989],[9.956,50.922],[9.978,50.917],[9.997,50.935],[10.011,50.936],[10.053,50.912],[10.071,50.914],[10.062,50.893],[10.023,50.882],[10.006,50.866],[10.034,50.867],[10.039,50.828],[10.007,50.819],[10.011,50.804],[10.037,50.802],[10.045,50.777],[10.087,50.766],[10.071,50.718],[10.015,50.737],[9.977,50.768],[9.94,50.779],[9.948,50.84],[9.928,50.849],[9.9,50.825],[9.896,50.779],[9.807,50.785],[9.806,50.808],[9.793,50.811],[9.786,50.845],[9.812,50.877],[9.806,50.884],[9.776,50.872],[9.764,50.884],[9.778,50.902],[9.774,50.909],[9.748,50.919],[9.736,50.891],[9.664,50.922],[9.627,50.911],[9.587,50.923],[9.547,50.9],[9.478,50.882],[9.485,50.855],[9.501,50.842],[9.504,50.804],[9.557,50.762],[9.492,50.737]],[[8.909,50.806],[8.924,50.778],[8.869,50.779],[8.85,50.801],[8.843,50.83],[8.824,50.83],[8.82,50.806],[8.831,50.796],[8.824,50.76],[8.833,50.75],[8.868,50.756],[8.871,50.748],[8.912,50.742],[8.902,50.717],[8.936,50.71],[8.964,50.741],[9.008,50.752],[9.019,50.774],[9.087,50.8],[9.099,50.808],[9.101,50.823],[9.148,50.837],[9.114,50.884],[9.059,50.885],[9.063,50.866],[9.077,50.858],[9.061,50.835],[9.007,50.84],[9.006,50.862],[8.986,50.867],[8.973,50.836],[8.995,50.826],[8.983,50.806],[8.938,50.815],[8.909,50.806]],[[8.876,50.839],[8.891,50.821],[8.925,50.822],[8.939,50.833],[8.935,50.849],[8.906,50.851],[8.901,50.867],[8.883,50.866],[8.876,50.857],[8.876,50.839]],[[8.625,50.588],[8.683,50.601],[8.636,50.627],[8.626,50.647],[8.638,50.656],[8.681,50.654],[8.704,50.668],[8.701,50.68],[8.67,50.69],[8.641,50.689],[8.6,50.656],[8.604,50.609],[8.625,50.588]]]]}},{"type":"Feature","properties":{"NAME":"Electorate of Brandenburg","SUBJECTO":"Holy Roman Empire","PARTOF":"Holy Roman Empire"},"geometry":{"type":"MultiPolygon","coordinates":[[[[14.079,51.732],[14.096,51.717],[14.099,51.696],[14.077,51.693],[14.059,51.675],[14.03,51.683],[14.038,51.708],[14.066,51.731],[14.079,51.732]]],[[[14.542,51.991],[14.536,51.971],[14.576,51.912],[14.576,51.897],[14.553,51.873],[14.547,51.824],[14.521,51.807],[14.525,51.796],[14.575,51.779],[14.578,51.765],[14.525,51.754],[14.53,51.735],[14.572,51.669],[14.445,51.651],[14.437,51.664],[14.362,51.646],[14.313,51.648],[14.303,51.63],[14.28,51.628],[14.256,51.637],[14.243,51.656],[14.224,51.649],[14.212,51.638],[14.229,51.626],[14.316,51.605],[14.317,51.595],[14.298,51.591],[14.294,51.555],[14.257,51.554],[14.238,51.58],[14.186,51.589],[14.133,51.574],[14.07,51.58],[14.07,51.607],[14.091,51.648],[14.103,51.657],[14.123,51.64],[14.146,51.651],[14.126,51.722],[14.086,51.772],[14.081,51.823],[14.065,51.853],[14.071,51.865],[14.102,51.874],[14.116,51.863],[14.165,51.863],[14.19,51.872],[14.218,51.894],[14.23,51.917],[14.249,51.928],[14.349,51.932],[14.467,51.99],[14.483,51.991],[14.504,51.981],[14.516,51.99],[14.542,51.991]]],[[[11.511,52.988],[11.57,53.009],[11.577,53.02],[11.57,53.03],[11.553,53.033],[11.498,53.034],[11.491,53.055],[11.448,53.066],[11.35,53.039],[11.337,53.041],[11.279,53.092],[11.281,53.105],[11.392,53.106],[11.396,53.121],[11.419,53.14],[11.486,53.15],[11.625,53.214],[11.653,53.217],[11.685,53.199],[11.758,53.195],[11.777,53.199],[11.782,53.228],[11.935,53.253],[11.977,53.299],[11.978,53.315],[11.954,53.337],[11.991,53.349],[11.997,53.372],[12.023,53.372],[12.057,53.329],[12.198,53.33],[12.206,53.317],[12.261,53.314],[12.262,53.3],[12.346,53.292],[12.348,53.278],[12.384,53.277],[12.404,53.269],[12.405,53.253],[12.503,53.255],[12.58,53.233],[12.6,53.234],[12.616,53.246],[12.641,53.244],[12.644,53.22],[12.698,53.211],[12.737,53.209],[12.738,53.222],[12.776,53.224],[12.783,53.22],[12.786,53.191],[12.877,53.186],[12.957,53.164],[13.001,53.168],[13.028,53.179],[13.065,53.156],[13.133,53.152],[13.116,53.123],[13.115,53.098],[13.13,53.09],[13.242,53.083],[13.375,53.092],[13.386,53.103],[13.376,53.112],[13.337,53.119],[13.329,53.137],[13.305,53.142],[13.246,53.13],[13.244,53.152],[13.231,53.161],[13.184,53.182],[13.109,53.195],[13.107,53.213],[13.134,53.238],[13.166,53.24],[13.187,53.24],[13.205,53.221],[13.262,53.222],[13.274,53.233],[13.284,53.265],[13.431,53.259],[13.449,53.289],[13.542,53.325],[13.54,53.356],[13.584,53.379],[13.614,53.422],[13.652,53.426],[13.673,53.45],[13.696,53.448],[13.708,53.458],[13.694,53.505],[13.79,53.572],[13.801,53.57],[13.823,53.54],[13.852,53.548],[13.889,53.539],[13.899,53.476],[13.945,53.469],[13.969,53.441],[14.033,53.447],[14.035,53.475],[14.128,53.487],[14.156,53.483],[14.175,53.439],[14.212,53.44],[14.22,53.457],[14.272,53.46],[14.282,53.449],[14.312,53.444],[14.316,53.426],[14.229,53.412],[14.241,53.394],[14.239,53.337],[14.232,53.323],[14.122,53.254],[14.112,53.241],[14.114,53.189],[14.123,53.164],[14.208,53.129],[14.271,53.114],[14.288,53.127],[14.309,53.166],[14.358,53.145],[14.368,53.132],[14.358,53.083],[14.373,53.044],[14.386,53.027],[14.444,53.005],[14.497,52.948],[14.517,52.946],[14.555,52.958],[14.637,52.96],[14.659,52.982],[14.742,53.02],[14.809,53.002],[14.833,52.986],[14.853,53.007],[14.812,53.038],[14.82,53.048],[14.841,53.069],[14.929,53.085],[14.962,53.071],[15.002,53.068],[14.991,53.032],[15.031,53.03],[15.046,53.04],[15.101,53.016],[15.178,53.055],[15.192,53.052],[15.214,53.022],[15.253,53.006],[15.28,53.027],[15.318,53.032],[15.329,53],[15.28,52.97],[15.272,52.948],[15.305,52.935],[15.307,52.92],[15.322,52.917],[15.339,52.924],[15.358,52.96],[15.373,52.966],[15.394,52.948],[15.407,52.95],[15.41,52.963],[15.316,53.106],[15.317,53.119],[15.337,53.148],[15.329,53.204],[15.418,53.203],[15.456,53.219],[15.493,53.222],[15.505,53.233],[15.501,53.274],[15.474,53.307],[15.528,53.333],[15.548,53.351],[15.54,53.357],[15.443,53.357],[15.371,53.37],[15.357,53.359],[15.316,53.361],[15.326,53.402],[15.309,53.433],[15.313,53.441],[15.386,53.451],[15.422,53.503],[15.44,53.503],[15.454,53.494],[15.46,53.463],[15.475,53.46],[15.481,53.445],[15.495,53.458],[15.56,53.446],[15.655,53.457],[15.709,53.52],[15.702,53.555],[15.683,53.594],[15.612,53.631],[15.612,53.644],[15.496,53.701],[15.462,53.758],[15.428,53.798],[15.429,53.806],[15.466,53.809],[15.5,53.79],[15.54,53.804],[15.618,53.797],[15.62,53.824],[15.708,53.822],[15.752,53.8],[15.755,53.766],[15.736,53.73],[15.75,53.707],[15.816,53.655],[15.816,53.609],[15.831,53.606],[15.848,53.62],[15.853,53.66],[15.869,53.66],[15.921,53.636],[15.932,53.589],[15.975,53.557],[15.989,53.536],[15.98,53.516],[15.96,53.501],[15.961,53.472],[16.039,53.45],[16.122,53.471],[16.219,53.391],[16.265,53.373],[16.264,53.36],[16.206,53.352],[16.09,53.312],[15.993,53.313],[15.971,53.276],[16.052,53.24],[16.037,53.202],[16.012,53.195],[15.997,53.14],[15.963,53.132],[15.952,53.078],[15.928,53.054],[15.929,53.014],[15.916,52.998],[15.897,52.99],[15.914,52.874],[15.934,52.84],[15.931,52.793],[15.91,52.748],[15.91,52.726],[15.927,52.694],[15.926,52.679],[15.853,52.669],[15.725,52.68],[15.63,52.664],[15.586,52.674],[15.567,52.657],[15.493,52.657],[15.478,52.623],[15.45,52.617],[15.408,52.638],[15.359,52.601],[15.361,52.522],[15.305,52.518],[15.301,52.477],[15.314,52.448],[15.242,52.441],[15.245,52.412],[15.281,52.405],[15.301,52.412],[15.346,52.446],[15.39,52.444],[15.414,52.435],[15.445,52.399],[15.448,52.385],[15.436,52.377],[15.442,52.366],[15.494,52.351],[15.497,52.333],[15.484,52.331],[15.38,52.331],[15.398,52.301],[15.326,52.279],[15.319,52.248],[15.302,52.221],[15.317,52.179],[15.305,52.138],[15.32,52.129],[15.42,52.123],[15.443,52.114],[15.535,52.155],[15.593,52.147],[15.633,52.158],[15.686,52.143],[15.725,52.151],[15.757,52.134],[15.755,52.111],[15.736,52.083],[15.817,52.058],[15.821,52.026],[15.75,51.997],[15.687,51.996],[15.683,51.986],[15.626,51.992],[15.594,52.018],[15.564,52.023],[15.469,52.011],[15.428,52.016],[15.389,51.996],[15.347,52.019],[15.341,52.048],[15.322,52.053],[15.29,52.032],[15.285,52.006],[15.312,51.975],[15.354,51.964],[15.363,51.948],[15.356,51.933],[15.31,51.93],[15.254,51.9],[15.225,51.902],[15.228,51.861],[15.207,51.861],[15.172,51.884],[15.091,51.874],[15.061,51.847],[15.02,51.847],[15.018,51.836],[15.011,51.835],[15.014,51.827],[15.058,51.806],[15.059,51.778],[15.017,51.77],[14.999,51.761],[14.992,51.746],[14.952,51.752],[14.943,51.805],[14.955,51.824],[14.927,51.857],[14.936,51.89],[14.964,51.897],[14.968,51.912],[14.964,51.943],[14.928,51.994],[14.927,52.034],[14.884,52.08],[14.829,52.089],[14.825,52.104],[14.831,52.114],[14.794,52.126],[14.703,52.138],[14.692,52.147],[14.686,52.173],[14.701,52.227],[14.669,52.261],[14.62,52.273],[14.575,52.268],[14.512,52.237],[14.444,52.232],[14.399,52.21],[14.388,52.2],[14.375,52.162],[14.252,52.136],[14.223,52.121],[14.202,52.102],[14.196,52.063],[14.185,52.058],[14.168,52.058],[14.133,52.077],[14.062,52.099],[13.956,52.097],[13.908,52.06],[13.881,52.062],[13.868,52.056],[13.86,51.989],[13.851,51.987],[13.832,51.987],[13.827,52.014],[13.803,52.039],[13.76,52.05],[13.756,52.099],[13.723,52.111],[13.709,52.074],[13.72,52.047],[13.697,52.027],[13.645,52.031],[13.644,52.052],[13.615,52.079],[13.554,52.101],[13.558,52.111],[13.583,52.125],[13.561,52.138],[13.537,52.137],[13.502,52.115],[13.422,52.097],[13.363,52.097],[13.313,52.078],[13.287,52.086],[13.233,52.146],[13.218,52.247],[13.203,52.256],[13.178,52.26],[13.138,52.216],[13.084,52.176],[13.013,52.147],[12.983,52.145],[13.005,52.118],[12.964,52.11],[12.952,52.088],[12.955,52.072],[12.972,52.061],[12.971,52.053],[12.908,52.03],[12.803,52.125],[12.797,52.14],[12.807,52.159],[12.822,52.166],[12.824,52.183],[12.818,52.195],[12.776,52.221],[12.811,52.231],[12.801,52.25],[12.718,52.226],[12.619,52.258],[12.523,52.311],[12.506,52.3],[12.524,52.278],[12.502,52.251],[12.463,52.263],[12.457,52.281],[12.415,52.27],[12.396,52.273],[12.364,52.293],[12.358,52.31],[12.343,52.31],[12.343,52.269],[12.332,52.254],[12.363,52.244],[12.354,52.222],[12.337,52.216],[12.237,52.231],[12.16,52.261],[12.135,52.264],[12.151,52.283],[12.225,52.282],[12.247,52.309],[12.248,52.339],[12.28,52.346],[12.298,52.369],[12.316,52.365],[12.337,52.344],[12.357,52.341],[12.421,52.354],[12.4,52.396],[12.352,52.434],[12.35,52.469],[12.362,52.477],[12.408,52.48],[12.411,52.497],[12.401,52.524],[12.389,52.529],[12.284,52.457],[12.266,52.471],[12.265,52.478],[12.305,52.52],[12.326,52.514],[12.326,52.534],[12.314,52.562],[12.293,52.568],[12.271,52.661],[12.255,52.676],[12.184,52.706],[12.183,52.783],[12.177,52.791],[12.059,52.801],[12.051,52.818],[12.012,52.814],[11.997,52.803],[12,52.63],[12.012,52.625],[12.054,52.635],[12.145,52.637],[12.144,52.613],[12.088,52.605],[12.016,52.564],[11.976,52.522],[11.981,52.453],[11.976,52.439],[11.945,52.414],[11.836,52.403],[11.836,52.384],[11.794,52.375],[11.742,52.397],[11.709,52.376],[11.657,52.362],[11.635,52.395],[11.582,52.381],[11.535,52.38],[11.393,52.4],[11.373,52.447],[11.321,52.464],[11.281,52.463],[11.259,52.459],[11.241,52.431],[11.254,52.408],[11.286,52.378],[11.295,52.322],[11.23,52.3],[11.163,52.397],[11.151,52.449],[11.141,52.46],[11.099,52.474],[11.068,52.5],[11.128,52.569],[11.09,52.593],[11.031,52.524],[11.004,52.513],[10.991,52.518],[10.974,52.538],[10.965,52.578],[10.982,52.635],[10.96,52.644],[10.918,52.635],[10.858,52.734],[10.818,52.74],[10.809,52.845],[10.832,52.855],[10.913,52.858],[10.948,52.874],[10.996,52.875],[11.021,52.903],[11.051,52.905],[11.205,52.905],[11.274,52.87],[11.317,52.877],[11.446,52.921],[11.469,52.923],[11.514,52.945],[11.511,52.988]],[[12.538,53.097],[12.519,53.054],[12.519,53.037],[12.551,53.013],[12.59,53.051],[12.573,53.092],[12.538,53.097]],[[12.586,53.017],[12.57,53],[12.495,52.987],[12.516,52.971],[12.58,52.97],[12.603,52.976],[12.61,52.993],[12.634,53],[12.637,53.013],[12.586,53.017]],[[12.921,52.31],[12.806,52.31],[12.78,52.302],[12.793,52.281],[12.917,52.277],[12.93,52.294],[12.921,52.31]],[[11.231,52.675],[11.196,52.661],[11.153,52.664],[11.153,52.643],[11.136,52.632],[11.144,52.61],[11.162,52.602],[11.19,52.612],[11.207,52.593],[11.252,52.6],[11.251,52.625],[11.238,52.633],[11.244,52.67],[11.231,52.675]],[[11.302,52.693],[11.267,52.675],[11.266,52.667],[11.297,52.651],[11.315,52.685],[11.302,52.693]]],[[[11.144,52.331],[11.175,52.33],[11.206,52.296],[11.257,52.283],[11.283,52.263],[11.293,52.246],[11.291,52.228],[11.216,52.222],[11.181,52.237],[11.177,52.255],[11.143,52.253],[11.154,52.287],[11.141,52.324],[11.144,52.331]]],[[[11.855,52.268],[11.897,52.27],[11.948,52.298],[12.015,52.29],[12.019,52.269],[12.063,52.261],[12.083,52.238],[12.127,52.231],[12.14,52.199],[12.127,52.185],[12.084,52.185],[12.076,52.198],[12.058,52.205],[12.06,52.224],[12.051,52.233],[11.967,52.244],[11.936,52.243],[11.939,52.221],[11.904,52.22],[11.873,52.209],[11.843,52.237],[11.855,52.268]]],[[[12.003,52.143],[11.992,52.118],[12.021,52.111],[12.032,52.088],[11.985,52.073],[11.991,52.053],[11.973,52.025],[11.959,52.021],[11.907,52.043],[11.868,52.044],[11.866,52.092],[11.881,52.113],[11.928,52.119],[11.957,52.144],[12.003,52.143]]],[[[12.382,52.229],[12.419,52.22],[12.409,52.184],[12.381,52.178],[12.368,52.183],[12.37,52.207],[12.382,52.229]]],[[[16.115,53.277],[16.11,53.29],[16.167,53.29],[16.178,53.281],[16.174,53.222],[16.127,53.217],[16.115,53.277]]]]}},{"type":"Feature","properties":{"NAME":"Archbishopric of Mainz","SUBJECTO":"Holy Roman Empire","PARTOF":"Holy Roman Empire"},"geometry":{"type":"MultiPolygon","coordinates":[[[[8.796,49.254],[8.813,49.241],[8.799,49.223],[8.78,49.218],[8.753,49.225],[8.752,49.24],[8.796,49.254]]],[[[9.553,49.274],[9.639,49.263],[9.639,49.242],[9.622,49.222],[9.53,49.237],[9.54,49.265],[9.553,49.274]]],[[[9.372,49.3],[9.382,49.293],[9.373,49.251],[9.34,49.258],[9.354,49.273],[9.358,49.3],[9.372,49.3]]],[[[9.307,49.374],[9.281,49.323],[9.282,49.309],[9.304,49.284],[9.3,49.279],[9.235,49.256],[9.236,49.298],[9.197,49.287],[9.208,49.314],[9.184,49.338],[9.226,49.342],[9.227,49.374],[9.307,49.374]]],[[[9.69,49.55],[9.757,49.566],[9.766,49.536],[9.708,49.531],[9.688,49.537],[9.69,49.55]]],[[[8.404,49.986],[8.45,49.998],[8.458,49.981],[8.42,49.976],[8.404,49.986]]],[[[8.802,50.123],[8.815,50.101],[8.827,50.104],[8.832,50.093],[8.789,50.075],[8.786,50.092],[8.764,50.106],[8.79,50.13],[8.802,50.123]]],[[[9.378,49.781],[9.43,49.795],[9.432,49.768],[9.396,49.758],[9.378,49.781]]],[[[9.33,49.77],[9.357,49.774],[9.377,49.754],[9.351,49.747],[9.33,49.77]]],[[[8.558,49.815],[8.575,49.772],[8.57,49.753],[8.545,49.745],[8.454,49.741],[8.482,49.762],[8.496,49.795],[8.558,49.815]]],[[[9.463,49.449],[9.458,49.429],[9.431,49.402],[9.404,49.418],[9.378,49.423],[9.336,49.412],[9.324,49.416],[9.306,49.442],[9.326,49.465],[9.366,49.47],[9.403,49.47],[9.417,49.467],[9.43,49.451],[9.463,49.449]]],[[[8.833,49.492],[8.865,49.506],[8.883,49.483],[8.9,49.486],[8.894,49.503],[8.924,49.516],[8.946,49.489],[8.949,49.459],[8.913,49.46],[8.903,49.442],[8.881,49.437],[8.84,49.474],[8.833,49.492]]],[[[9.548,49.505],[9.575,49.48],[9.56,49.447],[9.584,49.441],[9.613,49.391],[9.641,49.406],[9.647,49.432],[9.667,49.45],[9.715,49.447],[9.71,49.42],[9.686,49.389],[9.683,49.361],[9.727,49.356],[9.706,49.337],[9.657,49.336],[9.663,49.313],[9.568,49.323],[9.57,49.362],[9.533,49.376],[9.532,49.423],[9.487,49.451],[9.493,49.479],[9.523,49.486],[9.548,49.505]]],[[[8.611,49.608],[8.625,49.575],[8.62,49.566],[8.569,49.53],[8.546,49.534],[8.556,49.56],[8.501,49.592],[8.5,49.611],[8.553,49.613],[8.574,49.632],[8.614,49.617],[8.611,49.608]]],[[[8.819,49.726],[8.908,49.692],[8.921,49.685],[8.921,49.667],[8.85,49.686],[8.828,49.659],[8.802,49.672],[8.769,49.674],[8.776,49.699],[8.819,49.726]]],[[[8.865,49.62],[8.873,49.611],[8.872,49.599],[8.85,49.604],[8.865,49.62]]],[[[8.829,49.644],[8.849,49.634],[8.835,49.608],[8.817,49.627],[8.829,49.644]]],[[[9.388,49.736],[9.413,49.736],[9.456,49.718],[9.485,49.721],[9.504,49.735],[9.534,49.716],[9.588,49.719],[9.621,49.695],[9.638,49.708],[9.685,49.707],[9.712,49.702],[9.715,49.691],[9.724,49.689],[9.741,49.688],[9.767,49.713],[9.781,49.713],[9.781,49.697],[9.803,49.692],[9.813,49.711],[9.835,49.724],[9.854,49.709],[9.83,49.673],[9.79,49.677],[9.79,49.655],[9.746,49.642],[9.734,49.619],[9.657,49.613],[9.673,49.579],[9.633,49.572],[9.614,49.617],[9.601,49.629],[9.53,49.642],[9.491,49.666],[9.458,49.67],[9.443,49.694],[9.41,49.708],[9.384,49.709],[9.381,49.726],[9.388,49.736]]],[[[8.866,49.567],[8.894,49.55],[8.907,49.529],[8.873,49.538],[8.853,49.518],[8.832,49.52],[8.832,49.546],[8.866,49.567]]],[[[8.769,49.589],[8.809,49.588],[8.812,49.571],[8.823,49.562],[8.82,49.552],[8.802,49.543],[8.762,49.545],[8.74,49.555],[8.734,49.582],[8.767,49.583],[8.769,49.589]]],[[[8.503,49.727],[8.509,49.725],[8.508,49.708],[8.555,49.707],[8.568,49.713],[8.559,49.736],[8.565,49.744],[8.615,49.754],[8.637,49.772],[8.67,49.764],[8.666,49.733],[8.657,49.72],[8.723,49.714],[8.731,49.683],[8.714,49.669],[8.655,49.663],[8.633,49.646],[8.56,49.657],[8.528,49.646],[8.433,49.649],[8.402,49.636],[8.385,49.643],[8.37,49.687],[8.381,49.708],[8.42,49.718],[8.457,49.714],[8.503,49.727]]],[[[7.582,50.329],[7.674,50.343],[7.717,50.338],[7.725,50.333],[7.727,50.317],[7.714,50.313],[7.676,50.323],[7.651,50.316],[7.623,50.281],[7.586,50.309],[7.582,50.329]]],[[[8.792,50.458],[8.791,50.445],[8.754,50.426],[8.754,50.408],[8.705,50.363],[8.689,50.357],[8.66,50.361],[8.652,50.351],[8.626,50.367],[8.636,50.379],[8.666,50.392],[8.657,50.406],[8.715,50.441],[8.719,50.455],[8.737,50.468],[8.771,50.47],[8.792,50.458]]],[[[7.731,50.303],[7.752,50.303],[7.761,50.292],[7.746,50.283],[7.727,50.292],[7.731,50.303]]],[[[8.741,50.326],[8.78,50.328],[8.75,50.287],[8.724,50.284],[8.722,50.295],[8.741,50.326]]],[[[11.487,51.001],[11.519,50.972],[11.504,50.956],[11.517,50.946],[11.542,50.947],[11.545,50.928],[11.465,50.93],[11.459,50.936],[11.439,50.976],[11.487,51.001]]],[[[11.197,51.094],[11.221,51.094],[11.219,51.076],[11.184,51.065],[11.178,51.076],[11.197,51.094]]],[[[11.191,51.14],[11.217,51.139],[11.216,51.114],[11.2,51.114],[11.189,51.127],[11.191,51.14]]],[[[10.798,50.945],[10.817,50.947],[10.838,50.937],[10.843,50.86],[10.763,50.871],[10.756,50.892],[10.794,50.919],[10.798,50.945]]],[[[9.228,50.842],[9.244,50.811],[9.181,50.811],[9.191,50.836],[9.228,50.842]]],[[[9.059,50.933],[9.136,50.922],[9.157,50.89],[9.162,50.861],[9.125,50.863],[9.108,50.848],[9.041,50.84],[9.012,50.826],[8.99,50.829],[8.971,50.823],[8.968,50.785],[8.958,50.778],[8.898,50.778],[8.893,50.787],[8.91,50.805],[8.889,50.807],[8.875,50.828],[8.897,50.84],[8.904,50.859],[8.934,50.865],[8.957,50.857],[8.989,50.879],[8.987,50.887],[8.961,50.899],[8.967,50.915],[8.985,50.927],[9,50.927],[9.009,50.92],[9.011,50.899],[9.03,50.897],[9.04,50.883],[9.066,50.885],[9.081,50.903],[9.059,50.933]]],[[[8.826,50.87],[8.839,50.865],[8.845,50.82],[8.818,50.82],[8.817,50.842],[8.801,50.862],[8.807,50.901],[8.827,50.897],[8.826,50.87]]],[[[8.92,50.913],[8.938,50.911],[8.934,50.889],[8.917,50.877],[8.907,50.874],[8.858,50.891],[8.862,50.91],[8.877,50.921],[8.902,50.911],[8.92,50.913]]],[[[9.238,51.243],[9.233,51.236],[9.209,51.233],[9.188,51.241],[9.189,51.253],[9.206,51.267],[9.224,51.273],[9.235,51.27],[9.238,51.243]]],[[[9.196,51.328],[9.197,51.339],[9.222,51.339],[9.212,51.285],[9.185,51.277],[9.18,51.263],[9.149,51.267],[9.16,51.288],[9.096,51.304],[9.099,51.315],[9.113,51.323],[9.196,51.328]]],[[[11.223,50.987],[11.216,50.97],[11.222,50.96],[11.267,50.943],[11.258,50.926],[11.281,50.904],[11.272,50.877],[11.242,50.886],[11.214,50.873],[11.181,50.883],[11.18,50.876],[11.204,50.869],[11.216,50.857],[11.221,50.839],[11.195,50.828],[11.147,50.833],[11.08,50.855],[11.068,50.882],[11.035,50.906],[11.019,50.894],[11.025,50.88],[10.983,50.882],[10.983,50.916],[10.996,50.916],[11.002,50.932],[10.943,50.937],[10.937,50.945],[10.968,50.964],[10.912,50.973],[10.872,50.954],[10.843,50.967],[10.861,50.99],[10.821,50.993],[10.818,50.987],[10.8,50.993],[10.79,51.001],[10.79,51.021],[10.767,51.021],[10.766,51.033],[10.795,51.04],[10.89,51.036],[10.885,51.05],[10.843,51.059],[10.845,51.086],[10.815,51.124],[10.816,51.135],[10.937,51.134],[10.94,51.114],[10.95,51.114],[10.966,51.099],[10.985,51.062],[10.993,51.061],[11.002,51.075],[11.01,51.107],[11.159,51.077],[11.209,51.053],[11.219,51.043],[11.214,51.027],[11.254,51.017],[11.268,50.99],[11.223,50.987]]],[[[11.06,51.209],[11.088,51.212],[11.112,51.189],[11.125,51.152],[11.119,51.12],[11.095,51.114],[11.065,51.147],[11.028,51.154],[11.035,51.184],[11.059,51.195],[11.06,51.209]]],[[[10.751,51.185],[10.763,51.185],[10.787,51.153],[10.788,51.14],[10.752,51.142],[10.726,51.163],[10.722,51.174],[10.751,51.185]]],[[[9.308,51.181],[9.287,51.137],[9.244,51.128],[9.214,51.132],[9.209,51.138],[9.209,51.15],[9.26,51.169],[9.266,51.186],[9.307,51.191],[9.308,51.181]]],[[[10.322,51.152],[10.285,51.175],[10.236,51.172],[10.238,51.178],[10.204,51.181],[10.178,51.208],[10.112,51.213],[10.1,51.222],[10.102,51.231],[10.053,51.274],[10.067,51.287],[10.061,51.296],[10.033,51.3],[9.999,51.284],[9.957,51.325],[9.937,51.323],[9.916,51.353],[9.978,51.406],[9.949,51.431],[9.901,51.43],[9.95,51.486],[10.007,51.504],[10.034,51.529],[10.08,51.516],[10.085,51.527],[10.102,51.533],[10.134,51.528],[10.135,51.538],[10.118,51.558],[10.134,51.583],[10.096,51.595],[10.091,51.608],[10.094,51.624],[10.116,51.633],[10.11,51.645],[10.079,51.65],[10.076,51.663],[10.088,51.667],[10.07,51.676],[10.077,51.703],[10.134,51.702],[10.135,51.71],[10.101,51.722],[10.106,51.742],[10.155,51.74],[10.158,51.72],[10.198,51.695],[10.222,51.696],[10.245,51.66],[10.301,51.66],[10.312,51.63],[10.349,51.619],[10.358,51.6],[10.427,51.608],[10.461,51.576],[10.448,51.564],[10.417,51.557],[10.461,51.526],[10.467,51.498],[10.486,51.488],[10.479,51.483],[10.506,51.437],[10.489,51.417],[10.507,51.404],[10.52,51.367],[10.516,51.358],[10.44,51.361],[10.435,51.352],[10.438,51.339],[10.493,51.339],[10.511,51.322],[10.483,51.302],[10.446,51.304],[10.432,51.298],[10.405,51.272],[10.35,51.261],[10.329,51.266],[10.31,51.256],[10.326,51.262],[10.42,51.244],[10.481,51.255],[10.512,51.244],[10.447,51.213],[10.396,51.207],[10.355,51.19],[10.332,51.201],[10.318,51.227],[10.294,51.229],[10.293,51.201],[10.305,51.193],[10.416,51.153],[10.426,51.155],[10.423,51.147],[10.372,51.123],[10.35,51.154],[10.322,51.152]]],[[[8.723,50.215],[8.749,50.224],[8.76,50.21],[8.762,50.181],[8.747,50.165],[8.698,50.175],[8.647,50.17],[8.612,50.182],[8.601,50.182],[8.592,50.155],[8.581,50.156],[8.576,50.146],[8.595,50.131],[8.585,50.117],[8.566,50.114],[8.564,50.106],[8.616,50.093],[8.621,50.072],[8.55,50.084],[8.527,50.077],[8.523,50.067],[8.571,50.043],[8.592,50.025],[8.57,50.011],[8.469,50.027],[8.423,50.004],[8.313,49.985],[8.324,49.92],[8.318,49.908],[8.298,49.896],[8.293,49.878],[8.242,49.887],[8.234,49.865],[8.189,49.859],[8.169,49.899],[8.153,49.9],[8.137,49.939],[8.149,49.964],[8.091,50.004],[8.02,49.981],[8.017,49.975],[8.038,49.972],[8.036,49.942],[8.01,49.926],[7.96,49.911],[7.948,49.913],[7.949,49.927],[7.931,49.931],[7.903,49.932],[7.901,49.918],[7.892,49.916],[7.854,49.923],[7.814,49.938],[7.832,49.965],[7.824,49.974],[7.736,49.981],[7.689,49.996],[7.692,50.007],[7.77,50.023],[7.73,50.048],[7.74,50.068],[7.819,50.086],[7.833,50.105],[7.894,50.113],[7.995,50.113],[8.013,50.105],[8.014,50.078],[8.03,50.076],[8.042,50.078],[8.054,50.096],[8.11,50.099],[8.14,50.073],[8.156,50.084],[8.181,50.075],[8.171,50.042],[8.241,50.047],[8.28,50.037],[8.299,50.022],[8.357,50.029],[8.417,50.067],[8.402,50.098],[8.425,50.127],[8.417,50.14],[8.406,50.142],[8.373,50.142],[8.353,50.132],[8.304,50.136],[8.327,50.166],[8.302,50.179],[8.377,50.23],[8.448,50.236],[8.46,50.244],[8.475,50.243],[8.489,50.224],[8.509,50.221],[8.524,50.232],[8.524,50.244],[8.535,50.248],[8.557,50.225],[8.608,50.228],[8.634,50.202],[8.659,50.192],[8.669,50.202],[8.693,50.206],[8.702,50.198],[8.726,50.198],[8.723,50.215]],[[7.881,49.952],[7.852,49.95],[7.879,49.939],[7.889,49.951],[7.881,49.952]],[[8.483,50.16],[8.469,50.139],[8.471,50.125],[8.508,50.113],[8.529,50.112],[8.552,50.156],[8.515,50.165],[8.483,50.16]]],[[[9.11,49.693],[9.088,49.701],[9.112,49.731],[9.164,49.7],[9.196,49.704],[9.206,49.708],[9.205,49.715],[9.181,49.754],[9.164,49.764],[9.113,49.77],[9.103,49.788],[9.119,49.823],[9.076,49.826],[9.071,49.835],[9.078,49.859],[9.063,49.88],[9.054,49.886],[9.037,49.877],[8.982,49.924],[8.979,49.932],[9.015,49.958],[9.019,49.971],[9.009,50.032],[8.955,50.037],[8.936,50.061],[8.921,50.063],[8.9,50.063],[8.873,50.038],[8.827,50.039],[8.824,50.066],[8.866,50.095],[8.873,50.104],[8.866,50.123],[8.883,50.128],[8.874,50.133],[8.839,50.12],[8.819,50.123],[8.825,50.143],[8.878,50.158],[8.924,50.148],[9.122,50.17],[9.159,50.16],[9.145,50.14],[9.151,50.135],[9.214,50.12],[9.228,50.123],[9.237,50.15],[9.285,50.168],[9.33,50.171],[9.34,50.185],[9.364,50.187],[9.38,50.172],[9.407,50.123],[9.491,50.129],[9.541,50.142],[9.59,50.108],[9.66,50.092],[9.652,50.07],[9.628,50.043],[9.55,49.999],[9.478,50.01],[9.466,49.94],[9.486,49.898],[9.469,49.876],[9.452,49.876],[9.441,49.907],[9.42,49.909],[9.406,49.896],[9.367,49.891],[9.36,49.861],[9.337,49.853],[9.296,49.863],[9.281,49.899],[9.267,49.904],[9.25,49.896],[9.244,49.879],[9.216,49.857],[9.235,49.832],[9.251,49.83],[9.276,49.844],[9.308,49.823],[9.282,49.798],[9.234,49.796],[9.221,49.786],[9.221,49.775],[9.25,49.762],[9.282,49.769],[9.307,49.748],[9.345,49.746],[9.345,49.72],[9.358,49.682],[9.402,49.681],[9.418,49.672],[9.417,49.657],[9.451,49.649],[9.401,49.629],[9.409,49.569],[9.411,49.559],[9.452,49.568],[9.471,49.561],[9.477,49.553],[9.468,49.54],[9.476,49.52],[9.449,49.508],[9.376,49.497],[9.288,49.504],[9.249,49.487],[9.214,49.447],[9.187,49.453],[9.188,49.466],[9.22,49.501],[9.192,49.513],[9.167,49.506],[9.127,49.515],[9.11,49.511],[9.089,49.521],[9.086,49.53],[9.095,49.575],[9.163,49.581],[9.163,49.609],[9.159,49.615],[9.138,49.613],[9.138,49.649],[9.123,49.66],[9.129,49.677],[9.11,49.693]],[[9.246,49.948],[9.241,49.931],[9.268,49.925],[9.269,49.941],[9.246,49.948]],[[9.177,49.913],[9.172,49.898],[9.212,49.892],[9.206,49.906],[9.177,49.913]]],[[[8.606,50.268],[8.63,50.268],[8.625,50.237],[8.606,50.242],[8.606,50.268]]],[[[9.584,50.258],[9.582,50.223],[9.575,50.217],[9.541,50.211],[9.502,50.195],[9.498,50.179],[9.466,50.172],[9.423,50.184],[9.407,50.215],[9.366,50.21],[9.325,50.231],[9.249,50.234],[9.243,50.258],[9.287,50.263],[9.315,50.282],[9.425,50.274],[9.432,50.284],[9.39,50.322],[9.407,50.342],[9.419,50.328],[9.467,50.31],[9.498,50.283],[9.584,50.258]]]]}},{"type":"Feature","properties":{"NAME":"Electorate of the Palatinate","SUBJECTO":"Holy Roman Empire","PARTOF":"Holy Roman Empire"},"geometry":{"type":"MultiPolygon","coordinates":[[[[8.488,49.706],[8.486,49.677],[8.54,49.675],[8.546,49.681],[8.541,49.716],[8.569,49.72],[8.576,49.697],[8.61,49.69],[8.62,49.683],[8.617,49.667],[8.626,49.664],[8.662,49.664],[8.671,49.674],[8.667,49.68],[8.732,49.696],[8.798,49.639],[8.843,49.635],[8.874,49.609],[8.885,49.588],[8.873,49.584],[8.852,49.603],[8.843,49.592],[8.853,49.56],[8.846,49.515],[8.781,49.524],[8.815,49.463],[8.783,49.43],[8.773,49.398],[8.779,49.391],[8.834,49.398],[8.878,49.421],[8.896,49.457],[8.914,49.472],[8.952,49.464],[9.021,49.48],[9.032,49.478],[9.05,49.443],[9.074,49.439],[9.081,49.411],[9.152,49.389],[9.183,49.391],[9.186,49.38],[9.207,49.384],[9.241,49.368],[9.283,49.361],[9.301,49.343],[9.281,49.314],[9.199,49.323],[9.196,49.299],[9.206,49.287],[9.195,49.284],[9.028,49.293],[9.022,49.287],[9.035,49.275],[8.986,49.264],[8.931,49.29],[8.857,49.299],[8.886,49.233],[8.928,49.206],[8.998,49.191],[9.008,49.173],[8.979,49.167],[8.935,49.184],[8.892,49.185],[8.889,49.15],[8.975,49.147],[8.955,49.132],[8.963,49.098],[8.94,49.067],[8.933,49.059],[8.893,49.061],[8.875,49.097],[8.825,49.135],[8.818,49.152],[8.82,49.168],[8.869,49.185],[8.87,49.192],[8.86,49.204],[8.806,49.199],[8.785,49.204],[8.821,49.224],[8.824,49.25],[8.813,49.269],[8.762,49.282],[8.754,49.292],[8.683,49.278],[8.6,49.274],[8.509,49.3],[8.49,49.323],[8.479,49.356],[8.494,49.373],[8.519,49.378],[8.534,49.391],[8.54,49.403],[8.534,49.416],[8.493,49.417],[8.506,49.453],[8.488,49.453],[8.488,49.472],[8.448,49.492],[8.432,49.542],[8.404,49.577],[8.372,49.584],[8.355,49.602],[8.363,49.614],[8.387,49.624],[8.444,49.613],[8.457,49.598],[8.523,49.607],[8.508,49.625],[8.413,49.639],[8.399,49.664],[8.445,49.673],[8.397,49.701],[8.364,49.747],[8.28,49.757],[8.253,49.749],[8.26,49.73],[8.337,49.722],[8.314,49.699],[8.265,49.705],[8.26,49.696],[8.282,49.662],[8.28,49.636],[8.269,49.616],[8.255,49.609],[8.234,49.639],[8.191,49.658],[8.162,49.655],[8.139,49.629],[8.101,49.642],[8.11,49.672],[8.083,49.677],[8.092,49.695],[8.075,49.71],[8.054,49.71],[8.044,49.7],[8.007,49.703],[7.881,49.639],[7.868,49.651],[7.867,49.665],[7.908,49.711],[7.911,49.753],[7.923,49.759],[7.988,49.753],[7.966,49.739],[7.986,49.728],[8.004,49.743],[8.048,49.753],[8.068,49.791],[8.031,49.81],[8.039,49.821],[8.057,49.824],[8.096,49.814],[8.094,49.787],[8.102,49.783],[8.113,49.792],[8.114,49.81],[8.127,49.818],[8.166,49.814],[8.168,49.795],[8.227,49.794],[8.243,49.779],[8.292,49.791],[8.297,49.803],[8.324,49.804],[8.336,49.783],[8.396,49.778],[8.422,49.719],[8.438,49.709],[8.488,49.706]],[[8.596,49.508],[8.556,49.507],[8.548,49.464],[8.618,49.459],[8.617,49.492],[8.596,49.508]],[[8.715,49.563],[8.675,49.568],[8.668,49.561],[8.685,49.549],[8.722,49.545],[8.715,49.563]],[[8.642,49.603],[8.619,49.619],[8.591,49.613],[8.612,49.606],[8.629,49.587],[8.677,49.586],[8.683,49.595],[8.676,49.603],[8.642,49.603]],[[8.766,49.594],[8.717,49.612],[8.704,49.613],[8.695,49.603],[8.758,49.571],[8.775,49.577],[8.777,49.584],[8.766,49.594]]],[[[8.839,49.802],[8.885,49.792],[8.921,49.797],[8.918,49.772],[8.88,49.768],[8.905,49.734],[8.876,49.737],[8.855,49.75],[8.82,49.747],[8.827,49.794],[8.839,49.802]]],[[[8.133,49.973],[8.139,49.963],[8.128,49.945],[8.14,49.908],[8.07,49.904],[8.034,49.925],[8.032,49.946],[8.021,49.961],[7.988,49.961],[7.98,49.97],[8,49.984],[8.066,50.002],[8.088,49.98],[8.133,49.973]]],[[[8.277,49.832],[8.269,49.845],[8.231,49.863],[8.246,49.873],[8.278,49.861],[8.337,49.884],[8.346,49.883],[8.375,49.854],[8.385,49.823],[8.376,49.809],[8.359,49.802],[8.304,49.83],[8.29,49.824],[8.281,49.804],[8.26,49.801],[8.208,49.807],[8.195,49.842],[8.22,49.845],[8.252,49.831],[8.277,49.832]]],[[[8.397,49.249],[8.41,49.248],[8.431,49.228],[8.437,49.205],[8.423,49.16],[8.402,49.152],[8.406,49.11],[8.399,49.079],[8.367,49.063],[8.35,49.009],[8.348,48.999],[8.374,49.003],[8.379,48.989],[8.372,48.975],[8.349,48.966],[8.327,48.966],[8.297,48.984],[8.262,48.993],[8.263,49.006],[8.304,49.044],[8.301,49.067],[8.321,49.079],[8.312,49.087],[8.339,49.087],[8.347,49.104],[8.341,49.124],[8.324,49.138],[8.336,49.16],[8.32,49.172],[8.284,49.174],[8.286,49.203],[8.276,49.208],[8.255,49.194],[8.258,49.164],[8.244,49.152],[8.245,49.13],[8.254,49.12],[8.284,49.114],[8.282,49.097],[8.271,49.095],[8.248,49.1],[8.193,49.094],[8.154,49.105],[8.153,49.125],[8.141,49.131],[8.102,49.12],[8.086,49.104],[8.071,49.105],[7.985,49.124],[7.962,49.134],[7.959,49.151],[7.901,49.154],[7.915,49.178],[7.929,49.181],[8.001,49.174],[8.013,49.152],[8.036,49.146],[8.067,49.166],[8.146,49.179],[8.194,49.169],[8.208,49.194],[8.196,49.208],[8.214,49.219],[8.24,49.215],[8.249,49.223],[8.234,49.251],[8.254,49.264],[8.32,49.265],[8.337,49.23],[8.364,49.217],[8.397,49.249]]],[[[8.55,49.091],[8.574,49.08],[8.585,49.065],[8.621,49.063],[8.582,49.029],[8.544,49.039],[8.523,49.071],[8.55,49.091]]],[[[8.672,49.121],[8.708,49.108],[8.717,49.094],[8.664,49.065],[8.644,49.064],[8.634,49.07],[8.636,49.105],[8.658,49.107],[8.672,49.121]]],[[[8.731,49.065],[8.759,49.067],[8.785,49.054],[8.749,49.011],[8.749,48.99],[8.732,48.988],[8.719,48.996],[8.718,49.006],[8.684,49.011],[8.732,49.053],[8.731,49.065]]],[[[8.232,48.945],[8.249,48.94],[8.263,48.924],[8.244,48.904],[8.242,48.881],[8.206,48.88],[8.148,48.899],[8.145,48.914],[8.163,48.926],[8.207,48.944],[8.232,48.945]]],[[[7.907,49.281],[7.944,49.294],[7.989,49.294],[8.018,49.268],[8.042,49.223],[8.061,49.212],[8.001,49.203],[7.981,49.232],[7.949,49.244],[7.907,49.281]]],[[[8.108,49.217],[8.156,49.217],[8.155,49.203],[8.071,49.19],[8.073,49.203],[8.108,49.217]]],[[[7.874,49.099],[7.911,49.113],[7.947,49.107],[7.973,49.09],[7.947,49.065],[7.901,49.08],[7.874,49.099]]],[[[8.379,49.288],[8.432,49.293],[8.437,49.278],[8.396,49.265],[8.379,49.288]]],[[[8.976,49.247],[9.072,49.242],[9.087,49.237],[9.089,49.222],[9.04,49.218],[9.038,49.203],[8.977,49.223],[8.976,49.247]]],[[[9.061,49.128],[9.091,49.125],[9.113,49.109],[9.086,49.094],[9.051,49.102],[9.061,49.128]]],[[[9.051,49.275],[9.086,49.272],[9.093,49.26],[9.064,49.257],[9.051,49.275]]],[[[7.816,50.138],[7.823,50.126],[7.816,50.11],[7.774,50.078],[7.793,50.036],[7.724,50.009],[7.684,50.013],[7.655,50.041],[7.658,50.057],[7.703,50.086],[7.7,50.11],[7.684,50.119],[7.703,50.142],[7.735,50.131],[7.758,50.144],[7.796,50.145],[7.816,50.138]]],[[[9.68,49.425],[9.692,49.394],[9.674,49.384],[9.604,49.386],[9.607,49.365],[9.591,49.349],[9.526,49.369],[9.485,49.37],[9.485,49.381],[9.512,49.391],[9.51,49.406],[9.529,49.406],[9.544,49.42],[9.509,49.434],[9.507,49.448],[9.526,49.453],[9.588,49.424],[9.68,49.425]]]]}},{"type":"Feature","properties":{"NAME":"Archbishopric of Trier","SUBJECTO":"Holy Roman Empire","PARTOF":"Holy Roman Empire"},"geometry":{"type":"MultiPolygon","coordinates":[[[[6.545,49.567],[6.518,49.546],[6.51,49.521],[6.466,49.499],[6.44,49.495],[6.434,49.507],[6.407,49.511],[6.399,49.519],[6.369,49.513],[6.368,49.537],[6.41,49.55],[6.382,49.561],[6.408,49.585],[6.469,49.589],[6.449,49.559],[6.47,49.555],[6.485,49.579],[6.519,49.598],[6.521,49.609],[6.434,49.598],[6.421,49.606],[6.427,49.613],[6.507,49.632],[6.524,49.643],[6.519,49.661],[6.526,49.669],[6.586,49.682],[6.558,49.836],[6.544,49.842],[6.511,49.819],[6.493,49.829],[6.504,49.851],[6.54,49.881],[6.542,49.903],[6.563,49.918],[6.558,49.947],[6.564,49.955],[6.61,49.967],[6.62,49.947],[6.605,49.924],[6.603,49.896],[6.629,49.879],[6.691,49.885],[6.76,49.907],[6.788,49.891],[6.801,49.896],[6.845,49.959],[6.839,49.978],[6.802,49.992],[6.802,49.969],[6.754,49.965],[6.75,49.941],[6.687,49.941],[6.676,49.949],[6.662,50.01],[6.684,50.023],[6.701,50.023],[6.724,50.044],[6.758,50.048],[6.765,50.08],[6.785,50.093],[6.787,50.104],[6.775,50.116],[6.756,50.118],[6.718,50.098],[6.652,50.111],[6.659,50.132],[6.688,50.151],[6.721,50.156],[6.725,50.207],[6.739,50.218],[6.729,50.229],[6.747,50.233],[6.75,50.242],[6.704,50.243],[6.702,50.273],[6.66,50.291],[6.674,50.317],[6.657,50.321],[6.642,50.295],[6.611,50.304],[6.626,50.366],[6.64,50.374],[6.662,50.37],[6.711,50.342],[6.753,50.342],[6.77,50.335],[6.781,50.315],[6.721,50.293],[6.721,50.285],[6.76,50.277],[6.772,50.267],[6.773,50.253],[6.793,50.253],[6.811,50.269],[6.844,50.321],[6.813,50.335],[6.786,50.362],[6.751,50.382],[6.746,50.399],[6.753,50.412],[6.765,50.428],[6.799,50.429],[6.808,50.422],[6.812,50.4],[6.831,50.402],[6.862,50.38],[6.882,50.4],[6.9,50.397],[6.911,50.384],[6.917,50.327],[6.911,50.319],[6.914,50.292],[6.901,50.286],[6.9,50.275],[6.984,50.273],[6.997,50.219],[7.006,50.217],[7.047,50.232],[7.039,50.285],[7.079,50.323],[7.132,50.341],[7.153,50.361],[7.135,50.386],[7.099,50.399],[7.082,50.431],[7.034,50.447],[7.004,50.496],[7.012,50.542],[7.062,50.549],[7.071,50.567],[7.155,50.508],[7.159,50.497],[7.144,50.485],[7.15,50.474],[7.117,50.445],[7.127,50.42],[7.184,50.422],[7.175,50.487],[7.225,50.493],[7.236,50.529],[7.252,50.532],[7.284,50.516],[7.336,50.518],[7.392,50.451],[7.402,50.409],[7.415,50.401],[7.425,50.368],[7.451,50.364],[7.487,50.371],[7.49,50.384],[7.489,50.4],[7.451,50.424],[7.454,50.466],[7.494,50.497],[7.513,50.536],[7.531,50.54],[7.599,50.532],[7.684,50.574],[7.713,50.545],[7.76,50.543],[7.773,50.549],[7.768,50.578],[7.794,50.604],[7.792,50.61],[7.881,50.639],[7.899,50.625],[7.924,50.618],[7.966,50.585],[7.952,50.556],[7.961,50.522],[8.006,50.482],[7.97,50.451],[8.034,50.448],[8.025,50.43],[7.942,50.419],[7.906,50.428],[7.845,50.406],[7.845,50.398],[7.864,50.389],[7.846,50.369],[7.695,50.36],[7.658,50.334],[7.547,50.291],[7.549,50.273],[7.607,50.271],[7.619,50.263],[7.628,50.225],[7.687,50.208],[7.684,50.159],[7.599,50.151],[7.56,50.138],[7.549,50.126],[7.55,50.105],[7.558,50.097],[7.684,50.124],[7.704,50.118],[7.738,50.082],[7.709,50.055],[7.689,50.052],[7.674,50.031],[7.657,50.027],[7.608,50.044],[7.6,50.05],[7.601,50.068],[7.587,50.08],[7.552,50.075],[7.533,50.083],[7.511,50.132],[7.531,50.144],[7.531,50.154],[7.495,50.171],[7.486,50.172],[7.476,50.134],[7.451,50.136],[7.434,50.2],[7.465,50.214],[7.461,50.229],[7.375,50.2],[7.353,50.146],[7.284,50.111],[7.238,50.111],[7.229,50.135],[7.196,50.143],[7.159,50.167],[7.149,50.163],[7.154,50.146],[7.193,50.131],[7.203,50.105],[7.249,50.062],[7.267,50.033],[7.283,49.993],[7.269,49.955],[7.241,49.953],[7.165,49.99],[7.163,49.978],[7.14,49.978],[7.124,50.027],[7.125,50.043],[7.093,50.071],[7.076,50.073],[7.056,50.061],[7.02,50.061],[7.019,50.047],[6.982,50.043],[6.992,50.019],[6.988,49.989],[6.963,49.972],[6.961,49.959],[7.057,49.942],[7.108,49.919],[7.163,49.857],[7.211,49.854],[7.246,49.817],[7.168,49.782],[7.153,49.743],[7.124,49.729],[7.093,49.73],[7.052,49.768],[7.023,49.779],[6.898,49.745],[6.902,49.732],[6.98,49.715],[6.991,49.704],[6.975,49.681],[7.065,49.709],[7.074,49.692],[7.054,49.676],[6.986,49.661],[6.976,49.652],[6.978,49.632],[6.9,49.598],[6.893,49.575],[6.84,49.581],[6.856,49.555],[6.85,49.541],[6.784,49.555],[6.792,49.504],[6.803,49.503],[6.82,49.523],[6.837,49.524],[6.901,49.495],[6.89,49.479],[6.765,49.445],[6.751,49.431],[6.77,49.412],[6.767,49.404],[6.713,49.397],[6.71,49.414],[6.741,49.439],[6.738,49.449],[6.705,49.456],[6.659,49.445],[6.688,49.417],[6.652,49.398],[6.644,49.401],[6.607,49.467],[6.554,49.501],[6.588,49.505],[6.627,49.543],[6.597,49.547],[6.595,49.563],[6.578,49.561],[6.559,49.576],[6.545,49.567]],[[7.567,50.455],[7.566,50.447],[7.587,50.431],[7.665,50.454],[7.664,50.469],[7.702,50.456],[7.708,50.461],[7.7,50.498],[7.705,50.507],[7.679,50.514],[7.661,50.498],[7.616,50.479],[7.607,50.462],[7.567,50.455]],[[7.649,50.385],[7.631,50.365],[7.659,50.35],[7.67,50.377],[7.649,50.385]],[[7.361,50.408],[7.347,50.4],[7.36,50.381],[7.382,50.397],[7.361,50.408]],[[7.285,50.363],[7.264,50.36],[7.27,50.342],[7.311,50.348],[7.314,50.356],[7.285,50.363]],[[7.358,50.243],[7.337,50.227],[7.33,50.212],[7.365,50.21],[7.371,50.243],[7.358,50.243]],[[7.217,50.2],[7.21,50.19],[7.227,50.181],[7.227,50.195],[7.217,50.2]],[[7.259,50.496],[7.242,50.503],[7.234,50.492],[7.249,50.48],[7.259,50.496]],[[6.991,49.902],[6.997,49.886],[6.992,49.87],[7.025,49.855],[7.032,49.834],[7.076,49.832],[7.083,49.838],[7.083,49.863],[7.073,49.878],[7.08,49.89],[7.069,49.9],[7.043,49.914],[6.991,49.902]],[[6.645,49.731],[6.636,49.687],[6.714,49.687],[6.722,49.696],[6.712,49.721],[6.672,49.713],[6.658,49.732],[6.645,49.731]],[[6.615,49.815],[6.588,49.812],[6.588,49.8],[6.605,49.796],[6.615,49.802],[6.615,49.815]],[[6.615,49.847],[6.591,49.836],[6.609,49.826],[6.62,49.833],[6.615,49.847]],[[6.61,49.661],[6.576,49.663],[6.572,49.643],[6.595,49.632],[6.612,49.613],[6.642,49.608],[6.655,49.616],[6.61,49.661]],[[6.705,49.654],[6.704,49.619],[6.71,49.616],[6.746,49.619],[6.784,49.634],[6.777,49.652],[6.742,49.646],[6.721,49.659],[6.705,49.654]],[[6.812,49.621],[6.793,49.623],[6.794,49.598],[6.784,49.576],[6.794,49.574],[6.822,49.594],[6.812,49.621]],[[6.691,50.322],[6.693,50.3],[6.734,50.316],[6.732,50.323],[6.691,50.322]]],[[[7.136,49.54],[7.159,49.514],[7.187,49.538],[7.244,49.539],[7.246,49.522],[7.21,49.506],[7.204,49.456],[7.138,49.457],[7.126,49.46],[7.136,49.502],[7.114,49.535],[7.136,49.54]]],[[[6.937,49.499],[7.017,49.508],[7.023,49.52],[7.041,49.526],[7.072,49.518],[7.076,49.509],[7.009,49.454],[6.92,49.477],[6.925,49.493],[6.937,49.499]]],[[[6.398,50.32],[6.372,50.297],[6.293,50.29],[6.276,50.274],[6.179,50.284],[6.182,50.308],[6.235,50.335],[6.229,50.39],[6.249,50.407],[6.253,50.436],[6.305,50.468],[6.326,50.457],[6.344,50.422],[6.369,50.405],[6.367,50.387],[6.398,50.32]]],[[[7.315,50.568],[7.336,50.569],[7.352,50.586],[7.376,50.565],[7.378,50.535],[7.395,50.518],[7.355,50.514],[7.315,50.568]]],[[[7.437,50.737],[7.47,50.727],[7.516,50.736],[7.53,50.708],[7.508,50.686],[7.513,50.653],[7.468,50.654],[7.475,50.668],[7.442,50.682],[7.437,50.737]]],[[[8.18,50.458],[8.198,50.459],[8.22,50.441],[8.292,50.42],[8.278,50.4],[8.245,50.405],[8.224,50.4],[8.228,50.385],[8.26,50.374],[8.233,50.335],[8.16,50.354],[8.117,50.377],[8.055,50.384],[8.036,50.401],[8.048,50.442],[8.092,50.439],[8.117,50.419],[8.167,50.42],[8.18,50.458]]],[[[7.073,49.376],[7.113,49.366],[7.112,49.347],[7.101,49.344],[7.071,49.355],[7.073,49.376]]],[[[6.23,50.194],[6.392,50.16],[6.432,50.183],[6.457,50.165],[6.433,50.121],[6.448,50.09],[6.445,50.051],[6.421,50.06],[6.375,50.063],[6.374,50.092],[6.348,50.103],[6.321,50.102],[6.295,50.078],[6.27,50.076],[6.266,50.094],[6.244,50.122],[6.226,50.183],[6.23,50.194]]]]}},{"type":"Feature","properties":{"NAME":"Archbishopric of Cologne","SUBJECTO":"Holy Roman Empire","PARTOF":"Holy Roman Empire"},"geometry":{"type":"MultiPolygon","coordinates":[[[[6.337,51.365],[6.351,51.283],[6.432,51.239],[6.498,51.221],[6.522,51.199],[6.519,51.189],[6.491,51.18],[6.515,51.142],[6.555,51.152],[6.567,51.14],[6.601,51.144],[6.602,51.136],[6.576,51.105],[6.591,51.098],[6.596,51.085],[6.626,51.081],[6.611,51.064],[6.582,51.052],[6.568,51.062],[6.574,51.079],[6.568,51.085],[6.51,51.087],[6.497,51.051],[6.516,51.055],[6.526,51.048],[6.514,51.031],[6.518,51.018],[6.543,51.008],[6.544,50.997],[6.528,50.983],[6.533,50.974],[6.548,50.966],[6.567,50.979],[6.599,50.981],[6.605,50.993],[6.672,50.998],[6.667,50.995],[6.688,50.976],[6.714,50.985],[6.738,50.974],[6.722,50.954],[6.726,50.939],[6.802,50.947],[6.816,50.939],[6.813,50.91],[6.766,50.89],[6.762,50.858],[6.746,50.858],[6.722,50.87],[6.687,50.863],[6.651,50.878],[6.638,50.906],[6.609,50.89],[6.59,50.861],[6.592,50.83],[6.603,50.823],[6.621,50.834],[6.64,50.825],[6.661,50.834],[6.694,50.831],[6.68,50.818],[6.675,50.78],[6.639,50.763],[6.64,50.757],[6.693,50.755],[6.707,50.715],[6.763,50.708],[6.766,50.719],[6.754,50.746],[6.79,50.752],[6.798,50.766],[6.847,50.749],[6.846,50.716],[6.819,50.695],[6.81,50.675],[6.795,50.665],[6.78,50.665],[6.775,50.645],[6.762,50.633],[6.758,50.605],[6.776,50.598],[6.771,50.587],[6.792,50.584],[6.809,50.592],[6.819,50.621],[6.812,50.641],[6.832,50.654],[6.861,50.688],[6.866,50.705],[6.875,50.706],[6.898,50.702],[6.887,50.679],[6.889,50.659],[6.944,50.667],[6.952,50.657],[6.908,50.648],[6.901,50.634],[6.913,50.624],[6.91,50.619],[6.886,50.627],[6.869,50.619],[6.898,50.595],[6.917,50.597],[6.94,50.623],[6.969,50.64],[6.987,50.64],[7.001,50.62],[7.121,50.662],[7.133,50.659],[7.089,50.638],[7.147,50.618],[7.168,50.625],[7.184,50.621],[7.207,50.639],[7.246,50.644],[7.242,50.669],[7.318,50.67],[7.337,50.689],[7.311,50.7],[7.297,50.699],[7.29,50.69],[7.248,50.701],[7.216,50.695],[7.153,50.729],[7.164,50.74],[7.183,50.742],[7.204,50.767],[7.171,50.774],[7.149,50.759],[7.078,50.761],[7.029,50.802],[7,50.813],[6.958,50.817],[6.951,50.821],[6.951,50.838],[6.988,50.84],[7.046,50.869],[7.051,50.884],[7.012,50.9],[7.031,50.915],[7.057,50.905],[7.068,50.909],[7.07,50.95],[7.018,50.962],[7.013,50.977],[7.015,50.96],[6.998,50.946],[6.993,50.927],[6.937,50.925],[6.93,50.942],[6.972,50.958],[6.974,50.978],[7.011,50.98],[7.009,50.986],[6.965,51.003],[6.96,51.037],[6.952,51.042],[6.874,51.064],[6.842,51.083],[6.809,51.083],[6.809,51.101],[6.853,51.119],[6.833,51.13],[6.847,51.155],[6.833,51.164],[6.813,51.148],[6.794,51.151],[6.781,51.18],[6.759,51.159],[6.753,51.163],[6.746,51.188],[6.718,51.213],[6.725,51.227],[6.75,51.233],[6.753,51.24],[6.711,51.274],[6.711,51.289],[6.726,51.304],[6.725,51.326],[6.644,51.358],[6.639,51.376],[6.653,51.388],[6.65,51.414],[6.567,51.412],[6.563,51.427],[6.553,51.427],[6.538,51.411],[6.508,51.412],[6.492,51.4],[6.471,51.416],[6.365,51.408],[6.362,51.39],[6.344,51.38],[6.337,51.365]],[[6.489,51.377],[6.504,51.389],[6.524,51.38],[6.511,51.363],[6.501,51.361],[6.489,51.377]],[[6.542,51.332],[6.549,51.341],[6.546,51.358],[6.578,51.353],[6.593,51.343],[6.555,51.318],[6.542,51.332]],[[6.681,51.108],[6.684,51.117],[6.711,51.121],[6.725,51.116],[6.73,51.099],[6.681,51.108]],[[6.683,51.14],[6.685,51.149],[6.712,51.157],[6.716,51.145],[6.707,51.139],[6.696,51.134],[6.683,51.14]],[[6.711,51.018],[6.712,51.032],[6.729,51.037],[6.728,51.052],[6.755,51.041],[6.769,51.046],[6.753,51.071],[6.759,51.071],[6.772,51.069],[6.796,51.046],[6.829,51.043],[6.832,51.035],[6.821,51.024],[6.844,51.016],[6.831,50.987],[6.805,50.982],[6.77,50.992],[6.74,51.016],[6.711,51.018]],[[6.854,50.868],[6.855,50.882],[6.885,50.874],[6.865,50.862],[6.854,50.868]],[[6.872,50.851],[6.91,50.871],[6.922,50.869],[6.921,50.849],[6.902,50.853],[6.879,50.845],[6.872,50.851]],[[6.872,50.9],[6.889,50.922],[6.922,50.914],[6.938,50.919],[6.934,50.895],[6.923,50.888],[6.872,50.9]]],[[[6.373,51.535],[6.449,51.52],[6.448,51.505],[6.431,51.484],[6.447,51.482],[6.453,51.491],[6.469,51.492],[6.487,51.48],[6.512,51.492],[6.533,51.489],[6.567,51.524],[6.549,51.539],[6.556,51.55],[6.598,51.538],[6.612,51.543],[6.616,51.557],[6.601,51.565],[6.599,51.586],[6.548,51.595],[6.547,51.613],[6.534,51.619],[6.533,51.627],[6.551,51.64],[6.548,51.65],[6.528,51.653],[6.5,51.637],[6.475,51.633],[6.476,51.621],[6.487,51.614],[6.481,51.603],[6.491,51.594],[6.488,51.587],[6.475,51.577],[6.4,51.576],[6.403,51.559],[6.375,51.554],[6.373,51.535]]],[[[6.393,51.156],[6.409,51.105],[6.43,51.09],[6.457,51.099],[6.461,51.129],[6.485,51.139],[6.468,51.169],[6.445,51.168],[6.42,51.145],[6.409,51.155],[6.393,51.156]]],[[[6.465,50.985],[6.48,50.964],[6.5,50.973],[6.489,50.986],[6.465,50.985]]],[[[6.513,50.482],[6.561,50.481],[6.588,50.498],[6.594,50.508],[6.586,50.528],[6.573,50.532],[6.537,50.528],[6.534,50.515],[6.513,50.511],[6.521,50.498],[6.513,50.482]]],[[[6.573,50.723],[6.577,50.709],[6.611,50.708],[6.634,50.693],[6.679,50.726],[6.674,50.735],[6.63,50.746],[6.601,50.726],[6.573,50.723]]],[[[6.582,50.566],[6.594,50.555],[6.593,50.539],[6.628,50.524],[6.663,50.533],[6.666,50.538],[6.647,50.557],[6.653,50.575],[6.644,50.583],[6.591,50.59],[6.592,50.579],[6.582,50.566]]],[[[6.625,50.953],[6.659,50.929],[6.691,50.941],[6.693,50.947],[6.667,50.964],[6.629,50.967],[6.625,50.953]]],[[[6.778,50.409],[6.779,50.4],[6.8,50.397],[6.816,50.378],[6.855,50.362],[6.895,50.378],[6.931,50.346],[6.992,50.376],[6.974,50.384],[6.972,50.403],[6.994,50.43],[7.021,50.438],[7.006,50.457],[7.023,50.469],[7.019,50.486],[7.056,50.514],[7.06,50.525],[7.113,50.545],[7.135,50.572],[7.065,50.565],[7.029,50.539],[6.994,50.532],[6.984,50.535],[6.982,50.55],[7.002,50.569],[6.913,50.58],[6.894,50.574],[6.902,50.552],[6.841,50.554],[6.846,50.544],[6.878,50.532],[6.885,50.523],[6.874,50.517],[6.841,50.534],[6.799,50.535],[6.807,50.524],[6.783,50.509],[6.785,50.503],[6.812,50.49],[6.85,50.485],[6.833,50.453],[6.778,50.409]]],[[[6.865,50.29],[6.901,50.281],[6.917,50.257],[6.982,50.254],[6.997,50.244],[7.023,50.275],[7.021,50.293],[7.004,50.304],[6.945,50.326],[6.877,50.314],[6.865,50.29]]],[[[7.035,50.572],[7.061,50.575],[7.087,50.602],[7.048,50.597],[7.037,50.592],[7.035,50.572]]],[[[7.163,50.454],[7.201,50.44],[7.248,50.447],[7.25,50.454],[7.215,50.466],[7.163,50.454]]],[[[7.2,50.518],[7.213,50.494],[7.257,50.498],[7.271,50.513],[7.243,50.522],[7.2,50.518]]],[[[7.244,50.602],[7.307,50.551],[7.385,50.567],[7.417,50.528],[7.44,50.535],[7.459,50.528],[7.508,50.55],[7.513,50.615],[7.503,50.626],[7.523,50.652],[7.521,50.679],[7.504,50.681],[7.483,50.713],[7.464,50.722],[7.423,50.728],[7.4,50.716],[7.412,50.687],[7.386,50.674],[7.383,50.652],[7.262,50.642],[7.246,50.623],[7.244,50.602]]],[[[7.253,50.431],[7.276,50.426],[7.288,50.436],[7.267,50.441],[7.253,50.431]]],[[[7.307,50.462],[7.317,50.454],[7.349,50.465],[7.369,50.444],[7.395,50.431],[7.398,50.419],[7.413,50.416],[7.445,50.413],[7.467,50.436],[7.446,50.45],[7.378,50.472],[7.349,50.497],[7.329,50.492],[7.307,50.462]]],[[[7.445,50.282],[7.455,50.266],[7.517,50.273],[7.492,50.295],[7.457,50.3],[7.445,50.282]]],[[[7.54,50.304],[7.568,50.281],[7.629,50.295],[7.594,50.322],[7.54,50.304]]],[[[7.735,50.759],[7.752,50.75],[7.78,50.756],[7.791,50.751],[7.795,50.739],[7.813,50.741],[7.829,50.757],[7.844,50.76],[7.852,50.809],[7.825,50.805],[7.819,50.791],[7.806,50.798],[7.792,50.793],[7.788,50.782],[7.774,50.793],[7.754,50.785],[7.752,50.769],[7.739,50.77],[7.735,50.759]]]]}},{"type":"Feature","properties":{"NAME":"Archbishopric of Salzburg","SUBJECTO":"Holy Roman Empire","PARTOF":"Holy Roman Empire"},"geometry":{"type":"MultiPolygon","coordinates":[[[[15.752,45.993],[15.785,45.972],[15.799,45.946],[15.81,45.896],[15.801,45.874],[15.741,45.879],[15.663,45.901],[15.558,45.974],[15.476,45.967],[15.421,45.988],[15.39,46.007],[15.372,46.044],[15.388,46.058],[15.42,46.06],[15.488,46.033],[15.522,46.032],[15.543,46.047],[15.572,46.051],[15.616,46.035],[15.644,45.991],[15.675,45.972],[15.752,45.993]]],[[[16.25,46.429],[16.306,46.427],[16.374,46.391],[16.39,46.361],[16.374,46.316],[16.338,46.302],[16.264,46.302],[16.227,46.318],[16.177,46.325],[16.052,46.319],[15.983,46.363],[15.958,46.401],[15.888,46.471],[15.902,46.501],[15.926,46.515],[15.96,46.511],[16.045,46.479],[16.129,46.475],[16.205,46.419],[16.25,46.429]]],[[[14.555,46.708],[14.581,46.692],[14.579,46.672],[14.541,46.648],[14.507,46.646],[14.457,46.656],[14.425,46.678],[14.431,46.724],[14.475,46.736],[14.555,46.708]]],[[[15.617,46.778],[15.637,46.766],[15.633,46.702],[15.589,46.676],[15.465,46.74],[15.463,46.764],[15.529,46.798],[15.563,46.8],[15.617,46.778]]],[[[14.716,47.031],[14.742,47.005],[14.754,46.911],[14.8,46.883],[14.816,46.859],[14.818,46.82],[14.714,46.855],[14.599,46.861],[14.535,46.965],[14.521,47.001],[14.559,47.015],[14.627,47.021],[14.661,47.035],[14.716,47.031]]],[[[12.578,48.257],[12.564,48.23],[12.53,48.229],[12.507,48.242],[12.508,48.253],[12.521,48.266],[12.55,48.268],[12.578,48.257]]],[[[12.857,47.005],[12.967,46.989],[12.963,46.963],[12.909,46.925],[12.917,46.871],[12.911,46.859],[12.877,46.847],[12.843,46.849],[12.808,46.84],[12.754,46.846],[12.768,46.867],[12.83,46.909],[12.83,46.957],[12.857,47.005]]],[[[12.778,48.139],[12.885,48.079],[13.001,48.073],[13.045,48.049],[13.089,48.063],[13.103,48.079],[13.152,48.073],[13.214,48.053],[13.27,48.053],[13.326,48.033],[13.356,48.003],[13.31,47.915],[13.302,47.864],[13.336,47.83],[13.419,47.812],[13.457,47.746],[13.495,47.72],[13.507,47.698],[13.515,47.628],[13.535,47.601],[13.539,47.535],[13.573,47.497],[13.579,47.368],[13.619,47.312],[13.67,47.29],[13.728,47.284],[13.868,47.288],[13.901,47.254],[13.913,47.21],[13.937,47.186],[14.017,47.186],[13.993,47.14],[13.991,47.101],[13.945,47.067],[13.872,46.989],[13.838,46.969],[13.764,46.953],[13.591,46.949],[13.527,46.935],[13.385,46.965],[13.272,47.033],[13.242,47.073],[13.204,47.103],[13.055,47.107],[12.935,47.144],[12.865,47.182],[12.746,47.174],[12.67,47.164],[12.65,47.146],[12.618,47.031],[12.596,46.997],[12.577,46.975],[12.545,46.957],[12.491,46.953],[12.471,46.989],[12.463,47.029],[12.469,47.13],[12.439,47.174],[12.411,47.186],[12.304,47.188],[12.146,47.16],[12.013,47.158],[11.853,47.118],[11.79,47.12],[11.696,47.152],[11.652,47.154],[11.65,47.182],[11.662,47.23],[11.7,47.288],[11.758,47.32],[11.801,47.358],[11.829,47.419],[11.871,47.453],[11.861,47.479],[11.893,47.493],[11.929,47.479],[11.973,47.447],[12.027,47.427],[12.212,47.379],[12.393,47.393],[12.475,47.383],[12.515,47.393],[12.604,47.481],[12.67,47.511],[12.62,47.589],[12.598,47.663],[12.688,47.724],[12.732,47.724],[12.782,47.698],[12.798,47.674],[12.813,47.612],[12.869,47.577],[13.029,47.518],[13.075,47.523],[13.087,47.555],[13.087,47.593],[13.064,47.674],[13.106,47.73],[13.067,47.746],[12.953,47.768],[12.863,47.84],[12.786,47.866],[12.748,47.917],[12.684,47.957],[12.644,47.995],[12.624,48.027],[12.608,48.071],[12.626,48.085],[12.716,48.133],[12.778,48.139]]]]}},{"type":"Feature","properties":{"NAME":"Duchy of Württemberg","SUBJECTO":"Holy Roman Empire","PARTOF":"Holy Roman Empire"},"geometry":{"type":"MultiPolygon","coordinates":[[[[8.522,49.321],[8.541,49.321],[8.558,49.307],[8.559,49.297],[8.541,49.279],[8.501,49.283],[8.498,49.319],[8.484,49.339],[8.495,49.342],[8.522,49.321]]],[[[8.816,49.148],[8.816,49.131],[8.766,49.116],[8.749,49.102],[8.721,49.101],[8.714,49.108],[8.733,49.143],[8.799,49.154],[8.816,49.148]]],[[[8.693,49.183],[8.701,49.168],[8.692,49.133],[8.678,49.125],[8.646,49.126],[8.662,49.179],[8.693,49.183]]],[[[6.935,47.331],[6.945,47.314],[6.939,47.303],[6.952,47.29],[6.93,47.274],[6.916,47.276],[6.903,47.324],[6.935,47.331]]],[[[6.621,47.689],[6.667,47.663],[6.705,47.66],[6.738,47.633],[6.781,47.615],[6.792,47.588],[6.79,47.556],[6.865,47.571],[6.932,47.519],[6.925,47.481],[6.939,47.453],[6.935,47.396],[6.914,47.4],[6.832,47.383],[6.816,47.375],[6.805,47.349],[6.765,47.338],[6.733,47.356],[6.7,47.36],[6.728,47.407],[6.753,47.405],[6.766,47.457],[6.781,47.472],[6.721,47.492],[6.718,47.454],[6.657,47.432],[6.638,47.445],[6.63,47.443],[6.612,47.418],[6.595,47.418],[6.583,47.434],[6.579,47.492],[6.539,47.47],[6.503,47.473],[6.496,47.483],[6.499,47.494],[6.535,47.498],[6.517,47.535],[6.468,47.549],[6.47,47.565],[6.533,47.554],[6.548,47.559],[6.556,47.583],[6.523,47.588],[6.51,47.601],[6.51,47.613],[6.581,47.679],[6.621,47.689]]],[[[7.568,48.088],[7.544,48.065],[7.571,48.011],[7.551,48.005],[7.518,48.01],[7.508,48.024],[7.475,48.018],[7.404,48.028],[7.384,48.052],[7.4,48.058],[7.394,48.093],[7.407,48.094],[7.424,48.081],[7.438,48.086],[7.439,48.1],[7.45,48.105],[7.485,48.107],[7.517,48.12],[7.538,48.114],[7.568,48.088]]],[[[9.379,49.386],[9.4,49.346],[9.397,49.31],[9.366,49.312],[9.348,49.279],[9.323,49.275],[9.308,49.325],[9.314,49.344],[9.322,49.358],[9.344,49.367],[9.346,49.386],[9.379,49.386]]],[[[9.447,49.334],[9.478,49.33],[9.481,49.313],[9.439,49.273],[9.439,49.246],[9.405,49.218],[9.403,49.199],[9.432,49.191],[9.445,49.206],[9.484,49.197],[9.466,49.181],[9.457,49.15],[9.414,49.155],[9.429,49.133],[9.467,49.109],[9.5,49.129],[9.534,49.109],[9.503,49.09],[9.539,49.072],[9.594,49.065],[9.619,49.047],[9.646,49.041],[9.741,49.044],[9.752,49.029],[9.75,49.01],[9.711,49.022],[9.683,49.017],[9.662,48.996],[9.659,48.977],[9.686,48.964],[9.671,48.949],[9.722,48.925],[9.723,48.891],[9.691,48.882],[9.689,48.873],[9.743,48.848],[9.747,48.834],[9.732,48.778],[9.74,48.769],[9.737,48.746],[9.695,48.645],[9.71,48.636],[9.702,48.624],[9.682,48.619],[9.649,48.581],[9.567,48.565],[9.555,48.547],[9.557,48.495],[9.61,48.483],[9.607,48.501],[9.65,48.505],[9.699,48.5],[9.778,48.474],[9.808,48.44],[9.839,48.441],[9.839,48.455],[9.872,48.44],[9.863,48.436],[9.859,48.412],[9.884,48.397],[9.842,48.349],[9.821,48.334],[9.731,48.339],[9.741,48.369],[9.708,48.383],[9.693,48.404],[9.671,48.409],[9.659,48.337],[9.594,48.334],[9.613,48.357],[9.557,48.36],[9.536,48.352],[9.512,48.367],[9.479,48.367],[9.476,48.348],[9.418,48.343],[9.418,48.324],[9.396,48.318],[9.368,48.342],[9.344,48.351],[9.274,48.349],[9.268,48.363],[9.244,48.369],[9.207,48.343],[9.173,48.343],[9.167,48.376],[9.106,48.361],[9.07,48.361],[9.027,48.381],[8.98,48.373],[8.957,48.378],[8.945,48.389],[9.008,48.422],[9.023,48.44],[9.039,48.483],[9.029,48.498],[8.987,48.5],[8.904,48.519],[8.899,48.5],[8.917,48.494],[8.911,48.48],[8.832,48.465],[8.852,48.489],[8.797,48.516],[8.774,48.516],[8.715,48.51],[8.713,48.498],[8.753,48.495],[8.736,48.479],[8.676,48.489],[8.605,48.483],[8.608,48.43],[8.567,48.428],[8.567,48.413],[8.584,48.412],[8.6,48.391],[8.603,48.349],[8.666,48.355],[8.703,48.379],[8.731,48.367],[8.724,48.357],[8.722,48.327],[8.744,48.3],[8.74,48.269],[8.77,48.269],[8.752,48.241],[8.749,48.217],[8.672,48.202],[8.667,48.23],[8.646,48.23],[8.645,48.239],[8.661,48.262],[8.66,48.273],[8.569,48.27],[8.572,48.288],[8.532,48.297],[8.515,48.291],[8.506,48.276],[8.432,48.272],[8.405,48.259],[8.395,48.273],[8.398,48.293],[8.362,48.308],[8.353,48.32],[8.352,48.349],[8.334,48.364],[8.338,48.379],[8.364,48.406],[8.344,48.428],[8.322,48.43],[8.252,48.464],[8.239,48.494],[8.23,48.577],[8.252,48.58],[8.288,48.571],[8.312,48.577],[8.443,48.65],[8.454,48.702],[8.492,48.723],[8.498,48.751],[8.456,48.752],[8.429,48.736],[8.395,48.748],[8.404,48.834],[8.417,48.836],[8.448,48.815],[8.475,48.809],[8.502,48.815],[8.517,48.819],[8.521,48.833],[8.512,48.848],[8.511,48.892],[8.547,48.885],[8.573,48.897],[8.603,48.879],[8.649,48.898],[8.658,48.883],[8.657,48.851],[8.731,48.831],[8.731,48.788],[8.822,48.781],[8.85,48.8],[8.838,48.821],[8.795,48.842],[8.794,48.849],[8.819,48.885],[8.832,48.926],[8.852,48.935],[8.819,48.941],[8.779,48.925],[8.75,48.932],[8.739,48.94],[8.785,48.965],[8.789,48.977],[8.725,48.996],[8.688,48.983],[8.682,48.989],[8.695,49.016],[8.743,49.039],[8.789,49.078],[8.834,49.09],[8.858,49.106],[8.89,49.087],[8.959,49.099],[8.996,49.142],[9.038,49.16],[9.066,49.194],[9.085,49.194],[9.088,49.173],[9.113,49.155],[9.124,49.164],[9.124,49.181],[9.151,49.193],[9.162,49.167],[9.198,49.158],[9.194,49.133],[9.223,49.086],[9.299,49.121],[9.289,49.158],[9.328,49.187],[9.328,49.215],[9.351,49.234],[9.375,49.24],[9.382,49.286],[9.406,49.292],[9.447,49.334]],[[9.31,48.992],[9.276,48.996],[9.272,48.986],[9.281,48.974],[9.3,48.975],[9.31,48.992]],[[9.374,48.973],[9.343,49.002],[9.33,49],[9.336,48.965],[9.374,48.973]],[[9.18,48.748],[9.14,48.744],[9.122,48.757],[9.076,48.746],[9.083,48.729],[9.138,48.724],[9.15,48.709],[9.19,48.724],[9.194,48.734],[9.18,48.748]],[[9.399,48.743],[9.342,48.774],[9.303,48.775],[9.286,48.768],[9.295,48.744],[9.349,48.712],[9.391,48.699],[9.411,48.666],[9.464,48.681],[9.459,48.696],[9.406,48.703],[9.36,48.727],[9.36,48.735],[9.393,48.732],[9.399,48.743]],[[8.917,48.775],[8.872,48.77],[8.847,48.75],[8.85,48.738],[8.89,48.732],[8.914,48.74],[8.925,48.763],[8.917,48.775]],[[9.241,48.532],[9.226,48.536],[9.191,48.526],[9.177,48.534],[9.163,48.527],[9.162,48.504],[9.125,48.478],[9.179,48.461],[9.198,48.465],[9.263,48.512],[9.241,48.532]],[[9.618,48.65],[9.591,48.629],[9.6,48.616],[9.621,48.609],[9.638,48.622],[9.618,48.65]],[[9.704,48.785],[9.647,48.768],[9.654,48.743],[9.681,48.741],[9.709,48.768],[9.704,48.785]]],[[[9.866,48.945],[9.896,48.942],[9.891,48.923],[9.836,48.897],[9.807,48.9],[9.807,48.89],[9.82,48.859],[9.843,48.856],[9.856,48.871],[9.883,48.865],[9.87,48.83],[9.865,48.824],[9.823,48.83],[9.795,48.811],[9.778,48.812],[9.776,48.821],[9.788,48.837],[9.784,48.847],[9.756,48.863],[9.752,48.871],[9.768,48.888],[9.743,48.901],[9.743,48.909],[9.757,48.923],[9.819,48.914],[9.866,48.945]]],[[[10.187,48.698],[10.284,48.728],[10.32,48.705],[10.318,48.69],[10.308,48.684],[10.275,48.68],[10.263,48.652],[10.312,48.52],[10.31,48.491],[10.263,48.481],[10.25,48.534],[10.217,48.553],[10.196,48.556],[10.167,48.537],[10.143,48.532],[10.118,48.551],[10.082,48.55],[10.038,48.57],[9.996,48.575],[9.925,48.618],[9.929,48.64],[9.948,48.654],[9.953,48.676],[10.005,48.694],[10.02,48.729],[10.046,48.722],[10.125,48.77],[10.14,48.768],[10.187,48.698]],[[10.228,48.651],[10.22,48.66],[10.208,48.658],[10.202,48.599],[10.232,48.604],[10.251,48.619],[10.249,48.635],[10.228,48.651]]],[[[8.83,48.305],[8.886,48.31],[8.917,48.274],[8.939,48.275],[8.958,48.304],[8.97,48.309],[9.014,48.318],[9.042,48.314],[9.062,48.303],[9.076,48.274],[9.131,48.249],[9.146,48.192],[9.11,48.171],[9.095,48.21],[9.072,48.208],[9.064,48.178],[8.98,48.148],[8.958,48.146],[8.942,48.156],[8.845,48.153],[8.849,48.224],[8.788,48.23],[8.831,48.279],[8.83,48.305]],[[9.002,48.235],[8.952,48.226],[8.953,48.213],[8.926,48.184],[8.981,48.185],[9.006,48.203],[8.993,48.217],[9.002,48.235]]],[[[9.204,48.324],[9.249,48.303],[9.247,48.269],[9.231,48.268],[9.179,48.289],[9.178,48.308],[9.204,48.324]]],[[[9.39,48.214],[9.41,48.208],[9.397,48.181],[9.358,48.186],[9.39,48.214]]],[[[9.503,48.32],[9.525,48.308],[9.516,48.288],[9.46,48.293],[9.503,48.32]]],[[[8.379,48.256],[8.374,48.239],[8.354,48.226],[8.326,48.23],[8.329,48.249],[8.314,48.251],[8.283,48.239],[8.277,48.228],[8.307,48.204],[8.353,48.205],[8.376,48.175],[8.392,48.168],[8.446,48.165],[8.472,48.146],[8.417,48.121],[8.388,48.122],[8.41,48.088],[8.391,48.073],[8.377,48.073],[8.351,48.093],[8.296,48.064],[8.249,48.088],[8.245,48.109],[8.268,48.146],[8.265,48.16],[8.261,48.167],[8.218,48.175],[8.217,48.197],[8.185,48.201],[8.183,48.234],[8.194,48.274],[8.227,48.27],[8.238,48.259],[8.282,48.264],[8.307,48.292],[8.359,48.27],[8.373,48.272],[8.379,48.256]]],[[[8.405,48.202],[8.414,48.21],[8.443,48.202],[8.432,48.18],[8.421,48.179],[8.4,48.18],[8.405,48.202]]],[[[8.518,48.176],[8.532,48.171],[8.535,48.153],[8.492,48.158],[8.503,48.172],[8.518,48.176]]],[[[8.527,48.136],[8.537,48.131],[8.515,48.116],[8.498,48.12],[8.488,48.134],[8.491,48.141],[8.527,48.136]]],[[[8.478,48.105],[8.487,48.097],[8.483,48.081],[8.455,48.079],[8.451,48.092],[8.465,48.106],[8.478,48.105]]],[[[8.625,48.144],[8.625,48.132],[8.613,48.125],[8.578,48.132],[8.583,48.144],[8.599,48.149],[8.625,48.144]]],[[[8.531,48.046],[8.513,48.018],[8.503,48.015],[8.482,48.044],[8.514,48.046],[8.522,48.058],[8.531,48.046]]],[[[8.685,48.073],[8.693,48.063],[8.689,48.053],[8.642,48.04],[8.62,48.011],[8.652,48.006],[8.666,47.977],[8.64,47.975],[8.635,47.96],[8.603,47.962],[8.572,47.945],[8.538,47.955],[8.56,48.006],[8.601,48.027],[8.578,48.052],[8.644,48.079],[8.685,48.073]]],[[[8.728,48.028],[8.733,48.011],[8.714,48.007],[8.653,48.015],[8.67,48.033],[8.728,48.028]]],[[[8.837,47.997],[8.826,47.983],[8.833,47.96],[8.828,47.95],[8.807,47.935],[8.765,47.934],[8.758,47.959],[8.747,47.965],[8.748,47.973],[8.805,48.007],[8.837,47.997]]],[[[8.942,47.984],[8.947,47.973],[8.939,47.953],[8.957,47.944],[8.952,47.925],[8.929,47.925],[8.879,47.968],[8.942,47.984]]],[[[8.781,47.767],[8.79,47.759],[8.782,47.743],[8.757,47.748],[8.758,47.768],[8.781,47.767]]],[[[8.814,47.793],[8.833,47.797],[8.841,47.774],[8.857,47.764],[8.852,47.755],[8.835,47.745],[8.818,47.747],[8.817,47.761],[8.799,47.775],[8.814,47.793]]],[[[6.436,47.448],[6.394,47.419],[6.373,47.412],[6.359,47.422],[6.359,47.43],[6.403,47.453],[6.436,47.448]]],[[[6.488,47.407],[6.517,47.404],[6.555,47.346],[6.548,47.319],[6.589,47.272],[6.564,47.242],[6.5,47.252],[6.51,47.278],[6.477,47.272],[6.453,47.239],[6.433,47.243],[6.425,47.253],[6.422,47.299],[6.493,47.313],[6.484,47.365],[6.425,47.334],[6.41,47.33],[6.39,47.339],[6.466,47.4],[6.488,47.407]]]]}},{"type":"Feature","properties":{"NAME":"Duchy of Saxony","SUBJECTO":"Holy Roman Empire","PARTOF":"Holy Roman Empire"},"geometry":{"type":"MultiPolygon","coordinates":[[[[13.418,50.663],[13.354,50.659],[13.252,50.577],[13.193,50.568],[13.115,50.611],[13.082,50.617],[13.076,50.642],[13.018,50.635],[12.858,50.648],[12.79,50.669],[12.68,50.682],[12.67,50.688],[12.666,50.716],[12.672,50.722],[12.709,50.741],[12.738,50.768],[12.819,50.762],[12.828,50.767],[12.822,50.794],[12.815,50.804],[12.752,50.813],[12.702,50.915],[12.671,50.94],[12.674,50.956],[12.648,50.979],[12.606,50.987],[12.564,50.982],[12.528,51.007],[12.644,51.035],[12.699,51.077],[12.77,51.078],[12.857,51.1],[12.887,51.085],[12.922,51.092],[12.94,51.12],[12.984,51.121],[12.997,51.142],[13.05,51.157],[13.058,51.164],[13.058,51.183],[13.023,51.195],[13.022,51.224],[13.002,51.247],[13.015,51.253],[13.056,51.238],[13.064,51.243],[13.038,51.291],[12.991,51.294],[12.935,51.331],[12.879,51.349],[12.834,51.347],[12.822,51.365],[12.86,51.375],[12.91,51.422],[12.955,51.426],[13.057,51.408],[13.067,51.414],[13.047,51.428],[13.086,51.454],[13.099,51.454],[13.115,51.438],[13.145,51.441],[13.118,51.482],[13.116,51.497],[13.147,51.53],[13.182,51.516],[13.188,51.494],[13.213,51.49],[13.219,51.47],[13.282,51.463],[13.299,51.441],[13.275,51.424],[13.274,51.415],[13.29,51.399],[13.321,51.399],[13.316,51.431],[13.384,51.434],[13.428,51.411],[13.482,51.403],[13.508,51.435],[13.554,51.438],[13.521,51.488],[13.52,51.503],[13.526,51.539],[13.556,51.569],[13.555,51.575],[13.53,51.584],[13.479,51.572],[13.424,51.623],[13.417,51.644],[13.426,51.668],[13.459,51.671],[13.463,51.705],[13.513,51.722],[13.525,51.719],[13.533,51.707],[13.553,51.647],[13.569,51.623],[13.557,51.596],[13.564,51.59],[13.591,51.601],[13.606,51.587],[13.626,51.585],[13.654,51.59],[13.662,51.565],[13.65,51.541],[13.672,51.515],[13.674,51.502],[13.666,51.476],[13.733,51.481],[13.745,51.495],[13.805,51.518],[13.831,51.498],[13.826,51.481],[13.879,51.492],[13.888,51.498],[13.897,51.541],[13.972,51.557],[13.982,51.515],[14.032,51.526],[14.06,51.505],[14.056,51.478],[14.08,51.464],[14.082,51.452],[14.066,51.44],[14.023,51.443],[14.023,51.432],[14.048,51.414],[14.05,51.399],[14.034,51.386],[13.944,51.408],[13.932,51.398],[13.909,51.403],[13.908,51.429],[13.78,51.385],[13.624,51.376],[13.606,51.37],[13.615,51.361],[13.602,51.329],[13.724,51.319],[13.773,51.305],[13.779,51.286],[13.77,51.27],[13.781,51.255],[13.838,51.228],[13.876,51.229],[13.905,51.205],[13.984,51.17],[14.019,51.137],[14.011,51.12],[13.996,51.12],[13.983,51.098],[13.997,51.079],[13.984,51.06],[14,51.045],[14.017,51.048],[14.054,51.035],[14.108,51.043],[14.114,51.059],[14.143,51.066],[14.212,51.054],[14.255,51.065],[14.277,51.047],[14.28,51.016],[14.292,51.012],[14.296,50.997],[14.378,50.961],[14.386,50.939],[14.38,50.915],[14.323,50.924],[14.258,50.889],[14.107,50.861],[14.096,50.851],[13.989,50.855],[13.955,50.839],[13.942,50.803],[13.904,50.784],[13.702,50.77],[13.641,50.741],[13.597,50.709],[13.514,50.713],[13.441,50.705],[13.429,50.695],[13.425,50.668],[13.418,50.663]]],[[[12.166,51.47],[12.126,51.5],[12.07,51.505],[12.042,51.551],[12.062,51.568],[12.088,51.573],[12.137,51.602],[12.273,51.611],[12.348,51.632],[12.359,51.641],[12.357,51.658],[12.365,51.66],[12.399,51.651],[12.442,51.655],[12.452,51.651],[12.453,51.64],[12.447,51.599],[12.471,51.57],[12.434,51.558],[12.443,51.54],[12.428,51.523],[12.43,51.495],[12.523,51.442],[12.541,51.421],[12.517,51.418],[12.512,51.403],[12.568,51.356],[12.565,51.349],[12.518,51.348],[12.487,51.336],[12.483,51.321],[12.514,51.243],[12.511,51.228],[12.399,51.21],[12.365,51.175],[12.355,51.129],[12.273,51.119],[12.238,51.136],[12.226,51.157],[12.192,51.153],[12.187,51.086],[12.179,51.079],[12.117,51.076],[12.102,51.051],[12.06,51.049],[12.047,51.026],[11.988,51.009],[11.96,50.983],[11.95,50.988],[11.939,51.019],[11.924,51.022],[11.912,51.018],[11.907,51.006],[11.91,50.987],[11.875,50.985],[11.866,51.001],[11.829,51.004],[11.78,50.988],[11.74,50.96],[11.692,50.954],[11.602,50.953],[11.486,50.991],[11.478,50.996],[11.495,51.017],[11.537,51.006],[11.563,51.016],[11.551,51.047],[11.586,51.065],[11.591,51.082],[11.575,51.089],[11.537,51.078],[11.524,51.083],[11.509,51.107],[11.492,51.106],[11.487,51.086],[11.478,51.08],[11.425,51.103],[11.458,51.126],[11.452,51.159],[11.463,51.186],[11.447,51.188],[11.363,51.174],[11.358,51.169],[11.371,51.154],[11.332,51.133],[11.305,51.134],[11.266,51.15],[11.197,51.114],[11.171,51.115],[11.162,51.151],[11.124,51.162],[11.118,51.153],[11.125,51.146],[11.118,51.141],[11.051,51.128],[11.02,51.133],[10.999,51.129],[10.878,51.068],[10.799,51.072],[10.793,51.086],[10.816,51.109],[10.814,51.119],[10.791,51.126],[10.76,51.118],[10.748,51.1],[10.698,51.099],[10.625,51.063],[10.53,51.093],[10.449,51.095],[10.395,51.134],[10.399,51.146],[10.422,51.155],[10.474,51.159],[10.55,51.189],[10.577,51.19],[10.585,51.18],[10.597,51.186],[10.596,51.209],[10.633,51.228],[10.695,51.207],[10.722,51.211],[10.727,51.219],[10.804,51.199],[10.916,51.182],[10.952,51.184],[10.967,51.192],[10.927,51.221],[10.941,51.241],[11.001,51.268],[10.983,51.285],[10.989,51.29],[11.13,51.297],[11.184,51.29],[11.261,51.256],[11.316,51.278],[11.339,51.28],[11.363,51.313],[11.405,51.297],[11.469,51.291],[11.529,51.272],[11.561,51.272],[11.59,51.292],[11.619,51.28],[11.678,51.27],[11.687,51.264],[11.69,51.218],[11.697,51.21],[11.767,51.206],[11.773,51.194],[11.767,51.165],[11.781,51.132],[11.856,51.125],[11.889,51.14],[11.899,51.169],[11.873,51.186],[11.859,51.214],[11.915,51.234],[11.978,51.296],[11.999,51.28],[12.011,51.243],[12.082,51.238],[12.123,51.219],[12.164,51.219],[12.17,51.234],[12.181,51.237],[12.203,51.237],[12.209,51.228],[12.232,51.247],[12.295,51.263],[12.328,51.285],[12.28,51.342],[12.326,51.353],[12.33,51.362],[12.316,51.408],[12.324,51.42],[12.36,51.435],[12.362,51.446],[12.344,51.476],[12.344,51.491],[12.315,51.488],[12.311,51.481],[12.319,51.469],[12.222,51.467],[12.208,51.475],[12.181,51.463],[12.166,51.47]]],[[[11.458,51.056],[11.456,51.044],[11.412,51.031],[11.38,51.034],[11.374,51.043],[11.379,51.061],[11.408,51.077],[11.442,51.073],[11.458,51.056]]],[[[10.987,51.331],[10.991,51.32],[10.938,51.311],[10.917,51.311],[10.902,51.324],[10.857,51.334],[10.874,51.351],[10.902,51.359],[10.94,51.345],[10.967,51.345],[10.987,51.331]]],[[[10.792,51.346],[10.768,51.333],[10.746,51.333],[10.717,51.339],[10.708,51.345],[10.708,51.355],[10.752,51.364],[10.792,51.346]]],[[[11.083,51.087],[11.092,51.066],[11.053,51.053],[11.018,51.059],[10.999,51.074],[10.998,51.086],[11.083,51.087]]],[[[11.399,51.523],[11.426,51.518],[11.47,51.481],[11.474,51.467],[11.44,51.43],[11.416,51.43],[11.366,51.447],[11.311,51.401],[11.163,51.381],[11.139,51.385],[11.123,51.408],[11.132,51.432],[11.128,51.452],[11.222,51.492],[11.179,51.499],[11.161,51.513],[11.3,51.541],[11.316,51.541],[11.355,51.521],[11.399,51.523]]],[[[12.169,51.719],[12.172,51.707],[12.164,51.687],[12.189,51.671],[12.186,51.645],[12.138,51.626],[12.093,51.624],[12.049,51.634],[11.948,51.625],[11.94,51.638],[11.947,51.659],[11.927,51.68],[11.962,51.689],[11.994,51.681],[12.069,51.69],[12.144,51.724],[12.169,51.719]]],[[[10.48,51.215],[10.477,51.205],[10.465,51.202],[10.449,51.203],[10.428,51.218],[10.445,51.23],[10.48,51.215]]],[[[12.522,51.6],[12.52,51.594],[12.473,51.589],[12.467,51.625],[12.504,51.62],[12.516,51.615],[12.522,51.6]]],[[[12.247,51.376],[12.221,51.357],[12.18,51.35],[12.169,51.372],[12.152,51.375],[12.145,51.39],[12.164,51.4],[12.196,51.392],[12.233,51.397],[12.247,51.376]]]]}},{"type":"Feature","properties":{"NAME":"Electorate of Saxony","SUBJECTO":"Holy Roman Empire","PARTOF":"Holy Roman Empire"},"geometry":{"type":"MultiPolygon","coordinates":[[[[10.889,50.608],[10.919,50.609],[10.939,50.555],[10.953,50.544],[10.975,50.541],[10.982,50.502],[10.99,50.494],[11.054,50.484],[11.139,50.523],[11.162,50.507],[11.28,50.501],[11.277,50.446],[11.301,50.423],[11.287,50.397],[11.284,50.378],[11.293,50.369],[11.258,50.264],[11.235,50.246],[11.231,50.224],[11.196,50.217],[11.193,50.21],[11.214,50.192],[11.172,50.186],[11.12,50.207],[11.022,50.222],[10.99,50.22],[10.961,50.186],[10.874,50.184],[10.874,50.202],[10.906,50.2],[10.912,50.222],[10.935,50.247],[10.931,50.259],[10.897,50.253],[10.865,50.257],[10.808,50.232],[10.798,50.256],[10.784,50.264],[10.721,50.212],[10.7,50.221],[10.701,50.233],[10.672,50.24],[10.649,50.256],[10.648,50.271],[10.665,50.308],[10.639,50.341],[10.638,50.353],[10.655,50.355],[10.656,50.404],[10.638,50.455],[10.7,50.48],[10.804,50.464],[10.828,50.475],[10.86,50.52],[10.891,50.54],[10.889,50.608]]],[[[9.97,51],[9.984,50.974],[10.033,50.964],[10.03,50.944],[9.995,50.955],[9.963,50.952],[9.935,50.958],[9.954,50.975],[9.939,50.984],[9.939,50.995],[9.955,51.003],[9.97,51]]],[[[10.373,51.118],[10.406,51.075],[10.449,51.051],[10.458,51.08],[10.499,51.079],[10.54,51.06],[10.559,51.067],[10.572,51.06],[10.619,51.058],[10.632,51.07],[10.661,51.053],[10.74,51.081],[10.745,51.068],[10.733,51.046],[10.744,51.046],[10.788,51.063],[10.789,51.089],[10.831,51.098],[10.873,51.083],[10.865,51.067],[10.888,51.056],[10.897,51.038],[10.792,51.026],[10.79,51.001],[10.801,50.993],[10.876,50.99],[10.866,50.978],[10.885,50.967],[10.955,50.991],[11.005,50.966],[10.97,50.962],[10.957,50.952],[11.019,50.945],[10.993,50.919],[10.932,50.903],[10.901,50.882],[10.879,50.858],[10.878,50.797],[10.866,50.777],[10.793,50.756],[10.773,50.742],[10.793,50.732],[10.822,50.745],[10.873,50.752],[10.845,50.715],[10.84,50.667],[10.829,50.666],[10.788,50.671],[10.774,50.661],[10.727,50.662],[10.725,50.678],[10.684,50.678],[10.664,50.651],[10.635,50.69],[10.678,50.696],[10.687,50.709],[10.653,50.722],[10.649,50.743],[10.608,50.74],[10.582,50.749],[10.551,50.808],[10.526,50.813],[10.493,50.801],[10.479,50.815],[10.498,50.828],[10.5,50.842],[10.447,50.86],[10.419,50.866],[10.376,50.825],[10.352,50.817],[10.304,50.843],[10.223,50.855],[10.189,50.871],[10.168,50.866],[10.126,50.83],[10.083,50.846],[10.074,50.87],[10.079,50.885],[10.125,50.912],[10.165,50.904],[10.236,50.868],[10.256,50.868],[10.267,50.889],[10.214,50.907],[10.19,50.947],[10.161,50.964],[10.147,50.988],[10.089,50.992],[10.061,50.971],[10.05,50.975],[10.037,50.993],[10.037,51.021],[10.06,51.031],[10.148,51.015],[10.165,51.018],[10.188,51.045],[10.174,51.065],[10.144,51.072],[10.144,51.088],[10.187,51.115],[10.231,51.104],[10.287,51.111],[10.32,51.152],[10.335,51.156],[10.36,51.147],[10.373,51.118]],[[10.823,50.94],[10.793,50.953],[10.788,50.933],[10.689,50.91],[10.68,50.894],[10.705,50.876],[10.689,50.851],[10.7,50.814],[10.674,50.795],[10.673,50.783],[10.686,50.772],[10.705,50.782],[10.766,50.856],[10.858,50.876],[10.87,50.892],[10.87,50.903],[10.857,50.911],[10.869,50.937],[10.823,50.94]],[[10.423,50.968],[10.387,50.97],[10.381,50.955],[10.383,50.921],[10.396,50.904],[10.47,50.897],[10.423,50.968]]],[[[10.641,51.245],[10.645,51.227],[10.589,51.205],[10.544,51.255],[10.534,51.31],[10.562,51.322],[10.592,51.316],[10.622,51.256],[10.643,51.257],[10.641,51.245]]],[[[11.734,50.959],[11.76,50.956],[11.778,50.984],[11.827,50.993],[11.858,51.009],[11.871,51.012],[11.904,50.998],[11.93,51.018],[11.945,51.018],[11.978,50.995],[11.975,50.981],[11.955,50.963],[11.958,50.952],[11.97,50.948],[11.972,50.932],[11.886,50.886],[11.901,50.859],[11.96,50.845],[11.974,50.846],[11.976,50.859],[11.999,50.861],[12.021,50.841],[12.041,50.849],[12.094,50.85],[12.146,50.905],[12.192,50.914],[12.192,50.932],[12.171,50.955],[12.175,50.962],[12.206,50.968],[12.233,50.949],[12.267,50.98],[12.275,51.026],[12.304,51.067],[12.283,51.099],[12.323,51.117],[12.314,51.151],[12.322,51.161],[12.414,51.205],[12.412,51.222],[12.42,51.242],[12.464,51.233],[12.476,51.256],[12.509,51.258],[12.508,51.302],[12.479,51.303],[12.45,51.326],[12.452,51.334],[12.465,51.341],[12.518,51.341],[12.527,51.364],[12.548,51.367],[12.566,51.379],[12.564,51.392],[12.53,51.399],[12.505,51.426],[12.481,51.437],[12.425,51.43],[12.392,51.438],[12.413,51.454],[12.447,51.456],[12.448,51.466],[12.525,51.504],[12.531,51.522],[12.489,51.556],[12.497,51.602],[12.432,51.609],[12.372,51.598],[12.307,51.58],[12.229,51.542],[12.168,51.551],[12.196,51.564],[12.198,51.572],[12.18,51.605],[12.189,51.691],[12.174,51.719],[12.192,51.728],[12.235,51.725],[12.244,51.705],[12.264,51.694],[12.291,51.711],[12.34,51.715],[12.36,51.725],[12.362,51.735],[12.335,51.799],[12.363,51.805],[12.395,51.791],[12.404,51.806],[12.422,51.811],[12.419,51.79],[12.429,51.791],[12.465,51.814],[12.499,51.814],[12.502,51.829],[12.492,51.83],[12.492,51.853],[12.517,51.865],[12.493,51.888],[12.507,51.917],[12.545,51.954],[12.561,51.988],[12.523,51.989],[12.501,52.009],[12.459,52.028],[12.433,52.054],[12.417,52.054],[12.399,52.03],[12.385,52.028],[12.366,52.034],[12.35,52.053],[12.292,52.064],[12.269,52.105],[12.248,52.11],[12.234,52.124],[12.228,52.134],[12.238,52.144],[12.263,52.141],[12.27,52.161],[12.31,52.136],[12.432,52.176],[12.448,52.185],[12.452,52.204],[12.471,52.194],[12.483,52.196],[12.484,52.224],[12.416,52.245],[12.42,52.258],[12.522,52.264],[12.679,52.219],[12.726,52.216],[12.746,52.231],[12.767,52.225],[12.776,52.22],[12.747,52.176],[12.746,52.156],[12.767,52.139],[12.766,52.11],[12.813,52.052],[12.829,52.008],[12.885,51.996],[12.873,51.976],[12.876,51.963],[12.959,51.963],[12.965,51.949],[13.022,51.932],[13.032,51.92],[13.011,51.917],[13.013,51.9],[13.054,51.898],[13.055,51.874],[13.107,51.872],[13.11,51.855],[13.125,51.851],[13.149,51.858],[13.154,51.874],[13.172,51.868],[13.215,51.837],[13.227,51.811],[13.317,51.82],[13.377,51.809],[13.413,51.824],[13.413,51.834],[13.432,51.845],[13.471,51.843],[13.489,51.822],[13.504,51.824],[13.521,51.842],[13.572,51.838],[13.618,51.85],[13.634,51.834],[13.601,51.818],[13.598,51.804],[13.609,51.783],[13.678,51.713],[13.698,51.664],[13.618,51.665],[13.577,51.681],[13.533,51.713],[13.435,51.665],[13.414,51.676],[13.369,51.66],[13.354,51.635],[13.357,51.605],[13.397,51.605],[13.441,51.591],[13.435,51.572],[13.44,51.562],[13.519,51.554],[13.59,51.561],[13.601,51.541],[13.512,51.518],[13.416,51.513],[13.396,51.507],[13.385,51.489],[13.226,51.47],[13.111,51.435],[13.009,51.414],[12.88,51.414],[12.782,51.454],[12.762,51.44],[12.67,51.439],[12.651,51.414],[12.618,51.405],[12.615,51.399],[12.675,51.374],[12.728,51.294],[12.748,51.286],[12.945,51.295],[12.981,51.284],[13.014,51.254],[13.035,51.209],[13.04,51.118],[12.996,51.118],[12.99,51.127],[12.957,51.129],[12.649,51.101],[12.625,51.086],[12.611,51.07],[12.601,51.041],[12.589,51.034],[12.582,51.004],[12.586,50.987],[12.61,50.982],[12.616,50.947],[12.576,50.909],[12.589,50.888],[12.585,50.872],[12.573,50.86],[12.553,50.855],[12.531,50.861],[12.511,50.881],[12.471,50.892],[12.449,50.888],[12.418,50.841],[12.4,50.84],[12.409,50.82],[12.434,50.813],[12.459,50.778],[12.487,50.779],[12.508,50.766],[12.524,50.723],[12.58,50.72],[12.593,50.723],[12.594,50.734],[12.636,50.733],[12.644,50.723],[12.629,50.707],[12.531,50.701],[12.524,50.673],[12.568,50.658],[12.566,50.637],[12.614,50.625],[12.625,50.614],[12.603,50.588],[12.638,50.568],[12.67,50.611],[12.693,50.609],[12.825,50.547],[12.846,50.528],[12.849,50.506],[12.793,50.502],[12.803,50.474],[12.862,50.481],[12.878,50.474],[12.902,50.445],[12.966,50.427],[12.939,50.409],[12.925,50.384],[12.872,50.384],[12.794,50.371],[12.711,50.374],[12.677,50.394],[12.617,50.393],[12.565,50.375],[12.519,50.388],[12.495,50.348],[12.446,50.342],[12.426,50.332],[12.329,50.249],[12.315,50.22],[12.315,50.165],[12.307,50.157],[12.221,50.159],[12.205,50.176],[12.213,50.267],[12.194,50.304],[12.168,50.324],[12.153,50.326],[12.129,50.301],[12.077,50.297],[12.047,50.32],[12.058,50.332],[12.086,50.328],[12.118,50.335],[12.11,50.345],[12.029,50.343],[11.946,50.368],[11.954,50.396],[11.967,50.406],[12.035,50.385],[12.038,50.374],[12.113,50.373],[12.086,50.393],[12.01,50.427],[11.952,50.439],[11.947,50.529],[11.93,50.541],[11.877,50.533],[11.878,50.552],[11.917,50.607],[11.954,50.617],[11.969,50.644],[11.991,50.647],[12.002,50.646],[12.044,50.584],[12.105,50.569],[12.162,50.568],[12.171,50.576],[12.154,50.598],[12.179,50.627],[12.271,50.64],[12.33,50.682],[12.348,50.698],[12.351,50.712],[12.318,50.707],[12.314,50.692],[12.26,50.691],[12.239,50.7],[12.224,50.731],[12.227,50.722],[12.208,50.707],[12.183,50.698],[12.159,50.707],[12.142,50.729],[12.026,50.731],[12.032,50.713],[11.963,50.691],[11.97,50.676],[11.878,50.647],[11.865,50.662],[11.748,50.655],[11.744,50.64],[11.707,50.643],[11.65,50.594],[11.655,50.578],[11.647,50.569],[11.597,50.555],[11.576,50.57],[11.509,50.578],[11.503,50.648],[11.492,50.669],[11.471,50.663],[11.469,50.644],[11.482,50.62],[11.468,50.61],[11.454,50.607],[11.441,50.625],[11.419,50.628],[11.419,50.619],[11.409,50.616],[11.4,50.627],[11.296,50.627],[11.339,50.673],[11.338,50.704],[11.397,50.726],[11.393,50.737],[11.365,50.737],[11.351,50.772],[11.397,50.809],[11.414,50.842],[11.408,50.854],[11.397,50.864],[11.369,50.852],[11.311,50.931],[11.222,50.96],[11.218,50.985],[11.268,50.99],[11.254,51.017],[11.214,51.027],[11.219,51.043],[11.209,51.053],[11.159,51.077],[11.053,51.092],[11.025,51.089],[11.022,51.079],[11.034,51.064],[10.985,51.062],[10.949,51.122],[10.972,51.13],[10.99,51.117],[11.026,51.131],[11.062,51.129],[11.126,51.106],[11.17,51.104],[11.215,51.136],[11.251,51.146],[11.346,51.139],[11.353,51.146],[11.349,51.153],[11.314,51.162],[11.332,51.176],[11.402,51.174],[11.426,51.191],[11.468,51.196],[11.497,51.157],[11.471,51.146],[11.472,51.084],[11.508,51.085],[11.541,51.109],[11.589,51.105],[11.589,51.096],[11.599,51.092],[11.657,51.092],[11.659,51.085],[11.649,51.074],[11.593,51.057],[11.565,51.037],[11.566,51.013],[11.548,50.996],[11.525,50.995],[11.516,51.003],[11.516,51.019],[11.49,51.017],[11.489,51.002],[11.439,50.976],[11.437,50.966],[11.465,50.93],[11.545,50.928],[11.542,50.947],[11.517,50.946],[11.504,50.956],[11.527,50.976],[11.575,50.974],[11.599,50.985],[11.644,50.955],[11.657,50.958],[11.666,50.985],[11.68,50.995],[11.702,50.992],[11.734,50.959]],[[11.401,51.058],[11.393,51.031],[11.399,51.026],[11.42,51.037],[11.454,51.039],[11.456,51.058],[11.401,51.058]]],[[[11.464,51.454],[11.501,51.419],[11.499,51.407],[11.461,51.384],[11.457,51.346],[11.372,51.322],[11.323,51.335],[11.345,51.363],[11.333,51.402],[11.31,51.432],[11.334,51.444],[11.337,51.465],[11.365,51.464],[11.386,51.437],[11.413,51.439],[11.434,51.455],[11.464,51.454]]],[[[13.464,52.132],[13.496,52.129],[13.494,52.099],[13.552,52.082],[13.602,52.041],[13.608,52.035],[13.596,52.017],[13.562,52.011],[13.552,52.001],[13.482,51.978],[13.458,51.961],[13.34,51.98],[13.343,52.014],[13.334,52.018],[13.332,52.053],[13.303,52.073],[13.307,52.086],[13.42,52.116],[13.452,52.117],[13.464,52.132]]],[[[12.031,52.026],[12.015,52.009],[12.009,51.979],[11.957,52.01],[11.931,52.01],[11.97,52.048],[12.01,52.042],[12.031,52.026]]],[[[11.927,52.105],[11.892,52.101],[11.882,52.088],[11.885,52.078],[11.918,52.06],[11.914,52.053],[11.882,52.047],[11.845,52.07],[11.828,52.063],[11.82,52.033],[11.809,52.024],[11.756,52.053],[11.724,52.035],[11.713,52.056],[11.717,52.076],[11.758,52.078],[11.805,52.101],[11.817,52.138],[11.899,52.137],[11.927,52.105]]],[[[13.064,52.271],[13.102,52.249],[13.1,52.239],[13.067,52.214],[13.036,52.224],[13.064,52.271]]]]}},{"type":"Feature","properties":{"NAME":"Archduchy of Austria","SUBJECTO":"Holy Roman Empire","PARTOF":"Holy Roman Empire"},"geometry":{"type":"Polygon","coordinates":[[[14.678,48.013],[14.652,47.987],[14.653,47.943],[14.667,47.931],[14.716,47.928],[14.72,47.911],[14.66,47.822],[14.658,47.78],[14.626,47.767],[14.548,47.696],[14.482,47.676],[14.448,47.647],[14.319,47.619],[14.25,47.576],[14.195,47.569],[14.106,47.595],[13.917,47.601],[13.89,47.661],[13.862,47.678],[13.774,47.682],[13.653,47.67],[13.628,47.663],[13.606,47.629],[13.608,47.587],[13.638,47.53],[13.639,47.485],[13.61,47.465],[13.536,47.453],[13.499,47.454],[13.469,47.492],[13.403,47.536],[13.404,47.566],[13.429,47.615],[13.401,47.646],[13.444,47.69],[13.346,47.726],[13.404,47.775],[13.267,47.786],[13.231,47.813],[13.228,47.831],[13.227,47.918],[13.275,47.919],[13.287,47.927],[13.253,47.985],[13.291,48.034],[13.342,48.051],[13.369,48.083],[13.4,48.091],[13.468,48.089],[13.477,48.096],[13.48,48.188],[13.488,48.204],[13.51,48.213],[13.514,48.201],[13.536,48.201],[13.552,48.221],[13.552,48.234],[13.602,48.263],[13.604,48.288],[13.597,48.304],[13.496,48.463],[13.486,48.503],[13.498,48.539],[13.519,48.535],[13.547,48.515],[13.579,48.475],[13.603,48.472],[13.623,48.475],[13.694,48.521],[13.716,48.541],[13.737,48.58],[13.77,48.611],[13.808,48.731],[13.85,48.772],[13.867,48.775],[13.918,48.76],[13.965,48.722],[14.01,48.709],[14.053,48.684],[14.061,48.67],[14.035,48.623],[14.058,48.612],[14.144,48.615],[14.166,48.602],[14.412,48.596],[14.429,48.635],[14.462,48.652],[14.49,48.626],[14.628,48.595],[14.705,48.586],[14.689,48.623],[14.74,48.659],[14.746,48.682],[14.805,48.729],[14.821,48.78],[14.862,48.815],[14.877,48.872],[14.919,48.891],[14.946,48.882],[14.968,48.884],[14.997,48.912],[14.979,48.967],[14.982,48.982],[15.01,49.01],[15.041,49.022],[15.138,49.011],[15.162,48.995],[15.16,48.963],[15.167,48.96],[15.271,48.989],[15.31,49.021],[15.39,49.016],[15.48,48.977],[15.555,48.974],[15.69,48.927],[15.808,48.907],[15.87,48.906],[15.946,48.865],[16.026,48.781],[16.083,48.746],[16.188,48.743],[16.243,48.75],[16.402,48.738],[16.423,48.741],[16.478,48.793],[16.513,48.8],[16.551,48.796],[16.556,48.804],[16.588,48.81],[16.608,48.807],[16.665,48.76],[16.764,48.738],[16.785,48.725],[16.822,48.72],[16.873,48.73],[16.89,48.724],[16.905,48.699],[16.908,48.609],[16.935,48.573],[16.938,48.523],[16.9,48.485],[16.865,48.395],[16.837,48.349],[16.788,48.35],[16.801,48.3],[16.789,48.299],[16.798,48.261],[16.786,48.239],[16.84,48.173],[16.845,48.135],[16.881,48.098],[16.867,48.093],[16.866,48.083],[16.912,48.001],[16.96,47.964],[16.971,47.934],[16.93,47.941],[16.937,47.905],[16.927,47.892],[16.889,47.881],[16.86,47.892],[16.827,47.927],[16.814,47.907],[16.684,47.908],[16.679,47.88],[16.641,47.883],[16.572,47.83],[16.532,47.844],[16.498,47.881],[16.478,47.891],[16.456,47.89],[16.398,47.869],[16.368,47.845],[16.35,47.79],[16.34,47.78],[16.284,47.796],[16.284,47.785],[16.305,47.769],[16.297,47.74],[16.318,47.704],[16.343,47.611],[16.312,47.562],[16.305,47.517],[16.279,47.48],[16.272,47.443],[16.24,47.422],[16.166,47.409],[16.126,47.425],[16.109,47.441],[16.088,47.491],[16.072,47.5],[16.052,47.504],[15.986,47.488],[15.959,47.49],[15.925,47.52],[15.897,47.531],[15.804,47.547],[15.782,47.558],[15.742,47.606],[15.718,47.616],[15.662,47.62],[15.511,47.716],[15.401,47.74],[15.376,47.77],[15.332,47.772],[15.3,47.789],[15.277,47.792],[15.247,47.816],[15.226,47.82],[15.191,47.803],[15.15,47.812],[15.1,47.803],[15.066,47.783],[14.994,47.798],[14.967,47.779],[14.89,47.798],[14.828,47.77],[14.744,47.781],[14.787,47.824],[14.85,47.83],[14.873,47.84],[14.882,47.865],[14.862,47.886],[14.847,47.89],[14.784,47.864],[14.748,47.859],[14.741,47.867],[14.749,47.906],[14.804,47.951],[14.808,47.964],[14.793,47.988],[14.759,48.002],[14.748,48.014],[14.747,48.043],[14.76,48.071],[14.752,48.077],[14.712,48.063],[14.678,48.013]]]}}],"metadata":{"source":"Territories of the Holy Roman Empire (Roller, ETH Zürich)","sourceUrl":"https://doi.org/10.3929/ethz-b-000472583","license":"CC BY-NC-SA 4.0","borderPrecision":"史料に基づく復元（概略。測量された境界ではない）"}}