{"type":"FeatureCollection","features":[{"type":"Feature","properties":{"NAME":"Burgraviate of Nuremberg","SUBJECTO":"Holy Roman Empire","PARTOF":"Holy Roman Empire","ADMIN_LEVEL":4,"OHM_RELATION_ID":2830459,"START_DATE":"1260","END_DATE":"1340"},"geometry":{"type":"MultiPolygon","coordinates":[[[[9.875,49.256],[9.876,49.24],[9.904,49.234],[9.957,49.24],[9.975,49.233],[9.996,49.245],[10.019,49.229],[10.02,49.212],[10.031,49.206],[10.011,49.193],[10.021,49.183],[10.01,49.178],[9.989,49.188],[9.984,49.174],[9.957,49.169],[9.96,49.158],[9.973,49.158],[9.946,49.139],[9.946,49.123],[10,49.095],[10.019,49.096],[10.014,49.078],[10.05,49.077],[10.097,49.102],[10.095,49.092],[10.111,49.074],[10.142,49.076],[10.143,49.067],[10.161,49.066],[10.157,49.075],[10.196,49.08],[10.193,49.088],[10.225,49.104],[10.237,49.097],[10.255,49.103],[10.242,49.077],[10.262,49.086],[10.282,49.066],[10.294,49.066],[10.299,49.082],[10.313,49.09],[10.365,49.075],[10.332,49.054],[10.353,49.052],[10.412,49.02],[10.534,49.013],[10.539,49.027],[10.551,49.033],[10.583,49.032],[10.606,49.009],[10.604,49],[10.587,48.998],[10.591,48.969],[10.613,48.97],[10.671,48.907],[10.709,48.896],[10.745,48.919],[10.796,48.916],[10.806,48.94],[10.889,48.934],[10.909,48.945],[10.906,48.971],[10.88,48.998],[10.916,49.012],[10.905,49.025],[10.911,49.03],[10.939,49.03],[10.958,49.04],[10.93,49.056],[10.937,49.075],[10.967,49.076],[10.987,49.063],[11.013,49.059],[11.017,49.052],[10.986,49.022],[11.091,49.023],[11.138,49.033],[11.168,49.031],[11.17,49.049],[11.191,49.051],[11.206,49.034],[11.223,49.039],[11.216,49.056],[11.252,49.049],[11.304,49.068],[11.288,49.079],[11.288,49.097],[11.222,49.15],[11.189,49.108],[11.207,49.084],[11.099,49.079],[11.073,49.099],[11.042,49.062],[10.996,49.093],[10.968,49.093],[10.927,49.152],[10.906,49.151],[10.901,49.163],[10.872,49.16],[10.86,49.179],[10.842,49.183],[10.844,49.201],[10.879,49.213],[10.917,49.191],[10.933,49.198],[10.985,49.187],[10.966,49.157],[10.972,49.149],[10.985,49.159],[11.01,49.159],[11.017,49.173],[11.05,49.175],[11.067,49.154],[11.215,49.211],[11.203,49.226],[11.228,49.248],[11.177,49.283],[11.211,49.317],[11.231,49.306],[11.239,49.309],[11.231,49.323],[11.255,49.323],[11.262,49.312],[11.291,49.312],[11.307,49.298],[11.327,49.3],[11.356,49.322],[11.312,49.354],[11.268,49.357],[11.27,49.346],[11.251,49.337],[11.194,49.34],[11.143,49.364],[11.123,49.343],[11.1,49.334],[11.093,49.337],[11.097,49.35],[11.116,49.367],[11.107,49.374],[11.079,49.365],[11.035,49.371],[11.025,49.378],[11.026,49.394],[11.015,49.412],[11.005,49.414],[10.975,49.455],[10.929,49.445],[10.902,49.459],[10.956,49.478],[10.951,49.505],[10.971,49.522],[10.989,49.553],[11.022,49.556],[11.025,49.569],[11.011,49.583],[11.122,49.581],[11.128,49.587],[11.069,49.608],[11.012,49.602],[11.034,49.645],[11.061,49.663],[11.034,49.673],[10.976,49.661],[10.971,49.623],[10.989,49.616],[10.971,49.583],[10.953,49.567],[10.917,49.574],[10.898,49.555],[10.937,49.545],[10.926,49.523],[10.903,49.534],[10.869,49.52],[10.835,49.534],[10.866,49.547],[10.835,49.592],[10.852,49.604],[10.828,49.604],[10.813,49.622],[10.866,49.636],[10.846,49.663],[10.793,49.66],[10.702,49.694],[10.665,49.682],[10.64,49.687],[10.605,49.677],[10.561,49.677],[10.486,49.632],[10.524,49.62],[10.537,49.596],[10.491,49.596],[10.395,49.552],[10.397,49.542],[10.384,49.542],[10.384,49.525],[10.415,49.504],[10.432,49.504],[10.412,49.474],[10.387,49.465],[10.372,49.483],[10.4,49.488],[10.359,49.534],[10.321,49.534],[10.314,49.548],[10.325,49.564],[10.292,49.566],[10.263,49.554],[10.231,49.558],[10.179,49.547],[10.183,49.544],[10.099,49.529],[10.086,49.541],[10.064,49.545],[10.062,49.543],[10.061,49.537],[10.043,49.53],[10.042,49.529],[10.059,49.519],[10.059,49.518],[10.06,49.518],[10.053,49.51],[10.05,49.509],[10.049,49.507],[10.034,49.504],[10.028,49.502],[10.027,49.502],[10.02,49.485],[10.014,49.484],[10.013,49.483],[9.975,49.481],[9.993,49.446],[9.986,49.431],[10.009,49.425],[10.021,49.443],[10.055,49.434],[10.064,49.447],[10.084,49.434],[10.098,49.438],[10.116,49.422],[10.143,49.429],[10.122,49.446],[10.089,49.449],[10.095,49.462],[10.173,49.468],[10.171,49.484],[10.221,49.476],[10.245,49.461],[10.288,49.451],[10.307,49.433],[10.289,49.419],[10.276,49.419],[10.269,49.404],[10.257,49.403],[10.265,49.389],[10.253,49.384],[10.266,49.352],[10.279,49.346],[10.271,49.338],[10.307,49.324],[10.298,49.311],[10.305,49.304],[10.317,49.311],[10.338,49.299],[10.318,49.292],[10.319,49.279],[10.295,49.264],[10.302,49.256],[10.253,49.232],[10.221,49.226],[10.204,49.227],[10.198,49.236],[10.182,49.226],[10.114,49.241],[10.085,49.257],[10.059,49.247],[10.037,49.259],[10.046,49.271],[10.04,49.296],[10.06,49.294],[10.06,49.311],[10.036,49.32],[9.978,49.31],[9.948,49.325],[9.922,49.325],[9.938,49.287],[9.953,49.284],[9.955,49.273],[9.975,49.272],[9.99,49.261],[9.875,49.256]],[[10.149,49.112],[10.153,49.12],[10.17,49.113],[10.155,49.108],[10.149,49.112]],[[10.176,49.104],[10.185,49.111],[10.2,49.102],[10.194,49.097],[10.176,49.104]],[[10.192,49.126],[10.206,49.147],[10.217,49.149],[10.218,49.161],[10.248,49.149],[10.255,49.13],[10.222,49.118],[10.192,49.126]],[[10.345,49.225],[10.353,49.243],[10.372,49.244],[10.39,49.261],[10.439,49.258],[10.44,49.278],[10.456,49.284],[10.463,49.276],[10.479,49.277],[10.477,49.267],[10.516,49.258],[10.537,49.262],[10.581,49.249],[10.564,49.201],[10.578,49.177],[10.491,49.192],[10.486,49.202],[10.5,49.211],[10.466,49.206],[10.427,49.223],[10.403,49.23],[10.367,49.22],[10.345,49.225]],[[10.366,49.11],[10.377,49.117],[10.415,49.111],[10.427,49.102],[10.39,49.093],[10.366,49.11]],[[10.419,49.024],[10.419,49.039],[10.455,49.043],[10.459,49.024],[10.419,49.024]],[[10.431,49.424],[10.47,49.451],[10.559,49.451],[10.542,49.437],[10.545,49.426],[10.524,49.416],[10.536,49.409],[10.543,49.415],[10.587,49.412],[10.585,49.392],[10.478,49.397],[10.479,49.407],[10.431,49.424]],[[10.47,49.055],[10.476,49.06],[10.507,49.051],[10.507,49.045],[10.491,49.041],[10.47,49.055]],[[10.58,49.156],[10.647,49.164],[10.61,49.179],[10.66,49.197],[10.69,49.135],[10.672,49.113],[10.647,49.117],[10.631,49.103],[10.622,49.122],[10.585,49.127],[10.58,49.156]],[[10.621,49.235],[10.628,49.246],[10.655,49.252],[10.671,49.287],[10.653,49.286],[10.652,49.299],[10.69,49.31],[10.735,49.301],[10.742,49.283],[10.766,49.288],[10.78,49.28],[10.774,49.259],[10.735,49.245],[10.718,49.247],[10.679,49.231],[10.621,49.235]],[[10.667,49.053],[10.68,49.056],[10.676,49.065],[10.699,49.071],[10.742,49.058],[10.734,49.051],[10.744,49.028],[10.695,49.028],[10.684,49.043],[10.668,49.045],[10.667,49.053]],[[10.682,49.465],[10.683,49.472],[10.703,49.473],[10.713,49.494],[10.734,49.488],[10.747,49.456],[10.729,49.455],[10.71,49.465],[10.682,49.465]],[[10.787,49.212],[10.791,49.222],[10.811,49.218],[10.806,49.209],[10.787,49.212]],[[10.854,49.135],[10.882,49.153],[10.921,49.134],[10.912,49.127],[10.873,49.134],[10.858,49.13],[10.854,49.135]],[[10.881,49.074],[10.89,49.087],[10.915,49.064],[10.884,49.06],[10.881,49.074]],[[10.933,49.353],[10.937,49.377],[10.954,49.384],[10.973,49.379],[10.975,49.396],[10.993,49.395],[10.996,49.371],[10.972,49.36],[10.968,49.347],[10.999,49.336],[10.962,49.326],[10.936,49.333],[10.947,49.35],[10.933,49.353]],[[10.936,49.208],[10.937,49.223],[10.947,49.227],[10.948,49.249],[10.994,49.265],[11.03,49.232],[10.972,49.208],[10.936,49.208]],[[11.075,49.064],[11.109,49.074],[11.131,49.053],[11.093,49.038],[11.075,49.064]]],[[[10.061,49.647],[10.068,49.624],[10.088,49.625],[10.072,49.607],[10.072,49.588],[10.223,49.584],[10.201,49.593],[10.202,49.604],[10.174,49.598],[10.162,49.622],[10.184,49.652],[10.187,49.679],[10.21,49.679],[10.216,49.694],[10.234,49.695],[10.239,49.714],[10.219,49.725],[10.159,49.723],[10.123,49.696],[10.179,49.687],[10.148,49.649],[10.097,49.655],[10.061,49.647]]],[[[10.936,48.857],[10.977,48.857],[10.979,48.872],[10.998,48.87],[11.037,48.9],[11.035,48.91],[10.996,48.929],[10.942,48.906],[10.955,48.881],[10.936,48.857]]],[[[11.339,49.58],[11.359,49.576],[11.36,49.567],[11.383,49.565],[11.403,49.595],[11.379,49.606],[11.35,49.596],[11.339,49.58]]],[[[11.399,49.636],[11.423,49.62],[11.472,49.632],[11.517,49.627],[11.563,49.635],[11.569,49.645],[11.562,49.654],[11.567,49.676],[11.55,49.699],[11.574,49.704],[11.577,49.74],[11.588,49.751],[11.58,49.761],[11.649,49.785],[11.668,49.806],[11.686,49.805],[11.673,49.819],[11.675,49.832],[11.706,49.847],[11.712,49.869],[11.736,49.876],[11.712,49.891],[11.73,49.899],[11.714,49.906],[11.716,49.924],[11.747,49.928],[11.762,49.947],[11.787,49.942],[11.798,49.951],[11.792,49.964],[11.8,49.982],[11.788,49.998],[11.796,50.009],[11.816,50.004],[11.821,50.023],[11.858,50.022],[11.874,50.016],[11.887,49.999],[11.922,49.984],[11.962,49.992],[12.05,49.989],[12.076,49.995],[12.044,50.008],[12.047,50.016],[12.077,50.013],[12.076,50.022],[12.116,50.031],[12.14,50.008],[12.146,49.992],[12.198,49.999],[12.198,50.033],[12.241,50.036],[12.258,50.052],[12.272,50.074],[12.241,50.096],[12.2,50.112],[12.195,50.143],[12.215,50.165],[12.189,50.196],[12.194,50.198],[12.183,50.199],[12.175,50.213],[12.16,50.211],[12.15,50.233],[12.123,50.234],[12.091,50.252],[12.102,50.255],[12.098,50.262],[12.138,50.275],[12.122,50.293],[12.126,50.306],[12.09,50.324],[12.099,50.33],[12.064,50.333],[12.048,50.326],[11.998,50.351],[11.976,50.351],[11.984,50.365],[11.982,50.388],[11.965,50.4],[11.951,50.396],[11.945,50.416],[11.92,50.424],[11.827,50.392],[11.819,50.392],[11.825,50.404],[11.818,50.401],[11.798,50.417],[11.78,50.419],[11.771,50.411],[11.754,50.416],[11.763,50.406],[11.739,50.409],[11.715,50.397],[11.702,50.402],[11.683,50.393],[11.625,50.387],[11.593,50.403],[11.573,50.4],[11.562,50.384],[11.521,50.374],[11.521,50.355],[11.54,50.342],[11.534,50.317],[11.559,50.306],[11.564,50.281],[11.546,50.277],[11.536,50.266],[11.598,50.259],[11.638,50.269],[11.648,50.283],[11.672,50.288],[11.682,50.303],[11.722,50.31],[11.73,50.299],[11.693,50.273],[11.695,50.258],[11.678,50.254],[11.666,50.26],[11.654,50.254],[11.666,50.227],[11.655,50.21],[11.681,50.194],[11.661,50.169],[11.67,50.156],[11.695,50.161],[11.702,50.151],[11.676,50.14],[11.714,50.103],[11.701,50.075],[11.642,50.078],[11.504,49.957],[11.491,49.861],[11.497,49.855],[11.471,49.848],[11.471,49.838],[11.499,49.839],[11.535,49.818],[11.513,49.803],[11.523,49.795],[11.526,49.773],[11.503,49.757],[11.477,49.758],[11.463,49.739],[11.435,49.732],[11.429,49.72],[11.471,49.712],[11.474,49.686],[11.441,49.674],[11.44,49.657],[11.406,49.648],[11.399,49.636]]],[[[11.444,49.52],[11.472,49.502],[11.502,49.502],[11.518,49.513],[11.444,49.52]]],[[[11.734,49.832],[11.738,49.809],[11.767,49.816],[11.789,49.801],[11.833,49.811],[11.834,49.842],[11.811,49.853],[11.812,49.881],[11.804,49.896],[11.774,49.905],[11.763,49.891],[11.776,49.873],[11.765,49.848],[11.734,49.832]]]]}},{"type":"Feature","properties":{"NAME":"County of Abensberg","SUBJECTO":"Holy Roman Empire","PARTOF":"Holy Roman Empire","ADMIN_LEVEL":4,"OHM_RELATION_ID":2830492,"START_DATE":"1150","END_DATE":"1485-02-28"},"geometry":{"type":"MultiPolygon","coordinates":[[[[11.843,48.927],[11.762,48.937],[11.736,48.926],[11.711,48.937],[11.69,48.93],[11.572,48.927],[11.562,48.922],[11.569,48.917],[11.553,48.895],[11.564,48.891],[11.575,48.857],[11.571,48.848],[11.586,48.825],[11.632,48.811],[11.647,48.815],[11.652,48.804],[11.674,48.803],[11.744,48.778],[11.754,48.786],[11.779,48.785],[11.771,48.775],[11.782,48.767],[11.808,48.769],[11.819,48.736],[11.792,48.716],[11.767,48.711],[11.765,48.681],[11.795,48.693],[11.805,48.687],[11.798,48.679],[11.816,48.674],[11.848,48.724],[11.849,48.738],[11.874,48.748],[11.897,48.722],[11.915,48.725],[11.914,48.717],[11.925,48.71],[11.948,48.709],[11.959,48.724],[11.938,48.734],[11.952,48.747],[11.987,48.733],[12.008,48.758],[12.065,48.764],[12.065,48.772],[12.053,48.774],[12.055,48.781],[12.036,48.797],[12.031,48.787],[12.019,48.79],[12.018,48.81],[11.992,48.814],[11.965,48.829],[11.926,48.825],[11.868,48.877],[11.841,48.878],[11.833,48.899],[11.855,48.915],[11.896,48.907],[11.926,48.911],[11.925,48.889],[11.941,48.882],[11.969,48.886],[12.006,48.875],[12.03,48.885],[12.138,48.876],[12.145,48.889],[12.111,48.906],[12.081,48.9],[12.01,48.906],[12.001,48.91],[11.994,48.93],[11.971,48.918],[11.971,48.908],[11.952,48.904],[11.94,48.908],[11.937,48.922],[11.922,48.935],[11.887,48.931],[11.864,48.942],[11.843,48.927]]]]}},{"type":"Feature","properties":{"NAME":"County of Bentheim","SUBJECTO":"Holy Roman Empire","PARTOF":"Holy Roman Empire","ADMIN_LEVEL":4,"OHM_RELATION_ID":2807457,"START_DATE":"1180","END_DATE":"1806-07-12"},"geometry":{"type":"MultiPolygon","coordinates":[[[[7.146,52.535],[7.142,52.588],[7.074,52.62],[7.002,52.642],[6.977,52.646],[6.936,52.638],[6.896,52.651],[6.817,52.648],[6.792,52.654],[6.742,52.645],[6.71,52.628],[6.725,52.619],[6.719,52.589],[6.767,52.564],[6.728,52.563],[6.711,52.549],[6.685,52.553],[6.705,52.521],[6.698,52.486],[6.753,52.464],[6.854,52.46],[6.853,52.45],[6.942,52.435],[6.962,52.444],[6.981,52.467],[6.992,52.467],[7.009,52.433],[7.036,52.403],[7.057,52.399],[7.072,52.374],[7.071,52.351],[7.026,52.283],[7.042,52.256],[7.066,52.241],[7.105,52.245],[7.113,52.255],[7.156,52.266],[7.299,52.264],[7.317,52.28],[7.258,52.341],[7.212,52.447],[7.203,52.444],[7.181,52.456],[7.158,52.48],[7.146,52.507],[7.146,52.535]]]]}},{"type":"Feature","properties":{"NAME":"County of Castell","SUBJECTO":"Holy Roman Empire","PARTOF":"Holy Roman Empire","ADMIN_LEVEL":4,"OHM_RELATION_ID":2830566,"START_DATE":"1202","END_DATE":"1806-07-11"},"geometry":{"type":"MultiPolygon","coordinates":[[[[10.299,49.778],[10.317,49.733],[10.359,49.718],[10.397,49.748],[10.414,49.74],[10.424,49.757],[10.407,49.78],[10.395,49.779],[10.378,49.792],[10.299,49.778]]],[[[10.511,49.71],[10.558,49.717],[10.567,49.709],[10.589,49.709],[10.588,49.695],[10.609,49.697],[10.605,49.677],[10.64,49.687],[10.665,49.682],[10.702,49.694],[10.65,49.738],[10.563,49.76],[10.567,49.774],[10.503,49.8],[10.489,49.787],[10.463,49.786],[10.481,49.776],[10.477,49.76],[10.523,49.743],[10.519,49.731],[10.488,49.718],[10.48,49.706],[10.511,49.71]]],[[[9.711,49.727],[9.727,49.691],[9.74,49.688],[9.75,49.695],[9.752,49.708],[9.79,49.729],[9.755,49.75],[9.724,49.744],[9.711,49.727]]],[[[9.666,49.929],[9.647,49.92],[9.666,49.9],[9.658,49.895],[9.66,49.887],[9.672,49.888],[9.709,49.858],[9.744,49.86],[9.739,49.888],[9.701,49.889],[9.687,49.9],[9.706,49.907],[9.666,49.929]]],[[[9.702,49.778],[9.73,49.789],[9.718,49.819],[9.682,49.815],[9.676,49.806],[9.702,49.778]]],[[[10.35,49.69],[10.381,49.684],[10.408,49.693],[10.41,49.718],[10.401,49.719],[10.39,49.703],[10.35,49.701],[10.35,49.69]]]]}},{"type":"Feature","properties":{"NAME":"County of Drenthe","SUBJECTO":"Holy Roman Empire","PARTOF":"Holy Roman Empire","ADMIN_LEVEL":5,"OHM_RELATION_ID":2831685,"START_DATE":"1046","END_DATE":"1536-08-05"},"geometry":{"type":"Polygon","coordinates":[[[6.117,52.851],[6.181,52.804],[6.215,52.798],[6.213,52.772],[6.134,52.734],[6.152,52.688],[6.333,52.661],[6.382,52.614],[6.522,52.618],[6.517,52.647],[6.601,52.672],[6.708,52.649],[6.702,52.628],[6.742,52.645],[6.792,52.654],[6.817,52.648],[6.824,52.648],[6.873,52.654],[6.887,52.651],[6.896,52.651],[6.909,52.647],[6.914,52.646],[6.915,52.645],[6.931,52.639],[6.942,52.639],[6.975,52.646],[6.976,52.646],[6.976,52.646],[6.977,52.646],[7.002,52.642],[7.017,52.638],[7.042,52.633],[7.056,52.643],[7.072,52.81],[7.093,52.838],[7.087,52.85],[7.059,52.864],[7.035,52.922],[6.77,53.101],[6.759,53.149],[6.622,53.228],[6.595,53.256],[6.549,53.251],[6.532,53.212],[6.481,53.209],[6.416,53.18],[6.381,53.15],[6.362,53.096],[6.312,53.092],[6.305,53.082],[6.358,53.066],[6.364,53.026],[6.434,52.976],[6.413,52.945],[6.338,52.908],[6.292,52.93],[6.25,52.924],[6.207,52.891],[6.117,52.851]]]}},{"type":"Feature","properties":{"NAME":"County of Falkenstein","SUBJECTO":"Holy Roman Empire","PARTOF":"Holy Roman Empire","ADMIN_LEVEL":5,"OHM_RELATION_ID":2830881,"START_DATE":"1135","END_DATE":"1797-10-17"},"geometry":{"type":"MultiPolygon","coordinates":[[[[8.233,49.763],[8.217,49.777],[8.154,49.773],[8.155,49.76],[8.171,49.758],[8.166,49.751],[8.193,49.749],[8.233,49.763]]],[[[7.927,49.878],[7.93,49.865],[7.96,49.87],[7.927,49.878]]],[[[7.938,49.588],[7.929,49.595],[7.943,49.604],[7.9,49.603],[7.886,49.609],[7.885,49.622],[7.863,49.628],[7.867,49.619],[7.848,49.594],[7.811,49.587],[7.761,49.545],[7.77,49.534],[7.863,49.545],[7.874,49.562],[7.944,49.567],[7.938,49.588]]],[[[7.949,49.608],[7.977,49.608],[7.969,49.613],[7.979,49.619],[7.948,49.619],[7.949,49.608]]],[[[8.078,49.678],[8.116,49.687],[8.054,49.699],[8.033,49.685],[8.078,49.678]]],[[[7.892,49.718],[7.877,49.71],[7.865,49.716],[7.862,49.706],[7.843,49.706],[7.839,49.683],[7.857,49.662],[7.878,49.662],[7.908,49.686],[7.907,49.696],[7.9,49.693],[7.891,49.702],[7.903,49.715],[7.892,49.718]]],[[[8.259,49.788],[8.244,49.793],[8.226,49.787],[8.248,49.778],[8.259,49.788]]]]}},{"type":"Feature","properties":{"NAME":"County of Henneberg-Schleusingen","SUBJECTO":"Holy Roman Empire","PARTOF":"Holy Roman Empire","ADMIN_LEVEL":4,"OHM_RELATION_ID":2830377,"START_DATE":"1262","END_DATE":"1583-12-27"},"geometry":{"type":"MultiPolygon","coordinates":[[[[10.257,50.463],[10.252,50.484],[10.229,50.496],[10.211,50.487],[10.205,50.47],[10.188,50.465],[10.155,50.48],[10.16,50.496],[10.145,50.503],[10.109,50.497],[10.122,50.493],[10.121,50.482],[10.085,50.485],[10.081,50.479],[10.116,50.449],[10.177,50.445],[10.232,50.42],[10.236,50.431],[10.248,50.432],[10.245,50.442],[10.258,50.451],[10.257,50.463]]],[[[10.344,50.74],[10.341,50.734],[10.325,50.742],[10.308,50.736],[10.284,50.744],[10.227,50.737],[10.176,50.757],[10.145,50.736],[10.127,50.714],[10.16,50.701],[10.142,50.677],[10.168,50.663],[10.144,50.643],[10.113,50.651],[10.083,50.634],[10.081,50.62],[10.057,50.626],[10.037,50.613],[10.049,50.596],[10.048,50.569],[10.058,50.56],[10.039,50.524],[10.051,50.519],[10.094,50.548],[10.1,50.554],[10.09,50.569],[10.14,50.579],[10.146,50.588],[10.132,50.592],[10.141,50.599],[10.144,50.618],[10.182,50.617],[10.192,50.605],[10.187,50.593],[10.235,50.59],[10.263,50.571],[10.26,50.548],[10.235,50.555],[10.233,50.545],[10.221,50.539],[10.231,50.532],[10.227,50.517],[10.301,50.494],[10.331,50.494],[10.342,50.483],[10.336,50.466],[10.368,50.439],[10.38,50.44],[10.369,50.435],[10.404,50.425],[10.384,50.406],[10.395,50.395],[10.426,50.394],[10.449,50.403],[10.47,50.374],[10.489,50.375],[10.496,50.367],[10.492,50.355],[10.514,50.359],[10.515,50.35],[10.533,50.365],[10.543,50.364],[10.555,50.357],[10.551,50.344],[10.584,50.333],[10.646,50.35],[10.673,50.375],[10.598,50.402],[10.646,50.43],[10.677,50.46],[10.711,50.472],[10.774,50.452],[10.815,50.46],[10.821,50.464],[10.814,50.487],[10.822,50.498],[10.877,50.522],[10.883,50.567],[10.873,50.576],[10.878,50.597],[10.897,50.612],[10.895,50.651],[10.952,50.686],[10.962,50.681],[10.97,50.75],[10.98,50.762],[10.969,50.772],[10.963,50.763],[10.933,50.763],[10.925,50.745],[10.9,50.757],[10.88,50.749],[10.882,50.739],[10.865,50.717],[10.872,50.712],[10.865,50.706],[10.867,50.683],[10.847,50.652],[10.707,50.667],[10.687,50.639],[10.67,50.635],[10.635,50.675],[10.638,50.681],[10.711,50.699],[10.661,50.711],[10.616,50.737],[10.575,50.741],[10.563,50.781],[10.538,50.782],[10.533,50.796],[10.508,50.788],[10.475,50.79],[10.477,50.797],[10.513,50.811],[10.518,50.824],[10.468,50.851],[10.412,50.846],[10.405,50.817],[10.362,50.794],[10.381,50.774],[10.334,50.759],[10.344,50.74]]],[[[10.28,50.809],[10.293,50.801],[10.294,50.785],[10.312,50.78],[10.338,50.795],[10.324,50.818],[10.284,50.816],[10.28,50.809]]]]}},{"type":"Feature","properties":{"NAME":"County of Hohnstein","SUBJECTO":"Holy Roman Empire","PARTOF":"Holy Roman Empire","ADMIN_LEVEL":4,"OHM_RELATION_ID":2830686,"START_DATE":"1182","END_DATE":"1593"},"geometry":{"type":"MultiPolygon","coordinates":[[[[10.627,51.571],[10.586,51.583],[10.591,51.57],[10.571,51.565],[10.567,51.58],[10.581,51.586],[10.567,51.61],[10.583,51.615],[10.541,51.615],[10.527,51.623],[10.517,51.61],[10.534,51.597],[10.532,51.568],[10.504,51.562],[10.512,51.548],[10.493,51.554],[10.48,51.548],[10.473,51.551],[10.486,51.557],[10.487,51.573],[10.426,51.592],[10.374,51.588],[10.378,51.562],[10.368,51.557],[10.368,51.543],[10.468,51.544],[10.48,51.518],[10.477,51.503],[10.464,51.497],[10.467,51.486],[10.434,51.477],[10.427,51.462],[10.466,51.456],[10.473,51.435],[10.488,51.427],[10.505,51.399],[10.504,51.384],[10.529,51.366],[10.547,51.371],[10.56,51.385],[10.572,51.367],[10.577,51.374],[10.565,51.386],[10.574,51.388],[10.591,51.385],[10.579,51.379],[10.585,51.367],[10.607,51.366],[10.606,51.375],[10.627,51.382],[10.623,51.374],[10.645,51.369],[10.633,51.362],[10.664,51.357],[10.701,51.332],[10.717,51.365],[10.682,51.384],[10.694,51.396],[10.717,51.4],[10.767,51.391],[10.779,51.407],[10.805,51.416],[10.796,51.427],[10.774,51.426],[10.769,51.437],[10.778,51.441],[10.77,51.45],[10.786,51.477],[10.754,51.489],[10.755,51.505],[10.779,51.512],[10.776,51.518],[10.801,51.523],[10.826,51.514],[10.822,51.498],[10.851,51.485],[10.97,51.458],[10.994,51.462],[10.983,51.479],[10.959,51.492],[10.94,51.501],[10.927,51.497],[10.922,51.509],[10.908,51.509],[10.897,51.522],[10.902,51.524],[10.897,51.536],[10.866,51.538],[10.858,51.552],[10.868,51.562],[10.864,51.579],[10.893,51.606],[10.862,51.632],[10.818,51.625],[10.812,51.639],[10.763,51.649],[10.762,51.657],[10.783,51.661],[10.78,51.68],[10.765,51.669],[10.738,51.671],[10.707,51.682],[10.706,51.694],[10.666,51.695],[10.668,51.67],[10.702,51.641],[10.676,51.638],[10.681,51.63],[10.638,51.619],[10.647,51.609],[10.632,51.604],[10.638,51.584],[10.663,51.58],[10.66,51.561],[10.646,51.559],[10.627,51.571]]]]}},{"type":"Feature","properties":{"NAME":"County of Holland","SUBJECTO":"Holy Roman Empire","PARTOF":"Holy Roman Empire","ADMIN_LEVEL":4,"OHM_RELATION_ID":2831646,"START_DATE":"1297","END_DATE":"1400"},"geometry":{"type":"MultiPolygon","coordinates":[[[[4.327,52.238],[4.26,52.176],[4.127,52.09],[4.038,52.015],[4.02,51.993],[4.013,51.963],[3.971,51.929],[3.947,51.892],[3.819,51.857],[3.784,51.83],[3.774,51.795],[3.748,51.79],[3.881,51.747],[3.928,51.771],[4.011,51.758],[4.044,51.699],[4.156,51.683],[4.243,51.647],[4.278,51.644],[4.362,51.663],[4.413,51.644],[4.544,51.64],[4.61,51.673],[4.643,51.709],[4.757,51.726],[4.857,51.717],[4.977,51.688],[5.059,51.688],[5.144,51.707],[5.184,51.742],[5.178,51.76],[5.143,51.755],[5.135,51.761],[5.139,51.772],[5.094,51.788],[5.072,51.779],[5.052,51.798],[5.026,51.803],[4.996,51.825],[5.005,51.901],[5.084,51.999],[5.103,52.003],[5.091,52.017],[5.048,52.038],[4.98,52.022],[4.92,51.994],[4.793,51.977],[4.766,52.001],[4.809,52.014],[4.929,52.029],[4.956,52.051],[4.946,52.064],[4.808,52.033],[4.799,52.055],[4.939,52.09],[4.915,52.125],[4.824,52.108],[4.791,52.124],[4.827,52.144],[4.872,52.139],[4.881,52.167],[4.823,52.193],[4.842,52.211],[4.801,52.237],[4.727,52.21],[4.719,52.243],[4.773,52.253],[4.805,52.281],[4.882,52.251],[4.907,52.251],[4.933,52.277],[5.016,52.303],[5.136,52.261],[5.147,52.208],[5.044,52.204],[5.035,52.182],[5.047,52.166],[5.199,52.177],[5.262,52.282],[5.364,52.35],[5.258,52.371],[5.118,52.385],[5.172,52.426],[5.155,52.464],[5.188,52.521],[5.124,52.579],[5.234,52.59],[5.315,52.641],[5.382,52.735],[5.386,52.767],[5.198,52.816],[5.047,52.828],[5.113,52.896],[5.117,52.959],[5.037,53.007],[4.878,52.976],[4.977,53.054],[4.982,53.12],[4.925,53.178],[4.771,53.212],[4.69,53.138],[4.643,53.071],[4.63,53.026],[4.641,52.977],[4.632,52.958],[4.628,52.899],[4.558,52.751],[4.542,52.617],[4.507,52.514],[4.426,52.354],[4.327,52.238]]],[[[5.691,52.678],[5.671,52.704],[5.622,52.707],[5.571,52.697],[5.512,52.663],[5.548,52.631],[5.576,52.621],[5.62,52.623],[5.662,52.642],[5.691,52.678]]],[[[5.707,52.641],[5.86,52.64],[5.838,52.683],[5.778,52.692],[5.736,52.677],[5.707,52.641]]]]}},{"type":"Feature","properties":{"NAME":"County of Holstein-Pinneberg","SUBJECTO":"Holy Roman Empire","PARTOF":"Holy Roman Empire","ADMIN_LEVEL":5,"OHM_RELATION_ID":2840496,"START_DATE":"1290-12-21","END_DATE":"1640-11-14"},"geometry":{"type":"MultiPolygon","coordinates":[[[[9.569,53.718],[9.584,53.715],[9.58,53.7],[9.599,53.701],[9.616,53.667],[9.643,53.663],[9.663,53.596],[9.633,53.583],[9.676,53.565],[9.913,53.542],[9.913,53.582],[9.934,53.571],[9.939,53.582],[9.962,53.582],[9.984,53.599],[9.966,53.606],[9.97,53.622],[9.993,53.637],[9.987,53.655],[10,53.713],[9.99,53.751],[9.968,53.769],[9.927,53.75],[9.897,53.751],[9.9,53.772],[9.867,53.782],[9.884,53.802],[9.881,53.812],[9.851,53.83],[9.842,53.825],[9.845,53.817],[9.821,53.826],[9.824,53.846],[9.763,53.873],[9.752,53.893],[9.674,53.889],[9.649,53.881],[9.658,53.855],[9.677,53.851],[9.66,53.8],[9.646,53.776],[9.566,53.753],[9.582,53.724],[9.569,53.718]]]]}},{"type":"Feature","properties":{"NAME":"County of Horne","SUBJECTO":"Holy Roman Empire","PARTOF":"Holy Roman Empire","ADMIN_LEVEL":5,"OHM_RELATION_ID":2831137,"START_DATE":"0920","END_DATE":"1797-10-17"},"geometry":{"type":"Polygon","coordinates":[[[5.834,51.274],[5.841,51.25],[5.85,51.245],[5.884,51.24],[5.893,51.24],[5.893,51.239],[5.895,51.238],[5.893,51.236],[5.893,51.217],[5.876,51.182],[5.858,51.181],[5.872,51.168],[5.923,51.172],[5.917,51.174],[5.934,51.188],[5.977,51.202],[5.968,51.22],[6.006,51.231],[5.999,51.249],[6.007,51.255],[6.009,51.278],[5.925,51.309],[5.906,51.3],[5.906,51.294],[5.858,51.311],[5.844,51.278],[5.834,51.274]]]}},{"type":"Feature","properties":{"NAME":"County of Leiningen","SUBJECTO":"Holy Roman Empire","PARTOF":"Holy Roman Empire","ADMIN_LEVEL":4,"OHM_RELATION_ID":2830777,"START_DATE":"1093","END_DATE":"1797-10-17"},"geometry":{"type":"MultiPolygon","coordinates":[[[[7.524,49.333],[7.528,49.299],[7.556,49.273],[7.568,49.276],[7.575,49.291],[7.564,49.311],[7.584,49.335],[7.582,49.345],[7.56,49.357],[7.524,49.333]]],[[[7.701,49.498],[7.738,49.473],[7.754,49.476],[7.755,49.491],[7.716,49.504],[7.701,49.498]]],[[[7.831,49.373],[7.848,49.367],[7.876,49.376],[7.885,49.388],[7.905,49.394],[7.919,49.388],[7.939,49.409],[7.93,49.421],[7.921,49.42],[7.891,49.402],[7.88,49.41],[7.833,49.387],[7.831,49.373]]],[[[7.845,49.134],[7.854,49.132],[7.86,49.117],[7.906,49.118],[7.921,49.129],[7.899,49.149],[7.91,49.164],[7.901,49.175],[7.875,49.153],[7.863,49.156],[7.865,49.144],[7.845,49.134]]],[[[7.888,49.191],[7.906,49.189],[7.915,49.178],[7.938,49.177],[7.951,49.186],[7.918,49.21],[7.888,49.191]]],[[[7.926,50.576],[7.933,50.565],[7.956,50.563],[7.969,50.552],[7.967,50.536],[7.996,50.525],[8.04,50.553],[8.026,50.573],[7.993,50.575],[7.991,50.594],[7.971,50.601],[7.926,50.576]]],[[[7.929,49.595],[7.938,49.588],[7.97,49.595],[7.977,49.608],[7.944,49.606],[7.941,49.604],[7.943,49.604],[7.929,49.595]]],[[[7.943,49.453],[7.959,49.442],[7.978,49.451],[7.982,49.443],[7.995,49.442],[7.996,49.449],[8.007,49.448],[8.017,49.458],[8.028,49.446],[7.995,49.433],[8.021,49.433],[7.995,49.423],[8.011,49.418],[8.025,49.423],[8.019,49.392],[7.988,49.391],[8.024,49.366],[8.049,49.375],[8.044,49.389],[8.024,49.397],[8.06,49.402],[8.087,49.438],[8.132,49.453],[8.115,49.461],[8.134,49.467],[8.159,49.463],[8.161,49.455],[8.221,49.463],[8.219,49.468],[8.251,49.482],[8.258,49.495],[8.195,49.495],[8.184,49.501],[8.192,49.504],[8.189,49.518],[8.174,49.517],[8.168,49.526],[8.216,49.525],[8.205,49.556],[8.19,49.555],[8.186,49.581],[8.21,49.583],[8.21,49.594],[8.234,49.604],[8.215,49.602],[8.205,49.612],[8.232,49.618],[8.207,49.653],[8.191,49.652],[8.194,49.636],[8.184,49.635],[8.188,49.619],[8.129,49.612],[8.121,49.621],[8.088,49.611],[8.078,49.59],[8.087,49.576],[8.115,49.585],[8.128,49.574],[8.124,49.568],[8.094,49.563],[8.101,49.554],[8.08,49.545],[8.097,49.536],[8.135,49.562],[8.136,49.555],[8.149,49.554],[8.156,49.544],[8.153,49.543],[8.154,49.541],[8.085,49.513],[8.075,49.519],[8.089,49.524],[8.08,49.533],[8.042,49.519],[8.011,49.509],[8.002,49.499],[7.957,49.489],[7.95,49.484],[7.957,49.463],[7.943,49.453]]],[[[8.029,49.831],[8.03,49.809],[8.05,49.801],[8.063,49.817],[8.058,49.836],[8.04,49.84],[8.029,49.831]]],[[[8.051,49.252],[8.076,49.244],[8.109,49.247],[8.083,49.256],[8.051,49.252]]],[[[8.15,50.413],[8.162,50.407],[8.178,50.409],[8.176,50.418],[8.164,50.421],[8.15,50.413]]],[[[8.197,49.722],[8.203,49.713],[8.27,49.724],[8.338,49.724],[8.338,49.737],[8.291,49.744],[8.216,49.73],[8.197,49.722]]],[[[8.215,49.819],[8.259,49.788],[8.355,49.783],[8.4,49.803],[8.385,49.817],[8.332,49.811],[8.33,49.83],[8.271,49.805],[8.224,49.822],[8.215,49.819]]],[[[8.235,49.829],[8.261,49.823],[8.279,49.833],[8.279,49.842],[8.238,49.841],[8.235,49.829]]],[[[8.276,49.423],[8.283,49.393],[8.291,49.394],[8.308,49.43],[8.28,49.434],[8.276,49.423]]]]}},{"type":"Feature","properties":{"NAME":"County of Moers","SUBJECTO":"Holy Roman Empire","PARTOF":"Holy Roman Empire","ADMIN_LEVEL":4,"OHM_RELATION_ID":2840625,"START_DATE":"1160","END_DATE":"1412"},"geometry":{"type":"MultiPolygon","coordinates":[[[[6.723,51.454],[6.719,51.466],[6.68,51.479],[6.694,51.492],[6.716,51.497],[6.723,51.512],[6.675,51.509],[6.666,51.527],[6.674,51.563],[6.625,51.56],[6.601,51.572],[6.598,51.591],[6.558,51.579],[6.572,51.569],[6.574,51.55],[6.625,51.55],[6.63,51.541],[6.613,51.521],[6.568,51.517],[6.574,51.505],[6.561,51.496],[6.558,51.478],[6.535,51.47],[6.525,51.453],[6.508,51.444],[6.509,51.437],[6.534,51.437],[6.539,51.408],[6.569,51.416],[6.578,51.4],[6.614,51.398],[6.615,51.376],[6.645,51.383],[6.674,51.369],[6.713,51.375],[6.744,51.395],[6.739,51.415],[6.71,51.442],[6.723,51.454]]],[[[6.515,51.37],[6.508,51.36],[6.513,51.351],[6.531,51.338],[6.53,51.325],[6.549,51.309],[6.594,51.322],[6.575,51.348],[6.537,51.367],[6.515,51.37]]]]}},{"type":"Feature","properties":{"NAME":"County of Montbéliard","SUBJECTO":"Holy Roman Empire","PARTOF":"Holy Roman Empire","ADMIN_LEVEL":5,"OHM_RELATION_ID":2812115,"START_DATE":"1042","END_DATE":"1796-08-07"},"geometry":{"type":"MultiPolygon","coordinates":[[[[6.714,47.471],[6.728,47.481],[6.774,47.473],[6.779,47.482],[6.799,47.485],[6.838,47.482],[6.843,47.472],[6.884,47.467],[6.912,47.476],[6.908,47.489],[6.915,47.498],[6.931,47.499],[6.937,47.483],[6.953,47.48],[6.954,47.512],[6.912,47.525],[6.918,47.531],[6.91,47.546],[6.891,47.555],[6.835,47.544],[6.802,47.547],[6.787,47.533],[6.755,47.541],[6.732,47.56],[6.748,47.584],[6.721,47.607],[6.686,47.613],[6.68,47.626],[6.692,47.633],[6.686,47.661],[6.664,47.665],[6.628,47.687],[6.589,47.675],[6.61,47.662],[6.626,47.626],[6.655,47.617],[6.669,47.596],[6.654,47.587],[6.664,47.578],[6.654,47.57],[6.669,47.556],[6.654,47.54],[6.686,47.515],[6.676,47.507],[6.678,47.486],[6.669,47.471],[6.693,47.462],[6.714,47.471]]],[[[6.794,47.454],[6.787,47.419],[6.793,47.41],[6.812,47.417],[6.833,47.439],[6.83,47.453],[6.794,47.454]]],[[[6.66,47.478],[6.639,47.491],[6.618,47.484],[6.615,47.473],[6.63,47.463],[6.647,47.466],[6.66,47.478]]]]}},{"type":"Feature","properties":{"NAME":"County of Rietberg","SUBJECTO":"Holy Roman Empire","PARTOF":"Holy Roman Empire","ADMIN_LEVEL":4,"OHM_RELATION_ID":2806964,"START_DATE":"1237","END_DATE":"1807-07-07"},"geometry":{"type":"MultiPolygon","coordinates":[[[[8.35,51.723],[8.403,51.719],[8.416,51.759],[8.473,51.793],[8.517,51.806],[8.534,51.832],[8.628,51.862],[8.642,51.884],[8.621,51.902],[8.607,51.927],[8.583,51.92],[8.512,51.92],[8.506,51.915],[8.51,51.894],[8.455,51.874],[8.442,51.848],[8.363,51.811],[8.368,51.751],[8.351,51.742],[8.344,51.731],[8.35,51.723]]]]}},{"type":"Feature","properties":{"NAME":"County of Schaumburg","SUBJECTO":"Holy Roman Empire","PARTOF":"Holy Roman Empire","ADMIN_LEVEL":5,"OHM_RELATION_ID":2807121,"START_DATE":"1295","END_DATE":"1640-11-14"},"geometry":{"type":"MultiPolygon","coordinates":[[[[9.376,52.396],[9.346,52.395],[9.355,52.409],[9.334,52.408],[9.336,52.415],[9.367,52.424],[9.368,52.433],[9.403,52.433],[9.416,52.449],[9.407,52.462],[9.423,52.466],[9.356,52.499],[9.307,52.487],[9.276,52.47],[9.277,52.457],[9.267,52.451],[9.278,52.44],[9.226,52.434],[9.202,52.416],[9.162,52.411],[9.138,52.378],[9.123,52.37],[9.099,52.373],[9.06,52.341],[9.028,52.346],[9.019,52.331],[8.989,52.313],[8.985,52.285],[8.964,52.279],[8.977,52.276],[8.972,52.265],[8.979,52.262],[9.077,52.234],[9.056,52.221],[9.037,52.224],[9.046,52.21],[9.046,52.183],[8.989,52.196],[9.022,52.172],[9.012,52.162],[9.018,52.148],[9.012,52.14],[9.018,52.132],[9.071,52.149],[9.071,52.143],[9.091,52.136],[9.143,52.135],[9.159,52.12],[9.139,52.108],[9.133,52.098],[9.138,52.096],[9.165,52.101],[9.175,52.117],[9.222,52.123],[9.235,52.143],[9.255,52.145],[9.265,52.159],[9.286,52.135],[9.315,52.13],[9.325,52.142],[9.353,52.138],[9.364,52.154],[9.387,52.167],[9.367,52.19],[9.332,52.201],[9.314,52.219],[9.33,52.243],[9.311,52.254],[9.313,52.276],[9.344,52.275],[9.36,52.294],[9.414,52.293],[9.401,52.328],[9.45,52.368],[9.451,52.379],[9.446,52.387],[9.427,52.388],[9.405,52.41],[9.376,52.396]]]]}},{"type":"Feature","properties":{"NAME":"County of Spiegelberg","SUBJECTO":"Holy Roman Empire","PARTOF":"Holy Roman Empire","ADMIN_LEVEL":5,"OHM_RELATION_ID":2807633,"START_DATE":"1281","END_DATE":"1819"},"geometry":{"type":"MultiPolygon","coordinates":[[[[9.514,52.108],[9.551,52.101],[9.581,52.122],[9.561,52.129],[9.565,52.137],[9.59,52.148],[9.556,52.167],[9.526,52.16],[9.505,52.171],[9.48,52.168],[9.482,52.16],[9.448,52.127],[9.452,52.118],[9.458,52.12],[9.453,52.113],[9.479,52.119],[9.514,52.108]]]]}},{"type":"Feature","properties":{"NAME":"County of Tecklenburg","SUBJECTO":"Holy Roman Empire","PARTOF":"Holy Roman Empire","ADMIN_LEVEL":5,"OHM_RELATION_ID":2840429,"START_DATE":"1262","END_DATE":"1400"},"geometry":{"type":"Polygon","coordinates":[[[7.146,52.545],[7.146,52.535],[7.146,52.507],[7.158,52.48],[7.181,52.456],[7.203,52.444],[7.212,52.449],[7.258,52.341],[7.317,52.28],[7.373,52.276],[7.416,52.242],[7.469,52.236],[7.481,52.246],[7.511,52.251],[7.646,52.218],[7.654,52.205],[7.714,52.181],[7.723,52.143],[7.705,52.13],[7.706,52.119],[7.74,52.097],[7.794,52.104],[7.82,52.091],[7.848,52.096],[7.888,52.086],[7.959,52.106],[7.972,52.116],[8.008,52.116],[8,52.154],[8.026,52.164],[8.007,52.176],[7.975,52.171],[7.936,52.177],[7.909,52.19],[7.901,52.205],[7.926,52.225],[7.927,52.265],[7.954,52.27],[7.932,52.29],[7.932,52.3],[7.989,52.303],[7.991,52.309],[7.966,52.324],[7.948,52.339],[7.952,52.349],[7.941,52.349],[7.943,52.359],[7.892,52.381],[7.843,52.369],[7.807,52.371],[7.714,52.401],[7.693,52.411],[7.693,52.433],[7.683,52.458],[7.609,52.474],[7.618,52.5],[7.612,52.505],[7.62,52.537],[7.615,52.572],[7.621,52.583],[7.608,52.609],[7.608,52.658],[7.66,52.698],[7.684,52.688],[7.775,52.682],[7.794,52.687],[7.818,52.716],[7.874,52.714],[7.879,52.7],[7.92,52.677],[7.947,52.677],[7.959,52.693],[7.997,52.716],[8.166,52.784],[8.284,52.852],[8.259,52.874],[8.227,52.87],[8.157,52.905],[8.157,52.925],[8.087,52.934],[8.087,52.948],[8.047,52.968],[8.042,53.003],[8.003,53.002],[7.962,52.97],[7.955,52.926],[7.921,52.925],[7.903,52.973],[7.864,53.001],[7.781,52.984],[7.639,52.916],[7.515,52.831],[7.427,52.751],[7.395,52.701],[7.391,52.647],[7.407,52.61],[7.254,52.582],[7.146,52.572],[7.146,52.545]]]}},{"type":"Feature","properties":{"NAME":"County/Principality of Neuchâtel","SUBJECTO":"Holy Roman Empire","PARTOF":"Holy Roman Empire","ADMIN_LEVEL":5,"OHM_RELATION_ID":2748494,"START_DATE":"1011","END_DATE":"1648-10-24"},"geometry":{"type":"MultiPolygon","coordinates":[[[[6.436,46.921],[6.465,46.89],[6.461,46.855],[6.484,46.847],[6.63,46.889],[6.654,46.914],[6.722,46.934],[6.719,46.904],[6.741,46.895],[6.738,46.871],[6.754,46.87],[6.779,46.854],[7.002,46.988],[7.038,46.98],[7.027,47.006],[7.035,47.014],[7.033,47.033],[7.088,47.06],[7.077,47.076],[7.089,47.083],[7.076,47.096],[7.041,47.109],[7.029,47.104],[7.024,47.113],[7.041,47.124],[7.028,47.127],[6.931,47.108],[6.869,47.087],[6.889,47.131],[6.862,47.166],[6.806,47.131],[6.741,47.11],[6.747,47.099],[6.739,47.091],[6.703,47.082],[6.707,47.074],[6.695,47.063],[6.723,47.047],[6.714,47.044],[6.712,47.022],[6.69,47.009],[6.609,46.983],[6.505,46.966],[6.497,46.974],[6.433,46.929],[6.436,46.921]]]]}},{"type":"Feature","properties":{"NAME":"Dauphiné of Viennois","SUBJECTO":"Holy Roman Empire","PARTOF":"Holy Roman Empire","ADMIN_LEVEL":4,"OHM_RELATION_ID":2892602,"START_DATE":"1282","END_DATE":"1349-07-16"},"geometry":{"type":"Polygon","coordinates":[[[4.463,45.159],[4.572,45.081],[4.603,45.038],[4.762,45.034],[4.835,45.045],[4.848,45.026],[4.843,44.996],[4.918,45.005],[4.938,45.02],[4.934,45.036],[4.972,45.044],[5.007,45.028],[5.125,45.038],[5.19,45.084],[5.243,45.069],[5.263,45.073],[5.276,45.088],[5.278,45.114],[5.304,45.125],[5.341,45.125],[5.359,45.137],[5.398,45.127],[5.437,45.097],[5.456,45.052],[5.525,45.035],[5.545,44.957],[5.506,44.851],[5.508,44.824],[5.542,44.775],[5.6,44.771],[5.623,44.728],[5.651,44.722],[5.671,44.63],[5.608,44.624],[5.605,44.537],[5.65,44.513],[5.642,44.478],[5.565,44.49],[5.495,44.481],[5.501,44.46],[5.517,44.446],[5.583,44.451],[5.613,44.422],[5.598,44.383],[5.643,44.345],[5.666,44.307],[5.775,44.347],[5.843,44.33],[5.882,44.393],[5.97,44.399],[6.035,44.426],[6.098,44.476],[6.186,44.458],[6.297,44.476],[6.34,44.436],[6.407,44.467],[6.459,44.445],[6.606,44.488],[6.612,44.523],[6.678,44.545],[6.741,44.531],[6.78,44.538],[6.839,44.609],[6.855,44.615],[6.853,44.623],[6.857,44.624],[6.858,44.63],[6.882,44.631],[6.916,44.66],[6.948,44.655],[6.962,44.676],[6.962,44.677],[6.963,44.678],[6.99,44.69],[7.028,44.692],[7.029,44.692],[7.077,44.682],[7.065,44.714],[7.04,44.72],[7.024,44.74],[7.022,44.771],[7.001,44.792],[7.024,44.822],[7.01,44.826],[7.005,44.84],[7.015,44.879],[6.795,45.014],[6.748,45.007],[6.743,45.016],[6.724,45.022],[6.671,45.02],[6.647,45.027],[6.639,45.054],[6.612,45.051],[6.592,45.072],[6.558,45.08],[6.55,45.098],[6.532,45.098],[6.511,45.109],[6.479,45.095],[6.486,45.086],[6.487,45.056],[6.452,45.052],[6.436,45.063],[6.396,45.061],[6.365,45.07],[6.375,45.084],[6.363,45.103],[6.336,45.121],[6.296,45.108],[6.259,45.128],[6.267,45.139],[6.25,45.149],[6.221,45.143],[6.189,45.167],[6.157,45.15],[6.147,45.158],[6.163,45.191],[6.134,45.23],[6.131,45.286],[6.157,45.31],[6.185,45.318],[6.201,45.361],[6.176,45.395],[6.122,45.439],[6.096,45.432],[6.094,45.445],[6.049,45.438],[6.011,45.45],[6.009,45.473],[5.968,45.492],[5.915,45.477],[5.924,45.464],[5.92,45.444],[5.905,45.432],[5.897,45.4],[5.816,45.422],[5.793,45.438],[5.74,45.439],[5.733,45.473],[5.672,45.555],[5.622,45.612],[5.603,45.621],[5.556,45.679],[5.545,45.713],[5.52,45.739],[5.51,45.769],[5.422,45.808],[5.417,45.825],[5.425,45.85],[5.411,45.862],[5.35,45.881],[5.303,45.842],[5.291,45.808],[5.236,45.772],[5.19,45.768],[5.124,45.812],[5.066,45.807],[5.029,45.818],[4.986,45.816],[4.91,45.802],[4.905,45.724],[4.835,45.71],[4.833,45.662],[4.81,45.642],[4.805,45.612],[4.776,45.586],[4.813,45.571],[4.831,45.549],[4.863,45.536],[4.87,45.525],[4.761,45.453],[4.74,45.417],[4.761,45.393],[4.757,45.367],[4.693,45.348],[4.65,45.286],[4.605,45.26],[4.489,45.231],[4.471,45.209],[4.463,45.159]]]}},{"type":"Feature","properties":{"NAME":"Duchy of Austria","SUBJECTO":"Holy Roman Empire","PARTOF":"Holy Roman Empire","ADMIN_LEVEL":4,"OHM_RELATION_ID":2852946,"START_DATE":"1254-04-03","END_DATE":"1390"},"geometry":{"type":"Polygon","coordinates":[[[13.436,47.739],[13.486,47.722],[13.55,47.714],[13.531,47.682],[13.51,47.675],[13.485,47.641],[13.49,47.63],[13.514,47.631],[13.522,47.62],[13.506,47.603],[13.506,47.583],[13.48,47.569],[13.478,47.526],[13.516,47.496],[13.586,47.475],[13.609,47.475],[13.646,47.511],[13.683,47.517],[13.721,47.51],[13.761,47.52],[13.747,47.544],[13.757,47.545],[13.755,47.553],[13.736,47.577],[13.695,47.579],[13.7,47.6],[13.692,47.621],[13.706,47.665],[13.737,47.674],[13.733,47.685],[13.749,47.688],[13.755,47.701],[13.777,47.715],[13.85,47.715],[13.861,47.727],[13.904,47.717],[13.92,47.705],[13.952,47.71],[13.983,47.698],[14.01,47.701],[14.056,47.668],[14.046,47.627],[14.066,47.616],[14.182,47.639],[14.205,47.653],[14.232,47.65],[14.224,47.641],[14.255,47.613],[14.325,47.607],[14.339,47.62],[14.395,47.638],[14.398,47.653],[14.437,47.653],[14.486,47.681],[14.517,47.682],[14.532,47.714],[14.583,47.719],[14.603,47.73],[14.644,47.727],[14.696,47.765],[14.734,47.752],[14.766,47.726],[14.82,47.745],[14.833,47.744],[14.84,47.734],[14.86,47.742],[14.877,47.716],[14.927,47.71],[14.973,47.744],[14.997,47.741],[15.034,47.753],[15.066,47.782],[15.086,47.761],[15.071,47.746],[15.089,47.741],[15.133,47.748],[15.139,47.762],[15.2,47.754],[15.217,47.796],[15.287,47.789],[15.299,47.821],[15.341,47.828],[15.402,47.814],[15.41,47.785],[15.44,47.791],[15.45,47.773],[15.507,47.768],[15.517,47.761],[15.51,47.753],[15.514,47.747],[15.607,47.752],[15.636,47.715],[15.671,47.71],[15.68,47.699],[15.697,47.713],[15.717,47.713],[15.714,47.697],[15.729,47.666],[15.725,47.646],[15.742,47.642],[15.746,47.632],[15.78,47.642],[15.822,47.637],[15.843,47.617],[15.857,47.62],[15.862,47.613],[15.845,47.586],[15.849,47.567],[15.874,47.573],[15.905,47.562],[15.903,47.543],[15.914,47.53],[16.026,47.515],[16.057,47.486],[16.066,47.503],[16.08,47.5],[16.081,47.507],[16.092,47.507],[16.097,47.524],[16.111,47.524],[16.12,47.507],[16.115,47.498],[16.12,47.479],[16.141,47.461],[16.133,47.452],[16.143,47.439],[16.172,47.422],[16.224,47.427],[16.257,47.451],[16.302,47.467],[16.306,47.474],[16.297,47.479],[16.316,47.485],[16.311,47.489],[16.333,47.505],[16.339,47.523],[16.311,47.546],[16.35,47.617],[16.37,47.623],[16.367,47.648],[16.349,47.68],[16.313,47.689],[16.295,47.724],[16.294,47.768],[16.304,47.784],[16.269,47.791],[16.277,47.809],[16.315,47.805],[16.308,47.803],[16.308,47.793],[16.316,47.785],[16.347,47.804],[16.352,47.819],[16.377,47.827],[16.388,47.843],[16.348,47.867],[16.389,47.882],[16.4,47.876],[16.409,47.881],[16.415,47.889],[16.41,47.892],[16.42,47.895],[16.424,47.912],[16.419,47.913],[16.448,47.934],[16.514,47.943],[16.574,47.886],[16.632,47.93],[16.634,47.946],[16.652,47.949],[16.659,47.961],[16.7,47.967],[16.701,48.01],[16.754,48.012],[16.803,48.029],[16.837,48.032],[16.831,48.038],[16.847,48.054],[16.873,48.072],[16.894,48.074],[16.919,48.066],[16.92,48.051],[16.972,48.039],[16.97,48.027],[16.982,48.025],[17.016,48.075],[16.972,48.095],[16.976,48.106],[16.995,48.109],[17.005,48.099],[17.02,48.106],[17.029,48.1],[17.002,48.093],[17.036,48.084],[17.042,48.102],[17.064,48.11],[17.068,48.124],[17.057,48.142],[17.051,48.14],[17.056,48.131],[17.029,48.129],[17.018,48.133],[17.017,48.147],[17.008,48.152],[16.962,48.169],[16.975,48.172],[16.975,48.185],[16.946,48.236],[16.958,48.264],[16.949,48.275],[16.923,48.272],[16.897,48.294],[16.901,48.3],[16.889,48.307],[16.906,48.311],[16.9,48.314],[16.908,48.323],[16.869,48.34],[16.872,48.349],[16.847,48.349],[16.834,48.379],[16.856,48.384],[16.851,48.388],[16.856,48.398],[16.847,48.402],[16.853,48.402],[16.85,48.413],[16.862,48.421],[16.847,48.43],[16.85,48.449],[16.864,48.454],[16.859,48.458],[16.88,48.477],[16.889,48.476],[16.896,48.486],[16.89,48.492],[16.918,48.497],[16.907,48.515],[16.929,48.513],[16.945,48.522],[16.936,48.527],[16.95,48.536],[16.943,48.539],[16.949,48.543],[16.941,48.552],[16.945,48.56],[16.933,48.559],[16.942,48.571],[16.933,48.58],[16.945,48.588],[16.932,48.602],[16.964,48.631],[16.958,48.639],[16.972,48.646],[16.967,48.667],[16.973,48.68],[16.973,48.688],[16.942,48.683],[16.921,48.701],[16.927,48.704],[16.92,48.713],[16.904,48.71],[16.903,48.715],[16.889,48.717],[16.887,48.719],[16.884,48.72],[16.886,48.721],[16.879,48.731],[16.88,48.731],[16.879,48.732],[16.889,48.734],[16.892,48.742],[16.868,48.762],[16.868,48.763],[16.867,48.764],[16.871,48.782],[16.871,48.783],[16.866,48.789],[16.864,48.79],[16.731,48.774],[16.642,48.786],[16.598,48.782],[16.596,48.783],[16.595,48.782],[16.592,48.784],[16.565,48.794],[16.549,48.807],[16.538,48.813],[16.535,48.81],[16.522,48.799],[16.519,48.8],[16.518,48.799],[16.464,48.808],[16.458,48.805],[16.439,48.773],[16.438,48.769],[16.436,48.768],[16.435,48.766],[16.425,48.761],[16.418,48.758],[16.409,48.743],[16.407,48.742],[16.406,48.741],[16.379,48.729],[16.365,48.73],[16.36,48.728],[16.359,48.73],[16.358,48.73],[16.346,48.742],[16.342,48.742],[16.334,48.732],[16.331,48.732],[16.331,48.731],[16.327,48.732],[16.323,48.732],[16.278,48.741],[16.277,48.742],[16.1,48.746],[16.088,48.75],[16.08,48.75],[15.997,48.778],[15.995,48.779],[15.972,48.792],[15.953,48.803],[15.951,48.804],[15.956,48.824],[15.943,48.827],[15.934,48.82],[15.933,48.82],[15.932,48.821],[15.925,48.826],[15.927,48.828],[15.923,48.834],[15.904,48.836],[15.895,48.834],[15.892,48.843],[15.903,48.842],[15.897,48.848],[15.886,48.842],[15.885,48.843],[15.884,48.843],[15.876,48.859],[15.865,48.852],[15.864,48.853],[15.864,48.852],[15.844,48.859],[15.848,48.862],[15.85,48.868],[15.842,48.877],[15.839,48.877],[15.826,48.871],[15.792,48.874],[15.778,48.873],[15.755,48.853],[15.753,48.853],[15.752,48.852],[15.708,48.861],[15.688,48.856],[15.655,48.882],[15.63,48.885],[15.625,48.889],[15.613,48.898],[15.603,48.898],[15.58,48.896],[15.577,48.897],[15.575,48.897],[15.513,48.914],[15.502,48.936],[15.47,48.95],[15.465,48.95],[15.454,48.947],[15.424,48.952],[15.423,48.952],[15.421,48.953],[15.353,48.984],[15.352,48.984],[15.322,48.976],[15.312,48.979],[15.306,48.978],[15.299,48.982],[15.291,48.984],[15.29,48.987],[15.279,48.995],[15.282,48.981],[15.261,48.954],[15.226,48.96],[15.188,48.944],[15.162,48.942],[15.159,48.95],[15.17,48.963],[15.152,48.98],[15.157,48.992],[15.068,48.999],[15.061,49.015],[15.041,49.012],[15.023,49.02],[14.994,49.012],[14.998,48.992],[14.983,48.985],[14.976,48.969],[14.992,48.898],[14.943,48.891],[14.892,48.912],[14.87,48.838],[14.817,48.796],[14.824,48.784],[14.809,48.779],[14.812,48.764],[14.801,48.747],[14.804,48.733],[14.78,48.715],[14.736,48.698],[14.726,48.685],[14.713,48.651],[14.72,48.64],[14.714,48.617],[14.721,48.602],[14.704,48.584],[14.665,48.582],[14.654,48.604],[14.646,48.61],[14.626,48.605],[14.609,48.628],[14.559,48.604],[14.548,48.614],[14.501,48.619],[14.494,48.632],[14.467,48.646],[14.444,48.643],[14.455,48.627],[14.432,48.59],[14.392,48.594],[14.39,48.574],[14.375,48.569],[14.36,48.575],[14.353,48.563],[14.331,48.553],[14.325,48.562],[14.267,48.581],[14.242,48.578],[14.191,48.593],[14.164,48.589],[14.13,48.598],[14.111,48.589],[14.093,48.599],[14.068,48.595],[14.069,48.604],[14.054,48.604],[14.043,48.615],[14.043,48.629],[14.015,48.638],[14.027,48.653],[14.052,48.653],[14.06,48.666],[14.057,48.675],[14.036,48.677],[14.005,48.708],[13.939,48.723],[13.873,48.768],[13.84,48.772],[13.821,48.755],[13.82,48.733],[13.799,48.712],[13.812,48.702],[13.815,48.702],[13.836,48.701],[13.836,48.7],[13.837,48.7],[13.835,48.695],[13.835,48.693],[13.834,48.693],[13.833,48.692],[13.816,48.692],[13.815,48.687],[13.819,48.672],[13.814,48.65],[13.824,48.642],[13.824,48.635],[13.826,48.63],[13.824,48.618],[13.802,48.595],[13.802,48.574],[13.771,48.555],[13.768,48.554],[13.757,48.563],[13.752,48.559],[13.749,48.553],[13.749,48.532],[13.727,48.513],[13.744,48.493],[13.861,48.427],[13.873,48.432],[13.854,48.442],[13.858,48.45],[13.887,48.445],[13.909,48.455],[13.919,48.449],[13.925,48.421],[13.942,48.403],[13.956,48.417],[13.985,48.422],[13.999,48.415],[14.03,48.376],[14.024,48.34],[14.065,48.32],[14.12,48.309],[14.188,48.331],[14.224,48.309],[14.272,48.305],[14.32,48.322],[14.336,48.298],[14.254,48.26],[14.201,48.256],[14.081,48.207],[14.011,48.192],[13.881,48.131],[13.871,48.101],[13.879,48.089],[13.859,48.087],[13.836,48.07],[13.844,48.052],[13.822,48.04],[13.821,48.03],[13.792,48.003],[13.809,47.991],[13.806,47.961],[13.815,47.954],[13.796,47.933],[13.803,47.919],[13.786,47.896],[13.799,47.851],[13.792,47.822],[13.729,47.783],[13.734,47.776],[13.66,47.738],[13.66,47.73],[13.64,47.72],[13.624,47.734],[13.603,47.732],[13.529,47.798],[13.539,47.783],[13.536,47.776],[13.514,47.772],[13.465,47.786],[13.446,47.772],[13.436,47.739]],[[14.357,48.276],[14.425,48.305],[14.531,48.29],[14.621,48.231],[14.626,48.189],[14.583,48.227],[14.499,48.246],[14.458,48.236],[14.439,48.252],[14.357,48.276]],[[14.673,47.955],[14.676,47.983],[14.785,48.019],[14.83,48.011],[14.888,47.961],[14.882,47.93],[14.811,47.927],[14.807,47.885],[14.774,47.858],[14.788,47.823],[14.748,47.815],[14.703,47.857],[14.714,47.905],[14.692,47.945],[14.673,47.955]],[[14.73,48.077],[14.762,48.082],[14.77,48.066],[14.735,48.06],[14.73,48.077]],[[15.322,48.265],[15.386,48.418],[15.502,48.409],[15.531,48.378],[15.506,48.349],[15.418,48.317],[15.381,48.255],[15.337,48.239],[15.322,48.265]],[[15.576,48.189],[15.592,48.23],[15.675,48.214],[15.662,48.176],[15.576,48.189]],[[15.707,48.343],[15.723,48.38],[15.785,48.375],[15.762,48.331],[15.707,48.343]],[[16.019,48.334],[16.061,48.338],[16.09,48.374],[16.118,48.369],[16.07,48.305],[16.029,48.31],[16.019,48.334]],[[16.475,48.181],[16.502,48.246],[16.558,48.255],[16.611,48.226],[16.557,48.145],[16.475,48.181]]]}},{"type":"Feature","properties":{"NAME":"Duchy of Pomerania-Stettin","SUBJECTO":"Holy Roman Empire","PARTOF":"Holy Roman Empire","ADMIN_LEVEL":4,"OHM_RELATION_ID":2808068,"START_DATE":"1295","END_DATE":"1478-12-17"},"geometry":{"type":"MultiPolygon","coordinates":[[[[13.032,53.896],[12.943,53.873],[12.891,53.871],[12.883,53.864],[12.893,53.841],[12.801,53.774],[12.779,53.767],[12.792,53.766],[12.79,53.755],[12.818,53.724],[12.853,53.729],[12.878,53.717],[12.89,53.732],[12.931,53.744],[12.977,53.733],[13.013,53.749],[13.046,53.749],[13.066,53.761],[13.085,53.76],[13.1,53.752],[13.094,53.743],[13.113,53.738],[13.122,53.712],[13.111,53.694],[13.074,53.692],[13.083,53.675],[13.069,53.669],[13.091,53.659],[13.091,53.641],[13.121,53.63],[13.138,53.635],[13.14,53.642],[13.174,53.645],[13.189,53.631],[13.21,53.629],[13.226,53.616],[13.249,53.617],[13.259,53.644],[13.271,53.654],[13.268,53.663],[13.344,53.68],[13.413,53.708],[13.433,53.752],[13.502,53.744],[13.528,53.725],[13.528,53.711],[13.547,53.696],[13.642,53.704],[13.82,53.684],[13.861,53.67],[13.807,53.649],[13.761,53.622],[13.776,53.598],[13.821,53.587],[13.786,53.563],[13.792,53.559],[13.864,53.581],[13.902,53.569],[13.883,53.542],[13.898,53.533],[13.88,53.504],[13.893,53.499],[13.894,53.514],[13.974,53.499],[13.953,53.493],[14.024,53.466],[14.038,53.476],[14.038,53.494],[14.076,53.514],[14.105,53.52],[14.142,53.508],[14.166,53.514],[14.171,53.476],[14.201,53.461],[14.208,53.446],[14.234,53.431],[14.242,53.422],[14.244,53.394],[14.207,53.344],[14.107,53.281],[14.093,53.222],[14.107,53.185],[14.121,53.164],[14.183,53.151],[14.264,53.121],[14.296,53.186],[14.325,53.155],[14.359,53.152],[14.371,53.136],[14.362,53.124],[14.367,53.115],[14.355,53.114],[14.367,53.11],[14.353,53.104],[14.354,53.079],[14.34,53.075],[14.347,53.065],[14.356,53.065],[14.371,53.039],[14.428,53.022],[14.427,53.001],[14.445,52.998],[14.44,52.991],[14.461,52.993],[14.521,52.963],[14.563,52.977],[14.647,52.981],[14.732,53.037],[14.816,53.018],[14.813,53.025],[14.821,53.029],[14.81,53.033],[14.81,53.042],[14.855,53.071],[14.85,53.103],[14.885,53.122],[14.908,53.118],[14.922,53.097],[14.961,53.099],[14.974,53.086],[15.001,53.095],[15.008,53.113],[15.041,53.113],[15.05,53.094],[15.034,53.093],[15.03,53.082],[15.009,53.074],[15.025,53.053],[15.067,53.059],[15.082,53.04],[15.137,53.029],[15.158,53.06],[15.206,53.082],[15.219,53.076],[15.207,53.053],[15.205,53.03],[15.228,53.029],[15.247,52.995],[15.282,52.965],[15.375,52.977],[15.356,52.997],[15.395,53.001],[15.412,52.98],[15.443,52.99],[15.458,53.01],[15.429,53.033],[15.421,53.052],[15.389,53.063],[15.389,53.072],[15.408,53.083],[15.398,53.091],[15.404,53.094],[15.341,53.118],[15.364,53.146],[15.366,53.175],[15.38,53.199],[15.352,53.209],[15.368,53.251],[15.292,53.25],[15.075,53.296],[15.042,53.36],[14.902,53.438],[14.851,53.504],[14.826,53.568],[14.731,53.557],[14.634,53.534],[14.601,53.557],[14.582,53.622],[14.488,53.725],[13.848,53.845],[13.823,53.844],[13.765,53.821],[13.666,53.822],[13.633,53.864],[13.482,53.89],[13.445,53.918],[13.384,53.911],[13.348,53.926],[13.296,53.97],[13.274,53.975],[13.213,53.959],[13.199,53.963],[13.197,53.929],[13.122,53.894],[13.032,53.896]],[[15.217,53.147],[15.23,53.133],[15.214,53.117],[15.189,53.116],[15.18,53.129],[15.19,53.142],[15.217,53.147]],[[14.79,53.079],[14.748,53.068],[14.739,53.082],[14.741,53.111],[14.771,53.116],[14.791,53.096],[14.79,53.079]]]]}},{"type":"Feature","properties":{"NAME":"Duchy of Saxe-Wittenberg","SUBJECTO":"Holy Roman Empire","PARTOF":"Holy Roman Empire","ADMIN_LEVEL":4,"OHM_RELATION_ID":2874962,"START_DATE":"1296","END_DATE":"1356-01-10"},"geometry":{"type":"MultiPolygon","coordinates":[[[[11.689,51.724],[11.71,51.716],[11.714,51.726],[11.725,51.726],[11.716,51.733],[11.689,51.724]]],[[[11.707,52.054],[11.713,52.045],[11.708,52.042],[11.732,52.028],[11.752,52.023],[11.789,52.032],[11.825,52.01],[11.801,51.989],[11.748,52.009],[11.738,52],[11.767,51.992],[11.766,51.963],[11.795,51.962],[11.793,51.945],[11.829,51.919],[11.883,51.916],[11.864,51.931],[11.9,51.935],[11.896,51.944],[11.929,51.949],[11.884,51.979],[11.891,52.007],[11.881,52.021],[11.837,52.037],[11.854,52.052],[11.895,52.053],[11.896,52.045],[11.908,52.041],[11.898,52.029],[11.881,52.027],[11.886,52.024],[11.929,52.026],[11.937,52.034],[11.94,52.043],[11.887,52.058],[11.89,52.068],[11.904,52.068],[11.911,52.103],[11.928,52.102],[11.931,52.114],[11.915,52.154],[11.931,52.167],[11.928,52.182],[11.893,52.172],[11.911,52.14],[11.902,52.117],[11.886,52.124],[11.803,52.111],[11.8,52.102],[11.832,52.107],[11.834,52.098],[11.753,52.094],[11.767,52.078],[11.753,52.074],[11.756,52.064],[11.743,52.053],[11.736,52.055],[11.741,52.047],[11.733,52.045],[11.707,52.054]]],[[[11.895,52.327],[11.905,52.318],[11.967,52.332],[11.942,52.341],[11.926,52.356],[11.895,52.327]]],[[[11.961,51.98],[12.02,51.97],[12.059,51.997],[12.054,52.018],[12.027,52.017],[12.028,52.025],[12.003,52.027],[11.994,52.007],[11.964,51.999],[11.968,51.986],[11.961,51.98]]],[[[12.102,51.587],[12.133,51.584],[12.131,51.591],[12.162,51.593],[12.163,51.587],[12.177,51.587],[12.169,51.577],[12.169,51.55],[12.198,51.531],[12.223,51.53],[12.225,51.541],[12.219,51.546],[12.232,51.548],[12.242,51.56],[12.293,51.562],[12.343,51.576],[12.346,51.581],[12.339,51.585],[12.353,51.599],[12.404,51.61],[12.472,51.598],[12.477,51.59],[12.524,51.576],[12.542,51.582],[12.527,51.598],[12.531,51.612],[12.513,51.663],[12.549,51.665],[12.57,51.685],[12.785,51.624],[12.812,51.631],[12.803,51.652],[12.816,51.66],[12.843,51.648],[12.889,51.668],[12.899,51.647],[12.938,51.645],[12.937,51.624],[12.95,51.623],[12.958,51.609],[12.969,51.611],[12.974,51.621],[12.966,51.629],[12.971,51.629],[13.002,51.613],[13.006,51.599],[13.028,51.592],[13.008,51.574],[13.016,51.552],[13.06,51.561],[13.05,51.571],[13.063,51.576],[13.063,51.575],[13.064,51.576],[13.066,51.577],[13.081,51.582],[13.077,51.583],[13.076,51.583],[13.072,51.584],[13.082,51.585],[13.073,51.585],[13.072,51.59],[13.081,51.597],[13.123,51.574],[13.189,51.577],[13.195,51.571],[13.186,51.567],[13.192,51.539],[13.206,51.523],[13.274,51.525],[13.311,51.501],[13.277,51.483],[13.301,51.48],[13.31,51.467],[13.305,51.437],[13.333,51.437],[13.338,51.429],[13.383,51.427],[13.374,51.438],[13.407,51.451],[13.405,51.464],[13.365,51.458],[13.412,51.493],[13.437,51.485],[13.46,51.508],[13.494,51.482],[13.526,51.484],[13.536,51.491],[13.596,51.476],[13.623,51.497],[13.643,51.498],[13.634,51.505],[13.658,51.506],[13.653,51.543],[13.693,51.548],[13.65,51.56],[13.597,51.541],[13.573,51.552],[13.533,51.549],[13.52,51.555],[13.493,51.545],[13.463,51.56],[13.435,51.552],[13.443,51.555],[13.439,51.57],[13.448,51.576],[13.434,51.589],[13.413,51.588],[13.408,51.597],[13.358,51.592],[13.389,51.616],[13.357,51.626],[13.338,51.659],[13.404,51.669],[13.413,51.632],[13.442,51.639],[13.457,51.649],[13.447,51.665],[13.45,51.679],[13.479,51.681],[13.502,51.701],[13.523,51.705],[13.529,51.724],[13.547,51.729],[13.539,51.739],[13.576,51.755],[13.571,51.769],[13.599,51.793],[13.588,51.798],[13.59,51.806],[13.62,51.813],[13.62,51.822],[13.678,51.843],[13.674,51.847],[13.64,51.851],[13.551,51.836],[13.536,51.826],[13.497,51.831],[13.463,51.849],[13.411,51.817],[13.391,51.817],[13.354,51.833],[13.31,51.831],[13.306,51.82],[13.283,51.825],[13.258,51.82],[13.228,51.838],[13.221,51.858],[13.232,51.869],[13.222,51.878],[13.165,51.884],[13.162,51.86],[13.151,51.86],[13.14,51.876],[13.119,51.883],[13.119,51.877],[13.085,51.874],[13.083,51.906],[13.034,51.901],[13.039,51.918],[13.058,51.915],[13.066,51.935],[13.053,51.941],[13.002,51.944],[12.994,51.948],[12.992,51.961],[12.904,51.962],[12.907,51.982],[12.929,51.984],[12.93,51.995],[12.885,52.005],[12.876,52.02],[12.827,52.042],[12.844,52.052],[12.838,52.056],[12.847,52.069],[12.84,52.085],[12.829,52.081],[12.825,52.089],[12.779,52.094],[12.792,52.101],[12.798,52.118],[12.822,52.125],[12.832,52.14],[12.819,52.152],[12.826,52.158],[12.823,52.185],[12.855,52.188],[12.849,52.192],[12.855,52.205],[12.845,52.245],[12.839,52.248],[12.911,52.274],[12.897,52.297],[12.854,52.304],[12.788,52.289],[12.782,52.269],[12.808,52.265],[12.813,52.246],[12.836,52.247],[12.82,52.236],[12.827,52.229],[12.784,52.204],[12.623,52.24],[12.571,52.268],[12.576,52.26],[12.568,52.252],[12.536,52.248],[12.52,52.222],[12.54,52.2],[12.52,52.191],[12.495,52.199],[12.506,52.179],[12.493,52.17],[12.448,52.178],[12.427,52.155],[12.358,52.137],[12.299,52.156],[12.257,52.134],[12.277,52.104],[12.316,52.092],[12.331,52.067],[12.358,52.047],[12.385,52.044],[12.435,52.017],[12.448,52.016],[12.462,52.035],[12.481,52.033],[12.494,52.012],[12.536,52.003],[12.54,51.985],[12.603,51.981],[12.603,51.971],[12.587,51.955],[12.581,51.927],[12.532,51.882],[12.532,51.872],[12.499,51.856],[12.499,51.844],[12.519,51.84],[12.514,51.837],[12.533,51.822],[12.515,51.819],[12.516,51.81],[12.478,51.809],[12.475,51.797],[12.449,51.799],[12.439,51.784],[12.431,51.784],[12.44,51.791],[12.435,51.798],[12.418,51.802],[12.401,51.779],[12.382,51.8],[12.341,51.791],[12.339,51.78],[12.347,51.772],[12.343,51.752],[12.349,51.752],[12.343,51.749],[12.361,51.71],[12.311,51.705],[12.294,51.696],[12.311,51.695],[12.304,51.69],[12.308,51.686],[12.349,51.684],[12.381,51.696],[12.39,51.682],[12.354,51.682],[12.351,51.674],[12.327,51.673],[12.337,51.671],[12.334,51.666],[12.312,51.657],[12.224,51.686],[12.219,51.701],[12.225,51.703],[12.198,51.716],[12.153,51.709],[12.195,51.673],[12.171,51.671],[12.166,51.662],[12.211,51.672],[12.198,51.665],[12.207,51.658],[12.22,51.62],[12.204,51.604],[12.102,51.587]]],[[[12.252,51.762],[12.268,51.735],[12.274,51.736],[12.268,51.718],[12.29,51.718],[12.293,51.729],[12.31,51.736],[12.307,51.75],[12.301,51.748],[12.307,51.756],[12.291,51.754],[12.301,51.766],[12.289,51.763],[12.287,51.768],[12.299,51.767],[12.282,51.775],[12.293,51.78],[12.288,51.789],[12.252,51.762]]],[[[12.454,52.245],[12.475,52.228],[12.496,52.231],[12.519,52.258],[12.538,52.252],[12.52,52.262],[12.456,52.263],[12.465,52.255],[12.454,52.245]]],[[[12.488,51.519],[12.49,51.509],[12.511,51.515],[12.499,51.526],[12.488,51.519]]],[[[12.848,51.644],[12.852,51.626],[12.865,51.629],[12.865,51.64],[12.848,51.644]]],[[[13.082,51.544],[13.097,51.526],[13.112,51.529],[13.117,51.519],[13.151,51.531],[13.123,51.563],[13.082,51.544]]],[[[13.082,52.196],[13.14,52.191],[13.144,52.203],[13.124,52.218],[13.132,52.223],[13.128,52.237],[13.095,52.217],[13.082,52.196]]],[[[13.254,51.927],[13.271,51.915],[13.269,51.895],[13.273,51.876],[13.303,51.862],[13.317,51.844],[13.314,51.855],[13.328,51.876],[13.336,51.91],[13.373,51.915],[13.378,51.93],[13.341,51.946],[13.342,51.939],[13.323,51.937],[13.274,51.945],[13.255,51.94],[13.254,51.927]]],[[[13.272,52.088],[13.327,52.077],[13.323,52.058],[13.336,52.058],[13.358,52.044],[13.36,52.02],[13.353,51.999],[13.343,51.99],[13.315,51.989],[13.32,51.973],[13.343,51.973],[13.356,51.958],[13.376,51.957],[13.373,51.973],[13.45,51.972],[13.503,51.962],[13.524,51.967],[13.548,51.985],[13.581,51.989],[13.592,52.001],[13.675,52.019],[13.654,52.029],[13.651,52.053],[13.63,52.071],[13.541,52.097],[13.549,52.137],[13.532,52.143],[13.519,52.125],[13.484,52.11],[13.426,52.111],[13.375,52.089],[13.272,52.088]]]]}},{"type":"Feature","properties":{"NAME":"Erfurt Territory","SUBJECTO":"Holy Roman Empire","PARTOF":"Holy Roman Empire","ADMIN_LEVEL":5,"OHM_RELATION_ID":2831882,"START_DATE":"1000","END_DATE":"1803-04-27"},"geometry":{"type":"MultiPolygon","coordinates":[[[[10.821,50.921],[10.819,50.89],[10.804,50.887],[10.771,50.859],[10.787,50.843],[10.845,50.839],[10.862,50.851],[10.874,50.878],[10.862,50.88],[10.86,50.916],[10.821,50.921]]],[[[11.023,50.929],[10.97,50.922],[10.98,50.904],[11.055,50.91],[11.055,50.896],[11.007,50.895],[10.995,50.874],[11.005,50.864],[11.024,50.859],[11.036,50.88],[11.113,50.893],[11.127,50.902],[11.152,50.877],[11.178,50.867],[11.188,50.872],[11.172,50.875],[11.181,50.879],[11.206,50.865],[11.208,50.882],[11.246,50.875],[11.253,50.889],[11.221,50.931],[11.232,50.946],[11.221,50.95],[11.267,50.971],[11.266,50.985],[11.241,50.985],[11.226,50.997],[11.237,51.007],[11.214,51.006],[11.195,51.021],[11.206,51.036],[11.177,51.07],[11.159,51.057],[11.147,51.066],[11.126,51.06],[11.128,51.082],[11.085,51.065],[11.081,51.074],[11.044,51.08],[11.041,51.065],[11.023,51.066],[11.02,51.06],[11.028,51.059],[11.025,51.031],[10.988,51.036],[10.964,51.086],[10.981,51.097],[10.97,51.124],[10.951,51.125],[10.957,51.119],[10.948,51.116],[10.95,51.101],[10.91,51.089],[10.884,51.084],[10.88,51.098],[10.838,51.095],[10.831,51.073],[10.869,51.058],[10.87,51.028],[10.911,51.021],[10.915,51.004],[10.889,50.995],[10.836,51.007],[10.781,50.986],[10.814,50.98],[10.832,50.99],[10.827,50.951],[10.852,50.952],[10.855,50.963],[10.894,50.961],[10.897,50.945],[10.868,50.942],[10.876,50.927],[10.905,50.923],[10.916,50.93],[10.912,50.941],[10.939,50.947],[10.953,50.938],[11,50.948],[11.002,50.939],[11.026,50.938],[11.023,50.929]],[[11.153,50.919],[11.191,50.91],[11.19,50.903],[11.176,50.896],[11.147,50.908],[11.134,50.905],[11.12,50.918],[11.153,50.919]],[[11.17,50.94],[11.172,50.956],[11.188,50.948],[11.188,50.938],[11.17,50.94]],[[11.108,51.035],[11.155,51.037],[11.188,51.022],[11.151,51.004],[11.144,51.009],[11.147,51.017],[11.124,51.021],[11.108,51.035]]],[[[11.307,50.804],[11.335,50.819],[11.358,50.815],[11.364,50.832],[11.405,50.833],[11.409,50.857],[11.379,50.865],[11.399,50.89],[11.418,50.898],[11.395,50.902],[11.381,50.925],[11.338,50.924],[11.357,50.911],[11.353,50.895],[11.32,50.873],[11.289,50.867],[11.307,50.804]]],[[[11.093,51.112],[11.138,51.092],[11.175,51.106],[11.174,51.128],[11.157,51.163],[11.122,51.172],[11.128,51.18],[11.115,51.185],[11.115,51.174],[11.085,51.169],[11.086,51.151],[11.061,51.15],[11.064,51.129],[11.097,51.128],[11.102,51.118],[11.093,51.112]]],[[[11.226,51.071],[11.229,51.049],[11.274,51.026],[11.296,51.032],[11.312,51.054],[11.28,51.062],[11.273,51.052],[11.263,51.052],[11.257,51.055],[11.272,51.061],[11.266,51.073],[11.226,51.071]]],[[[11.287,51.127],[11.256,51.131],[11.255,51.103],[11.282,51.102],[11.294,51.126],[11.287,51.127]]]]}},{"type":"Feature","properties":{"NAME":"Imperial Abbey of Berchtesgaden","SUBJECTO":"Holy Roman Empire","PARTOF":"Holy Roman Empire","ADMIN_LEVEL":4,"OHM_RELATION_ID":2830494,"START_DATE":"1194","END_DATE":"1559"},"geometry":{"type":"MultiPolygon","coordinates":[[[[12.898,47.692],[12.885,47.682],[12.853,47.679],[12.837,47.666],[12.851,47.646],[12.832,47.643],[12.822,47.657],[12.78,47.634],[12.78,47.604],[12.793,47.593],[12.781,47.574],[12.798,47.554],[12.82,47.545],[12.847,47.546],[12.851,47.532],[12.884,47.521],[12.921,47.493],[12.969,47.474],[12.975,47.484],[12.995,47.478],[12.995,47.471],[13.009,47.465],[13.03,47.487],[13.047,47.492],[13.045,47.526],[13.032,47.537],[13.058,47.561],[13.041,47.576],[13.043,47.583],[13.07,47.586],[13.063,47.6],[13.096,47.63],[13.098,47.642],[13.074,47.692],[13.018,47.723],[13.008,47.722],[12.989,47.694],[12.979,47.691],[12.952,47.706],[12.898,47.692]]]]}},{"type":"Feature","properties":{"NAME":"Imperial Abbey of Burtscheid","SUBJECTO":"Holy Roman Empire","PARTOF":"Holy Roman Empire","ADMIN_LEVEL":4,"OHM_RELATION_ID":2936190,"START_DATE":"1220","END_DATE":"1802-06-30"},"geometry":{"type":"MultiPolygon","coordinates":[[[[6.112,50.771],[6.096,50.77],[6.085,50.757],[6.108,50.728],[6.119,50.738],[6.123,50.756],[6.112,50.771]]]]}},{"type":"Feature","properties":{"NAME":"Imperial Abbey of Corvey","SUBJECTO":"Holy Roman Empire","PARTOF":"Holy Roman Empire","ADMIN_LEVEL":4,"OHM_RELATION_ID":2806962,"START_DATE":"1220","END_DATE":"1792"},"geometry":{"type":"MultiPolygon","coordinates":[[[[9.323,51.855],[9.302,51.85],[9.304,51.843],[9.283,51.82],[9.29,51.809],[9.269,51.798],[9.272,51.787],[9.251,51.775],[9.286,51.735],[9.266,51.72],[9.269,51.705],[9.249,51.682],[9.263,51.671],[9.284,51.681],[9.305,51.676],[9.35,51.687],[9.376,51.684],[9.399,51.697],[9.4,51.707],[9.387,51.722],[9.394,51.729],[9.375,51.744],[9.384,51.758],[9.402,51.759],[9.415,51.776],[9.448,51.794],[9.436,51.797],[9.44,51.804],[9.428,51.815],[9.442,51.831],[9.433,51.839],[9.461,51.86],[9.406,51.856],[9.366,51.865],[9.323,51.855]]]]}},{"type":"Feature","properties":{"NAME":"Imperial Abbey of Essen","SUBJECTO":"Holy Roman Empire","PARTOF":"Holy Roman Empire","ADMIN_LEVEL":4,"OHM_RELATION_ID":2831006,"START_DATE":"1228","END_DATE":"1803-04-27"},"geometry":{"type":"Polygon","coordinates":[[[6.813,51.482],[6.875,51.473],[6.885,51.463],[6.883,51.449],[6.911,51.43],[6.946,51.44],[6.958,51.432],[6.986,51.433],[7.016,51.419],[7.046,51.419],[7.063,51.439],[7.071,51.441],[7.073,51.443],[7.074,51.442],[7.08,51.443],[7.084,51.434],[7.089,51.431],[7.081,51.452],[7.114,51.465],[7.091,51.504],[7.032,51.514],[7.002,51.534],[6.975,51.51],[6.922,51.497],[6.813,51.482]]]}},{"type":"Feature","properties":{"NAME":"Imperial Abbey of Hersfeld","SUBJECTO":"Holy Roman Empire","PARTOF":"Holy Roman Empire","ADMIN_LEVEL":4,"OHM_RELATION_ID":2830973,"START_DATE":"0775","END_DATE":"1648-10-24"},"geometry":{"type":"MultiPolygon","coordinates":[[[[10.061,50.876],[10.044,50.876],[9.982,50.85],[9.934,50.864],[9.813,50.857],[9.73,50.886],[9.748,50.899],[9.755,50.896],[9.753,50.909],[9.712,50.91],[9.692,50.926],[9.616,50.922],[9.597,50.93],[9.561,50.913],[9.547,50.895],[9.495,50.875],[9.518,50.839],[9.507,50.834],[9.511,50.828],[9.501,50.81],[9.553,50.784],[9.56,50.763],[9.602,50.759],[9.629,50.78],[9.695,50.8],[9.7,50.813],[9.729,50.82],[9.74,50.807],[9.791,50.82],[9.807,50.814],[9.799,50.806],[9.812,50.794],[9.881,50.796],[9.896,50.79],[9.892,50.811],[9.899,50.817],[9.952,50.821],[9.957,50.81],[9.944,50.794],[9.955,50.786],[9.944,50.771],[9.969,50.783],[9.988,50.766],[10.04,50.758],[10.048,50.748],[10.043,50.734],[10.079,50.707],[10.076,50.72],[10.097,50.74],[10.06,50.76],[10.069,50.761],[10.075,50.783],[10.086,50.784],[10.078,50.79],[10.079,50.81],[10.057,50.821],[10.041,50.841],[10.054,50.851],[10.05,50.857],[10.061,50.876]],[[9.937,50.837],[9.899,50.841],[9.905,50.86],[9.944,50.845],[9.937,50.837]]],[[[10.074,50.879],[10.076,50.872],[10.092,50.874],[10.1,50.866],[10.114,50.869],[10.143,50.857],[10.189,50.853],[10.21,50.863],[10.185,50.866],[10.19,50.873],[10.22,50.888],[10.211,50.894],[10.198,50.88],[10.179,50.883],[10.17,50.902],[10.143,50.894],[10.137,50.907],[10.111,50.893],[10.094,50.893],[10.074,50.879]]]]}},{"type":"Feature","properties":{"NAME":"Imperial Abbey of Ottobeuren","SUBJECTO":"Holy Roman Empire","PARTOF":"Holy Roman Empire","ADMIN_LEVEL":4,"OHM_RELATION_ID":2830573,"START_DATE":"1299","END_DATE":"1624"},"geometry":{"type":"MultiPolygon","coordinates":[[[[10.402,47.98],[10.384,47.99],[10.358,47.981],[10.331,48.019],[10.346,48.033],[10.387,48.045],[10.377,48.068],[10.342,48.068],[10.336,48.059],[10.291,48.037],[10.254,48.037],[10.267,48.02],[10.241,48.008],[10.242,47.98],[10.221,47.981],[10.201,47.953],[10.218,47.941],[10.239,47.957],[10.256,47.956],[10.263,47.95],[10.256,47.94],[10.273,47.92],[10.265,47.9],[10.272,47.888],[10.281,47.889],[10.305,47.865],[10.355,47.866],[10.363,47.869],[10.353,47.882],[10.362,47.888],[10.389,47.876],[10.419,47.881],[10.413,47.901],[10.385,47.9],[10.363,47.921],[10.37,47.962],[10.402,47.98]]]]}},{"type":"Feature","properties":{"NAME":"Imperial Abbey of Thorn","SUBJECTO":"Holy Roman Empire","PARTOF":"Holy Roman Empire","ADMIN_LEVEL":4,"OHM_RELATION_ID":2831130,"START_DATE":"1292","END_DATE":"1797-10-17"},"geometry":{"type":"MultiPolygon","coordinates":[[[[5.739,51.202],[5.658,51.192],[5.688,51.168],[5.748,51.196],[5.739,51.202]]],[[[5.816,51.205],[5.794,51.235],[5.772,51.212],[5.776,51.201],[5.795,51.195],[5.816,51.205]]],[[[5.848,51.245],[5.835,51.241],[5.871,51.214],[5.869,51.207],[5.851,51.205],[5.848,51.193],[5.808,51.177],[5.813,51.167],[5.824,51.168],[5.852,51.141],[5.865,51.164],[5.858,51.181],[5.892,51.216],[5.887,51.219],[5.895,51.238],[5.848,51.245]]]]}},{"type":"Feature","properties":{"NAME":"Imperial Abbey of Werden","SUBJECTO":"Holy Roman Empire","PARTOF":"Holy Roman Empire","ADMIN_LEVEL":4,"OHM_RELATION_ID":2831007,"START_DATE":"0877-05-22","END_DATE":"1803-04-27"},"geometry":{"type":"MultiPolygon","coordinates":[[[[6.926,51.429],[6.925,51.406],[6.897,51.389],[6.952,51.349],[6.967,51.347],[6.991,51.359],[7.036,51.347],[7.117,51.381],[7.119,51.392],[7.096,51.41],[7.08,51.443],[7.063,51.439],[7.046,51.419],[7.016,51.419],[6.986,51.433],[6.958,51.432],[6.946,51.44],[6.926,51.429]]]]}},{"type":"Feature","properties":{"NAME":"Lordship of Ruppin","SUBJECTO":"Holy Roman Empire","PARTOF":"Holy Roman Empire","ADMIN_LEVEL":4,"OHM_RELATION_ID":2830612,"START_DATE":"1214","END_DATE":"1524"},"geometry":{"type":"MultiPolygon","coordinates":[[[[13.279,53.062],[13.253,53.053],[13.234,53.056],[13.213,53.063],[13.205,53.077],[13.16,53.082],[13.15,53.103],[13.131,53.094],[13.106,53.099],[13.104,53.113],[13.131,53.139],[13.099,53.151],[13.097,53.162],[13.087,53.164],[13.058,53.157],[13.023,53.185],[13.02,53.175],[12.98,53.163],[12.968,53.166],[12.965,53.176],[12.944,53.172],[12.98,53.191],[12.968,53.199],[12.937,53.194],[12.942,53.186],[12.928,53.187],[12.912,53.154],[12.837,53.143],[12.82,53.15],[12.739,53.119],[12.545,53.155],[12.511,53.146],[12.498,53.137],[12.57,53.102],[12.564,53.099],[12.603,53.09],[12.627,53.07],[12.611,53.036],[12.61,53.013],[12.631,53.015],[12.653,53.003],[12.651,52.998],[12.632,52.98],[12.573,52.977],[12.547,52.968],[12.541,52.96],[12.52,52.964],[12.52,52.955],[12.483,52.917],[12.456,52.922],[12.414,52.902],[12.396,52.873],[12.364,52.847],[12.33,52.855],[12.351,52.842],[12.334,52.822],[12.344,52.812],[12.326,52.797],[12.282,52.796],[12.305,52.789],[12.333,52.768],[12.396,52.771],[12.402,52.754],[12.476,52.759],[12.539,52.753],[12.547,52.772],[12.67,52.802],[12.697,52.817],[12.777,52.831],[12.807,52.822],[12.818,52.805],[12.856,52.785],[12.892,52.787],[12.897,52.797],[12.938,52.794],[12.944,52.801],[12.939,52.803],[12.98,52.818],[12.986,52.829],[12.971,52.829],[12.976,52.831],[13.032,52.837],[13.043,52.846],[13.094,52.841],[13.097,52.864],[13.155,52.866],[13.152,52.883],[13.127,52.907],[13.154,52.921],[13.191,52.913],[13.222,52.921],[13.245,52.937],[13.241,52.953],[13.184,52.956],[13.169,52.977],[13.246,53.017],[13.22,53.029],[13.236,53.053],[13.254,53.05],[13.279,53.062]]],[[[13.072,53.2],[13.035,53.192],[13.056,53.179],[13.077,53.191],[13.072,53.2]]]]}},{"type":"Feature","properties":{"NAME":"Lordship of Verona","SUBJECTO":"Holy Roman Empire","PARTOF":"Holy Roman Empire","ADMIN_LEVEL":4,"OHM_RELATION_ID":2858999,"START_DATE":"1259","END_DATE":"1387-10-19"},"geometry":{"type":"MultiPolygon","coordinates":[[[[11.561,45.262],[11.602,45.244],[11.616,45.253],[11.617,45.267],[11.584,45.286],[11.58,45.297],[11.587,45.312],[11.613,45.316],[11.62,45.331],[11.616,45.342],[11.625,45.347],[11.626,45.358],[11.611,45.374],[11.614,45.384],[11.652,45.417],[11.697,45.44],[11.699,45.458],[11.71,45.463],[11.707,45.473],[11.744,45.471],[11.738,45.484],[11.748,45.487],[11.738,45.489],[11.729,45.521],[11.739,45.517],[11.758,45.524],[11.727,45.56],[11.721,45.56],[11.723,45.546],[11.707,45.543],[11.683,45.552],[11.676,45.541],[11.658,45.538],[11.656,45.55],[11.67,45.565],[11.673,45.593],[11.643,45.599],[11.648,45.635],[11.68,45.641],[11.685,45.658],[11.71,45.668],[11.711,45.681],[11.761,45.678],[11.82,45.687],[11.814,45.723],[11.83,45.75],[11.826,45.774],[11.804,45.796],[11.759,45.803],[11.742,45.834],[11.754,45.855],[11.79,45.868],[11.8,45.881],[11.78,45.888],[11.784,45.919],[11.728,45.939],[11.724,45.953],[11.712,45.957],[11.717,45.971],[11.704,45.977],[11.685,45.984],[11.685,45.971],[11.67,45.964],[11.628,45.961],[11.63,45.969],[11.588,45.969],[11.577,46.007],[11.511,46.012],[11.462,45.995],[11.447,45.981],[11.377,45.984],[11.372,45.975],[11.382,45.943],[11.358,45.944],[11.366,45.904],[11.348,45.892],[11.236,45.932],[11.223,45.927],[11.218,45.905],[11.236,45.88],[11.234,45.86],[11.218,45.844],[11.219,45.833],[11.189,45.813],[11.204,45.784],[11.173,45.786],[11.181,45.766],[11.178,45.736],[11.146,45.717],[11.139,45.697],[11.123,45.689],[11.114,45.697],[11.094,45.692],[11.056,45.718],[11.042,45.706],[11.026,45.705],[11.017,45.706],[11.018,45.719],[11.011,45.719],[11.008,45.71],[10.993,45.708],[10.998,45.697],[10.968,45.68],[10.972,45.702],[10.962,45.686],[10.937,45.673],[10.912,45.688],[10.921,45.701],[10.882,45.717],[10.843,45.718],[10.885,45.779],[10.873,45.788],[10.885,45.815],[10.843,45.832],[10.63,45.611],[10.64,45.502],[10.629,45.445],[10.648,45.449],[10.643,45.462],[10.713,45.439],[10.71,45.423],[10.719,45.406],[10.697,45.38],[10.726,45.363],[10.723,45.352],[10.711,45.348],[10.715,45.333],[10.706,45.316],[10.731,45.316],[10.728,45.294],[10.737,45.287],[10.783,45.316],[10.817,45.295],[10.846,45.257],[10.936,45.233],[10.933,45.214],[10.984,45.201],[10.998,45.185],[10.993,45.184],[10.998,45.163],[10.993,45.153],[11.01,45.149],[11.028,45.159],[11.032,45.15],[11.047,45.153],[11.044,45.134],[11.029,45.127],[11.075,45.098],[11.097,45.096],[11.094,45.106],[11.102,45.113],[11.127,45.103],[11.138,45.124],[11.147,45.126],[11.186,45.112],[11.332,45.09],[11.358,45.064],[11.386,45.053],[11.426,45.066],[11.445,45.093],[11.411,45.122],[11.426,45.143],[11.401,45.23],[11.406,45.252],[11.451,45.261],[11.479,45.258],[11.487,45.265],[11.561,45.262]]]]}},{"type":"Feature","properties":{"NAME":"Moravia","SUBJECTO":"Holy Roman Empire","PARTOF":"Holy Roman Empire","ADMIN_LEVEL":4,"OHM_RELATION_ID":2830504,"START_DATE":"1182","END_DATE":"1742-07-28"},"geometry":{"type":"MultiPolygon","coordinates":[[[[16.983,48.69],[16.998,48.69],[16.993,48.698],[17.003,48.699],[16.995,48.704],[17.005,48.715],[16.998,48.723],[17.017,48.73],[17.046,48.768],[17.092,48.789],[17.11,48.834],[17.119,48.84],[17.148,48.838],[17.151,48.848],[17.168,48.86],[17.177,48.857],[17.178,48.867],[17.195,48.875],[17.222,48.874],[17.277,48.861],[17.302,48.845],[17.322,48.845],[17.33,48.833],[17.364,48.814],[17.395,48.814],[17.45,48.846],[17.477,48.842],[17.526,48.812],[17.592,48.827],[17.601,48.84],[17.618,48.842],[17.634,48.855],[17.706,48.862],[17.781,48.915],[17.781,48.925],[17.884,48.927],[17.922,49.018],[17.991,49.028],[18.024,49.021],[18.069,49.037],[18.092,49.058],[18.116,49.093],[18.111,49.114],[18.119,49.124],[18.107,49.134],[18.133,49.16],[18.132,49.19],[18.153,49.216],[18.149,49.249],[18.185,49.27],[18.184,49.285],[18.297,49.304],[18.374,49.329],[18.416,49.368],[18.408,49.399],[18.45,49.394],[18.475,49.408],[18.49,49.432],[18.548,49.469],[18.534,49.486],[18.541,49.493],[18.527,49.494],[18.525,49.471],[18.466,49.455],[18.442,49.466],[18.421,49.494],[18.423,49.504],[18.394,49.532],[18.397,49.536],[18.377,49.56],[18.367,49.562],[18.367,49.599],[18.354,49.615],[18.367,49.624],[18.368,49.654],[18.36,49.669],[18.319,49.699],[18.303,49.733],[18.309,49.766],[18.275,49.801],[18.3,49.835],[18.276,49.867],[18.227,49.853],[18.225,49.829],[18.214,49.825],[18.219,49.825],[18.218,49.79],[18.196,49.782],[18.19,49.757],[18.12,49.717],[18.01,49.678],[17.992,49.685],[17.992,49.707],[17.982,49.71],[17.987,49.728],[17.98,49.736],[17.955,49.719],[17.918,49.708],[17.899,49.74],[17.902,49.754],[17.89,49.761],[17.901,49.776],[17.866,49.783],[17.864,49.764],[17.84,49.737],[17.87,49.701],[17.845,49.666],[17.845,49.651],[17.854,49.647],[17.884,49.657],[17.924,49.634],[17.93,49.62],[17.838,49.642],[17.835,49.638],[17.871,49.612],[17.863,49.606],[17.836,49.607],[17.788,49.635],[17.778,49.633],[17.768,49.654],[17.74,49.679],[17.748,49.692],[17.765,49.693],[17.755,49.716],[17.717,49.728],[17.697,49.726],[17.69,49.737],[17.694,49.751],[17.653,49.778],[17.64,49.811],[17.658,49.822],[17.658,49.842],[17.648,49.854],[17.659,49.868],[17.684,49.874],[17.714,49.867],[17.818,49.864],[17.837,49.873],[17.851,49.888],[17.851,49.913],[17.865,49.918],[17.867,49.936],[17.884,49.937],[17.871,49.962],[17.847,49.958],[17.857,49.934],[17.827,49.929],[17.81,49.917],[17.738,49.911],[17.714,49.897],[17.696,49.908],[17.643,49.889],[17.616,49.889],[17.599,49.877],[17.559,49.908],[17.532,49.898],[17.531,49.904],[17.507,49.913],[17.502,49.931],[17.468,49.927],[17.461,49.94],[17.465,49.957],[17.431,49.969],[17.4,49.973],[17.396,49.962],[17.411,49.948],[17.386,49.937],[17.355,49.953],[17.349,49.967],[17.322,49.984],[17.312,50.017],[17.288,50.019],[17.231,50.06],[17.231,50.084],[17.218,50.104],[17.158,50.12],[17.119,50.161],[17.109,50.185],[17.076,50.183],[17.057,50.196],[17.033,50.23],[16.997,50.216],[16.978,50.243],[16.962,50.237],[16.957,50.223],[16.913,50.225],[16.888,50.216],[16.879,50.199],[16.849,50.208],[16.841,50.201],[16.841,50.186],[16.822,50.17],[16.8,50.13],[16.801,50.11],[16.82,50.087],[16.8,50.071],[16.814,50.058],[16.81,50.055],[16.78,50.047],[16.761,50.055],[16.696,50.053],[16.708,50.005],[16.735,49.969],[16.734,49.953],[16.694,49.931],[16.683,49.919],[16.683,49.904],[16.644,49.894],[16.66,49.874],[16.662,49.853],[16.627,49.86],[16.569,49.835],[16.573,49.811],[16.565,49.787],[16.581,49.768],[16.582,49.753],[16.572,49.741],[16.534,49.741],[16.528,49.756],[16.506,49.764],[16.507,49.785],[16.497,49.791],[16.469,49.797],[16.455,49.787],[16.42,49.791],[16.406,49.785],[16.408,49.774],[16.388,49.758],[16.388,49.743],[16.376,49.735],[16.366,49.708],[16.445,49.7],[16.474,49.686],[16.481,49.663],[16.515,49.655],[16.529,49.607],[16.497,49.61],[16.49,49.6],[16.459,49.605],[16.443,49.586],[16.418,49.596],[16.406,49.572],[16.345,49.613],[16.298,49.625],[16.223,49.63],[16.228,49.642],[16.218,49.66],[16.222,49.666],[16.207,49.666],[16.19,49.678],[16.149,49.678],[16.139,49.691],[16.104,49.684],[16.091,49.67],[16.079,49.685],[16.064,49.688],[16.05,49.708],[16.015,49.706],[15.997,49.696],[15.973,49.668],[15.947,49.667],[15.928,49.679],[15.917,49.663],[15.92,49.65],[15.95,49.637],[15.974,49.638],[15.987,49.632],[15.992,49.618],[15.949,49.592],[15.871,49.588],[15.869,49.575],[15.875,49.567],[15.885,49.569],[15.887,49.555],[15.858,49.542],[15.842,49.503],[15.821,49.481],[15.824,49.467],[15.792,49.47],[15.785,49.462],[15.789,49.453],[15.779,49.45],[15.698,49.449],[15.688,49.432],[15.648,49.454],[15.634,49.446],[15.644,49.439],[15.639,49.425],[15.604,49.433],[15.608,49.428],[15.584,49.406],[15.548,49.418],[15.512,49.408],[15.516,49.405],[15.5,49.395],[15.504,49.382],[15.491,49.374],[15.492,49.364],[15.418,49.318],[15.388,49.334],[15.357,49.337],[15.386,49.326],[15.381,49.325],[15.387,49.316],[15.345,49.314],[15.331,49.284],[15.335,49.271],[15.299,49.274],[15.295,49.282],[15.28,49.278],[15.269,49.25],[15.279,49.247],[15.235,49.254],[15.227,49.248],[15.233,49.24],[15.225,49.225],[15.192,49.236],[15.168,49.217],[15.166,49.203],[15.135,49.197],[15.137,49.188],[15.164,49.188],[15.163,49.179],[15.183,49.173],[15.183,49.186],[15.214,49.211],[15.255,49.212],[15.26,49.201],[15.282,49.203],[15.267,49.194],[15.221,49.194],[15.206,49.181],[15.238,49.172],[15.226,49.145],[15.26,49.122],[15.251,49.098],[15.238,49.091],[15.265,49.075],[15.23,49.086],[15.207,49.059],[15.248,49.048],[15.255,49.041],[15.249,49.029],[15.286,49.016],[15.291,48.984],[15.322,48.976],[15.353,48.984],[15.423,48.952],[15.454,48.947],[15.468,48.952],[15.502,48.936],[15.513,48.914],[15.58,48.896],[15.612,48.898],[15.63,48.886],[15.655,48.882],[15.688,48.856],[15.708,48.861],[15.755,48.853],[15.778,48.873],[15.843,48.877],[15.85,48.87],[15.846,48.858],[15.865,48.852],[15.877,48.86],[15.886,48.842],[15.898,48.848],[15.905,48.84],[15.892,48.837],[15.931,48.834],[15.925,48.826],[15.934,48.82],[15.944,48.828],[15.956,48.824],[15.953,48.803],[15.997,48.778],[16.08,48.75],[16.279,48.741],[16.331,48.731],[16.34,48.742],[16.352,48.741],[16.36,48.728],[16.407,48.742],[16.419,48.759],[16.435,48.766],[16.46,48.809],[16.518,48.799],[16.541,48.814],[16.565,48.794],[16.598,48.782],[16.643,48.786],[16.729,48.774],[16.862,48.791],[16.872,48.786],[16.868,48.762],[16.892,48.742],[16.889,48.732],[16.879,48.731],[16.889,48.717],[16.92,48.713],[16.94,48.686],[16.972,48.691],[16.974,48.671],[16.983,48.69]]],[[[17.792,49.758],[17.803,49.749],[17.809,49.758],[17.822,49.756],[17.823,49.762],[17.794,49.767],[17.792,49.758]]],[[[18.06,49.728],[18.027,49.732],[18,49.711],[18.021,49.696],[18.061,49.701],[18.06,49.728]]],[[[17.954,49.795],[17.976,49.777],[18.01,49.791],[17.985,49.808],[17.964,49.806],[17.954,49.795]]],[[[17.796,49.969],[17.792,49.966],[17.803,49.957],[17.825,49.962],[17.815,49.97],[17.796,49.969]]],[[[17.62,50.171],[17.703,50.185],[17.72,50.208],[17.738,50.202],[17.759,50.208],[17.762,50.241],[17.745,50.243],[17.726,50.262],[17.726,50.273],[17.751,50.298],[17.731,50.303],[17.719,50.32],[17.691,50.327],[17.687,50.309],[17.695,50.304],[17.627,50.27],[17.61,50.266],[17.587,50.278],[17.562,50.27],[17.491,50.274],[17.459,50.269],[17.453,50.256],[17.434,50.253],[17.425,50.241],[17.422,50.213],[17.429,50.205],[17.463,50.215],[17.485,50.207],[17.517,50.212],[17.542,50.189],[17.606,50.189],[17.62,50.171]]],[[[17.98,49.922],[17.976,49.926],[17.973,49.888],[17.988,49.886],[17.994,49.91],[17.98,49.922]]],[[[18.005,50.05],[18.05,50.081],[18.076,50.083],[18.077,50.068],[18.081,50.092],[18.095,50.06],[18.123,50.065],[18.103,50.072],[18.087,50.103],[18.065,50.113],[18.015,50.13],[17.974,50.127],[17.951,50.108],[17.959,50.093],[17.948,50.07],[17.987,50.064],[17.991,50.051],[18.005,50.05]]]]}},{"type":"Feature","properties":{"NAME":"Peasant Republic of Dithmarschen","SUBJECTO":"Holy Roman Empire","PARTOF":"Holy Roman Empire","ADMIN_LEVEL":4,"OHM_RELATION_ID":2815118,"START_DATE":"1227","END_DATE":"1447"},"geometry":{"type":"MultiPolygon","coordinates":[[[[9.394,54.289],[9.365,54.293],[9.363,54.281],[9.29,54.275],[9.284,54.29],[9.259,54.308],[9.271,54.308],[9.278,54.324],[9.263,54.33],[9.263,54.343],[9.22,54.346],[9.228,54.34],[9.224,54.322],[9.215,54.326],[9.194,54.316],[9.197,54.329],[9.176,54.335],[9.163,54.329],[9.172,54.319],[9.16,54.318],[9.147,54.32],[9.143,54.329],[9.151,54.334],[9.131,54.351],[9.092,54.37],[9.075,54.363],[9.04,54.367],[9.021,54.379],[9.001,54.376],[8.982,54.361],[8.993,54.332],[8.872,54.264],[8.84,54.265],[8.829,54.242],[8.832,54.22],[8.81,54.205],[8.801,54.174],[8.815,54.163],[8.821,54.137],[8.852,54.124],[8.855,54.115],[8.903,54.13],[8.932,54.124],[8.95,54.089],[8.98,54.069],[8.958,54.064],[8.985,54.063],[8.983,54.05],[8.964,54.035],[8.914,54.027],[8.861,54.04],[8.837,54.03],[8.901,53.983],[8.902,53.954],[8.927,53.923],[8.973,53.897],[9.017,53.905],[9.023,53.88],[9.2,53.88],[9.199,53.89],[9.214,53.898],[9.201,53.898],[9.209,53.931],[9.299,53.994],[9.293,53.996],[9.305,54.019],[9.285,54.038],[9.304,54.043],[9.315,54.073],[9.309,54.088],[9.316,54.092],[9.313,54.119],[9.305,54.126],[9.443,54.173],[9.431,54.186],[9.439,54.199],[9.43,54.207],[9.442,54.222],[9.433,54.237],[9.443,54.238],[9.443,54.246],[9.422,54.264],[9.409,54.261],[9.394,54.289]]]]}},{"type":"Feature","properties":{"NAME":"Prince-Archbishopric of Bremen","SUBJECTO":"Holy Roman Empire","PARTOF":"Holy Roman Empire","ADMIN_LEVEL":4,"OHM_RELATION_ID":2840404,"START_DATE":"1180","END_DATE":"1381"},"geometry":{"type":"Polygon","coordinates":[[[8.467,53.633],[8.473,53.595],[8.552,53.553],[8.567,53.539],[8.573,53.512],[8.571,53.494],[8.556,53.487],[8.566,53.475],[8.531,53.436],[8.528,53.423],[8.493,53.419],[8.501,53.351],[8.49,53.328],[8.493,53.297],[8.481,53.247],[8.485,53.227],[8.534,53.187],[8.618,53.168],[8.626,53.149],[8.631,53.16],[8.691,53.164],[8.703,53.154],[8.683,53.14],[8.626,53.148],[8.629,53.141],[8.644,53.128],[8.697,53.119],[8.764,53.128],[8.77,53.149],[8.796,53.143],[8.808,53.151],[8.824,53.13],[8.851,53.143],[8.862,53.133],[8.903,53.138],[8.911,53.133],[8.922,53.142],[8.917,53.147],[8.955,53.157],[8.95,53.155],[8.959,53.143],[8.997,53.109],[8.988,53.105],[8.987,53.096],[8.963,53.088],[8.963,53.048],[8.917,53.048],[8.917,53.06],[8.884,53.063],[8.888,53.067],[8.872,53.086],[8.84,53.103],[8.836,53.097],[8.858,53.081],[8.858,53.07],[8.833,53.068],[8.845,53.059],[8.872,53.058],[8.865,53.035],[8.891,53.015],[8.94,53.008],[8.944,52.998],[8.973,52.991],[8.964,52.979],[8.972,52.955],[8.93,52.927],[8.937,52.909],[8.956,52.891],[8.966,52.897],[8.982,52.889],[9,52.922],[9.014,52.926],[9.061,52.923],[9.079,52.903],[9.117,52.899],[9.162,52.92],[9.18,52.918],[9.182,52.919],[9.171,52.93],[9.173,52.93],[9.169,52.932],[9.187,52.937],[9.187,52.941],[9.183,52.946],[9.184,52.985],[9.223,53.079],[9.258,53.085],[9.275,53.108],[9.303,53.126],[9.341,53.136],[9.366,53.198],[9.335,53.238],[9.365,53.271],[9.347,53.308],[9.361,53.32],[9.45,53.315],[9.56,53.356],[9.617,53.367],[9.622,53.389],[9.642,53.393],[9.649,53.406],[9.682,53.411],[9.669,53.427],[9.693,53.462],[9.734,53.484],[9.792,53.489],[9.75,53.526],[9.724,53.539],[9.667,53.55],[9.65,53.568],[9.551,53.616],[9.52,53.654],[9.469,53.694],[9.385,53.727],[9.35,53.759],[9.378,53.795],[9.367,53.809],[9.322,53.85],[9.249,53.875],[9.107,53.879],[8.959,53.849],[8.963,53.697],[8.936,53.665],[8.955,53.659],[8.948,53.638],[8.938,53.634],[8.904,53.651],[8.893,53.645],[8.859,53.652],[8.827,53.68],[8.765,53.682],[8.769,53.691],[8.713,53.736],[8.709,53.77],[8.691,53.766],[8.686,53.779],[8.652,53.789],[8.607,53.795],[8.585,53.791],[8.574,53.815],[8.558,53.818],[8.538,53.82],[8.474,53.712],[8.467,53.633]]]}},{"type":"Feature","properties":{"NAME":"Prince-Archbishopric of Magdeburg","SUBJECTO":"Holy Roman Empire","PARTOF":"Holy Roman Empire","ADMIN_LEVEL":4,"OHM_RELATION_ID":2809710,"START_DATE":"1180","END_DATE":"1680-06-04"},"geometry":{"type":"MultiPolygon","coordinates":[[[[10.935,52.465],[10.961,52.436],[11.022,52.393],[11.065,52.377],[11.148,52.385],[11.146,52.419],[11.092,52.451],[11.051,52.508],[11.035,52.498],[10.975,52.501],[10.943,52.492],[10.935,52.465]]],[[[10.941,52.096],[10.97,52.087],[10.965,52.056],[10.987,52.052],[11.13,52.061],[11.188,52.105],[11.24,52.062],[11.273,52.066],[11.321,52.026],[11.317,52.006],[11.27,52.014],[11.264,51.998],[11.285,51.998],[11.294,51.989],[11.292,51.958],[11.3,51.972],[11.352,51.961],[11.373,51.935],[11.34,51.9],[11.365,51.882],[11.423,51.929],[11.465,51.939],[11.511,51.927],[11.541,51.882],[11.531,51.874],[11.565,51.853],[11.605,51.851],[11.633,51.862],[11.67,51.855],[11.687,51.855],[11.693,51.859],[11.674,51.868],[11.695,51.871],[11.765,51.863],[11.773,51.879],[11.783,51.881],[11.828,51.872],[11.829,51.859],[11.862,51.835],[11.849,51.819],[11.866,51.811],[11.882,51.838],[11.923,51.858],[11.907,51.864],[11.91,51.872],[11.933,51.881],[11.959,51.87],[11.955,51.857],[11.964,51.845],[11.951,51.807],[11.927,51.81],[11.928,51.792],[11.944,51.791],[11.959,51.8],[11.953,51.792],[11.983,51.791],[11.987,51.795],[11.977,51.8],[11.982,51.807],[12.004,51.823],[12.027,51.818],[12.052,51.832],[12.107,51.826],[12.105,51.809],[12.137,51.815],[12.135,51.84],[12.144,51.866],[12.114,51.872],[12.056,51.859],[12.026,51.863],[12.016,51.887],[11.974,51.909],[11.967,51.922],[11.929,51.949],[11.9,51.944],[11.9,51.935],[11.883,51.93],[11.874,51.932],[11.867,51.931],[11.867,51.929],[11.883,51.916],[11.854,51.913],[11.845,51.918],[11.829,51.919],[11.799,51.941],[11.792,51.943],[11.734,51.937],[11.722,51.946],[11.714,51.944],[11.712,51.929],[11.691,51.931],[11.694,51.95],[11.68,51.956],[11.696,51.967],[11.766,51.977],[11.767,51.992],[11.737,51.995],[11.74,52],[11.738,52],[11.745,52.007],[11.747,52.01],[11.748,52.009],[11.801,51.989],[11.821,52.007],[11.789,52.032],[11.752,52.023],[11.732,52.028],[11.708,52.042],[11.713,52.045],[11.692,52.067],[11.696,52.07],[11.709,52.053],[11.715,52.051],[11.741,52.047],[11.732,52.051],[11.737,52.053],[11.736,52.055],[11.74,52.054],[11.747,52.056],[11.752,52.06],[11.755,52.064],[11.749,52.073],[11.753,52.074],[11.766,52.077],[11.751,52.094],[11.753,52.094],[11.834,52.098],[11.832,52.107],[11.8,52.102],[11.803,52.111],[11.886,52.124],[11.902,52.117],[11.91,52.138],[11.909,52.143],[11.902,52.155],[11.896,52.156],[11.893,52.172],[11.858,52.182],[11.843,52.206],[11.812,52.216],[11.825,52.229],[11.847,52.229],[11.87,52.249],[11.869,52.258],[11.888,52.269],[11.916,52.28],[11.947,52.27],[11.971,52.247],[11.945,52.234],[11.951,52.217],[11.993,52.215],[11.993,52.199],[11.927,52.198],[11.931,52.167],[11.915,52.154],[11.931,52.114],[11.928,52.102],[11.911,52.103],[11.904,52.068],[11.89,52.068],[11.888,52.061],[11.904,52.061],[11.912,52.051],[11.94,52.043],[11.937,52.034],[11.929,52.026],[11.886,52.024],[11.899,52.017],[11.885,52.015],[11.886,52.014],[11.891,52.007],[11.89,52.003],[11.891,52.001],[11.884,51.979],[11.908,51.963],[11.899,51.97],[11.929,51.965],[11.93,51.97],[11.901,51.982],[11.911,52.002],[11.951,52.005],[11.964,51.999],[11.994,52.007],[11.994,52.018],[12.003,52.026],[12.003,52.027],[12.004,52.027],[12.017,52.039],[12.052,52.045],[12.031,52.048],[12.039,52.063],[12.061,52.059],[12.081,52.076],[12.134,52.069],[12.178,52.077],[12.205,52.089],[12.212,52.103],[12.273,52.102],[12.271,52.113],[12.257,52.134],[12.295,52.155],[12.296,52.154],[12.299,52.156],[12.358,52.137],[12.365,52.144],[12.411,52.151],[12.424,52.154],[12.434,52.165],[12.443,52.189],[12.435,52.196],[12.398,52.195],[12.347,52.211],[12.334,52.222],[12.257,52.233],[12.218,52.22],[12.158,52.219],[12.146,52.229],[12.147,52.249],[12.136,52.253],[12.134,52.265],[12.206,52.279],[12.244,52.266],[12.308,52.345],[12.342,52.34],[12.339,52.314],[12.373,52.303],[12.464,52.318],[12.469,52.33],[12.421,52.348],[12.438,52.364],[12.452,52.364],[12.477,52.395],[12.458,52.399],[12.445,52.386],[12.406,52.401],[12.394,52.391],[12.388,52.432],[12.366,52.429],[12.362,52.438],[12.405,52.456],[12.432,52.458],[12.454,52.492],[12.441,52.503],[12.415,52.509],[12.412,52.501],[12.386,52.516],[12.353,52.51],[12.335,52.528],[12.308,52.531],[12.304,52.545],[12.324,52.549],[12.312,52.555],[12.313,52.562],[12.33,52.569],[12.322,52.58],[12.329,52.591],[12.315,52.599],[12.322,52.607],[12.315,52.612],[12.319,52.636],[12.334,52.655],[12.297,52.672],[12.283,52.662],[12.271,52.669],[12.241,52.665],[12.227,52.682],[12.231,52.686],[12.222,52.688],[12.218,52.707],[12.199,52.717],[12.207,52.725],[12.201,52.728],[12.219,52.736],[12.22,52.749],[12.206,52.761],[12.224,52.776],[12.224,52.787],[12.213,52.795],[12.166,52.804],[12.141,52.783],[12.109,52.783],[12.106,52.795],[12.078,52.8],[12.072,52.817],[12.023,52.812],[12.042,52.734],[12.015,52.682],[12.01,52.661],[12.016,52.625],[11.987,52.572],[11.98,52.537],[11.96,52.519],[11.982,52.498],[11.987,52.473],[12.002,52.461],[11.991,52.429],[11.96,52.399],[11.935,52.395],[11.864,52.412],[11.841,52.402],[11.835,52.389],[11.766,52.379],[11.772,52.4],[11.722,52.409],[11.696,52.401],[11.698,52.371],[11.67,52.351],[11.623,52.361],[11.626,52.375],[11.646,52.369],[11.674,52.387],[11.67,52.396],[11.637,52.404],[11.622,52.397],[11.619,52.379],[11.466,52.374],[11.442,52.357],[11.44,52.372],[11.404,52.375],[11.397,52.372],[11.403,52.36],[11.352,52.338],[11.334,52.352],[11.313,52.353],[11.304,52.339],[11.309,52.329],[11.215,52.309],[11.194,52.311],[11.193,52.296],[11.171,52.294],[11.186,52.273],[11.258,52.245],[11.261,52.229],[11.284,52.229],[11.303,52.201],[11.236,52.183],[11.219,52.185],[11.234,52.204],[11.207,52.23],[11.177,52.238],[11.167,52.257],[11.132,52.287],[11.094,52.289],[11.066,52.275],[11.085,52.237],[11.077,52.224],[11.026,52.21],[11.012,52.188],[11.039,52.166],[11.06,52.172],[11.043,52.139],[11.034,52.13],[10.941,52.096]],[[11.895,52.327],[11.926,52.356],[11.942,52.341],[11.967,52.332],[11.905,52.318],[11.895,52.327]],[[12.062,52.212],[12.07,52.23],[12.094,52.233],[12.121,52.226],[12.1,52.207],[12.062,52.212]],[[12.073,52.17],[12.127,52.188],[12.183,52.168],[12.166,52.151],[12.142,52.159],[12.149,52.146],[12.109,52.124],[12.113,52.147],[12.097,52.167],[12.073,52.17]]],[[[11.604,51.666],[11.693,51.649],[11.721,51.63],[11.752,51.633],[11.759,51.583],[11.791,51.584],[11.799,51.573],[11.832,51.57],[11.82,51.556],[11.819,51.533],[11.839,51.528],[11.842,51.513],[11.832,51.511],[11.833,51.498],[11.863,51.493],[11.864,51.487],[11.846,51.47],[11.829,51.467],[11.823,51.475],[11.801,51.466],[11.82,51.455],[11.836,51.424],[11.853,51.46],[11.943,51.481],[11.955,51.48],[11.948,51.478],[11.953,51.468],[11.937,51.452],[11.929,51.457],[11.926,51.446],[11.953,51.433],[11.956,51.42],[11.944,51.424],[11.942,51.415],[11.953,51.416],[11.955,51.407],[12.019,51.402],[12.05,51.422],[12.056,51.421],[12.046,51.395],[12.065,51.387],[12.085,51.391],[12.09,51.423],[12.117,51.418],[12.165,51.407],[12.17,51.423],[12.151,51.459],[12.077,51.454],[12.074,51.46],[12.057,51.46],[12.038,51.477],[12.039,51.488],[12.088,51.485],[12.09,51.491],[12.054,51.494],[12.074,51.503],[12.071,51.512],[12.086,51.508],[12.128,51.517],[12.119,51.528],[12.082,51.522],[12.078,51.534],[12.169,51.55],[12.165,51.576],[12.046,51.584],[12.023,51.592],[12.02,51.58],[11.98,51.575],[11.992,51.585],[11.983,51.601],[11.953,51.601],[11.952,51.62],[11.968,51.627],[11.915,51.626],[11.945,51.631],[11.933,51.64],[11.946,51.645],[11.949,51.667],[11.928,51.665],[11.924,51.646],[11.863,51.678],[11.813,51.687],[11.802,51.7],[11.798,51.724],[11.78,51.732],[11.775,51.753],[11.743,51.739],[11.73,51.745],[11.694,51.743],[11.723,51.732],[11.725,51.726],[11.714,51.726],[11.71,51.716],[11.709,51.716],[11.708,51.715],[11.689,51.721],[11.691,51.723],[11.689,51.724],[11.692,51.725],[11.624,51.732],[11.615,51.703],[11.626,51.706],[11.634,51.694],[11.611,51.691],[11.613,51.677],[11.604,51.666]]],[[[11.867,51.741],[11.87,51.734],[11.907,51.727],[11.91,51.733],[11.909,51.74],[11.884,51.751],[11.877,51.75],[11.879,51.739],[11.867,51.741]]],[[[12.876,52.02],[12.885,52.005],[12.93,51.995],[12.93,51.994],[12.932,51.993],[12.932,51.988],[12.929,51.987],[12.929,51.984],[12.907,51.982],[12.904,51.962],[12.929,51.962],[12.931,51.972],[12.957,51.978],[12.97,51.975],[12.968,51.962],[12.992,51.961],[12.994,51.948],[13.002,51.944],[13.053,51.941],[13.066,51.935],[13.058,51.915],[13.039,51.918],[13.034,51.902],[13.08,51.906],[13.083,51.906],[13.083,51.902],[13.088,51.895],[13.085,51.874],[13.119,51.88],[13.119,51.883],[13.125,51.881],[13.132,51.882],[13.15,51.872],[13.151,51.86],[13.159,51.861],[13.165,51.884],[13.23,51.878],[13.233,51.895],[13.266,51.895],[13.271,51.915],[13.254,51.927],[13.255,51.94],[13.274,51.945],[13.283,51.943],[13.295,51.945],[13.323,51.937],[13.341,51.943],[13.341,51.946],[13.345,51.944],[13.353,51.947],[13.354,51.94],[13.378,51.93],[13.373,51.915],[13.335,51.906],[13.333,51.895],[13.332,51.878],[13.324,51.869],[13.317,51.859],[13.315,51.851],[13.317,51.844],[13.314,51.848],[13.314,51.845],[13.301,51.84],[13.31,51.831],[13.354,51.833],[13.36,51.83],[13.363,51.83],[13.406,51.817],[13.409,51.817],[13.459,51.848],[13.461,51.847],[13.463,51.849],[13.473,51.843],[13.513,51.831],[13.505,51.866],[13.539,51.866],[13.542,51.879],[13.516,51.879],[13.521,51.906],[13.495,51.914],[13.492,51.928],[13.482,51.933],[13.454,51.927],[13.45,51.972],[13.373,51.973],[13.376,51.957],[13.356,51.958],[13.35,51.959],[13.347,51.968],[13.344,51.971],[13.32,51.973],[13.315,51.989],[13.343,51.99],[13.353,51.999],[13.358,52.012],[13.359,52.028],[13.358,52.044],[13.336,52.058],[13.323,52.054],[13.324,52.058],[13.323,52.058],[13.327,52.077],[13.268,52.087],[13.251,52.112],[13.222,52.12],[13.194,52.155],[13.192,52.191],[13.206,52.225],[13.218,52.235],[13.17,52.268],[13.135,52.262],[13.107,52.245],[13.098,52.219],[13.128,52.237],[13.132,52.223],[13.124,52.218],[13.144,52.203],[13.14,52.191],[13.082,52.196],[13.094,52.215],[12.984,52.147],[12.952,52.143],[12.982,52.129],[12.993,52.096],[12.939,52.107],[12.909,52.064],[12.962,52.043],[12.976,52.025],[12.904,52.036],[12.876,52.02]]],[[[13.542,51.879],[13.575,51.889],[13.578,51.897],[13.552,51.903],[13.553,51.891],[13.542,51.879]]]]}},{"type":"Feature","properties":{"NAME":"Prince-Bishopric of Bamberg","SUBJECTO":"Holy Roman Empire","PARTOF":"Holy Roman Empire","ADMIN_LEVEL":4,"OHM_RELATION_ID":2830379,"START_DATE":"1245","END_DATE":"1803-04-27"},"geometry":{"type":"MultiPolygon","coordinates":[[[[11.189,50.271],[11.203,50.256],[11.203,50.242],[11.225,50.232],[11.247,50.238],[11.247,50.224],[11.212,50.211],[11.171,50.209],[11.178,50.2],[11.198,50.202],[11.18,50.185],[11.159,50.189],[11.152,50.199],[11.111,50.194],[11.109,50.2],[11.118,50.2],[11.103,50.211],[11.064,50.206],[11.033,50.219],[10.988,50.213],[10.984,50.208],[11.007,50.2],[11.002,50.186],[11.009,50.18],[10.961,50.174],[10.951,50.157],[10.903,50.15],[10.899,50.139],[10.84,50.115],[10.824,50.096],[10.828,50.077],[10.876,50.062],[10.883,50.038],[10.754,50.03],[10.723,50.044],[10.708,50.035],[10.753,49.978],[10.769,49.972],[10.759,49.96],[10.705,49.954],[10.677,49.94],[10.607,49.948],[10.603,49.941],[10.618,49.932],[10.595,49.922],[10.565,49.92],[10.571,49.915],[10.528,49.897],[10.53,49.883],[10.567,49.884],[10.556,49.865],[10.578,49.859],[10.587,49.875],[10.6,49.876],[10.6,49.89],[10.626,49.891],[10.627,49.876],[10.601,49.856],[10.629,49.844],[10.635,49.828],[10.65,49.821],[10.634,49.813],[10.631,49.801],[10.651,49.797],[10.65,49.738],[10.702,49.694],[10.793,49.66],[10.846,49.663],[10.866,49.636],[10.813,49.622],[10.828,49.604],[10.852,49.604],[10.835,49.592],[10.866,49.547],[10.835,49.534],[10.869,49.52],[10.903,49.534],[10.926,49.523],[10.937,49.545],[10.898,49.555],[10.917,49.574],[10.953,49.567],[10.971,49.583],[10.989,49.616],[10.971,49.623],[10.976,49.661],[11.034,49.673],[11.061,49.663],[11.034,49.645],[11.012,49.602],[11.069,49.608],[11.128,49.587],[11.177,49.59],[11.2,49.607],[11.173,49.612],[11.2,49.647],[11.198,49.654],[11.164,49.646],[11.141,49.649],[11.197,49.672],[11.201,49.681],[11.191,49.691],[11.225,49.698],[11.261,49.694],[11.279,49.675],[11.318,49.685],[11.343,49.678],[11.417,49.711],[11.435,49.732],[11.463,49.739],[11.477,49.758],[11.47,49.772],[11.496,49.805],[11.485,49.81],[11.484,49.822],[11.469,49.827],[11.471,49.848],[11.497,49.855],[11.414,49.886],[11.408,49.896],[11.387,49.896],[11.391,49.888],[11.372,49.892],[11.354,49.917],[11.376,49.931],[11.346,49.95],[11.28,49.972],[11.26,50.006],[11.264,50.017],[11.29,50.023],[11.285,50.035],[11.325,50.05],[11.319,50.062],[11.33,50.073],[11.32,50.077],[11.358,50.095],[11.367,50.126],[11.385,50.131],[11.386,50.149],[11.399,50.161],[11.363,50.159],[11.36,50.176],[11.383,50.194],[11.398,50.179],[11.413,50.176],[11.437,50.186],[11.45,50.171],[11.507,50.149],[11.542,50.149],[11.553,50.182],[11.571,50.192],[11.553,50.2],[11.557,50.217],[11.543,50.222],[11.547,50.238],[11.575,50.257],[11.536,50.266],[11.546,50.277],[11.564,50.281],[11.559,50.306],[11.534,50.317],[11.54,50.342],[11.521,50.355],[11.519,50.396],[11.479,50.401],[11.488,50.418],[11.478,50.433],[11.444,50.421],[11.452,50.43],[11.44,50.438],[11.386,50.437],[11.383,50.45],[11.371,50.441],[11.344,50.445],[11.342,50.46],[11.317,50.468],[11.302,50.462],[11.299,50.433],[11.29,50.432],[11.264,50.39],[11.285,50.36],[11.263,50.352],[11.277,50.336],[11.265,50.338],[11.256,50.322],[11.27,50.307],[11.251,50.299],[11.262,50.275],[11.253,50.268],[11.198,50.292],[11.189,50.271]],[[11.213,49.729],[11.19,49.723],[11.181,49.737],[11.199,49.746],[11.213,49.729]],[[11.192,49.891],[11.225,49.9],[11.262,49.899],[11.276,49.887],[11.26,49.873],[11.307,49.785],[11.266,49.787],[11.241,49.776],[11.209,49.781],[11.212,49.794],[11.196,49.801],[11.192,49.845],[11.229,49.841],[11.234,49.874],[11.2,49.879],[11.192,49.891]],[[11.419,50.202],[11.409,50.216],[11.378,50.224],[11.375,50.233],[11.386,50.246],[11.451,50.24],[11.459,50.226],[11.419,50.202]],[[10.796,49.92],[10.845,49.908],[10.802,49.885],[10.796,49.92]],[[10.874,49.673],[10.867,49.687],[10.885,49.69],[10.903,49.682],[10.901,49.672],[10.887,49.667],[10.874,49.673]]],[[[11.564,49.574],[11.596,49.606],[11.563,49.635],[11.517,49.627],[11.513,49.608],[11.54,49.602],[11.564,49.574]]],[[[11.919,49.602],[11.944,49.609],[11.925,49.63],[11.905,49.626],[11.904,49.666],[11.891,49.681],[11.851,49.691],[11.843,49.689],[11.851,49.683],[11.839,49.677],[11.819,49.678],[11.82,49.688],[11.777,49.68],[11.776,49.668],[11.755,49.673],[11.699,49.657],[11.741,49.62],[11.753,49.625],[11.793,49.617],[11.826,49.596],[11.874,49.59],[11.908,49.594],[11.919,49.602]]],[[[11.542,50.149],[11.545,50.125],[11.58,50.116],[11.595,50.119],[11.607,50.143],[11.65,50.138],[11.643,50.103],[11.625,50.088],[11.642,50.078],[11.701,50.075],[11.714,50.103],[11.676,50.14],[11.702,50.151],[11.695,50.161],[11.67,50.156],[11.661,50.169],[11.681,50.194],[11.655,50.21],[11.666,50.227],[11.654,50.254],[11.666,50.26],[11.678,50.254],[11.695,50.258],[11.693,50.273],[11.73,50.299],[11.722,50.31],[11.682,50.303],[11.672,50.288],[11.648,50.283],[11.638,50.269],[11.598,50.259],[11.613,50.236],[11.605,50.225],[11.626,50.207],[11.605,50.196],[11.607,50.175],[11.578,50.153],[11.542,50.149]]],[[[11.015,49.412],[11.059,49.414],[11.046,49.429],[11.03,49.43],[11.012,49.459],[11.018,49.481],[11.012,49.494],[10.989,49.497],[10.985,49.52],[10.973,49.523],[10.951,49.505],[10.956,49.478],[10.902,49.459],[10.929,49.445],[10.975,49.455],[11.005,49.414],[11.015,49.412]]],[[[10.395,49.673],[10.48,49.706],[10.488,49.718],[10.473,49.729],[10.418,49.731],[10.397,49.748],[10.359,49.718],[10.374,49.704],[10.39,49.703],[10.401,49.719],[10.41,49.718],[10.408,49.693],[10.381,49.684],[10.395,49.673]]],[[[10.659,50.041],[10.622,50.039],[10.598,50.025],[10.539,50.024],[10.517,49.992],[10.525,49.979],[10.513,49.964],[10.52,49.957],[10.516,49.948],[10.536,49.944],[10.563,49.953],[10.579,49.974],[10.599,49.976],[10.618,49.991],[10.64,49.987],[10.656,49.974],[10.69,49.974],[10.689,50.001],[10.659,50.041]]],[[[10.852,50.251],[10.827,50.238],[10.837,50.221],[10.827,50.214],[10.771,50.204],[10.787,50.177],[10.821,50.181],[10.827,50.194],[10.858,50.205],[10.876,50.195],[10.899,50.21],[10.921,50.211],[10.931,50.233],[10.928,50.243],[10.864,50.245],[10.852,50.251]]]]}},{"type":"Feature","properties":{"NAME":"Prince-Bishopric of Basel","SUBJECTO":"Holy Roman Empire","PARTOF":"Holy Roman Empire","ADMIN_LEVEL":4,"OHM_RELATION_ID":2852254,"START_DATE":"1032","END_DATE":"1797-10-17"},"geometry":{"type":"MultiPolygon","coordinates":[[[[6.842,47.172],[6.855,47.161],[6.862,47.166],[6.889,47.131],[6.869,47.087],[6.931,47.108],[7.028,47.127],[7.041,47.124],[7.024,47.113],[7.029,47.104],[7.041,47.109],[7.076,47.096],[7.089,47.083],[7.077,47.076],[7.088,47.06],[7.135,47.084],[7.128,47.089],[7.142,47.098],[7.137,47.107],[7.2,47.134],[7.241,47.128],[7.294,47.161],[7.326,47.162],[7.344,47.153],[7.37,47.159],[7.374,47.149],[7.366,47.144],[7.376,47.141],[7.386,47.148],[7.389,47.158],[7.361,47.171],[7.357,47.184],[7.339,47.195],[7.346,47.207],[7.341,47.217],[7.422,47.242],[7.416,47.253],[7.471,47.266],[7.487,47.284],[7.532,47.295],[7.572,47.326],[7.524,47.371],[7.46,47.37],[7.437,47.379],[7.444,47.401],[7.478,47.402],[7.48,47.388],[7.519,47.388],[7.53,47.414],[7.572,47.417],[7.575,47.438],[7.582,47.429],[7.614,47.436],[7.627,47.463],[7.605,47.47],[7.614,47.521],[7.594,47.519],[7.581,47.544],[7.556,47.544],[7.565,47.557],[7.555,47.564],[7.5,47.54],[7.501,47.529],[7.53,47.53],[7.523,47.519],[7.536,47.514],[7.53,47.462],[7.456,47.449],[7.443,47.461],[7.43,47.459],[7.421,47.446],[7.438,47.446],[7.456,47.428],[7.449,47.415],[7.438,47.413],[7.376,47.414],[7.376,47.433],[7.333,47.441],[7.282,47.435],[7.249,47.421],[7.231,47.439],[7.2,47.435],[7.17,47.443],[7.187,47.483],[7.203,47.491],[7.162,47.49],[7.13,47.503],[7.075,47.488],[7.037,47.498],[7.011,47.484],[7.002,47.469],[7.006,47.458],[6.996,47.45],[6.942,47.434],[6.938,47.406],[6.913,47.405],[6.91,47.385],[6.884,47.373],[6.879,47.356],[6.976,47.361],[7.014,47.372],[7.046,47.363],[7.062,47.344],[7.046,47.326],[6.967,47.325],[6.971,47.318],[7.015,47.317],[7.01,47.297],[7.003,47.289],[6.956,47.292],[6.928,47.281],[6.924,47.275],[6.935,47.27],[6.93,47.258],[6.955,47.243],[6.88,47.2],[6.874,47.185],[6.842,47.172]]],[[[7.519,47.674],[7.542,47.646],[7.549,47.661],[7.562,47.665],[7.549,47.681],[7.519,47.674]]],[[[7.551,47.744],[7.58,47.735],[7.628,47.725],[7.63,47.737],[7.616,47.755],[7.614,47.775],[7.574,47.776],[7.551,47.744]]]]}},{"type":"Feature","properties":{"NAME":"Prince-Bishopric of Cammin","SUBJECTO":"Holy Roman Empire","PARTOF":"Holy Roman Empire","ADMIN_LEVEL":4,"OHM_RELATION_ID":2696470,"START_DATE":"1248","END_DATE":"1650"},"geometry":{"type":"MultiPolygon","coordinates":[[[[15.355,54.21],[15.432,54.11],[15.416,54.079],[15.433,54.039],[15.578,53.994],[15.508,53.913],[15.536,53.888],[15.572,53.887],[15.579,53.872],[15.601,53.865],[15.623,53.875],[15.683,53.88],[15.717,53.869],[15.732,53.877],[15.733,53.898],[15.768,53.954],[15.969,54.072],[16.068,54.111],[16.132,54.057],[16.156,54.047],[16.136,54.043],[16.13,54.028],[16.195,54.005],[16.184,53.994],[16.16,53.989],[16.175,53.973],[16.244,53.971],[16.283,53.958],[16.281,53.982],[16.314,53.989],[16.346,53.981],[16.369,53.986],[16.365,53.981],[16.383,53.969],[16.401,53.974],[16.427,53.969],[16.563,53.904],[16.616,53.906],[16.62,53.886],[16.633,53.874],[16.62,53.862],[16.666,53.853],[16.662,53.833],[16.686,53.828],[16.696,53.817],[16.692,53.812],[16.73,53.822],[16.753,53.817],[16.766,53.804],[16.789,53.81],[16.791,53.849],[16.8,53.843],[16.824,53.868],[16.818,53.893],[16.798,53.891],[16.8,53.885],[16.773,53.868],[16.747,53.879],[16.728,53.911],[16.761,53.906],[16.778,53.927],[16.858,53.947],[16.879,53.962],[16.873,53.978],[16.811,54.001],[16.787,53.987],[16.738,53.986],[16.683,54.031],[16.665,54.024],[16.648,54.033],[16.654,54.053],[16.615,54.087],[16.58,54.103],[16.55,54.092],[16.553,54.085],[16.545,54.083],[16.52,54.114],[16.523,54.131],[16.42,54.134],[16.386,54.149],[16.265,54.235],[16.154,54.358],[16.099,54.332],[16.027,54.311],[15.822,54.291],[15.683,54.256],[15.524,54.235],[15.469,54.217],[15.355,54.21]]]]}},{"type":"Feature","properties":{"NAME":"Prince-Bishopric of Freising","SUBJECTO":"Holy Roman Empire","PARTOF":"Holy Roman Empire","ADMIN_LEVEL":4,"OHM_RELATION_ID":2695963,"START_DATE":"1294","END_DATE":"1802-12-31"},"geometry":{"type":"MultiPolygon","coordinates":[[[[11.652,48.152],[11.671,48.199],[11.712,48.203],[11.75,48.241],[11.757,48.272],[11.787,48.322],[11.821,48.406],[11.753,48.404],[11.786,48.413],[11.743,48.433],[11.711,48.423],[11.735,48.399],[11.729,48.388],[11.74,48.381],[11.736,48.37],[11.702,48.323],[11.699,48.294],[11.68,48.262],[11.685,48.252],[11.607,48.158],[11.652,48.152]]],[[[10.918,47.518],[10.871,47.499],[10.87,47.484],[10.935,47.482],[10.928,47.472],[10.983,47.431],[10.985,47.421],[10.972,47.418],[10.969,47.4],[10.983,47.396],[11.119,47.397],[11.128,47.412],[11.207,47.434],[11.253,47.428],[11.223,47.399],[11.273,47.398],[11.289,47.41],[11.292,47.427],[11.333,47.438],[11.338,47.451],[11.421,47.445],[11.409,47.466],[11.385,47.474],[11.412,47.496],[11.319,47.552],[11.174,47.543],[11.136,47.552],[11.068,47.545],[10.98,47.508],[10.961,47.516],[10.918,47.518]]],[[[11.337,48.411],[11.36,48.388],[11.394,48.393],[11.391,48.403],[11.403,48.409],[11.374,48.421],[11.337,48.411]]],[[[11.284,48.331],[11.32,48.341],[11.308,48.364],[11.271,48.343],[11.284,48.331]]],[[[11.56,48.455],[11.543,48.438],[11.563,48.422],[11.552,48.398],[11.567,48.395],[11.613,48.433],[11.56,48.455]]],[[[12.029,48.178],[12.057,48.173],[12.094,48.185],[12.102,48.197],[12.091,48.221],[12.025,48.197],[12.029,48.178]]],[[[13.995,46.207],[13.974,46.177],[13.996,46.161],[14.013,46.171],[14.074,46.166],[14.063,46.143],[14.018,46.128],[14.025,46.115],[14.006,46.106],[14.001,46.091],[14.015,46.073],[14.034,46.066],[14.05,46.011],[14.115,45.978],[14.141,45.993],[14.235,45.997],[14.269,46.018],[14.351,46.146],[14.311,46.181],[14.332,46.249],[14.313,46.262],[14.268,46.275],[14.253,46.304],[14.192,46.332],[14.111,46.261],[14.059,46.26],[14.006,46.226],[13.995,46.207]]]]}},{"type":"Feature","properties":{"NAME":"Prince-Bishopric of Lübeck","SUBJECTO":"Holy Roman Empire","PARTOF":"Holy Roman Empire","ADMIN_LEVEL":4,"OHM_RELATION_ID":2835925,"START_DATE":"1180","END_DATE":"1803-04-27"},"geometry":{"type":"MultiPolygon","coordinates":[[[[10.551,53.938],[10.543,53.926],[10.573,53.922],[10.571,53.906],[10.632,53.917],[10.663,53.898],[10.704,53.911],[10.734,53.909],[10.751,53.92],[10.808,53.932],[10.828,53.946],[10.827,53.965],[10.851,53.986],[10.843,53.988],[10.84,54.038],[10.755,54.054],[10.758,54.04],[10.694,54.026],[10.69,54.019],[10.704,54.013],[10.702,54.006],[10.666,54.008],[10.634,54.027],[10.623,54.009],[10.644,54.002],[10.65,53.982],[10.67,53.971],[10.667,53.964],[10.647,53.96],[10.636,53.966],[10.641,53.971],[10.629,53.969],[10.629,53.944],[10.641,53.944],[10.639,53.936],[10.601,53.924],[10.58,53.927],[10.576,53.945],[10.556,53.965],[10.535,53.955],[10.551,53.938]]],[[[10.598,54.07],[10.595,54.102],[10.628,54.094],[10.659,54.098],[10.677,54.09],[10.692,54.101],[10.707,54.092],[10.737,54.095],[10.756,54.107],[10.754,54.121],[10.724,54.127],[10.709,54.117],[10.697,54.121],[10.689,54.15],[10.664,54.153],[10.666,54.163],[10.651,54.173],[10.653,54.184],[10.674,54.189],[10.671,54.207],[10.62,54.227],[10.607,54.224],[10.61,54.231],[10.573,54.236],[10.54,54.228],[10.549,54.22],[10.538,54.219],[10.54,54.207],[10.528,54.188],[10.495,54.184],[10.483,54.174],[10.516,54.14],[10.541,54.134],[10.539,54.123],[10.495,54.123],[10.481,54.116],[10.479,54.104],[10.437,54.118],[10.441,54.125],[10.422,54.116],[10.427,54.09],[10.421,54.082],[10.459,54.061],[10.484,54.059],[10.506,54.073],[10.598,54.07]]]]}},{"type":"Feature","properties":{"NAME":"Prince-Bishopric of Minden","SUBJECTO":"Holy Roman Empire","PARTOF":"Holy Roman Empire","ADMIN_LEVEL":4,"OHM_RELATION_ID":2748416,"START_DATE":"1277","END_DATE":"1648-10-24"},"geometry":{"type":"Polygon","coordinates":[[[8.3,52.453],[8.304,52.434],[8.309,52.438],[8.318,52.43],[8.316,52.415],[8.322,52.411],[8.312,52.408],[8.323,52.401],[8.394,52.385],[8.437,52.362],[8.453,52.366],[8.504,52.353],[8.5,52.341],[8.507,52.328],[8.526,52.323],[8.562,52.289],[8.568,52.267],[8.557,52.257],[8.572,52.236],[8.563,52.217],[8.601,52.2],[8.651,52.193],[8.641,52.178],[8.672,52.17],[8.674,52.14],[8.71,52.149],[8.705,52.157],[8.715,52.162],[8.735,52.159],[8.743,52.15],[8.755,52.155],[8.783,52.179],[8.784,52.195],[8.794,52.197],[8.798,52.209],[8.827,52.22],[8.854,52.208],[8.863,52.192],[8.861,52.179],[8.875,52.166],[8.9,52.165],[8.928,52.185],[8.988,52.181],[8.984,52.193],[8.989,52.196],[9.008,52.192],[9.014,52.195],[9.018,52.189],[9.046,52.183],[9.046,52.201],[9.037,52.221],[9.039,52.221],[9.037,52.224],[9.05,52.222],[9.059,52.223],[9.074,52.232],[9.072,52.235],[8.979,52.262],[8.972,52.265],[8.977,52.274],[8.964,52.279],[8.985,52.287],[8.989,52.312],[8.989,52.314],[8.998,52.326],[9.024,52.339],[9.028,52.346],[9.058,52.342],[9.088,52.364],[9.097,52.372],[9.1,52.389],[9.121,52.401],[9.125,52.412],[9.123,52.423],[9.112,52.421],[9.111,52.434],[9.095,52.443],[9.103,52.457],[9.126,52.468],[9.123,52.475],[9.138,52.475],[9.135,52.483],[9.113,52.486],[9.097,52.498],[9.053,52.5],[9.039,52.48],[9.025,52.479],[9.017,52.46],[8.982,52.451],[8.98,52.428],[8.962,52.425],[8.935,52.405],[8.892,52.406],[8.884,52.396],[8.853,52.389],[8.789,52.399],[8.747,52.388],[8.729,52.398],[8.706,52.395],[8.711,52.406],[8.705,52.417],[8.717,52.432],[8.703,52.444],[8.711,52.466],[8.698,52.487],[8.684,52.5],[8.691,52.51],[8.683,52.519],[8.672,52.517],[8.652,52.531],[8.431,52.449],[8.366,52.443],[8.307,52.46],[8.3,52.453]]]}},{"type":"Feature","properties":{"NAME":"Prince-Bishopric of Paderborn","SUBJECTO":"Holy Roman Empire","PARTOF":"Holy Roman Empire","ADMIN_LEVEL":4,"OHM_RELATION_ID":2806963,"START_DATE":"1281","END_DATE":"1803-04-27"},"geometry":{"type":"MultiPolygon","coordinates":[[[[8.393,51.695],[8.424,51.668],[8.46,51.689],[8.552,51.67],[8.573,51.659],[8.587,51.617],[8.578,51.619],[8.512,51.595],[8.508,51.586],[8.488,51.587],[8.475,51.573],[8.482,51.566],[8.473,51.565],[8.489,51.539],[8.485,51.534],[8.512,51.53],[8.52,51.491],[8.548,51.468],[8.573,51.468],[8.601,51.483],[8.654,51.481],[8.72,51.46],[8.752,51.466],[8.767,51.447],[8.846,51.468],[8.868,51.491],[8.894,51.483],[9.02,51.519],[9.039,51.502],[9.077,51.503],[9.092,51.494],[9.079,51.463],[9.094,51.445],[9.136,51.45],[9.145,51.442],[9.16,51.444],[9.185,51.467],[9.216,51.46],[9.224,51.488],[9.264,51.498],[9.286,51.514],[9.309,51.512],[9.318,51.55],[9.37,51.591],[9.337,51.615],[9.427,51.631],[9.443,51.643],[9.437,51.648],[9.377,51.65],[9.381,51.667],[9.396,51.673],[9.387,51.688],[9.381,51.687],[9.376,51.684],[9.366,51.685],[9.305,51.676],[9.284,51.681],[9.263,51.671],[9.249,51.682],[9.269,51.705],[9.266,51.72],[9.286,51.735],[9.251,51.775],[9.272,51.787],[9.269,51.798],[9.287,51.807],[9.287,51.812],[9.283,51.82],[9.289,51.826],[9.289,51.83],[9.304,51.843],[9.302,51.85],[9.269,51.865],[9.219,51.863],[9.219,51.852],[9.213,51.852],[9.177,51.86],[9.157,51.874],[9.137,51.87],[9.123,51.899],[9.131,51.911],[9.051,51.872],[9.024,51.88],[9.012,51.877],[9.016,51.86],[8.996,51.844],[8.975,51.836],[8.938,51.837],[8.94,51.813],[8.933,51.81],[8.913,51.813],[8.861,51.799],[8.791,51.798],[8.767,51.819],[8.762,51.848],[8.719,51.892],[8.675,51.919],[8.615,51.93],[8.607,51.927],[8.608,51.925],[8.617,51.909],[8.642,51.884],[8.628,51.862],[8.534,51.832],[8.517,51.806],[8.473,51.793],[8.416,51.759],[8.403,51.719],[8.402,51.72],[8.393,51.695]],[[8.952,51.808],[8.975,51.813],[9.01,51.797],[8.983,51.796],[8.964,51.784],[8.952,51.808]]],[[[9.19,51.955],[9.206,51.935],[9.194,51.92],[9.216,51.911],[9.269,51.931],[9.279,51.94],[9.263,51.946],[9.284,51.956],[9.274,51.974],[9.257,51.978],[9.219,51.974],[9.211,51.96],[9.195,51.962],[9.19,51.955]]]]}},{"type":"Feature","properties":{"NAME":"Prince-Bishopric of Passau","SUBJECTO":"Holy Roman Empire","PARTOF":"Holy Roman Empire","ADMIN_LEVEL":4,"OHM_RELATION_ID":2809505,"START_DATE":"999","END_DATE":"1803-04-27"},"geometry":{"type":"MultiPolygon","coordinates":[[[[13.234,48.671],[13.242,48.655],[13.266,48.644],[13.267,48.608],[13.385,48.595],[13.408,48.578],[13.45,48.576],[13.438,48.566],[13.401,48.567],[13.39,48.542],[13.362,48.531],[13.362,48.488],[13.383,48.487],[13.387,48.473],[13.41,48.476],[13.435,48.497],[13.447,48.494],[13.457,48.511],[13.436,48.553],[13.45,48.564],[13.475,48.556],[13.475,48.562],[13.504,48.572],[13.505,48.587],[13.516,48.591],[13.573,48.561],[13.597,48.57],[13.654,48.549],[13.657,48.544],[13.639,48.544],[13.643,48.539],[13.637,48.528],[13.654,48.504],[13.68,48.491],[13.677,48.484],[13.696,48.472],[13.704,48.476],[13.7,48.479],[13.72,48.506],[13.715,48.512],[13.727,48.513],[13.749,48.532],[13.744,48.542],[13.755,48.564],[13.768,48.554],[13.802,48.574],[13.802,48.595],[13.824,48.618],[13.826,48.63],[13.814,48.65],[13.819,48.672],[13.813,48.692],[13.833,48.692],[13.837,48.7],[13.812,48.702],[13.799,48.712],[13.82,48.733],[13.821,48.755],[13.84,48.772],[13.804,48.781],[13.815,48.797],[13.796,48.815],[13.793,48.829],[13.768,48.833],[13.733,48.887],[13.719,48.879],[13.676,48.879],[13.624,48.937],[13.625,48.949],[13.606,48.941],[13.58,48.971],[13.512,48.969],[13.506,48.96],[13.515,48.937],[13.507,48.923],[13.523,48.898],[13.522,48.879],[13.507,48.863],[13.453,48.856],[13.449,48.848],[13.47,48.843],[13.461,48.832],[13.447,48.831],[13.449,48.818],[13.44,48.81],[13.449,48.79],[13.425,48.756],[13.455,48.718],[13.451,48.688],[13.437,48.677],[13.39,48.682],[13.381,48.67],[13.372,48.67],[13.367,48.688],[13.348,48.689],[13.342,48.676],[13.308,48.68],[13.271,48.694],[13.238,48.686],[13.234,48.671]],[[13.437,48.637],[13.536,48.63],[13.532,48.606],[13.502,48.609],[13.483,48.6],[13.491,48.574],[13.437,48.637]]],[[[13.288,48.338],[13.32,48.319],[13.376,48.357],[13.357,48.369],[13.288,48.338]]]]}},{"type":"Feature","properties":{"NAME":"Prince-Bishopric of Regensburg","SUBJECTO":"Holy Roman Empire","PARTOF":"Holy Roman Empire","ADMIN_LEVEL":4,"OHM_RELATION_ID":2809511,"START_DATE":"1250","END_DATE":"1803-04-27"},"geometry":{"type":"MultiPolygon","coordinates":[[[[12.358,49.114],[12.319,49.125],[12.276,49.096],[12.223,49.087],[12.156,49.049],[12.152,49.021],[12.184,49.008],[12.219,49.029],[12.256,49.021],[12.267,49.011],[12.32,49.014],[12.345,48.997],[12.328,48.985],[12.335,48.976],[12.369,48.971],[12.382,48.98],[12.391,48.98],[12.393,48.973],[12.406,48.982],[12.427,48.981],[12.44,49.008],[12.423,49.032],[12.434,49.046],[12.455,49.049],[12.459,49.072],[12.428,49.077],[12.377,49.063],[12.325,49.082],[12.358,49.114]]]]}},{"type":"Feature","properties":{"NAME":"Prince-Bishopric of Verden","SUBJECTO":"Holy Roman Empire","PARTOF":"Holy Roman Empire","ADMIN_LEVEL":4,"OHM_RELATION_ID":2835911,"START_DATE":"1180","END_DATE":"1648-10-24"},"geometry":{"type":"MultiPolygon","coordinates":[[[[9.293,52.818],[9.325,52.822],[9.335,52.834],[9.366,52.821],[9.373,52.825],[9.391,52.843],[9.376,52.853],[9.413,52.879],[9.416,52.899],[9.478,52.933],[9.561,52.959],[9.621,52.953],[9.683,52.981],[9.692,52.992],[9.75,53.004],[9.786,53.022],[9.869,53.023],[9.901,53.057],[9.926,53.099],[9.891,53.141],[9.842,53.16],[9.831,53.175],[9.751,53.199],[9.729,53.214],[9.624,53.227],[9.609,53.242],[9.588,53.309],[9.562,53.337],[9.584,53.358],[9.56,53.356],[9.45,53.315],[9.361,53.32],[9.347,53.308],[9.365,53.271],[9.335,53.238],[9.366,53.198],[9.341,53.136],[9.303,53.126],[9.275,53.108],[9.258,53.085],[9.223,53.079],[9.184,52.985],[9.183,52.946],[9.19,52.937],[9.169,52.932],[9.189,52.921],[9.166,52.913],[9.175,52.887],[9.212,52.875],[9.203,52.863],[9.181,52.864],[9.182,52.856],[9.221,52.851],[9.219,52.844],[9.206,52.844],[9.193,52.816],[9.293,52.818]]]]}},{"type":"Feature","properties":{"NAME":"Prince-Bishopric of Worms","SUBJECTO":"Holy Roman Empire","PARTOF":"Holy Roman Empire","ADMIN_LEVEL":4,"OHM_RELATION_ID":2830736,"START_DATE":"0861","END_DATE":"1797-10-10"},"geometry":{"type":"MultiPolygon","coordinates":[[[[8.08,49.545],[8.042,49.523],[8.08,49.533],[8.089,49.524],[8.075,49.519],[8.085,49.513],[8.154,49.541],[8.149,49.554],[8.136,49.555],[8.135,49.562],[8.094,49.534],[8.08,49.545]]],[[[8.423,49.541],[8.414,49.559],[8.423,49.584],[8.464,49.59],[8.495,49.573],[8.513,49.587],[8.554,49.586],[8.59,49.592],[8.591,49.6],[8.562,49.604],[8.573,49.634],[8.532,49.619],[8.516,49.623],[8.487,49.614],[8.443,49.613],[8.418,49.628],[8.39,49.628],[8.374,49.616],[8.278,49.616],[8.275,49.609],[8.283,49.608],[8.29,49.591],[8.338,49.601],[8.344,49.596],[8.325,49.582],[8.317,49.568],[8.325,49.561],[8.311,49.555],[8.317,49.55],[8.359,49.558],[8.353,49.552],[8.372,49.547],[8.376,49.54],[8.394,49.55],[8.423,49.541]]],[[[8.233,49.588],[8.212,49.587],[8.222,49.56],[8.213,49.556],[8.22,49.546],[8.233,49.548],[8.24,49.537],[8.275,49.539],[8.281,49.587],[8.233,49.588]]]]}},{"type":"Feature","properties":{"NAME":"Prince-Bishopric of Würzburg","SUBJECTO":"Holy Roman Empire","PARTOF":"Holy Roman Empire","ADMIN_LEVEL":4,"OHM_RELATION_ID":2830508,"START_DATE":"1168","END_DATE":"1803-04-27"},"geometry":{"type":"MultiPolygon","coordinates":[[[[9.245,49.61],[9.255,49.602],[9.248,49.595],[9.269,49.584],[9.264,49.578],[9.275,49.568],[9.309,49.533],[9.345,49.548],[9.298,49.59],[9.293,49.615],[9.31,49.618],[9.331,49.61],[9.351,49.634],[9.294,49.655],[9.261,49.646],[9.265,49.632],[9.249,49.624],[9.245,49.61]]],[[[9.38,49.607],[9.404,49.587],[9.422,49.59],[9.441,49.573],[9.439,49.561],[9.463,49.563],[9.491,49.579],[9.511,49.566],[9.534,49.567],[9.539,49.582],[9.567,49.604],[9.565,49.611],[9.548,49.61],[9.538,49.623],[9.524,49.621],[9.509,49.651],[9.484,49.647],[9.486,49.658],[9.444,49.665],[9.436,49.664],[9.42,49.639],[9.403,49.64],[9.38,49.607]]],[[[9.447,49.903],[9.497,49.861],[9.509,49.864],[9.496,49.88],[9.508,49.884],[9.535,49.862],[9.578,49.869],[9.63,49.85],[9.653,49.83],[9.644,49.823],[9.577,49.821],[9.582,49.811],[9.618,49.805],[9.623,49.797],[9.614,49.79],[9.626,49.789],[9.661,49.76],[9.697,49.775],[9.725,49.762],[9.71,49.746],[9.671,49.744],[9.661,49.752],[9.643,49.726],[9.641,49.699],[9.617,49.69],[9.658,49.621],[9.604,49.596],[9.592,49.575],[9.565,49.576],[9.558,49.565],[9.57,49.545],[9.638,49.549],[9.726,49.537],[9.752,49.547],[9.731,49.564],[9.774,49.589],[9.818,49.578],[9.802,49.564],[9.812,49.556],[9.858,49.546],[9.875,49.578],[9.914,49.583],[9.898,49.564],[9.925,49.561],[9.927,49.551],[9.922,49.551],[9.924,49.525],[9.917,49.518],[9.924,49.509],[9.917,49.491],[9.954,49.481],[9.96,49.472],[9.949,49.465],[9.931,49.471],[9.911,49.467],[9.901,49.438],[9.934,49.437],[9.941,49.444],[9.962,49.436],[9.96,49.428],[9.895,49.416],[9.891,49.405],[9.864,49.393],[9.859,49.377],[9.871,49.373],[9.882,49.375],[9.888,49.387],[9.924,49.373],[9.969,49.397],[9.998,49.392],[10.014,49.403],[10.038,49.402],[10.04,49.411],[9.986,49.431],[9.993,49.446],[9.972,49.481],[10.013,49.483],[10.028,49.502],[10.053,49.51],[10.06,49.518],[10.04,49.528],[10.065,49.546],[10.084,49.544],[10.099,49.529],[10.183,49.544],[10.169,49.554],[10.165,49.569],[10.174,49.582],[10.072,49.588],[10.072,49.607],[10.088,49.625],[10.068,49.624],[10.061,49.647],[10.097,49.655],[10.114,49.687],[10.128,49.69],[10.123,49.696],[10.159,49.723],[10.219,49.725],[10.239,49.714],[10.234,49.695],[10.216,49.694],[10.21,49.679],[10.187,49.679],[10.184,49.652],[10.228,49.651],[10.226,49.665],[10.252,49.668],[10.304,49.694],[10.35,49.69],[10.35,49.701],[10.374,49.704],[10.359,49.718],[10.317,49.733],[10.284,49.798],[10.308,49.806],[10.32,49.819],[10.356,49.824],[10.37,49.816],[10.357,49.792],[10.367,49.79],[10.378,49.792],[10.387,49.785],[10.407,49.78],[10.443,49.838],[10.437,49.847],[10.462,49.875],[10.49,49.868],[10.53,49.883],[10.528,49.897],[10.571,49.915],[10.565,49.92],[10.595,49.922],[10.618,49.932],[10.603,49.941],[10.607,49.948],[10.677,49.94],[10.705,49.954],[10.759,49.96],[10.769,49.972],[10.753,49.978],[10.708,50.035],[10.723,50.044],[10.754,50.03],[10.883,50.038],[10.876,50.062],[10.828,50.077],[10.824,50.096],[10.84,50.115],[10.899,50.139],[10.903,50.15],[10.922,50.154],[10.914,50.168],[10.877,50.176],[10.873,50.197],[10.858,50.205],[10.827,50.194],[10.821,50.181],[10.787,50.177],[10.771,50.204],[10.837,50.221],[10.827,50.238],[10.801,50.252],[10.782,50.252],[10.769,50.241],[10.733,50.251],[10.727,50.232],[10.732,50.213],[10.724,50.205],[10.687,50.222],[10.658,50.224],[10.663,50.228],[10.612,50.224],[10.599,50.246],[10.611,50.25],[10.599,50.263],[10.604,50.272],[10.592,50.27],[10.605,50.294],[10.593,50.317],[10.601,50.334],[10.591,50.335],[10.584,50.333],[10.572,50.337],[10.562,50.338],[10.551,50.344],[10.555,50.357],[10.543,50.364],[10.533,50.365],[10.515,50.35],[10.514,50.359],[10.492,50.355],[10.496,50.367],[10.489,50.375],[10.47,50.374],[10.459,50.382],[10.449,50.403],[10.426,50.394],[10.395,50.395],[10.384,50.406],[10.404,50.425],[10.372,50.432],[10.374,50.434],[10.369,50.435],[10.377,50.439],[10.368,50.439],[10.336,50.466],[10.342,50.483],[10.331,50.494],[10.301,50.494],[10.303,50.486],[10.269,50.477],[10.257,50.454],[10.258,50.451],[10.255,50.449],[10.251,50.44],[10.245,50.442],[10.248,50.432],[10.236,50.431],[10.232,50.42],[10.177,50.445],[10.149,50.442],[10.122,50.448],[10.116,50.449],[10.115,50.45],[10.111,50.451],[10.097,50.461],[10.098,50.464],[10.09,50.471],[10.083,50.474],[10.083,50.477],[10.081,50.479],[10.084,50.483],[10.084,50.485],[10.092,50.484],[10.119,50.482],[10.121,50.486],[10.122,50.492],[10.121,50.493],[10.109,50.497],[10.113,50.498],[10.111,50.499],[10.144,50.503],[10.146,50.503],[10.155,50.502],[10.156,50.498],[10.16,50.496],[10.158,50.489],[10.161,50.478],[10.181,50.469],[10.201,50.469],[10.204,50.47],[10.2,50.5],[10.23,50.511],[10.231,50.516],[10.227,50.517],[10.231,50.532],[10.194,50.555],[10.176,50.544],[10.129,50.564],[10.109,50.564],[10.1,50.555],[10.099,50.555],[10.1,50.554],[10.094,50.548],[10.074,50.534],[10.074,50.528],[10.054,50.52],[10.045,50.517],[10.042,50.523],[10.039,50.524],[10.04,50.526],[10.039,50.528],[10.046,50.537],[10.058,50.56],[10.048,50.569],[10.048,50.572],[10.045,50.576],[10.047,50.598],[10.043,50.604],[10.026,50.618],[9.997,50.619],[9.982,50.603],[9.997,50.574],[10.003,50.569],[10.008,50.551],[10.015,50.538],[10.015,50.531],[10.018,50.521],[10.014,50.507],[9.977,50.533],[9.949,50.518],[9.946,50.501],[9.957,50.485],[9.996,50.461],[9.993,50.452],[9.958,50.424],[9.884,50.399],[9.876,50.369],[9.853,50.357],[9.883,50.331],[9.912,50.336],[9.929,50.33],[9.932,50.324],[9.901,50.311],[9.9,50.3],[9.916,50.276],[9.898,50.264],[9.927,50.239],[9.912,50.232],[9.92,50.214],[9.912,50.208],[9.968,50.201],[9.956,50.192],[9.956,50.165],[9.97,50.16],[9.984,50.141],[9.975,50.13],[9.945,50.127],[9.931,50.093],[9.941,50.088],[9.901,50.056],[9.91,50.043],[9.868,50.045],[9.852,50.076],[9.856,50.086],[9.835,50.093],[9.756,50.092],[9.752,50.103],[9.731,50.093],[9.717,50.099],[9.729,50.105],[9.695,50.127],[9.688,50.114],[9.641,50.124],[9.595,50.119],[9.594,50.079],[9.603,50.069],[9.658,50.066],[9.679,50.078],[9.686,50.077],[9.689,50.061],[9.683,50.055],[9.643,50.056],[9.651,50.029],[9.622,50.022],[9.581,49.996],[9.599,49.951],[9.502,49.953],[9.447,49.903]],[[10.122,50.563],[10.151,50.552],[10.139,50.543],[10.121,50.556],[10.122,50.563]],[[9.647,49.92],[9.666,49.929],[9.72,49.93],[9.735,49.914],[9.687,49.9],[9.701,49.889],[9.739,49.888],[9.744,49.86],[9.709,49.858],[9.672,49.888],[9.66,49.887],[9.658,49.895],[9.666,49.9],[9.647,49.92]],[[9.676,49.693],[9.677,49.716],[9.701,49.717],[9.724,49.744],[9.755,49.75],[9.792,49.731],[9.789,49.729],[9.79,49.729],[9.753,49.709],[9.751,49.697],[9.75,49.696],[9.75,49.695],[9.74,49.688],[9.737,49.689],[9.736,49.688],[9.676,49.693]],[[9.676,49.806],[9.682,49.815],[9.718,49.819],[9.73,49.789],[9.702,49.778],[9.676,49.806]],[[9.764,50.074],[9.78,50.081],[9.799,50.076],[9.793,50.054],[9.766,50.061],[9.764,50.074]],[[9.838,49.918],[9.856,49.938],[9.857,49.969],[9.89,49.965],[9.89,49.926],[9.838,49.918]],[[9.9,49.671],[9.906,49.685],[9.93,49.685],[9.949,49.709],[10.024,49.697],[10.031,49.676],[9.963,49.686],[9.951,49.675],[9.963,49.658],[9.953,49.623],[9.928,49.623],[9.916,49.647],[9.932,49.667],[9.9,49.671]],[[10.042,49.719],[10.042,49.728],[10.105,49.742],[10.113,49.734],[10.098,49.716],[10.061,49.703],[10.06,49.715],[10.042,49.719]],[[10.129,49.901],[10.172,49.904],[10.187,49.873],[10.141,49.869],[10.129,49.901]],[[10.167,50.028],[10.19,50.043],[10.182,50.053],[10.195,50.068],[10.205,50.073],[10.225,50.066],[10.229,50.085],[10.222,50.091],[10.237,50.122],[10.262,50.14],[10.275,50.139],[10.281,50.147],[10.323,50.14],[10.31,50.129],[10.269,50.132],[10.295,50.112],[10.257,50.086],[10.267,50.067],[10.26,50.059],[10.276,50.058],[10.241,50.039],[10.239,50.023],[10.249,50.019],[10.235,50.014],[10.212,50.009],[10.167,50.028]],[[10.269,49.897],[10.283,49.902],[10.279,49.916],[10.292,49.92],[10.313,49.884],[10.274,49.885],[10.269,49.897]],[[10.272,49.853],[10.299,49.858],[10.313,49.845],[10.29,49.832],[10.275,49.834],[10.272,49.853]],[[10.437,50.17],[10.45,50.196],[10.47,50.187],[10.471,50.178],[10.437,50.17]],[[10.513,49.964],[10.525,49.979],[10.517,49.992],[10.539,50.024],[10.598,50.025],[10.622,50.039],[10.613,50.051],[10.574,50.051],[10.574,50.062],[10.538,50.069],[10.52,50.088],[10.551,50.095],[10.58,50.087],[10.595,50.097],[10.632,50.083],[10.62,50.078],[10.647,50.058],[10.655,50.056],[10.653,50.07],[10.663,50.074],[10.686,50.069],[10.685,50.048],[10.659,50.041],[10.689,50.001],[10.69,49.974],[10.656,49.974],[10.64,49.987],[10.618,49.991],[10.599,49.976],[10.579,49.974],[10.563,49.953],[10.536,49.944],[10.516,49.948],[10.52,49.957],[10.513,49.964]],[[10.578,50.16],[10.595,50.161],[10.596,50.148],[10.586,50.146],[10.578,50.16]]],[[[9.527,50.19],[9.529,50.168],[9.616,50.18],[9.683,50.176],[9.7,50.203],[9.685,50.209],[9.682,50.231],[9.667,50.24],[9.604,50.222],[9.582,50.222],[9.576,50.232],[9.564,50.196],[9.544,50.201],[9.527,50.19]]],[[[9.687,49.317],[9.756,49.318],[9.798,49.333],[9.841,49.314],[9.864,49.326],[9.839,49.344],[9.849,49.349],[9.842,49.373],[9.83,49.373],[9.84,49.379],[9.836,49.386],[9.811,49.379],[9.78,49.383],[9.752,49.362],[9.761,49.343],[9.73,49.352],[9.738,49.338],[9.711,49.34],[9.705,49.335],[9.719,49.324],[9.701,49.327],[9.687,49.317]]],[[[9.752,49.204],[9.762,49.193],[9.781,49.188],[9.789,49.19],[9.787,49.206],[9.754,49.211],[9.752,49.204]]],[[[10.347,49.67],[10.376,49.643],[10.383,49.614],[10.397,49.607],[10.458,49.633],[10.457,49.648],[10.441,49.662],[10.404,49.666],[10.396,49.673],[10.395,49.673],[10.381,49.684],[10.347,49.67]]],[[[10.563,49.76],[10.65,49.738],[10.651,49.797],[10.631,49.801],[10.631,49.802],[10.605,49.807],[10.594,49.788],[10.609,49.774],[10.567,49.774],[10.563,49.76]]]]}},{"type":"Feature","properties":{"NAME":"Princely Abbey of Fulda","SUBJECTO":"Holy Roman Empire","PARTOF":"Holy Roman Empire","ADMIN_LEVEL":4,"OHM_RELATION_ID":2809681,"START_DATE":"1221","END_DATE":"1752-10-05"},"geometry":{"type":"MultiPolygon","coordinates":[[[[9.304,50.55],[9.311,50.543],[9.347,50.54],[9.367,50.55],[9.376,50.566],[9.367,50.568],[9.365,50.581],[9.319,50.575],[9.316,50.557],[9.304,50.55]]],[[[9.334,50.304],[9.337,50.275],[9.351,50.243],[9.382,50.239],[9.392,50.241],[9.397,50.262],[9.376,50.271],[9.379,50.275],[9.419,50.281],[9.436,50.272],[9.449,50.284],[9.431,50.286],[9.397,50.315],[9.353,50.319],[9.334,50.304]]],[[[9.367,50.395],[9.369,50.373],[9.386,50.346],[9.417,50.342],[9.467,50.356],[9.448,50.384],[9.464,50.398],[9.438,50.41],[9.392,50.39],[9.367,50.395]]],[[[9.423,50.453],[9.432,50.443],[9.482,50.44],[9.488,50.415],[9.555,50.382],[9.614,50.394],[9.632,50.382],[9.675,50.373],[9.68,50.373],[9.677,50.383],[9.656,50.399],[9.655,50.41],[9.667,50.421],[9.692,50.415],[9.705,50.423],[9.714,50.415],[9.738,50.426],[9.748,50.42],[9.76,50.402],[9.746,50.366],[9.733,50.356],[9.747,50.342],[9.749,50.325],[9.728,50.295],[9.735,50.273],[9.769,50.262],[9.772,50.237],[9.805,50.223],[9.81,50.189],[9.795,50.182],[9.795,50.167],[9.826,50.157],[9.888,50.187],[9.898,50.179],[9.898,50.159],[9.911,50.152],[9.903,50.145],[9.91,50.138],[9.879,50.11],[9.855,50.102],[9.862,50.092],[9.852,50.076],[9.868,50.045],[9.91,50.043],[9.901,50.056],[9.941,50.088],[9.931,50.093],[9.945,50.127],[9.975,50.13],[9.984,50.141],[9.97,50.16],[9.956,50.165],[9.956,50.192],[9.968,50.201],[9.912,50.208],[9.92,50.214],[9.912,50.232],[9.927,50.239],[9.898,50.264],[9.916,50.276],[9.9,50.3],[9.901,50.311],[9.932,50.324],[9.929,50.33],[9.912,50.336],[9.883,50.331],[9.856,50.349],[9.853,50.357],[9.86,50.365],[9.876,50.369],[9.884,50.399],[9.924,50.413],[9.871,50.431],[9.864,50.449],[9.877,50.463],[9.922,50.475],[9.938,50.472],[9.957,50.485],[9.946,50.501],[9.949,50.518],[9.964,50.53],[9.977,50.533],[10.014,50.507],[10.018,50.521],[10.003,50.569],[9.987,50.582],[9.902,50.556],[9.898,50.548],[9.908,50.542],[9.929,50.543],[9.924,50.518],[9.909,50.526],[9.896,50.521],[9.878,50.529],[9.874,50.539],[9.858,50.542],[9.857,50.552],[9.867,50.554],[9.858,50.567],[9.868,50.574],[9.892,50.561],[9.914,50.563],[9.917,50.58],[9.897,50.597],[9.917,50.605],[9.918,50.584],[9.943,50.58],[9.961,50.59],[9.959,50.625],[9.968,50.641],[9.949,50.658],[9.954,50.666],[9.999,50.676],[10.051,50.674],[10.079,50.636],[10.113,50.651],[10.144,50.643],[10.168,50.663],[10.142,50.677],[10.16,50.701],[10.127,50.714],[10.145,50.736],[10.115,50.747],[10.11,50.74],[10.097,50.74],[10.078,50.722],[10.079,50.708],[10.078,50.709],[10.079,50.707],[10.074,50.71],[10.059,50.715],[10.046,50.731],[10.043,50.734],[10.044,50.735],[10.042,50.739],[10.048,50.748],[10.04,50.758],[9.988,50.766],[9.969,50.783],[9.944,50.771],[9.948,50.777],[9.918,50.769],[9.888,50.777],[9.887,50.79],[9.872,50.796],[9.867,50.796],[9.843,50.79],[9.818,50.795],[9.812,50.794],[9.811,50.796],[9.807,50.796],[9.81,50.778],[9.796,50.77],[9.787,50.752],[9.777,50.752],[9.744,50.778],[9.749,50.804],[9.741,50.807],[9.74,50.807],[9.74,50.808],[9.731,50.811],[9.732,50.817],[9.73,50.819],[9.7,50.813],[9.696,50.8],[9.679,50.794],[9.67,50.765],[9.628,50.76],[9.62,50.766],[9.605,50.759],[9.614,50.706],[9.625,50.686],[9.648,50.676],[9.62,50.651],[9.642,50.628],[9.607,50.605],[9.556,50.622],[9.54,50.641],[9.503,50.638],[9.478,50.663],[9.468,50.662],[9.481,50.654],[9.474,50.627],[9.5,50.611],[9.482,50.591],[9.478,50.575],[9.495,50.564],[9.466,50.55],[9.448,50.519],[9.449,50.505],[9.432,50.491],[9.429,50.476],[9.46,50.472],[9.455,50.464],[9.423,50.453]],[[9.682,50.755],[9.69,50.766],[9.712,50.767],[9.728,50.753],[9.72,50.745],[9.693,50.735],[9.682,50.755]]],[[[9.536,50.35],[9.577,50.326],[9.567,50.298],[9.61,50.301],[9.602,50.319],[9.609,50.326],[9.641,50.329],[9.635,50.339],[9.644,50.341],[9.631,50.352],[9.641,50.355],[9.614,50.36],[9.581,50.348],[9.536,50.35]]]]}},{"type":"Feature","properties":{"NAME":"Princely Abbey of Kempten","SUBJECTO":"Holy Roman Empire","PARTOF":"Holy Roman Empire","ADMIN_LEVEL":4,"OHM_RELATION_ID":2830575,"START_DATE":"1289","END_DATE":"1662"},"geometry":{"type":"MultiPolygon","coordinates":[[[[10.117,47.753],[10.119,47.716],[10.16,47.692],[10.174,47.692],[10.197,47.671],[10.193,47.66],[10.234,47.639],[10.242,47.616],[10.272,47.606],[10.393,47.673],[10.457,47.691],[10.499,47.688],[10.487,47.671],[10.506,47.664],[10.516,47.671],[10.524,47.704],[10.518,47.719],[10.536,47.718],[10.541,47.726],[10.526,47.755],[10.576,47.756],[10.6,47.77],[10.615,47.796],[10.605,47.798],[10.602,47.808],[10.612,47.815],[10.605,47.828],[10.616,47.844],[10.591,47.836],[10.564,47.849],[10.574,47.877],[10.556,47.891],[10.511,47.893],[10.501,47.904],[10.49,47.885],[10.483,47.885],[10.479,47.901],[10.491,47.908],[10.472,47.913],[10.473,47.925],[10.491,47.932],[10.478,47.943],[10.487,47.968],[10.461,47.966],[10.432,47.952],[10.435,47.94],[10.426,47.938],[10.413,47.901],[10.419,47.881],[10.389,47.876],[10.362,47.888],[10.353,47.882],[10.363,47.869],[10.355,47.866],[10.305,47.865],[10.281,47.889],[10.272,47.888],[10.265,47.9],[10.273,47.92],[10.256,47.94],[10.263,47.95],[10.239,47.957],[10.218,47.941],[10.227,47.932],[10.227,47.912],[10.237,47.909],[10.19,47.871],[10.149,47.866],[10.14,47.858],[10.116,47.875],[10.104,47.872],[10.105,47.856],[10.093,47.846],[10.106,47.853],[10.107,47.84],[10.135,47.812],[10.119,47.812],[10.111,47.802],[10.092,47.804],[10.068,47.787],[10.083,47.772],[10.119,47.759],[10.117,47.753]],[[10.288,47.707],[10.281,47.737],[10.337,47.762],[10.343,47.738],[10.333,47.733],[10.338,47.719],[10.316,47.697],[10.302,47.709],[10.288,47.707]]]]}}],"metadata":{"generatedBy":"scripts/build-fief-flat.ts","input":"data/hre_fiefs_1300.geojson","year":1300,"cutPolicy":"keep-smaller","containmentCoverageThreshold":0.9,"minOverlapAreaM2":1000,"sliverAreaLimitM2":1000000000,"resolutions":[{"kind":"sliver","cutName":"Burgraviate of Nuremberg","keptName":"Prince-Bishopric of Bamberg","overlapKm2":0.46,"coverageOfSmaller":0.0001},{"kind":"sliver","cutName":"Burgraviate of Nuremberg","keptName":"Prince-Bishopric of Würzburg","overlapKm2":1.65,"coverageOfSmaller":0.0003},{"kind":"sliver","cutName":"County of Drenthe","keptName":"County of Bentheim","overlapKm2":1.47,"coverageOfSmaller":0.0016},{"kind":"sliver","cutName":"County of Horne","keptName":"Imperial Abbey of Thorn","overlapKm2":0.48,"coverageOfSmaller":0.0112},{"kind":"sliver","cutName":"County of Leiningen","keptName":"County of Falkenstein","overlapKm2":0.06,"coverageOfSmaller":0.0006},{"kind":"sliver","cutName":"County of Leiningen","keptName":"Prince-Bishopric of Worms","overlapKm2":1.65,"coverageOfSmaller":0.0118},{"kind":"sliver","cutName":"County of Tecklenburg","keptName":"County of Bentheim","overlapKm2":0.3,"coverageOfSmaller":0.0003},{"kind":"sliver","cutName":"Duchy of Austria","keptName":"Moravia","overlapKm2":7.26,"coverageOfSmaller":0.0003},{"kind":"sliver","cutName":"Duchy of Austria","keptName":"Prince-Bishopric of Passau","overlapKm2":2.92,"coverageOfSmaller":0.0024},{"kind":"sliver","cutName":"Imperial Abbey of Essen","keptName":"Imperial Abbey of Werden","overlapKm2":0.69,"coverageOfSmaller":0.0065},{"kind":"sliver","cutName":"Prince-Archbishopric of Bremen","keptName":"Prince-Bishopric of Verden","overlapKm2":0.74,"coverageOfSmaller":0.0005},{"kind":"sliver","cutName":"Prince-Archbishopric of Magdeburg","keptName":"Duchy of Saxe-Wittenberg","overlapKm2":19.54,"coverageOfSmaller":0.0044},{"kind":"sliver","cutName":"Prince-Bishopric of Basel","keptName":"County/Principality of Neuchâtel","overlapKm2":1.49,"coverageOfSmaller":0.0019},{"kind":"sliver","cutName":"Prince-Bishopric of Minden","keptName":"County of Schaumburg","overlapKm2":1.97,"coverageOfSmaller":0.0025},{"kind":"sliver","cutName":"Prince-Bishopric of Paderborn","keptName":"County of Rietberg","overlapKm2":0.28,"coverageOfSmaller":0.0016},{"kind":"sliver","cutName":"Prince-Bishopric of Paderborn","keptName":"Imperial Abbey of Corvey","overlapKm2":0.45,"coverageOfSmaller":0.0024},{"kind":"sliver","cutName":"Prince-Bishopric of Würzburg","keptName":"County of Castell","overlapKm2":0.9,"coverageOfSmaller":0.0044},{"kind":"sliver","cutName":"Prince-Bishopric of Würzburg","keptName":"County of Henneberg-Schleusingen","overlapKm2":2.93,"coverageOfSmaller":0.0016},{"kind":"sliver","cutName":"Prince-Bishopric of Würzburg","keptName":"Prince-Bishopric of Bamberg","overlapKm2":0.16,"coverageOfSmaller":0},{"kind":"sliver","cutName":"Prince-Bishopric of Würzburg","keptName":"Princely Abbey of Fulda","overlapKm2":0.68,"coverageOfSmaller":0.0004},{"kind":"sliver","cutName":"Princely Abbey of Fulda","keptName":"Imperial Abbey of Hersfeld","overlapKm2":0.57,"coverageOfSmaller":0.0013}],"externalInputs":["data/france_fiefs_flat_1300.geojson","data/italy_fiefs_flat_1300.geojson"],"externalRemovals":[{"cutName":"Dauphiné of Viennois","externalName":"Marquisate of Saluzzo","overlapKm2":1.46}],"source":"OpenHistoricalMap","sourceUrl":"https://www.openhistoricalmap.org/","license":"CC0-1.0","borderPrecision":"史料に基づく復元（概略。測量された境界ではない）"}}